id,NObeyesdad
25153,Obesity_Type_III
23027,Overweight_Level_II
26445,Insufficient_Weight
33105,Obesity_Type_I
24820,Normal_Weight
33232,Insufficient_Weight
26284,Obesity_Type_II
33297,Insufficient_Weight
22990,Obesity_Type_II
28985,Normal_Weight
27654,Obesity_Type_III
26848,Obesity_Type_III
27746,Obesity_Type_III
29074,Insufficient_Weight
23108,Obesity_Type_I
30622,Overweight_Level_II
27117,Obesity_Type_I
33017,Obesity_Type_I
31657,Obesity_Type_II
21680,Obesity_Type_II
26257,Obesity_Type_III
25111,Obesity_Type_I
30149,Obesity_Type_III
31151,Insufficient_Weight
30680,Obesity_Type_III
23279,Overweight_Level_II
22625,Obesity_Type_I
30902,Normal_Weight
24544,Normal_Weight
33877,Insufficient_Weight
24042,Insufficient_Weight
25716,Obesity_Type_II
21379,Obesity_Type_III
23493,Obesity_Type_III
31085,Obesity_Type_III
27617,Obesity_Type_II
29068,Insufficient_Weight
22473,Obesity_Type_III
23999,Obesity_Type_III
32562,Obesity_Type_I
24439,Obesity_Type_III
32429,Obesity_Type_III
23627,Insufficient_Weight
23697,Obesity_Type_III
32798,Obesity_Type_III
22834,Obesity_Type_III
25224,Insufficient_Weight
29900,Normal_Weight
24421,Normal_Weight
32508,Insufficient_Weight
23354,Obesity_Type_III
28267,Obesity_Type_III
31477,Insufficient_Weight
27042,Obesity_Type_III
22536,Obesity_Type_I
20833,Obesity_Type_I
34175,Obesity_Type_I
29441,Overweight_Level_I
25394,Obesity_Type_III
29685,Normal_Weight
29960,Obesity_Type_II
30453,Normal_Weight
21736,Obesity_Type_III
30152,Normal_Weight
25586,Obesity_Type_I
31710,Obesity_Type_I
22961,Obesity_Type_III
33394,Obesity_Type_III
31674,Obesity_Type_III
33785,Obesity_Type_I
22531,Obesity_Type_II
32344,Obesity_Type_II
30686,Overweight_Level_II
22518,Obesity_Type_III
31970,Insufficient_Weight
25945,Obesity_Type_I
30982,Overweight_Level_I
24553,Obesity_Type_II
25306,Obesity_Type_I
29246,Obesity_Type_II
32865,Obesity_Type_III
26838,Overweight_Level_I
31905,Obesity_Type_II
23434,Overweight_Level_I
33580,Overweight_Level_I
33752,Insufficient_Weight
32859,Obesity_Type_III
32747,Normal_Weight
30910,Obesity_Type_I
25743,Obesity_Type_III
23148,Overweight_Level_I
27194,Obesity_Type_III
27517,Overweight_Level_I
28779,Obesity_Type_II
27473,Obesity_Type_I
23405,Obesity_Type_II
29789,Obesity_Type_I
25825,Obesity_Type_III
34571,Overweight_Level_II
27815,Obesity_Type_III
33057,Obesity_Type_III
27791,Obesity_Type_II
32278,Overweight_Level_II
26096,Normal_Weight
21458,Obesity_Type_III
33334,Overweight_Level_I
21830,Obesity_Type_I
28219,Overweight_Level_II
28628,Obesity_Type_II
32339,Overweight_Level_I
24924,Obesity_Type_I
21017,Normal_Weight
26054,Overweight_Level_II
32699,Obesity_Type_II
32998,Normal_Weight
28521,Insufficient_Weight
23537,Overweight_Level_II
30171,Obesity_Type_I
21815,Insufficient_Weight
26715,Obesity_Type_III
31504,Obesity_Type_III
22003,Obesity_Type_III
22577,Normal_Weight
23536,Overweight_Level_II
31489,Obesity_Type_III
26909,Insufficient_Weight
33427,Overweight_Level_I
32335,Insufficient_Weight
34177,Obesity_Type_III
29268,Obesity_Type_II
22357,Insufficient_Weight
29580,Insufficient_Weight
27730,Obesity_Type_II
25158,Obesity_Type_III
32025,Insufficient_Weight
26571,Overweight_Level_II
23236,Obesity_Type_III
21124,Obesity_Type_III
20933,Insufficient_Weight
32014,Insufficient_Weight
23988,Overweight_Level_II
27851,Insufficient_Weight
25142,Overweight_Level_II
24620,Overweight_Level_I
28883,Overweight_Level_II
23261,Insufficient_Weight
24788,Insufficient_Weight
23556,Obesity_Type_II
32905,Obesity_Type_III
34386,Obesity_Type_III
27841,Normal_Weight
28392,Overweight_Level_II
29590,Overweight_Level_II
26525,Overweight_Level_II
24933,Obesity_Type_I
25979,Overweight_Level_II
26221,Obesity_Type_III
28880,Obesity_Type_III
24087,Normal_Weight
28838,Normal_Weight
22386,Obesity_Type_III
30076,Normal_Weight
32337,Obesity_Type_I
25620,Overweight_Level_II
33397,Overweight_Level_I
27257,Obesity_Type_III
28899,Overweight_Level_I
30739,Obesity_Type_I
30233,Obesity_Type_II
23348,Overweight_Level_I
28214,Normal_Weight
31588,Obesity_Type_III
22249,Obesity_Type_III
31915,Obesity_Type_III
21094,Obesity_Type_III
31210,Obesity_Type_I
21578,Obesity_Type_I
22880,Overweight_Level_II
32796,Obesity_Type_III
22654,Overweight_Level_II
23329,Insufficient_Weight
23711,Obesity_Type_III
25290,Normal_Weight
23944,Obesity_Type_II
32304,Obesity_Type_II
24576,Overweight_Level_II
24353,Obesity_Type_II
25365,Obesity_Type_III
26898,Obesity_Type_II
34050,Overweight_Level_II
28057,Obesity_Type_III
32864,Obesity_Type_II
23278,Obesity_Type_II
32419,Obesity_Type_III
25573,Obesity_Type_III
26854,Overweight_Level_I
27470,Normal_Weight
31537,Normal_Weight
34003,Normal_Weight
27591,Insufficient_Weight
31054,Obesity_Type_I
21968,Normal_Weight
21486,Obesity_Type_I
30382,Insufficient_Weight
23391,Obesity_Type_I
30840,Insufficient_Weight
23002,Normal_Weight
34130,Obesity_Type_III
21450,Overweight_Level_II
27818,Normal_Weight
22267,Normal_Weight
31058,Insufficient_Weight
33374,Normal_Weight
21301,Obesity_Type_I
30450,Obesity_Type_III
30350,Obesity_Type_II
23421,Obesity_Type_I
24688,Insufficient_Weight
30740,Overweight_Level_II
24268,Normal_Weight
31804,Normal_Weight
34396,Normal_Weight
29868,Insufficient_Weight
27502,Obesity_Type_II
27429,Obesity_Type_I
27858,Obesity_Type_I
33552,Obesity_Type_I
22009,Obesity_Type_II
33868,Normal_Weight
30877,Obesity_Type_II
27876,Obesity_Type_II
32204,Obesity_Type_III
34067,Normal_Weight
32317,Obesity_Type_II
31395,Overweight_Level_II
34255,Overweight_Level_I
28356,Insufficient_Weight
25709,Normal_Weight
27519,Obesity_Type_III
23356,Overweight_Level_II
34097,Insufficient_Weight
21611,Normal_Weight
33375,Obesity_Type_III
24817,Overweight_Level_II
28325,Obesity_Type_I
30732,Obesity_Type_III
30859,Obesity_Type_II
26328,Insufficient_Weight
27168,Obesity_Type_III
27099,Obesity_Type_III
23058,Obesity_Type_II
31040,Overweight_Level_I
24241,Overweight_Level_II
33607,Obesity_Type_III
24215,Overweight_Level_I
31290,Overweight_Level_II
25827,Normal_Weight
23323,Insufficient_Weight
28566,Obesity_Type_III
27430,Overweight_Level_II
24217,Overweight_Level_II
29770,Obesity_Type_I
24120,Normal_Weight
28612,Obesity_Type_III
21248,Obesity_Type_II
23852,Normal_Weight
33342,Obesity_Type_II
21400,Obesity_Type_III
25690,Obesity_Type_II
31893,Normal_Weight
25283,Overweight_Level_I
31352,Obesity_Type_I
22853,Obesity_Type_I
21129,Insufficient_Weight
21713,Normal_Weight
30973,Obesity_Type_I
24111,Obesity_Type_II
30929,Obesity_Type_I
29337,Overweight_Level_I
27465,Obesity_Type_III
29951,Overweight_Level_II
21043,Overweight_Level_I
27351,Overweight_Level_II
27659,Overweight_Level_II
30293,Overweight_Level_I
23519,Obesity_Type_I
29879,Obesity_Type_III
27311,Obesity_Type_II
32164,Insufficient_Weight
27927,Normal_Weight
33254,Obesity_Type_II
29137,Obesity_Type_III
27108,Obesity_Type_I
23603,Obesity_Type_III
25038,Obesity_Type_I
22613,Normal_Weight
21575,Obesity_Type_III
29502,Obesity_Type_II
21464,Obesity_Type_I
30844,Overweight_Level_II
25502,Obesity_Type_I
29424,Overweight_Level_II
23228,Obesity_Type_III
34523,Insufficient_Weight
22768,Obesity_Type_II
34520,Obesity_Type_II
28444,Obesity_Type_III
33969,Insufficient_Weight
26824,Normal_Weight
27969,Normal_Weight
22680,Obesity_Type_II
22688,Obesity_Type_II
32629,Overweight_Level_I
30810,Insufficient_Weight
27288,Overweight_Level_I
25715,Obesity_Type_I
23670,Insufficient_Weight
22962,Obesity_Type_II
34414,Overweight_Level_II
30828,Normal_Weight
27674,Overweight_Level_II
24804,Obesity_Type_I
29722,Insufficient_Weight
30260,Overweight_Level_I
24185,Obesity_Type_II
31195,Obesity_Type_III
30409,Insufficient_Weight
23877,Obesity_Type_II
28802,Insufficient_Weight
32571,Normal_Weight
31564,Obesity_Type_I
32755,Normal_Weight
26120,Insufficient_Weight
31840,Obesity_Type_III
31752,Obesity_Type_III
26389,Insufficient_Weight
25974,Obesity_Type_II
24770,Overweight_Level_I
30351,Obesity_Type_I
25048,Obesity_Type_II
32375,Overweight_Level_II
28372,Normal_Weight
23115,Insufficient_Weight
21732,Normal_Weight
30916,Overweight_Level_I
33086,Insufficient_Weight
33407,Overweight_Level_I
21602,Obesity_Type_II
25624,Obesity_Type_II
24148,Normal_Weight
23243,Overweight_Level_II
29255,Insufficient_Weight
32444,Obesity_Type_II
31217,Overweight_Level_I
29437,Overweight_Level_I
27842,Obesity_Type_III
23578,Normal_Weight
22494,Normal_Weight
29057,Overweight_Level_II
27540,Overweight_Level_I
33092,Normal_Weight
24700,Obesity_Type_III
30400,Obesity_Type_II
31869,Normal_Weight
34532,Insufficient_Weight
32364,Overweight_Level_I
22742,Obesity_Type_I
31316,Obesity_Type_II
30599,Overweight_Level_II
32994,Obesity_Type_III
21877,Overweight_Level_II
29330,Overweight_Level_II
24024,Normal_Weight
24452,Overweight_Level_I
29504,Normal_Weight
30778,Overweight_Level_I
20758,Obesity_Type_II
22911,Obesity_Type_II
34443,Overweight_Level_I
28914,Obesity_Type_II
31798,Overweight_Level_I
32314,Normal_Weight
32622,Normal_Weight
25501,Obesity_Type_III
21593,Obesity_Type_II
32298,Obesity_Type_III
23849,Obesity_Type_I
30304,Obesity_Type_III
26518,Obesity_Type_I
28518,Insufficient_Weight
34370,Normal_Weight
25214,Insufficient_Weight
31178,Obesity_Type_II
24996,Obesity_Type_I
32989,Obesity_Type_III
32052,Insufficient_Weight
26948,Obesity_Type_III
31319,Overweight_Level_II
32376,Obesity_Type_I
32305,Insufficient_Weight
29723,Insufficient_Weight
29773,Obesity_Type_I
21130,Insufficient_Weight
28950,Overweight_Level_I
25234,Overweight_Level_II
28347,Obesity_Type_I
21201,Overweight_Level_II
30023,Overweight_Level_II
28604,Insufficient_Weight
32334,Obesity_Type_II
26724,Obesity_Type_I
32728,Obesity_Type_I
33323,Obesity_Type_I
24567,Overweight_Level_I
22739,Insufficient_Weight
27571,Obesity_Type_III
30017,Obesity_Type_III
22609,Insufficient_Weight
21187,Obesity_Type_III
21467,Insufficient_Weight
25488,Insufficient_Weight
25744,Obesity_Type_II
33010,Insufficient_Weight
22360,Obesity_Type_II
25478,Obesity_Type_III
30119,Normal_Weight
27956,Overweight_Level_II
30867,Obesity_Type_I
32542,Obesity_Type_III
25948,Normal_Weight
34557,Insufficient_Weight
30188,Obesity_Type_III
33150,Obesity_Type_II
25138,Obesity_Type_I
26565,Obesity_Type_I
24453,Obesity_Type_II
28922,Obesity_Type_II
33115,Obesity_Type_I
33550,Obesity_Type_III
33701,Overweight_Level_I
30913,Insufficient_Weight
32114,Obesity_Type_II
25817,Obesity_Type_I
33841,Overweight_Level_I
29570,Overweight_Level_II
26134,Obesity_Type_I
24565,Obesity_Type_I
23199,Obesity_Type_I
28737,Overweight_Level_II
31120,Obesity_Type_II
29276,Overweight_Level_II
29815,Overweight_Level_I
23723,Normal_Weight
34494,Obesity_Type_III
22780,Obesity_Type_III
29534,Obesity_Type_II
28490,Obesity_Type_III
25032,Obesity_Type_I
28245,Normal_Weight
32168,Overweight_Level_I
26295,Insufficient_Weight
22933,Normal_Weight
31632,Obesity_Type_I
30772,Normal_Weight
26440,Obesity_Type_II
29379,Obesity_Type_II
31128,Normal_Weight
25597,Obesity_Type_I
27650,Insufficient_Weight
31134,Obesity_Type_III
29376,Overweight_Level_I
31973,Obesity_Type_I
28066,Obesity_Type_III
33179,Obesity_Type_III
27682,Obesity_Type_II
32253,Obesity_Type_III
20852,Obesity_Type_III
23637,Overweight_Level_I
34491,Obesity_Type_I
27180,Normal_Weight
23746,Obesity_Type_III
25347,Insufficient_Weight
32917,Obesity_Type_II
27539,Overweight_Level_I
32874,Insufficient_Weight
29118,Overweight_Level_I
23802,Insufficient_Weight
21731,Normal_Weight
21530,Insufficient_Weight
28960,Obesity_Type_III
23830,Obesity_Type_I
27777,Obesity_Type_I
27644,Insufficient_Weight
27878,Obesity_Type_III
34034,Obesity_Type_III
28989,Obesity_Type_III
26859,Normal_Weight
26942,Obesity_Type_I
26997,Normal_Weight
32023,Obesity_Type_I
31338,Normal_Weight
22290,Obesity_Type_II
32736,Obesity_Type_II
21331,Obesity_Type_I
23572,Obesity_Type_III
28163,Overweight_Level_II
23660,Insufficient_Weight
21924,Overweight_Level_I
33772,Obesity_Type_II
24787,Overweight_Level_I
29449,Obesity_Type_I
21200,Overweight_Level_II
25841,Overweight_Level_II
21544,Overweight_Level_I
20815,Overweight_Level_I
32409,Obesity_Type_III
24364,Normal_Weight
22030,Obesity_Type_III
31746,Obesity_Type_I
28435,Obesity_Type_I
26943,Obesity_Type_II
30114,Obesity_Type_III
31968,Normal_Weight
25582,Normal_Weight
28692,Obesity_Type_I
25923,Obesity_Type_I
33650,Obesity_Type_I
34395,Insufficient_Weight
21317,Normal_Weight
31894,Obesity_Type_III
32256,Normal_Weight
30963,Obesity_Type_III
29348,Insufficient_Weight
32015,Obesity_Type_II
24183,Overweight_Level_II
34202,Overweight_Level_I
22448,Overweight_Level_I
24644,Obesity_Type_I
33479,Obesity_Type_III
33052,Obesity_Type_III
32005,Overweight_Level_I
25040,Normal_Weight
28110,Insufficient_Weight
29862,Insufficient_Weight
20968,Obesity_Type_III
27595,Overweight_Level_II
30196,Obesity_Type_III
28718,Obesity_Type_I
33566,Overweight_Level_I
30731,Obesity_Type_I
22273,Normal_Weight
20786,Insufficient_Weight
22678,Overweight_Level_II
28222,Overweight_Level_II
24056,Obesity_Type_II
25275,Overweight_Level_II
23608,Obesity_Type_III
26130,Obesity_Type_I
21445,Normal_Weight
28977,Normal_Weight
30698,Obesity_Type_I
30613,Obesity_Type_III
22664,Obesity_Type_III
29973,Obesity_Type_III
21223,Insufficient_Weight
26920,Overweight_Level_I
23427,Obesity_Type_I
23794,Insufficient_Weight
23216,Overweight_Level_II
24133,Overweight_Level_II
25439,Insufficient_Weight
31466,Obesity_Type_II
28516,Obesity_Type_III
34542,Obesity_Type_I
29272,Overweight_Level_I
30978,Obesity_Type_II
33064,Overweight_Level_II
33075,Normal_Weight
26410,Obesity_Type_I
29850,Normal_Weight
31986,Normal_Weight
23141,Insufficient_Weight
24433,Obesity_Type_II
25077,Obesity_Type_III
23306,Normal_Weight
28174,Obesity_Type_III
31595,Obesity_Type_I
30378,Obesity_Type_III
30811,Normal_Weight
34485,Normal_Weight
31236,Obesity_Type_II
30818,Overweight_Level_I
33913,Obesity_Type_III
23777,Obesity_Type_III
22592,Overweight_Level_I
21029,Obesity_Type_III
33072,Obesity_Type_III
32367,Normal_Weight
32167,Obesity_Type_II
25217,Obesity_Type_I
31317,Obesity_Type_I
22421,Obesity_Type_I
22522,Insufficient_Weight
21052,Insufficient_Weight
23033,Overweight_Level_II
29784,Obesity_Type_I
23257,Obesity_Type_I
23842,Obesity_Type_III
33360,Overweight_Level_II
25940,Obesity_Type_III
25388,Overweight_Level_II
30763,Obesity_Type_II
31418,Overweight_Level_I
30572,Obesity_Type_II
24388,Obesity_Type_I
28326,Obesity_Type_III
29995,Overweight_Level_I
21724,Obesity_Type_III
34474,Normal_Weight
26105,Obesity_Type_I
29910,Obesity_Type_III
34336,Overweight_Level_II
32536,Obesity_Type_I
28059,Obesity_Type_II
24845,Normal_Weight
27336,Overweight_Level_II
27313,Insufficient_Weight
31775,Overweight_Level_I
22669,Insufficient_Weight
30786,Overweight_Level_I
30047,Obesity_Type_III
32441,Obesity_Type_I
27322,Overweight_Level_II
33825,Obesity_Type_II
26708,Obesity_Type_II
32177,Overweight_Level_II
21327,Overweight_Level_II
25225,Overweight_Level_I
28030,Overweight_Level_II
33526,Obesity_Type_II
29759,Normal_Weight
31437,Obesity_Type_II
25061,Normal_Weight
23539,Obesity_Type_III
34498,Normal_Weight
24396,Obesity_Type_II
26615,Overweight_Level_I
25086,Obesity_Type_III
22091,Insufficient_Weight
22478,Obesity_Type_I
23684,Obesity_Type_III
32974,Normal_Weight
27401,Normal_Weight
33776,Overweight_Level_II
21681,Insufficient_Weight
34284,Obesity_Type_II
31659,Insufficient_Weight
30793,Normal_Weight
26646,Overweight_Level_II
23375,Insufficient_Weight
30491,Obesity_Type_III
25218,Obesity_Type_I
25091,Obesity_Type_I
33421,Overweight_Level_I
32659,Obesity_Type_I
28992,Obesity_Type_III
29530,Insufficient_Weight
24323,Insufficient_Weight
29336,Normal_Weight
26952,Overweight_Level_II
22943,Overweight_Level_II
21549,Obesity_Type_I
20882,Insufficient_Weight
25122,Insufficient_Weight
34451,Insufficient_Weight
24184,Normal_Weight
27059,Normal_Weight
24292,Obesity_Type_I
26164,Overweight_Level_I
28736,Overweight_Level_I
26290,Normal_Weight
28176,Obesity_Type_I
23366,Obesity_Type_I
27531,Obesity_Type_II
33248,Overweight_Level_II
24901,Normal_Weight
26179,Overweight_Level_II
21089,Normal_Weight
24277,Obesity_Type_III
32705,Obesity_Type_I
23328,Obesity_Type_III
22397,Insufficient_Weight
30010,Overweight_Level_I
21800,Overweight_Level_II
34469,Insufficient_Weight
26390,Overweight_Level_I
28984,Normal_Weight
29598,Overweight_Level_II
25526,Overweight_Level_II
29574,Obesity_Type_II
32292,Overweight_Level_I
32655,Obesity_Type_I
32851,Overweight_Level_I
24174,Obesity_Type_III
25828,Obesity_Type_I
33289,Obesity_Type_III
30603,Insufficient_Weight
23154,Obesity_Type_III
20983,Obesity_Type_I
29849,Overweight_Level_I
28657,Normal_Weight
30825,Obesity_Type_III
29016,Obesity_Type_III
32197,Obesity_Type_I
34172,Overweight_Level_II
29408,Obesity_Type_II
33960,Insufficient_Weight
28021,Obesity_Type_III
27226,Insufficient_Weight
25484,Insufficient_Weight
23600,Normal_Weight
25483,Obesity_Type_II
22896,Obesity_Type_III
27395,Overweight_Level_I
27456,Obesity_Type_II
26080,Obesity_Type_II
34174,Obesity_Type_II
26367,Obesity_Type_III
25151,Obesity_Type_III
22802,Overweight_Level_I
20930,Obesity_Type_I
22270,Insufficient_Weight
27924,Overweight_Level_II
23820,Obesity_Type_II
24761,Normal_Weight
33653,Obesity_Type_III
32063,Normal_Weight
24851,Obesity_Type_II
28019,Obesity_Type_II
25213,Obesity_Type_III
29761,Obesity_Type_I
28410,Obesity_Type_III
24381,Obesity_Type_I
30432,Overweight_Level_II
27593,Insufficient_Weight
24778,Obesity_Type_III
24235,Obesity_Type_III
23828,Obesity_Type_I
22100,Insufficient_Weight
25145,Overweight_Level_I
27123,Obesity_Type_II
29882,Obesity_Type_II
31379,Obesity_Type_I
31240,Obesity_Type_II
23093,Overweight_Level_I
29776,Obesity_Type_III
22095,Obesity_Type_II
21860,Normal_Weight
29505,Insufficient_Weight
30299,Obesity_Type_III
21372,Obesity_Type_III
30957,Obesity_Type_I
30001,Obesity_Type_III
20890,Obesity_Type_III
26956,Obesity_Type_I
31354,Obesity_Type_II
32881,Obesity_Type_III
26619,Obesity_Type_I
29934,Obesity_Type_I
21435,Normal_Weight
22900,Obesity_Type_I
24977,Overweight_Level_II
33388,Obesity_Type_I
22084,Insufficient_Weight
21162,Obesity_Type_II
27230,Normal_Weight
30672,Insufficient_Weight
26319,Overweight_Level_I
31665,Obesity_Type_III
33527,Obesity_Type_III
25197,Overweight_Level_II
23241,Obesity_Type_III
24592,Obesity_Type_I
31321,Insufficient_Weight
26364,Obesity_Type_II
25337,Obesity_Type_III
33764,Obesity_Type_II
28794,Overweight_Level_I
31057,Normal_Weight
33756,Obesity_Type_II
31194,Overweight_Level_I
32449,Overweight_Level_II
23299,Obesity_Type_II
23927,Normal_Weight
31059,Obesity_Type_III
24374,Obesity_Type_III
30369,Overweight_Level_II
26007,Obesity_Type_I
23762,Overweight_Level_II
23891,Obesity_Type_II
33724,Normal_Weight
22199,Overweight_Level_I
30420,Insufficient_Weight
22279,Overweight_Level_I
31245,Normal_Weight
25117,Obesity_Type_I
31482,Obesity_Type_II
31831,Overweight_Level_II
22524,Obesity_Type_I
28102,Obesity_Type_II
32684,Overweight_Level_II
23764,Obesity_Type_II
29938,Obesity_Type_I
21395,Obesity_Type_I
31505,Overweight_Level_II
24229,Normal_Weight
21439,Obesity_Type_II
33615,Obesity_Type_I
21424,Overweight_Level_I
33370,Overweight_Level_II
22975,Obesity_Type_I
22395,Normal_Weight
30063,Overweight_Level_II
22974,Insufficient_Weight
34278,Normal_Weight
33156,Overweight_Level_I
32819,Overweight_Level_I
21911,Insufficient_Weight
27359,Obesity_Type_II
29671,Obesity_Type_I
25846,Insufficient_Weight
27011,Overweight_Level_I
26156,Overweight_Level_I
32057,Obesity_Type_I
34145,Insufficient_Weight
23743,Obesity_Type_III
22305,Overweight_Level_II
26467,Obesity_Type_II
30123,Obesity_Type_I
22141,Obesity_Type_II
24712,Obesity_Type_III
28936,Overweight_Level_I
29731,Insufficient_Weight
28676,Obesity_Type_II
26631,Obesity_Type_III
23740,Overweight_Level_I
23251,Overweight_Level_I
29727,Insufficient_Weight
24530,Obesity_Type_II
31397,Obesity_Type_I
28357,Normal_Weight
31183,Obesity_Type_III
29368,Normal_Weight
27606,Obesity_Type_III
22461,Overweight_Level_II
27284,Insufficient_Weight
31029,Normal_Weight
32872,Overweight_Level_II
32552,Obesity_Type_II
21675,Obesity_Type_II
28237,Overweight_Level_I
23318,Obesity_Type_III
22484,Obesity_Type_I
31837,Overweight_Level_II
27536,Obesity_Type_III
20874,Obesity_Type_I
26560,Obesity_Type_I
29615,Overweight_Level_II
32685,Insufficient_Weight
34468,Overweight_Level_I
24417,Obesity_Type_III
23773,Obesity_Type_II
32424,Obesity_Type_III
21320,Obesity_Type_II
24480,Obesity_Type_I
32059,Overweight_Level_II
27298,Obesity_Type_III
28289,Obesity_Type_III
23330,Obesity_Type_III
30389,Normal_Weight
23795,Insufficient_Weight
22150,Obesity_Type_I
29448,Overweight_Level_II
27537,Obesity_Type_II
29422,Overweight_Level_II
22188,Insufficient_Weight
33288,Obesity_Type_III
26976,Obesity_Type_I
33118,Obesity_Type_I
27635,Obesity_Type_I
26971,Obesity_Type_I
34152,Obesity_Type_I
29226,Obesity_Type_I
33936,Obesity_Type_III
25232,Obesity_Type_I
29059,Obesity_Type_I
20957,Obesity_Type_II
26620,Insufficient_Weight
31984,Overweight_Level_II
25879,Obesity_Type_II
25035,Obesity_Type_III
29345,Obesity_Type_III
23752,Overweight_Level_I
26127,Overweight_Level_II
28287,Overweight_Level_II
34294,Obesity_Type_III
25269,Overweight_Level_II
33585,Overweight_Level_I
33333,Obesity_Type_III
27211,Obesity_Type_III
30249,Overweight_Level_II
23013,Overweight_Level_I
34517,Normal_Weight
23332,Obesity_Type_III
27318,Obesity_Type_III
23371,Overweight_Level_II
32956,Insufficient_Weight
24667,Normal_Weight
25080,Obesity_Type_I
29156,Obesity_Type_III
30102,Obesity_Type_III
21360,Overweight_Level_II
21816,Overweight_Level_II
33262,Obesity_Type_II
24534,Obesity_Type_II
29907,Obesity_Type_I
21461,Normal_Weight
26215,Obesity_Type_I
23987,Obesity_Type_II
27566,Obesity_Type_III
23120,Obesity_Type_III
29624,Overweight_Level_II
29672,Obesity_Type_I
24610,Obesity_Type_I
24408,Obesity_Type_I
28002,Insufficient_Weight
31759,Overweight_Level_II
33694,Insufficient_Weight
21934,Insufficient_Weight
26899,Insufficient_Weight
32309,Obesity_Type_III
26527,Overweight_Level_I
32039,Obesity_Type_II
23672,Obesity_Type_I
31262,Obesity_Type_II
25916,Overweight_Level_II
22238,Obesity_Type_I
23735,Obesity_Type_I
28891,Overweight_Level_I
29117,Obesity_Type_II
31594,Overweight_Level_II
26495,Obesity_Type_III
33135,Obesity_Type_III
23990,Overweight_Level_I
34593,Overweight_Level_II
23811,Obesity_Type_II
27792,Obesity_Type_I
25030,Normal_Weight
22612,Obesity_Type_II
30512,Normal_Weight
20800,Obesity_Type_II
25152,Overweight_Level_II
22351,Obesity_Type_III
25897,Obesity_Type_III
29805,Overweight_Level_I
21180,Obesity_Type_I
22541,Obesity_Type_III
20842,Insufficient_Weight
24427,Obesity_Type_II
27803,Insufficient_Weight
22992,Obesity_Type_III
28976,Obesity_Type_II
27372,Normal_Weight
34508,Normal_Weight
28240,Overweight_Level_I
26416,Obesity_Type_II
31239,Normal_Weight
24291,Obesity_Type_III
25499,Insufficient_Weight
27223,Obesity_Type_II
23747,Overweight_Level_I
30744,Overweight_Level_II
30489,Obesity_Type_I
27164,Normal_Weight
23137,Obesity_Type_I
29250,Normal_Weight
23072,Obesity_Type_II
21093,Obesity_Type_II
26507,Overweight_Level_II
29652,Obesity_Type_III
34350,Normal_Weight
25664,Obesity_Type_III
28795,Obesity_Type_II
30774,Overweight_Level_I
25568,Insufficient_Weight
25167,Normal_Weight
33856,Overweight_Level_II
23500,Obesity_Type_II
20955,Overweight_Level_I
32501,Normal_Weight
33472,Obesity_Type_II
21750,Obesity_Type_I
25206,Obesity_Type_II
22994,Obesity_Type_II
26531,Overweight_Level_II
25342,Obesity_Type_III
24703,Obesity_Type_I
22712,Overweight_Level_I
30988,Obesity_Type_II
21931,Overweight_Level_I
34398,Overweight_Level_I
22856,Normal_Weight
33235,Overweight_Level_II
25739,Obesity_Type_II
21174,Obesity_Type_II
26878,Obesity_Type_III
27115,Overweight_Level_II
27499,Overweight_Level_I
22572,Normal_Weight
27346,Overweight_Level_I
24848,Obesity_Type_I
34438,Obesity_Type_I
24010,Obesity_Type_III
26151,Overweight_Level_I
33879,Obesity_Type_II
30831,Overweight_Level_II
22426,Obesity_Type_III
28978,Normal_Weight
23584,Obesity_Type_I
32795,Insufficient_Weight
30259,Obesity_Type_I
23240,Obesity_Type_III
30934,Obesity_Type_III
21101,Normal_Weight
27112,Normal_Weight
27923,Overweight_Level_I
27255,Obesity_Type_II
23038,Obesity_Type_II
24676,Obesity_Type_III
21135,Obesity_Type_II
28041,Obesity_Type_II
30131,Insufficient_Weight
25988,Overweight_Level_I
32187,Obesity_Type_II
24938,Normal_Weight
25440,Obesity_Type_I
30865,Insufficient_Weight
27125,Overweight_Level_II
27191,Insufficient_Weight
30687,Obesity_Type_III
22762,Obesity_Type_II
21551,Normal_Weight
28673,Obesity_Type_I
22144,Obesity_Type_III
24794,Obesity_Type_II
31561,Obesity_Type_II
24735,Overweight_Level_II
30558,Obesity_Type_III
33091,Insufficient_Weight
31650,Obesity_Type_II
30746,Normal_Weight
32514,Overweight_Level_II
24605,Obesity_Type_III
23100,Obesity_Type_III
26190,Obesity_Type_I
32145,Normal_Weight
33142,Overweight_Level_I
22268,Overweight_Level_I
25663,Normal_Weight
34555,Insufficient_Weight
29832,Obesity_Type_II
32207,Obesity_Type_I
33672,Overweight_Level_I
25574,Insufficient_Weight
24911,Obesity_Type_I
32647,Normal_Weight
32700,Insufficient_Weight
30185,Obesity_Type_I
28664,Insufficient_Weight
34569,Obesity_Type_I
28387,Insufficient_Weight
28251,Obesity_Type_III
31028,Normal_Weight
28482,Insufficient_Weight
23443,Obesity_Type_III
28138,Obesity_Type_III
25848,Obesity_Type_I
22475,Obesity_Type_III
21102,Normal_Weight
31774,Overweight_Level_I
28817,Obesity_Type_II
31743,Obesity_Type_II
28310,Obesity_Type_II
31363,Overweight_Level_I
25837,Insufficient_Weight
33625,Obesity_Type_III
22595,Overweight_Level_I
26804,Insufficient_Weight
21194,Overweight_Level_II
23385,Normal_Weight
22120,Obesity_Type_III
25662,Normal_Weight
22566,Obesity_Type_III
25076,Obesity_Type_III
27597,Obesity_Type_III
31076,Overweight_Level_I
32663,Obesity_Type_I
29283,Obesity_Type_I
29552,Obesity_Type_I
32588,Normal_Weight
30931,Insufficient_Weight
33256,Obesity_Type_III
23614,Obesity_Type_I
24461,Obesity_Type_II
26505,Obesity_Type_III
28496,Normal_Weight
29430,Insufficient_Weight
31503,Overweight_Level_I
30442,Normal_Weight
27090,Normal_Weight
33635,Obesity_Type_II
24611,Obesity_Type_II
26254,Obesity_Type_III
28100,Normal_Weight
24003,Insufficient_Weight
22604,Obesity_Type_III
29653,Obesity_Type_III
27287,Obesity_Type_II
26076,Insufficient_Weight
26995,Obesity_Type_III
33514,Normal_Weight
26780,Obesity_Type_II
29026,Insufficient_Weight
25474,Overweight_Level_II
22813,Overweight_Level_I
30338,Overweight_Level_I
32396,Overweight_Level_I
33392,Obesity_Type_I
30919,Obesity_Type_I
25509,Normal_Weight
32395,Obesity_Type_I
28993,Overweight_Level_II
29214,Obesity_Type_I
32776,Normal_Weight
31476,Insufficient_Weight
24428,Obesity_Type_II
22439,Obesity_Type_III
32390,Obesity_Type_III
21460,Overweight_Level_II
22617,Obesity_Type_II
28632,Obesity_Type_II
32202,Insufficient_Weight
31809,Obesity_Type_II
21894,Obesity_Type_II
33285,Obesity_Type_I
24307,Obesity_Type_II
31436,Obesity_Type_II
25102,Normal_Weight
23187,Insufficient_Weight
23683,Obesity_Type_III
21410,Overweight_Level_I
30212,Obesity_Type_III
30092,Obesity_Type_II
20962,Normal_Weight
33313,Obesity_Type_III
33450,Overweight_Level_I
22139,Insufficient_Weight
25223,Insufficient_Weight
23302,Normal_Weight
26945,Overweight_Level_II
28501,Obesity_Type_II
22988,Insufficient_Weight
33523,Overweight_Level_I
31960,Obesity_Type_II
25240,Normal_Weight
33584,Insufficient_Weight
24520,Insufficient_Weight
33730,Overweight_Level_II
24832,Obesity_Type_III
24404,Normal_Weight
21532,Obesity_Type_II
28928,Obesity_Type_I
32540,Normal_Weight
34558,Overweight_Level_I
21294,Overweight_Level_I
29636,Overweight_Level_I
32506,Obesity_Type_III
25075,Overweight_Level_II
25629,Overweight_Level_I
32539,Normal_Weight
24145,Obesity_Type_II
28670,Insufficient_Weight
31714,Overweight_Level_I
32623,Overweight_Level_II
21415,Obesity_Type_II
26123,Obesity_Type_I
23429,Normal_Weight
22614,Obesity_Type_III
32283,Obesity_Type_I
33274,Overweight_Level_I
28483,Obesity_Type_II
26800,Overweight_Level_I
27463,Insufficient_Weight
29347,Obesity_Type_I
30162,Normal_Weight
31130,Obesity_Type_II
33881,Normal_Weight
25413,Overweight_Level_II
29480,Obesity_Type_I
31747,Insufficient_Weight
21763,Overweight_Level_I
25755,Obesity_Type_III
33732,Obesity_Type_I
29517,Insufficient_Weight
28210,Insufficient_Weight
22835,Obesity_Type_I
20985,Obesity_Type_II
22979,Insufficient_Weight
32225,Obesity_Type_III
29186,Normal_Weight
31542,Insufficient_Weight
24838,Overweight_Level_II
23821,Obesity_Type_I
22082,Obesity_Type_III
33206,Obesity_Type_I
24302,Obesity_Type_I
30583,Obesity_Type_III
33507,Obesity_Type_III
23023,Obesity_Type_III
26847,Overweight_Level_II
29528,Overweight_Level_II
25745,Insufficient_Weight
32668,Insufficient_Weight
21484,Overweight_Level_I
24961,Obesity_Type_II
26833,Obesity_Type_II
22984,Normal_Weight
28233,Normal_Weight
29945,Normal_Weight
25723,Obesity_Type_III
26000,Obesity_Type_I
32858,Overweight_Level_II
21476,Normal_Weight
23886,Obesity_Type_III
24005,Obesity_Type_II
27910,Obesity_Type_I
24308,Obesity_Type_II
33382,Overweight_Level_I
31009,Insufficient_Weight
21794,Overweight_Level_I
27796,Obesity_Type_III
32109,Overweight_Level_I
32179,Obesity_Type_III
22400,Insufficient_Weight
34442,Obesity_Type_II
29544,Obesity_Type_II
31958,Overweight_Level_II
28560,Insufficient_Weight
28341,Overweight_Level_II
25041,Normal_Weight
24757,Overweight_Level_II
25348,Overweight_Level_II
34291,Obesity_Type_III
28532,Normal_Weight
31938,Obesity_Type_III
34331,Overweight_Level_II
30111,Overweight_Level_II
23378,Obesity_Type_II
32665,Overweight_Level_II
25685,Obesity_Type_III
23231,Obesity_Type_I
33181,Overweight_Level_II
33636,Overweight_Level_II
30846,Obesity_Type_II
28442,Normal_Weight
21163,Insufficient_Weight
32674,Insufficient_Weight
33669,Obesity_Type_I
24836,Obesity_Type_I
33166,Overweight_Level_II
21278,Obesity_Type_I
29813,Normal_Weight
30515,Overweight_Level_I
33616,Overweight_Level_I
26126,Obesity_Type_I
26514,Overweight_Level_II
23663,Normal_Weight
22380,Overweight_Level_I
28787,Obesity_Type_III
32085,Obesity_Type_II
29498,Insufficient_Weight
34536,Obesity_Type_II
22605,Overweight_Level_II
26412,Obesity_Type_I
30167,Overweight_Level_II
24057,Normal_Weight
29601,Obesity_Type_II
26643,Normal_Weight
24932,Overweight_Level_II
31953,Normal_Weight
23382,Normal_Weight
29378,Obesity_Type_III
21104,Normal_Weight
30156,Normal_Weight
25344,Obesity_Type_III
33971,Overweight_Level_II
31651,Obesity_Type_I
30132,Obesity_Type_II
24635,Obesity_Type_III
27069,Normal_Weight
25919,Obesity_Type_I
25324,Obesity_Type_I
21092,Obesity_Type_III
27873,Obesity_Type_II
21589,Obesity_Type_I
22237,Obesity_Type_I
29485,Overweight_Level_II
26758,Overweight_Level_II
29202,Insufficient_Weight
24764,Insufficient_Weight
32640,Overweight_Level_II
32287,Overweight_Level_I
22812,Obesity_Type_II
28859,Obesity_Type_III
31944,Normal_Weight
33861,Obesity_Type_II
31878,Obesity_Type_I
21985,Obesity_Type_I
25285,Overweight_Level_I
32434,Obesity_Type_I
21328,Obesity_Type_II
32919,Obesity_Type_III
20952,Normal_Weight
23195,Overweight_Level_II
24409,Obesity_Type_II
21477,Obesity_Type_III
32043,Normal_Weight
29701,Obesity_Type_III
25585,Overweight_Level_I
33131,Obesity_Type_I
23096,Insufficient_Weight
28191,Insufficient_Weight
29566,Obesity_Type_I
25872,Normal_Weight
31097,Normal_Weight
25880,Obesity_Type_III
21321,Obesity_Type_III
22094,Obesity_Type_I
23863,Normal_Weight
28137,Normal_Weight
33804,Overweight_Level_I
25618,Insufficient_Weight
23971,Overweight_Level_II
27812,Overweight_Level_II
24054,Overweight_Level_I
29908,Overweight_Level_II
21883,Obesity_Type_III
34194,Overweight_Level_II
25802,Obesity_Type_II
30699,Obesity_Type_I
34156,Obesity_Type_II
27985,Obesity_Type_I
25490,Obesity_Type_III
29679,Obesity_Type_III
22744,Overweight_Level_I
32547,Obesity_Type_II
23573,Normal_Weight
32262,Normal_Weight
25799,Overweight_Level_I
23198,Normal_Weight
34440,Obesity_Type_III
21050,Obesity_Type_III
21487,Obesity_Type_III
33007,Obesity_Type_II
33173,Normal_Weight
31756,Obesity_Type_III
33329,Insufficient_Weight
30346,Obesity_Type_II
23935,Obesity_Type_III
23994,Insufficient_Weight
22580,Obesity_Type_II
31885,Overweight_Level_I
33537,Obesity_Type_II
29645,Normal_Weight
32759,Normal_Weight
32932,Obesity_Type_I
27342,Normal_Weight
31926,Obesity_Type_III
25301,Obesity_Type_II
31160,Obesity_Type_II
32094,Insufficient_Weight
31590,Overweight_Level_I
25545,Overweight_Level_I
21954,Overweight_Level_II
30444,Obesity_Type_III
24394,Obesity_Type_III
33613,Obesity_Type_I
30154,Overweight_Level_II
22929,Obesity_Type_I
32121,Obesity_Type_I
24465,Obesity_Type_III
34495,Obesity_Type_II
30529,Overweight_Level_II
22693,Overweight_Level_I
24949,Overweight_Level_I
31167,Normal_Weight
27068,Obesity_Type_III
32995,Normal_Weight
29385,Obesity_Type_II
31031,Normal_Weight
23736,Obesity_Type_III
29152,Obesity_Type_III
32030,Obesity_Type_II
24075,Obesity_Type_I
26349,Overweight_Level_I
27697,Overweight_Level_II
34213,Obesity_Type_I
25587,Overweight_Level_II
26855,Obesity_Type_I
32804,Obesity_Type_III
28129,Obesity_Type_I
23522,Obesity_Type_II
24786,Obesity_Type_I
22598,Overweight_Level_II
33063,Normal_Weight
26059,Overweight_Level_I
24726,Obesity_Type_I
22915,Obesity_Type_III
32880,Normal_Weight
26193,Overweight_Level_I
21936,Insufficient_Weight
29131,Normal_Weight
25456,Obesity_Type_III
24569,Overweight_Level_I
29489,Normal_Weight
33385,Obesity_Type_II
31282,Obesity_Type_II
28073,Overweight_Level_II
30823,Obesity_Type_II
31852,Overweight_Level_I
31686,Obesity_Type_III
31346,Obesity_Type_III
22937,Overweight_Level_I
33876,Obesity_Type_I
21580,Insufficient_Weight
31959,Normal_Weight
21558,Normal_Weight
21447,Obesity_Type_III
20895,Normal_Weight
26633,Obesity_Type_III
24658,Normal_Weight
23388,Obesity_Type_I
26337,Normal_Weight
31101,Obesity_Type_I
33136,Insufficient_Weight
24173,Overweight_Level_I
31233,Insufficient_Weight
24041,Obesity_Type_II
24978,Insufficient_Weight
24744,Obesity_Type_II
25888,Overweight_Level_II
26260,Obesity_Type_I
33591,Insufficient_Weight
34238,Overweight_Level_I
28443,Obesity_Type_III
24681,Overweight_Level_I
21831,Obesity_Type_III
31727,Insufficient_Weight
24831,Normal_Weight
29135,Obesity_Type_III
24466,Overweight_Level_I
27939,Obesity_Type_II
22194,Obesity_Type_III
23586,Overweight_Level_I
27427,Overweight_Level_II
22659,Obesity_Type_II
24445,Normal_Weight
21175,Overweight_Level_I
33790,Obesity_Type_III
25060,Obesity_Type_I
25707,Obesity_Type_III
22474,Insufficient_Weight
30800,Obesity_Type_III
22053,Insufficient_Weight
21938,Obesity_Type_III
24521,Overweight_Level_II
26739,Obesity_Type_II
24084,Overweight_Level_II
30129,Obesity_Type_II
30537,Obesity_Type_III
23362,Obesity_Type_I
22396,Overweight_Level_II
28636,Obesity_Type_I
24103,Overweight_Level_II
33444,Overweight_Level_I
28062,Insufficient_Weight
29779,Obesity_Type_II
30998,Obesity_Type_II
23818,Obesity_Type_I
29972,Obesity_Type_I
26200,Insufficient_Weight
34452,Obesity_Type_I
32764,Obesity_Type_III
33907,Normal_Weight
33218,Normal_Weight
26011,Obesity_Type_III
31035,Overweight_Level_I
32850,Obesity_Type_II
21784,Obesity_Type_I
26493,Normal_Weight
25635,Obesity_Type_I
27914,Obesity_Type_I
33802,Obesity_Type_III
31917,Overweight_Level_I
30866,Insufficient_Weight
34290,Overweight_Level_II
21164,Normal_Weight
34365,Obesity_Type_II
24660,Overweight_Level_II
22818,Overweight_Level_I
31848,Overweight_Level_II
30495,Insufficient_Weight
22389,Obesity_Type_III
31985,Obesity_Type_II
23659,Overweight_Level_I
22374,Normal_Weight
26805,Overweight_Level_I
33300,Obesity_Type_III
24574,Overweight_Level_II
33167,Normal_Weight
27299,Obesity_Type_II
32556,Overweight_Level_II
21591,Obesity_Type_III
30406,Obesity_Type_I
24333,Overweight_Level_I
33029,Obesity_Type_I
22520,Obesity_Type_III
34343,Obesity_Type_I
27089,Obesity_Type_II
26772,Overweight_Level_II
23384,Overweight_Level_II
30575,Obesity_Type_III
33337,Normal_Weight
27471,Obesity_Type_II
21062,Insufficient_Weight
27522,Overweight_Level_I
24357,Obesity_Type_I
24847,Obesity_Type_II
31428,Normal_Weight
32821,Obesity_Type_III
32740,Obesity_Type_I
21733,Obesity_Type_I
28825,Insufficient_Weight
26832,Obesity_Type_I
28474,Obesity_Type_II
21917,Obesity_Type_II
32904,Normal_Weight
25073,Normal_Weight
22285,Overweight_Level_II
25354,Normal_Weight
23059,Normal_Weight
30518,Overweight_Level_I
30021,Insufficient_Weight
29267,Overweight_Level_I
31483,Obesity_Type_III
33567,Normal_Weight
28633,Obesity_Type_II
26530,Obesity_Type_I
23894,Overweight_Level_II
21168,Obesity_Type_I
21227,Overweight_Level_I
30459,Obesity_Type_I
27764,Obesity_Type_II
27107,Overweight_Level_II
26644,Insufficient_Weight
22854,Obesity_Type_III
27362,Overweight_Level_I
23471,Obesity_Type_II
33217,Normal_Weight
23161,Obesity_Type_II
31802,Overweight_Level_II
28528,Obesity_Type_III
31492,Normal_Weight
27408,Overweight_Level_II
33686,Obesity_Type_II
29902,Normal_Weight
27352,Insufficient_Weight
30202,Obesity_Type_III
21873,Obesity_Type_III
25407,Insufficient_Weight
22815,Overweight_Level_II
24481,Overweight_Level_I
20872,Obesity_Type_III
24889,Overweight_Level_I
22793,Insufficient_Weight
23158,Obesity_Type_I
24331,Obesity_Type_III
33251,Normal_Weight
33944,Obesity_Type_II
27389,Obesity_Type_II
22709,Normal_Weight
23765,Obesity_Type_II
30595,Overweight_Level_I
23703,Overweight_Level_I
32387,Normal_Weight
29783,Normal_Weight
22750,Obesity_Type_II
30163,Insufficient_Weight
25577,Insufficient_Weight
32098,Obesity_Type_I
27432,Normal_Weight
29698,Obesity_Type_III
21367,Obesity_Type_III
24321,Obesity_Type_I
31247,Normal_Weight
32737,Obesity_Type_III
21154,Obesity_Type_II
23993,Overweight_Level_I
21063,Insufficient_Weight
34244,Normal_Weight
23635,Obesity_Type_I
31641,Normal_Weight
29790,Insufficient_Weight
22271,Obesity_Type_III
29687,Overweight_Level_II
29699,Obesity_Type_II
22034,Normal_Weight
29249,Insufficient_Weight
28231,Obesity_Type_II
33157,Obesity_Type_II
23150,Obesity_Type_III
23479,Insufficient_Weight
30716,Overweight_Level_II
27652,Insufficient_Weight
29994,Obesity_Type_I
24306,Obesity_Type_III
30464,Normal_Weight
33800,Obesity_Type_III
34504,Obesity_Type_III
23229,Obesity_Type_I
33717,Obesity_Type_I
32801,Normal_Weight
21521,Obesity_Type_III
25172,Insufficient_Weight
29025,Obesity_Type_III
22840,Obesity_Type_II
27349,Insufficient_Weight
24509,Obesity_Type_III
26865,Insufficient_Weight
31883,Obesity_Type_III
22029,Insufficient_Weight
32484,Insufficient_Weight
31416,Obesity_Type_II
31294,Obesity_Type_III
30177,Overweight_Level_I
28256,Normal_Weight
33008,Obesity_Type_I
27585,Overweight_Level_II
22767,Obesity_Type_II
31600,Normal_Weight
28254,Obesity_Type_III
22385,Obesity_Type_III
33931,Insufficient_Weight
26977,Overweight_Level_II
22552,Normal_Weight
30659,Insufficient_Weight
25935,Overweight_Level_I
21116,Obesity_Type_I
23511,Obesity_Type_II
21258,Overweight_Level_II
21165,Obesity_Type_I
21345,Obesity_Type_III
26870,Obesity_Type_III
23029,Obesity_Type_III
23376,Overweight_Level_I
33704,Obesity_Type_III
27490,Overweight_Level_I
27207,Normal_Weight
23360,Obesity_Type_II
25181,Obesity_Type_III
21428,Insufficient_Weight
29084,Overweight_Level_II
25894,Normal_Weight
22090,Overweight_Level_II
31055,Insufficient_Weight
31355,Overweight_Level_II
22332,Obesity_Type_III
26439,Overweight_Level_II
27615,Obesity_Type_II
29052,Obesity_Type_I
33359,Overweight_Level_II
24856,Obesity_Type_II
29719,Obesity_Type_I
33857,Obesity_Type_III
29022,Obesity_Type_II
21533,Obesity_Type_II
29133,Overweight_Level_II
28893,Overweight_Level_I
26744,Obesity_Type_III
32060,Obesity_Type_I
27139,Obesity_Type_III
22586,Obesity_Type_II
22741,Obesity_Type_II
22293,Obesity_Type_III
32201,Obesity_Type_III
34010,Obesity_Type_III
26778,Obesity_Type_I
24596,Obesity_Type_I
33739,Overweight_Level_II
33221,Insufficient_Weight
29860,Obesity_Type_II
32143,Overweight_Level_I
28117,Insufficient_Weight
30944,Overweight_Level_II
33611,Obesity_Type_I
28571,Overweight_Level_II
31740,Obesity_Type_II
28472,Obesity_Type_II
33414,Insufficient_Weight
33864,Normal_Weight
32695,Overweight_Level_II
26791,Overweight_Level_II
32249,Obesity_Type_III
32868,Obesity_Type_II
25904,Obesity_Type_I
31104,Overweight_Level_I
30174,Obesity_Type_III
30474,Insufficient_Weight
30097,Obesity_Type_I
30562,Insufficient_Weight
28378,Obesity_Type_II
23648,Insufficient_Weight
24947,Obesity_Type_III
33081,Obesity_Type_I
33154,Obesity_Type_III
31001,Overweight_Level_I
22369,Insufficient_Weight
32792,Obesity_Type_III
24295,Overweight_Level_II
28193,Obesity_Type_I
31763,Insufficient_Weight
29027,Insufficient_Weight
22318,Normal_Weight
24097,Insufficient_Weight
29922,Overweight_Level_II
29482,Obesity_Type_I
26220,Obesity_Type_III
32480,Obesity_Type_III
21266,Overweight_Level_II
25958,Obesity_Type_II
32488,Obesity_Type_I
28072,Obesity_Type_II
28115,Overweight_Level_II
21341,Overweight_Level_I
22753,Obesity_Type_III
21068,Normal_Weight
30652,Normal_Weight
30300,Overweight_Level_II
31658,Obesity_Type_III
21500,Obesity_Type_III
31174,Normal_Weight
22618,Normal_Weight
23218,Overweight_Level_II
33071,Insufficient_Weight
24171,Insufficient_Weight
31255,Normal_Weight
30524,Obesity_Type_III
25821,Insufficient_Weight
24502,Normal_Weight
25307,Obesity_Type_III
28869,Obesity_Type_III
28773,Insufficient_Weight
23618,Insufficient_Weight
32212,Normal_Weight
25539,Normal_Weight
29843,Normal_Weight
29931,Insufficient_Weight
23162,Overweight_Level_I
30953,Obesity_Type_I
21779,Normal_Weight
33808,Obesity_Type_III
30625,Obesity_Type_III
29688,Overweight_Level_II
33476,Insufficient_Weight
34308,Overweight_Level_II
26957,Insufficient_Weight
21442,Overweight_Level_II
32117,Obesity_Type_II
34210,Obesity_Type_II
32277,Obesity_Type_II
30403,Normal_Weight
21614,Overweight_Level_II
29181,Overweight_Level_II
31849,Normal_Weight
26929,Insufficient_Weight
29661,Obesity_Type_III
26475,Obesity_Type_II
28912,Normal_Weight
28837,Normal_Weight
27660,Obesity_Type_II
25161,Overweight_Level_II
25297,Overweight_Level_I
29105,Overweight_Level_II
32616,Insufficient_Weight
33904,Overweight_Level_I
34187,Normal_Weight
23844,Normal_Weight
32255,Insufficient_Weight
27094,Obesity_Type_I
31106,Obesity_Type_III
21914,Obesity_Type_II
21397,Obesity_Type_III
30387,Overweight_Level_II
20812,Obesity_Type_II
23800,Normal_Weight
29496,Obesity_Type_III
27093,Obesity_Type_I
31187,Normal_Weight
28160,Insufficient_Weight
22284,Overweight_Level_I
34189,Normal_Weight
30329,Overweight_Level_II
27212,Obesity_Type_II
27646,Overweight_Level_II
22073,Obesity_Type_II
33978,Obesity_Type_II
31410,Insufficient_Weight
22023,Obesity_Type_I
24218,Overweight_Level_II
34493,Obesity_Type_III
30198,Overweight_Level_I
24344,Obesity_Type_II
24228,Overweight_Level_II
26967,Overweight_Level_II
34180,Obesity_Type_II
20920,Overweight_Level_I
23879,Overweight_Level_I
34413,Overweight_Level_I
31865,Overweight_Level_I
34363,Overweight_Level_I
21088,Obesity_Type_III
31024,Normal_Weight
34132,Normal_Weight
32105,Obesity_Type_II
25654,Obesity_Type_III
27388,Insufficient_Weight
23798,Obesity_Type_II
28635,Obesity_Type_III
34123,Obesity_Type_III
29411,Insufficient_Weight
29334,Overweight_Level_I
25408,Obesity_Type_II
29692,Obesity_Type_I
33543,Overweight_Level_I
29189,Obesity_Type_III
29228,Normal_Weight
28238,Insufficient_Weight
23105,Overweight_Level_I
28601,Obesity_Type_III
32360,Insufficient_Weight
20941,Obesity_Type_I
23505,Normal_Weight
27203,Normal_Weight
26182,Overweight_Level_II
23255,Normal_Weight
29263,Overweight_Level_II
29628,Insufficient_Weight
33805,Overweight_Level_II
30418,Obesity_Type_III
24952,Normal_Weight
27629,Obesity_Type_I
30401,Obesity_Type_III
30884,Overweight_Level_II
22136,Obesity_Type_III
32301,Obesity_Type_III
25109,Overweight_Level_II
25282,Overweight_Level_II
30881,Obesity_Type_III
27440,Obesity_Type_I
29039,Obesity_Type_III
25868,Obesity_Type_I
22647,Insufficient_Weight
29377,Overweight_Level_II
33703,Insufficient_Weight
23532,Normal_Weight
31702,Overweight_Level_II
30604,Obesity_Type_III
33985,Obesity_Type_I
34118,Obesity_Type_I
25603,Overweight_Level_I
22832,Obesity_Type_I
24335,Obesity_Type_I
27228,Obesity_Type_II
25219,Overweight_Level_I
23598,Overweight_Level_II
34565,Insufficient_Weight
31789,Insufficient_Weight
31929,Obesity_Type_II
28591,Obesity_Type_III
25481,Overweight_Level_I
21497,Normal_Weight
29991,Obesity_Type_III
25726,Overweight_Level_I
26405,Obesity_Type_I
24532,Obesity_Type_II
21408,Overweight_Level_II
21553,Overweight_Level_II
27315,Obesity_Type_I
29362,Insufficient_Weight
29356,Obesity_Type_II
32289,Obesity_Type_III
31211,Overweight_Level_I
32224,Normal_Weight
26723,Overweight_Level_I
22902,Normal_Weight
30128,Overweight_Level_II
34052,Obesity_Type_II
22251,Overweight_Level_II
25090,Obesity_Type_II
20936,Overweight_Level_II
23968,Obesity_Type_II
27934,Obesity_Type_III
24749,Obesity_Type_III
27067,Overweight_Level_I
25500,Obesity_Type_I
29878,Obesity_Type_I
27947,Obesity_Type_II
25835,Obesity_Type_II
22996,Insufficient_Weight
31508,Normal_Weight
21617,Insufficient_Weight
21000,Overweight_Level_I
32458,Obesity_Type_III
29141,Normal_Weight
21148,Obesity_Type_II
27912,Obesity_Type_III
28199,Obesity_Type_I
23449,Normal_Weight
20917,Obesity_Type_I
27535,Obesity_Type_I
26140,Overweight_Level_I
24470,Insufficient_Weight
29961,Obesity_Type_I
27252,Overweight_Level_II
32124,Obesity_Type_III
30669,Overweight_Level_II
25753,Overweight_Level_I
22128,Obesity_Type_II
26333,Insufficient_Weight
28456,Obesity_Type_I
22239,Obesity_Type_III
31039,Obesity_Type_I
26993,Insufficient_Weight
21852,Obesity_Type_I
22282,Normal_Weight
32609,Obesity_Type_III
29463,Obesity_Type_II
32499,Obesity_Type_II
30285,Overweight_Level_I
33855,Overweight_Level_II
24507,Normal_Weight
27954,Normal_Weight
34356,Overweight_Level_I
28716,Obesity_Type_II
30702,Insufficient_Weight
25647,Overweight_Level_II
21210,Insufficient_Weight
32660,Normal_Weight
32012,Obesity_Type_III
22596,Obesity_Type_I
24878,Insufficient_Weight
28028,Obesity_Type_I
34432,Normal_Weight
20980,Overweight_Level_I
27707,Obesity_Type_II
26455,Overweight_Level_II
24988,Insufficient_Weight
32099,Overweight_Level_II
23974,Normal_Weight
28721,Overweight_Level_II
27075,Obesity_Type_III
26775,Overweight_Level_II
32041,Obesity_Type_III
30915,Normal_Weight
30827,Insufficient_Weight
23913,Overweight_Level_I
33862,Obesity_Type_III
29876,Obesity_Type_II
25434,Obesity_Type_I
21542,Overweight_Level_I
27974,Obesity_Type_III
20939,Obesity_Type_I
23730,Insufficient_Weight
24158,Overweight_Level_II
22059,Insufficient_Weight
30439,Overweight_Level_I
25758,Overweight_Level_I
26978,Overweight_Level_I
25844,Obesity_Type_III
21904,Overweight_Level_II
31030,Obesity_Type_I
30158,Obesity_Type_II
21892,Normal_Weight
29675,Obesity_Type_II
22950,Obesity_Type_II
27844,Normal_Weight
32782,Normal_Weight
23180,Normal_Weight
23853,Obesity_Type_III
23789,Obesity_Type_II
24392,Obesity_Type_I
20996,Overweight_Level_I
30636,Obesity_Type_I
25792,Overweight_Level_II
28683,Overweight_Level_I
33651,Obesity_Type_I
22554,Obesity_Type_III
20972,Obesity_Type_II
27931,Obesity_Type_III
23875,Normal_Weight
28505,Obesity_Type_I
27706,Obesity_Type_III
26383,Obesity_Type_III
28014,Normal_Weight
27638,Insufficient_Weight
27201,Obesity_Type_III
29244,Obesity_Type_II
23477,Obesity_Type_I
32161,Obesity_Type_I
32362,Obesity_Type_III
25960,Insufficient_Weight
26767,Obesity_Type_II
28427,Obesity_Type_III
32142,Overweight_Level_II
28303,Obesity_Type_I
24840,Obesity_Type_II
27409,Normal_Weight
26797,Obesity_Type_III
26468,Obesity_Type_III
29413,Obesity_Type_III
24857,Obesity_Type_I
21526,Overweight_Level_I
23590,Obesity_Type_III
34554,Obesity_Type_I
26761,Obesity_Type_I
27683,Insufficient_Weight
33742,Obesity_Type_I
30397,Overweight_Level_I
25494,Obesity_Type_I
29190,Insufficient_Weight
26192,Obesity_Type_I
22195,Overweight_Level_II
31692,Obesity_Type_I
30986,Obesity_Type_II
25176,Normal_Weight
30714,Obesity_Type_III
33098,Obesity_Type_III
24896,Overweight_Level_II
24178,Obesity_Type_III
27487,Normal_Weight
32895,Normal_Weight
30697,Normal_Weight
26393,Normal_Weight
30127,Obesity_Type_III
30138,Obesity_Type_I
22016,Obesity_Type_II
24425,Obesity_Type_I
25099,Obesity_Type_II
30705,Normal_Weight
28311,Insufficient_Weight
28617,Obesity_Type_I
20868,Overweight_Level_II
32982,Obesity_Type_II
21470,Normal_Weight
26500,Obesity_Type_II
20989,Obesity_Type_III
29454,Obesity_Type_II
29002,Normal_Weight
21041,Obesity_Type_III
24803,Overweight_Level_II
31876,Obesity_Type_I
31218,Overweight_Level_I
33801,Obesity_Type_I
21028,Obesity_Type_III
29933,Obesity_Type_I
29425,Obesity_Type_I
27005,Normal_Weight
30995,Overweight_Level_II
33443,Insufficient_Weight
29354,Obesity_Type_II
31320,Overweight_Level_II
29206,Insufficient_Weight
26047,Obesity_Type_II
28253,Obesity_Type_III
29694,Obesity_Type_III
24997,Insufficient_Weight
30979,Normal_Weight
22626,Insufficient_Weight
22819,Obesity_Type_III
29469,Obesity_Type_II
32125,Obesity_Type_II
30457,Overweight_Level_II
33197,Insufficient_Weight
30143,Overweight_Level_II
27779,Overweight_Level_II
30227,Obesity_Type_III
32964,Overweight_Level_I
24870,Obesity_Type_III
28667,Overweight_Level_I
22333,Overweight_Level_I
33640,Overweight_Level_II
30189,Normal_Weight
27292,Obesity_Type_II
33004,Normal_Weight
28812,Insufficient_Weight
26331,Overweight_Level_I
30958,Obesity_Type_II
28250,Obesity_Type_I
32010,Obesity_Type_I
32050,Obesity_Type_II
25140,Overweight_Level_I
28065,Overweight_Level_I
29525,Insufficient_Weight
29252,Obesity_Type_III
27736,Obesity_Type_III
24476,Obesity_Type_II
32791,Overweight_Level_II
29122,Obesity_Type_I
26707,Overweight_Level_I
20767,Normal_Weight
32967,Obesity_Type_II
23975,Obesity_Type_I
31646,Obesity_Type_III
25450,Obesity_Type_III
23702,Insufficient_Weight
30640,Overweight_Level_II
24467,Obesity_Type_III
20960,Obesity_Type_II
32719,Normal_Weight
26602,Obesity_Type_III
21939,Obesity_Type_I
32261,Obesity_Type_I
22428,Obesity_Type_III
21653,Overweight_Level_II
26161,Obesity_Type_I
28126,Overweight_Level_II
25049,Obesity_Type_I
29395,Insufficient_Weight
34120,Insufficient_Weight
25414,Obesity_Type_I
23719,Normal_Weight
24368,Overweight_Level_I
23175,Obesity_Type_III
24808,Overweight_Level_II
32457,Normal_Weight
32483,Insufficient_Weight
31510,Obesity_Type_III
32901,Insufficient_Weight
28913,Overweight_Level_II
26890,Overweight_Level_II
30883,Overweight_Level_II
23355,Obesity_Type_I
33387,Obesity_Type_I
23525,Obesity_Type_II
25336,Obesity_Type_III
28006,Obesity_Type_III
28157,Obesity_Type_II
20954,Overweight_Level_I
21751,Obesity_Type_II
21994,Overweight_Level_II
26376,Insufficient_Weight
30342,Normal_Weight
29134,Obesity_Type_III
26286,Insufficient_Weight
26088,Overweight_Level_II
21128,Obesity_Type_III
29493,Obesity_Type_II
31196,Normal_Weight
34596,Insufficient_Weight
21426,Obesity_Type_II
24730,Obesity_Type_III
23521,Obesity_Type_II
25693,Obesity_Type_II
25610,Normal_Weight
27557,Obesity_Type_III
22051,Obesity_Type_I
28022,Obesity_Type_II
24378,Obesity_Type_II
23087,Insufficient_Weight
23016,Obesity_Type_III
33711,Insufficient_Weight
25227,Overweight_Level_II
25793,Obesity_Type_I
30552,Obesity_Type_II
30313,Normal_Weight
20849,Overweight_Level_I
29355,Obesity_Type_II
24711,Obesity_Type_II
25259,Overweight_Level_I
33213,Insufficient_Weight
32475,Obesity_Type_III
22710,Obesity_Type_II
22562,Obesity_Type_II
30412,Obesity_Type_I
23647,Obesity_Type_I
27881,Obesity_Type_III
25902,Obesity_Type_I
30170,Overweight_Level_I
33949,Overweight_Level_I
31616,Normal_Weight
29486,Obesity_Type_II
25829,Obesity_Type_II
26944,Overweight_Level_II
25611,Normal_Weight
22182,Insufficient_Weight
29055,Obesity_Type_III
34330,Obesity_Type_I
28454,Obesity_Type_II
33824,Normal_Weight
30860,Obesity_Type_III
28323,Obesity_Type_II
33534,Obesity_Type_III
33935,Normal_Weight
29239,Obesity_Type_II
33779,Obesity_Type_II
34367,Obesity_Type_III
34114,Overweight_Level_II
25205,Insufficient_Weight
32333,Obesity_Type_III
28275,Overweight_Level_II
22157,Obesity_Type_II
28929,Obesity_Type_III
21565,Obesity_Type_I
30838,Overweight_Level_II
21573,Normal_Weight
20765,Normal_Weight
30839,Insufficient_Weight
27996,Overweight_Level_II
21007,Obesity_Type_III
30089,Overweight_Level_II
30735,Overweight_Level_II
31259,Obesity_Type_II
31647,Obesity_Type_III
27507,Overweight_Level_II
33806,Overweight_Level_I
20823,Obesity_Type_II
30458,Overweight_Level_I
28967,Obesity_Type_III
23939,Obesity_Type_II
23653,Obesity_Type_III
22917,Normal_Weight
28896,Overweight_Level_II
21651,Overweight_Level_II
30240,Normal_Weight
29669,Overweight_Level_I
31472,Obesity_Type_II
23729,Obesity_Type_III
22263,Normal_Weight
31535,Insufficient_Weight
22427,Obesity_Type_II
27688,Obesity_Type_I
24998,Obesity_Type_III
27079,Obesity_Type_II
24647,Normal_Weight
33065,Obesity_Type_I
21023,Overweight_Level_I
33852,Normal_Weight
23393,Insufficient_Weight
33439,Normal_Weight
23766,Obesity_Type_II
24579,Insufficient_Weight
21745,Normal_Weight
22905,Overweight_Level_I
26990,Normal_Weight
28309,Obesity_Type_III
20772,Obesity_Type_III
22024,Overweight_Level_I
28223,Insufficient_Weight
24546,Obesity_Type_II
33900,Obesity_Type_II
31333,Obesity_Type_I
26239,Insufficient_Weight
24953,Obesity_Type_III
21810,Overweight_Level_II
27543,Insufficient_Weight
33048,Obesity_Type_III
22493,Obesity_Type_III
34022,Obesity_Type_I
26988,Obesity_Type_III
33554,Normal_Weight
24732,Obesity_Type_I
21902,Insufficient_Weight
33658,Insufficient_Weight
31214,Obesity_Type_II
33793,Obesity_Type_I
31614,Obesity_Type_I
33986,Obesity_Type_I
23579,Insufficient_Weight
30843,Normal_Weight
23738,Obesity_Type_II
24560,Insufficient_Weight
24230,Normal_Weight
29786,Obesity_Type_III
30004,Obesity_Type_II
29069,Obesity_Type_III
23915,Overweight_Level_I
26750,Obesity_Type_III
28304,Obesity_Type_III
30960,Obesity_Type_II
32238,Obesity_Type_II
27133,Overweight_Level_II
23991,Obesity_Type_II
32417,Obesity_Type_III
28616,Obesity_Type_I
23681,Overweight_Level_I
26698,Obesity_Type_II
30850,Obesity_Type_III
29442,Obesity_Type_III
26831,Overweight_Level_II
24271,Obesity_Type_II
26790,Insufficient_Weight
24854,Obesity_Type_III
27291,Normal_Weight
27444,Normal_Weight
21046,Obesity_Type_III
21206,Overweight_Level_I
30356,Obesity_Type_I
32981,Insufficient_Weight
25334,Obesity_Type_II
32822,Insufficient_Weight
32208,Obesity_Type_I
32561,Obesity_Type_III
30543,Obesity_Type_II
21772,Obesity_Type_II
32606,Obesity_Type_III
30193,Overweight_Level_I
27703,Insufficient_Weight
26165,Overweight_Level_I
24159,Obesity_Type_II
24112,Obesity_Type_I
27623,Obesity_Type_III
26330,Insufficient_Weight
32702,Normal_Weight
21203,Obesity_Type_I
31847,Overweight_Level_II
21666,Obesity_Type_I
22866,Obesity_Type_II
33606,Obesity_Type_II
28751,Normal_Weight
24482,Overweight_Level_I
28693,Obesity_Type_III
31735,Normal_Weight
30434,Normal_Weight
30146,Normal_Weight
22942,Normal_Weight
31568,Overweight_Level_II
26451,Insufficient_Weight
30661,Obesity_Type_II
23638,Insufficient_Weight
29261,Insufficient_Weight
26280,Obesity_Type_III
25748,Normal_Weight
29968,Obesity_Type_II
24837,Normal_Weight
26414,Normal_Weight
23044,Obesity_Type_II
34407,Overweight_Level_II
21773,Overweight_Level_II
26490,Obesity_Type_III
29631,Normal_Weight
22583,Obesity_Type_I
34227,Obesity_Type_III
30386,Normal_Weight
27190,Obesity_Type_II
33014,Obesity_Type_III
32090,Obesity_Type_I
33662,Obesity_Type_III
34085,Obesity_Type_II
24678,Obesity_Type_II
28417,Insufficient_Weight
28723,Insufficient_Weight
22230,Overweight_Level_I
25063,Overweight_Level_II
32213,Obesity_Type_II
28140,Obesity_Type_I
24555,Overweight_Level_II
24312,Overweight_Level_I
34064,Obesity_Type_I
22954,Insufficient_Weight
32239,Obesity_Type_II
26666,Obesity_Type_II
31314,Insufficient_Weight
32743,Overweight_Level_II
24689,Insufficient_Weight
24893,Obesity_Type_III
31604,Obesity_Type_I
31013,Obesity_Type_III
29901,Normal_Weight
21376,Obesity_Type_II
29405,Obesity_Type_II
29316,Obesity_Type_II
32078,Overweight_Level_I
22646,Insufficient_Weight
22340,Obesity_Type_III
25194,Obesity_Type_III
32637,Overweight_Level_I
26203,Obesity_Type_II
30195,Overweight_Level_I
32621,Obesity_Type_III
33212,Normal_Weight
31414,Insufficient_Weight
24288,Obesity_Type_II
27027,Normal_Weight
32644,Obesity_Type_III
32707,Obesity_Type_III
30664,Obesity_Type_II
29747,Insufficient_Weight
32173,Normal_Weight
27653,Obesity_Type_III
25253,Overweight_Level_II
22582,Obesity_Type_I
22000,Overweight_Level_I
33835,Overweight_Level_I
22785,Overweight_Level_I
32757,Overweight_Level_II
23885,Obesity_Type_III
23680,Insufficient_Weight
27236,Obesity_Type_III
30521,Obesity_Type_I
27553,Obesity_Type_III
20946,Obesity_Type_II
27554,Overweight_Level_I
21030,Obesity_Type_III
34549,Overweight_Level_II
27385,Obesity_Type_II
31082,Insufficient_Weight
30153,Overweight_Level_II
33816,Obesity_Type_II
29371,Normal_Weight
32073,Obesity_Type_III
30488,Overweight_Level_I
21913,Obesity_Type_III
23152,Obesity_Type_III
33536,Insufficient_Weight
22288,Obesity_Type_III
31610,Overweight_Level_II
32176,Insufficient_Weight
30268,Overweight_Level_II
25078,Obesity_Type_II
23364,Insufficient_Weight
22255,Obesity_Type_I
21499,Overweight_Level_I
22765,Obesity_Type_III
25804,Overweight_Level_II
30324,Obesity_Type_I
22006,Obesity_Type_III
31065,Obesity_Type_I
25173,Insufficient_Weight
30773,Obesity_Type_II
34315,Insufficient_Weight
27711,Insufficient_Weight
24210,Normal_Weight
24564,Obesity_Type_II
28479,Obesity_Type_III
22485,Overweight_Level_I
28246,Overweight_Level_II
33997,Obesity_Type_III
31694,Overweight_Level_II
33595,Insufficient_Weight
30891,Obesity_Type_III
23305,Obesity_Type_I
25006,Insufficient_Weight
25315,Obesity_Type_III
28370,Obesity_Type_II
31291,Insufficient_Weight
24000,Obesity_Type_I
31560,Insufficient_Weight
31841,Normal_Weight
32306,Obesity_Type_II
34167,Normal_Weight
30725,Overweight_Level_I
22624,Obesity_Type_I
30607,Insufficient_Weight
21498,Insufficient_Weight
21797,Insufficient_Weight
29114,Overweight_Level_I
27135,Obesity_Type_I
33601,Obesity_Type_II
33685,Obesity_Type_II
30765,Obesity_Type_III
32526,Obesity_Type_II
23898,Obesity_Type_I
23482,Overweight_Level_I
32937,Obesity_Type_I
24663,Overweight_Level_I
33287,Overweight_Level_II
32446,Obesity_Type_II
26016,Obesity_Type_II
28884,Insufficient_Weight
33984,Obesity_Type_III
22641,Obesity_Type_I
29858,Obesity_Type_II
33469,Obesity_Type_II
21386,Obesity_Type_III
34460,Obesity_Type_II
31635,Overweight_Level_II
29744,Overweight_Level_II
32729,Obesity_Type_II
30618,Obesity_Type_II
21646,Overweight_Level_II
21563,Overweight_Level_II
33617,Obesity_Type_II
25822,Insufficient_Weight
32788,Obesity_Type_III
25374,Insufficient_Weight
21108,Obesity_Type_III
21665,Insufficient_Weight
20963,Normal_Weight
29256,Overweight_Level_I
29092,Overweight_Level_II
30103,Obesity_Type_II
25163,Obesity_Type_II
21204,Obesity_Type_III
25369,Obesity_Type_II
21009,Obesity_Type_II
32263,Insufficient_Weight
29642,Overweight_Level_II
29881,Obesity_Type_II
22682,Obesity_Type_II
32330,Normal_Weight
25519,Overweight_Level_I
27319,Overweight_Level_II
25506,Normal_Weight
34535,Insufficient_Weight
23929,Normal_Weight
34359,Obesity_Type_I
34309,Obesity_Type_II
27655,Obesity_Type_II
28586,Overweight_Level_II
27926,Overweight_Level_I
23322,Obesity_Type_II
25623,Overweight_Level_II
25754,Overweight_Level_I
22280,Insufficient_Weight
24358,Insufficient_Weight
27685,Obesity_Type_III
29488,Obesity_Type_III
23084,Insufficient_Weight
27799,Obesity_Type_II
33355,Insufficient_Weight
29732,Obesity_Type_II
27549,Normal_Weight
22112,Obesity_Type_III
26373,Obesity_Type_I
33656,Normal_Weight
26641,Insufficient_Weight
31843,Obesity_Type_I
24790,Normal_Weight
20926,Obesity_Type_II
34526,Normal_Weight
25404,Insufficient_Weight
34092,Overweight_Level_I
30286,Obesity_Type_II
23492,Obesity_Type_I
31700,Obesity_Type_II
22861,Normal_Weight
23006,Overweight_Level_I
31207,Obesity_Type_III
29064,Obesity_Type_III
23068,Obesity_Type_III
21004,Insufficient_Weight
29510,Insufficient_Weight
34497,Obesity_Type_II
24093,Overweight_Level_I
23871,Obesity_Type_I
29684,Insufficient_Weight
33884,Overweight_Level_II
24234,Obesity_Type_I
25097,Obesity_Type_III
21245,Overweight_Level_I
32612,Insufficient_Weight
24741,Normal_Weight
24472,Normal_Weight
27671,Overweight_Level_I
22444,Obesity_Type_I
25438,Overweight_Level_II
30584,Overweight_Level_I
25211,Obesity_Type_I
20931,Obesity_Type_I
20990,Obesity_Type_III
24163,Overweight_Level_II
31782,Obesity_Type_I
29171,Overweight_Level_II
25925,Insufficient_Weight
31548,Obesity_Type_III
29630,Obesity_Type_III
33588,Obesity_Type_III
30041,Obesity_Type_I
33270,Normal_Weight
26809,Normal_Weight
22894,Insufficient_Weight
22561,Obesity_Type_III
34142,Overweight_Level_II
25679,Obesity_Type_III
25725,Obesity_Type_II
32835,Insufficient_Weight
25877,Insufficient_Weight
24385,Obesity_Type_III
30018,Normal_Weight
26431,Normal_Weight
23694,Obesity_Type_III
27087,Overweight_Level_II
34143,Obesity_Type_I
30738,Normal_Weight
28917,Obesity_Type_III
22842,Obesity_Type_I
24707,Overweight_Level_II
24379,Obesity_Type_III
21872,Obesity_Type_III
25453,Obesity_Type_II
28806,Obesity_Type_III
23254,Insufficient_Weight
31753,Obesity_Type_III
26815,Obesity_Type_II
28867,Overweight_Level_I
33149,Obesity_Type_II
25485,Obesity_Type_I
28047,Obesity_Type_III
24207,Obesity_Type_II
31792,Normal_Weight
21443,Obesity_Type_III
26734,Insufficient_Weight
33750,Overweight_Level_II
33811,Normal_Weight
28334,Insufficient_Weight
22976,Obesity_Type_I
29568,Obesity_Type_III
26371,Overweight_Level_II
25584,Obesity_Type_I
23494,Obesity_Type_III
34323,Obesity_Type_I
33741,Obesity_Type_II
23776,Normal_Weight
33165,Obesity_Type_II
32267,Overweight_Level_I
30276,Obesity_Type_III
23786,Obesity_Type_III
33919,Normal_Weight
23585,Obesity_Type_III
23481,Obesity_Type_I
27109,Normal_Weight
33914,Obesity_Type_II
31660,Obesity_Type_III
24993,Obesity_Type_II
34024,Obesity_Type_II
28860,Obesity_Type_I
22313,Overweight_Level_II
29861,Normal_Weight
25289,Obesity_Type_III
28468,Insufficient_Weight
31383,Obesity_Type_III
21335,Normal_Weight
26592,Obesity_Type_I
32487,Obesity_Type_II
29349,Overweight_Level_II
28458,Overweight_Level_I
27317,Obesity_Type_II
29985,Insufficient_Weight
29818,Obesity_Type_II
24085,Normal_Weight
25017,Overweight_Level_II
31141,Overweight_Level_II
21669,Obesity_Type_II
31628,Overweight_Level_I
32844,Overweight_Level_II
32279,Obesity_Type_II
21876,Overweight_Level_II
22919,Obesity_Type_I
32515,Insufficient_Weight
30179,Obesity_Type_III
21909,Obesity_Type_III
26314,Obesity_Type_II
30173,Insufficient_Weight
21040,Insufficient_Weight
29177,Obesity_Type_I
31952,Obesity_Type_III
20762,Obesity_Type_III
34273,Overweight_Level_I
24969,Overweight_Level_II
30665,Overweight_Level_II
28843,Obesity_Type_III
20825,Insufficient_Weight
23163,Obesity_Type_II
25692,Normal_Weight
33306,Obesity_Type_III
32948,Overweight_Level_II
28388,Overweight_Level_II
31455,Obesity_Type_II
31309,Obesity_Type_II
29188,Normal_Weight
25199,Insufficient_Weight
31764,Overweight_Level_II
30423,Obesity_Type_I
34435,Obesity_Type_III
31546,Overweight_Level_I
25834,Obesity_Type_II
21841,Obesity_Type_I
21493,Insufficient_Weight
33263,Insufficient_Weight
30054,Normal_Weight
25813,Overweight_Level_II
32727,Insufficient_Weight
33570,Obesity_Type_II
29767,Obesity_Type_III
32592,Insufficient_Weight
28940,Insufficient_Weight
22633,Normal_Weight
25608,Overweight_Level_I
31543,Overweight_Level_II
30676,Overweight_Level_I
21973,Normal_Weight
31123,Obesity_Type_II
23103,Insufficient_Weight
34281,Insufficient_Weight
31201,Overweight_Level_I
22225,Overweight_Level_I
32461,Obesity_Type_II
26309,Normal_Weight
27994,Obesity_Type_III
24193,Overweight_Level_II
28939,Overweight_Level_II
25029,Normal_Weight
23577,Obesity_Type_I
31555,Normal_Weight
27907,Overweight_Level_I
28428,Obesity_Type_II
21190,Insufficient_Weight
32706,Overweight_Level_I
26366,Obesity_Type_II
24203,Obesity_Type_I
28333,Obesity_Type_II
31124,Obesity_Type_II
27131,Obesity_Type_I
26032,Insufficient_Weight
23062,Obesity_Type_I
22557,Overweight_Level_II
24798,Obesity_Type_III
20903,Obesity_Type_III
27084,Normal_Weight
28355,Insufficient_Weight
30528,Obesity_Type_II
21451,Obesity_Type_III
25646,Obesity_Type_II
32148,Obesity_Type_III
30290,Normal_Weight
26027,Normal_Weight
31874,Obesity_Type_II
23952,Obesity_Type_III
25268,Obesity_Type_II
21545,Overweight_Level_II
21534,Obesity_Type_III
26212,Normal_Weight
34245,Obesity_Type_II
22175,Insufficient_Weight
32042,Obesity_Type_III
24563,Overweight_Level_II
33942,Normal_Weight
24859,Obesity_Type_II
32732,Normal_Weight
20967,Obesity_Type_I
29655,Overweight_Level_II
34260,Obesity_Type_III
28689,Overweight_Level_II
23193,Obesity_Type_III
21431,Insufficient_Weight
33117,Obesity_Type_I
27608,Overweight_Level_II
22702,Normal_Weight
25411,Normal_Weight
30580,Obesity_Type_III
28754,Obesity_Type_I
32102,Overweight_Level_I
20914,Insufficient_Weight
27025,Overweight_Level_II
23037,Normal_Weight
23483,Normal_Weight
25372,Overweight_Level_II
25949,Obesity_Type_II
21996,Obesity_Type_I
32979,Overweight_Level_II
24256,Obesity_Type_II
33771,Obesity_Type_III
34019,Normal_Weight
31179,Normal_Weight
25466,Normal_Weight
29301,Overweight_Level_II
22166,Overweight_Level_I
20919,Overweight_Level_II
31750,Normal_Weight
33457,Obesity_Type_III
25229,Overweight_Level_II
34002,Overweight_Level_I
22224,Insufficient_Weight
34181,Normal_Weight
33447,Overweight_Level_II
22668,Normal_Weight
27720,Obesity_Type_III
34326,Insufficient_Weight
34136,Overweight_Level_II
24455,Overweight_Level_I
22384,Obesity_Type_I
24149,Normal_Weight
30917,Normal_Weight
21416,Overweight_Level_II
25386,Overweight_Level_I
34014,Obesity_Type_III
24526,Overweight_Level_II
25379,Overweight_Level_I
24094,Overweight_Level_I
26664,Obesity_Type_II
24006,Normal_Weight
24575,Obesity_Type_III
23476,Overweight_Level_II
24904,Obesity_Type_I
30164,Overweight_Level_I
25116,Overweight_Level_II
29501,Overweight_Level_II
23847,Overweight_Level_II
23650,Overweight_Level_II
29981,Obesity_Type_III
25257,Insufficient_Weight
32154,Normal_Weight
27152,Overweight_Level_II
24166,Normal_Weight
22831,Overweight_Level_II
31357,Insufficient_Weight
30320,Insufficient_Weight
23889,Obesity_Type_I
32607,Insufficient_Weight
33271,Overweight_Level_I
24289,Normal_Weight
21937,Obesity_Type_III
22418,Overweight_Level_II
21869,Obesity_Type_III
24313,Insufficient_Weight
24633,Overweight_Level_II
30472,Insufficient_Weight
27527,Overweight_Level_II
22456,Overweight_Level_II
27337,Normal_Weight
29495,Obesity_Type_I
23550,Normal_Weight
27920,Normal_Weight
25599,Overweight_Level_II
22067,Overweight_Level_I
26640,Normal_Weight
21945,Obesity_Type_III
26922,Overweight_Level_II
30936,Overweight_Level_II
33471,Insufficient_Weight
29309,Overweight_Level_II
25939,Insufficient_Weight
22126,Obesity_Type_II
27265,Obesity_Type_III
26834,Normal_Weight
32882,Insufficient_Weight
22955,Insufficient_Weight
29828,Normal_Weight
23827,Overweight_Level_II
32605,Obesity_Type_III
21264,Obesity_Type_III
21621,Overweight_Level_II
21502,Obesity_Type_III
29660,Obesity_Type_III
28956,Obesity_Type_III
27262,Obesity_Type_III
28611,Insufficient_Weight
32140,Insufficient_Weight
23445,Obesity_Type_II
34077,Obesity_Type_III
32020,Obesity_Type_III
25449,Overweight_Level_II
25319,Obesity_Type_I
30950,Overweight_Level_II
28045,Normal_Weight
29129,Obesity_Type_I
34402,Obesity_Type_III
22407,Normal_Weight
32089,Insufficient_Weight
30533,Obesity_Type_I
21318,Obesity_Type_III
33958,Normal_Weight
27339,Normal_Weight
24710,Insufficient_Weight
33889,Obesity_Type_I
33216,Obesity_Type_III
34399,Obesity_Type_III
33848,Overweight_Level_I
32159,Overweight_Level_I
32642,Obesity_Type_II
21596,Normal_Weight
34382,Obesity_Type_I
31295,Obesity_Type_I
24432,Overweight_Level_I
34579,Obesity_Type_II
32185,Obesity_Type_I
24849,Overweight_Level_I
25493,Obesity_Type_III
23961,Obesity_Type_II
32340,Overweight_Level_II
22565,Obesity_Type_I
27386,Obesity_Type_III
21783,Normal_Weight
23605,Overweight_Level_I
33689,Overweight_Level_I
22184,Overweight_Level_I
32813,Obesity_Type_III
20779,Obesity_Type_III
33948,Obesity_Type_III
24811,Normal_Weight
26889,Obesity_Type_I
29327,Normal_Weight
20817,Obesity_Type_III
27407,Overweight_Level_II
25382,Overweight_Level_II
22754,Obesity_Type_III
27827,Insufficient_Weight
21267,Normal_Weight
21257,Obesity_Type_I
33441,Obesity_Type_I
28386,Insufficient_Weight
25876,Insufficient_Weight
29254,Normal_Weight
22691,Insufficient_Weight
26348,Obesity_Type_II
26293,Obesity_Type_II
21656,Overweight_Level_II
34105,Obesity_Type_I
33845,Overweight_Level_II
33538,Obesity_Type_I
28840,Obesity_Type_III
30649,Obesity_Type_III
34161,Obesity_Type_III
27308,Overweight_Level_I
29085,Overweight_Level_I
23709,Obesity_Type_III
25819,Normal_Weight
29595,Obesity_Type_III
26481,Overweight_Level_II
24367,Obesity_Type_I
30812,Overweight_Level_I
30541,Obesity_Type_I
25393,Normal_Weight
33435,Obesity_Type_III
31742,Insufficient_Weight
34471,Obesity_Type_II
34505,Overweight_Level_I
27951,Insufficient_Weight
23673,Insufficient_Weight
22570,Overweight_Level_II
26432,Insufficient_Weight
26071,Obesity_Type_II
22350,Obesity_Type_I
22723,Obesity_Type_I
26856,Insufficient_Weight
34556,Obesity_Type_I
29423,Obesity_Type_I
24959,Insufficient_Weight
26771,Normal_Weight
33675,Insufficient_Weight
25154,Normal_Weight
20945,Overweight_Level_II
23529,Obesity_Type_I
33725,Obesity_Type_I
26950,Obesity_Type_III
25808,Obesity_Type_I
21516,Normal_Weight
21307,Obesity_Type_III
30682,Obesity_Type_II
32584,Obesity_Type_I
32319,Obesity_Type_III
22151,Obesity_Type_I
32734,Overweight_Level_II
23942,Obesity_Type_I
24499,Obesity_Type_III
30571,Obesity_Type_III
28411,Overweight_Level_I
27821,Overweight_Level_II
22858,Obesity_Type_II
24281,Obesity_Type_II
34415,Overweight_Level_I
24004,Obesity_Type_I
20836,Obesity_Type_III
26281,Obesity_Type_I
28300,Overweight_Level_II
27911,Insufficient_Weight
23101,Obesity_Type_I
21143,Obesity_Type_II
21262,Obesity_Type_III
30711,Overweight_Level_II
31725,Obesity_Type_II
30077,Overweight_Level_II
27353,Insufficient_Weight
29551,Insufficient_Weight
24354,Obesity_Type_III
24573,Overweight_Level_II
23361,Insufficient_Weight
30323,Overweight_Level_II
27886,Obesity_Type_II
22401,Insufficient_Weight
24566,Obesity_Type_II
33690,Obesity_Type_II
30155,Overweight_Level_II
29977,Normal_Weight
27484,Normal_Weight
21275,Insufficient_Weight
33947,Overweight_Level_I
24440,Normal_Weight
34371,Obesity_Type_I
32641,Insufficient_Weight
29386,Normal_Weight
28439,Obesity_Type_II
32120,Normal_Weight
33433,Overweight_Level_II
28757,Overweight_Level_II
26577,Obesity_Type_III
24450,Obesity_Type_I
32427,Overweight_Level_II
27328,Obesity_Type_III
32250,Normal_Weight
31875,Obesity_Type_II
33573,Normal_Weight
25553,Obesity_Type_I
29778,Obesity_Type_II
31150,Insufficient_Weight
28420,Obesity_Type_I
28469,Normal_Weight
22757,Obesity_Type_I
27110,Insufficient_Weight
27019,Overweight_Level_II
30048,Obesity_Type_III
31718,Obesity_Type_II
28010,Overweight_Level_I
27358,Insufficient_Weight
31914,Obesity_Type_II
30799,Overweight_Level_II
33938,Obesity_Type_II
30214,Overweight_Level_II
26652,Obesity_Type_III
31284,Normal_Weight
28858,Obesity_Type_II
21412,Obesity_Type_III
27126,Obesity_Type_I
23943,Obesity_Type_III
24561,Obesity_Type_I
27577,Overweight_Level_I
22514,Overweight_Level_II
30392,Obesity_Type_II
24819,Obesity_Type_II
21519,Obesity_Type_III
28149,Normal_Weight
30319,Obesity_Type_III
22416,Obesity_Type_III
31463,Normal_Weight
29914,Obesity_Type_I
27276,Overweight_Level_II
22348,Overweight_Level_I
23178,Obesity_Type_III
30469,Obesity_Type_II
26562,Obesity_Type_I
27753,Overweight_Level_I
30479,Obesity_Type_I
33381,Obesity_Type_III
33070,Overweight_Level_II
28811,Overweight_Level_I
21834,Obesity_Type_I
33593,Obesity_Type_II
29942,Obesity_Type_III
27788,Insufficient_Weight
22423,Overweight_Level_II
30284,Insufficient_Weight
33495,Overweight_Level_I
22656,Obesity_Type_II
24322,Overweight_Level_II
27134,Overweight_Level_II
22648,Insufficient_Weight
29396,Overweight_Level_I
33079,Obesity_Type_I
33190,Normal_Weight
24742,Overweight_Level_II
32324,Obesity_Type_II
22449,Overweight_Level_I
30003,Normal_Weight
27513,Obesity_Type_II
22026,Obesity_Type_II
23655,Obesity_Type_III
21186,Obesity_Type_II
33839,Normal_Weight
25908,Obesity_Type_I
25278,Obesity_Type_III
32356,Obesity_Type_II
28329,Insufficient_Weight
27689,Obesity_Type_III
21858,Overweight_Level_I
29115,Obesity_Type_II
27421,Obesity_Type_III
23465,Normal_Weight
23009,Obesity_Type_II
34436,Overweight_Level_I
23383,Overweight_Level_II
29734,Normal_Weight
31728,Obesity_Type_I
28638,Insufficient_Weight
24967,Normal_Weight
23819,Normal_Weight
32879,Insufficient_Weight
29830,Obesity_Type_III
22981,Obesity_Type_II
27161,Overweight_Level_II
33990,Obesity_Type_I
29243,Obesity_Type_III
28096,Obesity_Type_II
34366,Obesity_Type_II
28788,Normal_Weight
21388,Obesity_Type_I
27445,Obesity_Type_I
29583,Overweight_Level_I
29800,Normal_Weight
32352,Obesity_Type_II
33446,Obesity_Type_II
34073,Obesity_Type_II
30816,Obesity_Type_III
22745,Normal_Weight
31892,Overweight_Level_I
20971,Obesity_Type_III
31448,Insufficient_Weight
27198,Obesity_Type_III
31796,Insufficient_Weight
30011,Obesity_Type_II
21482,Obesity_Type_II
23347,Normal_Weight
27937,Overweight_Level_I
33483,Obesity_Type_III
32890,Obesity_Type_III
23544,Obesity_Type_II
27312,Obesity_Type_I
34154,Obesity_Type_III
27825,Obesity_Type_II
21501,Obesity_Type_III
23700,Overweight_Level_II
34178,Obesity_Type_III
20981,Overweight_Level_II
22043,Obesity_Type_I
31228,Normal_Weight
30920,Insufficient_Weight
26638,Obesity_Type_I
32152,Obesity_Type_I
23909,Obesity_Type_I
32541,Obesity_Type_II
28746,Obesity_Type_I
22800,Normal_Weight
26101,Obesity_Type_II
31884,Obesity_Type_II
23873,Obesity_Type_II
27024,Overweight_Level_II
33780,Overweight_Level_II
31051,Normal_Weight
31230,Obesity_Type_III
22690,Normal_Weight
27193,Normal_Weight
30592,Obesity_Type_I
30086,Obesity_Type_I
27533,Insufficient_Weight
29844,Obesity_Type_II
28116,Insufficient_Weight
22679,Obesity_Type_III
29768,Overweight_Level_II
20877,Overweight_Level_I
30794,Obesity_Type_III
24972,Overweight_Level_I
22637,Obesity_Type_III
24115,Obesity_Type_II
24917,Insufficient_Weight
21133,Overweight_Level_II
23452,Obesity_Type_III
34360,Normal_Weight
27727,Normal_Weight
32133,Obesity_Type_III
29760,Obesity_Type_III
33600,Obesity_Type_III
25314,Insufficient_Weight
26275,Insufficient_Weight
27890,Obesity_Type_III
23528,Obesity_Type_III
21072,Normal_Weight
21687,Normal_Weight
26812,Normal_Weight
26112,Normal_Weight
34409,Obesity_Type_I
23121,Obesity_Type_I
22116,Obesity_Type_II
30952,Overweight_Level_II
24299,Obesity_Type_III
34116,Overweight_Level_II
33022,Normal_Weight
32459,Overweight_Level_I
24296,Overweight_Level_I
26211,Overweight_Level_I
22123,Obesity_Type_III
34559,Obesity_Type_III
30788,Obesity_Type_III
22564,Obesity_Type_III
34240,Obesity_Type_III
32430,Insufficient_Weight
28301,Overweight_Level_II
34465,Obesity_Type_I
27073,Obesity_Type_I
28498,Overweight_Level_II
31989,Obesity_Type_III
29935,Insufficient_Weight
29611,Obesity_Type_II
31234,Obesity_Type_II
22406,Obesity_Type_III
32590,Obesity_Type_II
28520,Overweight_Level_II
25067,Obesity_Type_I
29421,Overweight_Level_I
28652,Obesity_Type_I
32149,Obesity_Type_III
27415,Insufficient_Weight
24127,Obesity_Type_III
30096,Overweight_Level_I
22443,Insufficient_Weight
23475,Overweight_Level_I
34201,Insufficient_Weight
25756,Normal_Weight
31602,Normal_Weight
24609,Obesity_Type_I
21548,Normal_Weight
32793,Obesity_Type_III
31469,Obesity_Type_II
28478,Obesity_Type_II
22201,Obesity_Type_II
21302,Obesity_Type_II
25001,Obesity_Type_II
24301,Overweight_Level_II
27238,Obesity_Type_III
32087,Insufficient_Weight
21885,Overweight_Level_II
27849,Overweight_Level_I
27178,Overweight_Level_I
32566,Overweight_Level_II
29987,Overweight_Level_II
24260,Obesity_Type_III
25243,Obesity_Type_II
29132,Obesity_Type_I
32997,Overweight_Level_I
30274,Obesity_Type_I
22629,Insufficient_Weight
30451,Obesity_Type_I
25094,Insufficient_Weight
28307,Obesity_Type_II
22602,Obesity_Type_II
28678,Insufficient_Weight
21879,Insufficient_Weight
31540,Obesity_Type_III
24852,Obesity_Type_II
31689,Obesity_Type_III
28220,Overweight_Level_I
29191,Obesity_Type_I
23032,Overweight_Level_I
21018,Obesity_Type_III
26895,Obesity_Type_III
24264,Overweight_Level_I
25045,Obesity_Type_I
30137,Obesity_Type_III
25976,Obesity_Type_I
27184,Overweight_Level_I
32615,Insufficient_Weight
25241,Normal_Weight
22215,Normal_Weight
25467,Insufficient_Weight
24339,Obesity_Type_I
24801,Insufficient_Weight
31441,Obesity_Type_II
27258,Obesity_Type_II
30226,Insufficient_Weight
23805,Obesity_Type_II
29231,Obesity_Type_III
25975,Normal_Weight
31908,Obesity_Type_II
33259,Overweight_Level_II
32070,Obesity_Type_III
26718,Obesity_Type_III
33389,Obesity_Type_I
22197,Obesity_Type_I
30549,Overweight_Level_I
29755,Obesity_Type_II
26062,Overweight_Level_II
21022,Insufficient_Weight
31108,Obesity_Type_II
25246,Insufficient_Weight
31909,Insufficient_Weight
24990,Insufficient_Weight
23064,Overweight_Level_II
28118,Obesity_Type_I
25056,Obesity_Type_III
24867,Overweight_Level_I
29390,Overweight_Level_I
27240,Overweight_Level_I
28537,Overweight_Level_I
28211,Insufficient_Weight
29315,Obesity_Type_III
32311,Overweight_Level_I
22170,Overweight_Level_II
31653,Obesity_Type_III
21868,Normal_Weight
29461,Obesity_Type_I
25812,Normal_Weight
34352,Normal_Weight
27609,Overweight_Level_II
31479,Obesity_Type_II
32669,Insufficient_Weight
31047,Obesity_Type_I
30523,Overweight_Level_I
29909,Obesity_Type_II
31525,Normal_Weight
33425,Obesity_Type_II
32282,Normal_Weight
21303,Obesity_Type_III
30055,Obesity_Type_III
25274,Normal_Weight
25652,Obesity_Type_III
27077,Obesity_Type_III
33661,Obesity_Type_II
33363,Obesity_Type_I
33336,Insufficient_Weight
27854,Normal_Weight
26336,Overweight_Level_II
27677,Normal_Weight
23790,Insufficient_Weight
26034,Obesity_Type_I
27938,Normal_Weight
26928,Obesity_Type_I
26586,Obesity_Type_III
25651,Overweight_Level_II
28593,Overweight_Level_I
23630,Obesity_Type_III
26143,Obesity_Type_I
27489,Insufficient_Weight
34016,Normal_Weight
28553,Overweight_Level_I
31403,Overweight_Level_I
28484,Obesity_Type_II
30333,Obesity_Type_II
32557,Obesity_Type_III
32322,Obesity_Type_I
24283,Insufficient_Weight
33932,Obesity_Type_I
27741,Obesity_Type_III
28247,Overweight_Level_I
28029,Overweight_Level_I
32951,Obesity_Type_III
21989,Overweight_Level_II
28930,Obesity_Type_II
31300,Normal_Weight
25221,Obesity_Type_III
30034,Insufficient_Weight
30747,Overweight_Level_I
29381,Overweight_Level_I
25845,Overweight_Level_II
33146,Obesity_Type_I
22261,Obesity_Type_II
30681,Insufficient_Weight
28145,Obesity_Type_III
30638,Overweight_Level_I
22620,Obesity_Type_III
33380,Obesity_Type_II
23998,Normal_Weight
25535,Obesity_Type_III
31022,Overweight_Level_II
26869,Overweight_Level_I
30930,Insufficient_Weight
27074,Overweight_Level_I
26388,Overweight_Level_II
29292,Obesity_Type_I
32638,Obesity_Type_III
27268,Obesity_Type_II
30904,Obesity_Type_I
25980,Insufficient_Weight
29028,Obesity_Type_III
33842,Overweight_Level_II
30758,Obesity_Type_I
28493,Insufficient_Weight
26704,Insufficient_Weight
21741,Normal_Weight
29753,Obesity_Type_III
21569,Overweight_Level_II
27282,Overweight_Level_II
31400,Obesity_Type_II
32686,Overweight_Level_I
28743,Normal_Weight
26343,Obesity_Type_III
31208,Insufficient_Weight
30394,Overweight_Level_II
28396,Obesity_Type_III
21378,Normal_Weight
32048,Obesity_Type_I
25978,Obesity_Type_I
31596,Obesity_Type_II
26821,Normal_Weight
21761,Normal_Weight
26699,Obesity_Type_I
25260,Insufficient_Weight
34543,Obesity_Type_II
29176,Overweight_Level_I
29625,Overweight_Level_II
26714,Obesity_Type_III
31003,Overweight_Level_I
21310,Insufficient_Weight
27733,Insufficient_Weight
22770,Normal_Weight
25795,Obesity_Type_II
23474,Insufficient_Weight
26582,Obesity_Type_II
23900,Obesity_Type_III
34530,Obesity_Type_III
28389,Insufficient_Weight
23726,Obesity_Type_I
26651,Obesity_Type_III
29586,Insufficient_Weight
20932,Obesity_Type_III
25595,Obesity_Type_I
20792,Overweight_Level_I
23435,Overweight_Level_II
28419,Obesity_Type_III
26515,Normal_Weight
26315,Obesity_Type_II
30713,Obesity_Type_II
32493,Obesity_Type_II
32438,Normal_Weight
28564,Normal_Weight
34580,Obesity_Type_II
34539,Overweight_Level_II
26998,Obesity_Type_III
24828,Insufficient_Weight
21809,Normal_Weight
26434,Obesity_Type_III
28909,Obesity_Type_I
24728,Obesity_Type_II
24064,Obesity_Type_I
23518,Normal_Weight
30072,Normal_Weight
20819,Obesity_Type_II
21707,Overweight_Level_II
27159,Normal_Weight
31017,Obesity_Type_I
32973,Insufficient_Weight
21980,Obesity_Type_I
29736,Overweight_Level_II
33343,Overweight_Level_II
22825,Obesity_Type_III
29471,Obesity_Type_I
30593,Insufficient_Weight
34147,Obesity_Type_II
34282,Overweight_Level_II
32781,Overweight_Level_I
22502,Overweight_Level_I
31827,Obesity_Type_I
34171,Obesity_Type_II
22611,Obesity_Type_I
22550,Insufficient_Weight
31275,Obesity_Type_II
29941,Overweight_Level_I
24320,Normal_Weight
26853,Normal_Weight
32741,Obesity_Type_III
23221,Obesity_Type_II
22068,Obesity_Type_I
33506,Obesity_Type_II
23881,Overweight_Level_II
25516,Normal_Weight
33525,Overweight_Level_II
27306,Obesity_Type_III
32646,Overweight_Level_I
29918,Normal_Weight
25891,Overweight_Level_II
31157,Insufficient_Weight
29400,Obesity_Type_II
25938,Obesity_Type_I
21978,Insufficient_Weight
23928,Normal_Weight
31524,Obesity_Type_III
22949,Normal_Weight
32051,Obesity_Type_III
27925,Insufficient_Weight
27696,Obesity_Type_I
24533,Obesity_Type_III
30380,Overweight_Level_II
21216,Normal_Weight
28332,Normal_Weight
20973,Overweight_Level_II
22036,Overweight_Level_I
28436,Normal_Weight
32062,Overweight_Level_II
30629,Obesity_Type_III
32614,Normal_Weight
26133,Normal_Weight
22867,Overweight_Level_I
30854,Obesity_Type_III
29140,Obesity_Type_III
31431,Overweight_Level_I
31440,Insufficient_Weight
26253,Obesity_Type_II
31004,Overweight_Level_II
28434,Obesity_Type_II
28324,Obesity_Type_I
26826,Overweight_Level_II
22163,Obesity_Type_I
30101,Normal_Weight
30183,Overweight_Level_I
22852,Overweight_Level_II
27950,Obesity_Type_III
23985,Normal_Weight
34391,Normal_Weight
24927,Overweight_Level_II
28613,Overweight_Level_II
32422,Obesity_Type_III
27256,Insufficient_Weight
26392,Obesity_Type_III
29707,Obesity_Type_II
20841,Obesity_Type_III
21625,Normal_Weight
32318,Obesity_Type_II
27239,Normal_Weight
22155,Insufficient_Weight
27279,Obesity_Type_II
27804,Obesity_Type_II
23945,Insufficient_Weight
23768,Overweight_Level_II
25390,Insufficient_Weight
30095,Obesity_Type_III
25148,Insufficient_Weight
27763,Overweight_Level_II
27518,Normal_Weight
29508,Obesity_Type_III
24485,Normal_Weight
22783,Obesity_Type_I
30410,Normal_Weight
25317,Obesity_Type_II
22216,Obesity_Type_II
30567,Overweight_Level_I
34338,Obesity_Type_II
32466,Overweight_Level_II
28818,Normal_Weight
31062,Normal_Weight
30847,Obesity_Type_III
25313,Obesity_Type_I
30440,Obesity_Type_II
23273,Obesity_Type_III
21220,Normal_Weight
34048,Normal_Weight
23247,Insufficient_Weight
22248,Obesity_Type_II
30791,Insufficient_Weight
25327,Insufficient_Weight
24227,Obesity_Type_I
28677,Overweight_Level_II
23629,Insufficient_Weight
34040,Overweight_Level_I
26875,Overweight_Level_I
29020,Obesity_Type_I
28376,Obesity_Type_III
29730,Normal_Weight
32913,Obesity_Type_III
29453,Obesity_Type_I
28207,Insufficient_Weight
33369,Obesity_Type_III
34561,Normal_Weight
22356,Obesity_Type_III
24326,Overweight_Level_I
23125,Overweight_Level_II
30024,Normal_Weight
32110,Normal_Weight
22414,Obesity_Type_I
31898,Obesity_Type_II
25781,Overweight_Level_I
24597,Obesity_Type_III
21933,Overweight_Level_II
32960,Obesity_Type_II
29372,Obesity_Type_I
21087,Normal_Weight
27046,Obesity_Type_III
27182,Obesity_Type_II
21717,Insufficient_Weight
33817,Overweight_Level_II
26399,Obesity_Type_III
22735,Normal_Weight
32471,Insufficient_Weight
26970,Obesity_Type_I
21940,Normal_Weight
22543,Obesity_Type_I
27442,Insufficient_Weight
34141,Overweight_Level_I
29235,Obesity_Type_III
33462,Obesity_Type_I
26958,Obesity_Type_III
25906,Insufficient_Weight
31671,Obesity_Type_I
24386,Insufficient_Weight
28361,Insufficient_Weight
31699,Normal_Weight
29718,Obesity_Type_III
22367,Normal_Weight
23560,Overweight_Level_I
34380,Obesity_Type_III
31762,Obesity_Type_I
34216,Obesity_Type_II
25209,Obesity_Type_III
31612,Overweight_Level_I
29139,Normal_Weight
28946,Overweight_Level_I
34572,Obesity_Type_III
28358,Insufficient_Weight
33766,Normal_Weight
34081,Obesity_Type_I
26091,Insufficient_Weight
33814,Obesity_Type_III
21767,Obesity_Type_II
34139,Overweight_Level_II
32794,Obesity_Type_I
31111,Obesity_Type_I
34075,Obesity_Type_III
23173,Insufficient_Weight
26595,Overweight_Level_II
33054,Obesity_Type_I
22413,Overweight_Level_II
31192,Overweight_Level_I
29237,Obesity_Type_I
32766,Obesity_Type_III
26409,Normal_Weight
22152,Overweight_Level_II
22560,Obesity_Type_III
28680,Insufficient_Weight
24628,Normal_Weight
23060,Insufficient_Weight
26433,Obesity_Type_II
21015,Normal_Weight
33767,Obesity_Type_III
24614,Normal_Weight
28554,Obesity_Type_III
28729,Obesity_Type_I
29490,Obesity_Type_I
23989,Overweight_Level_II
32891,Obesity_Type_II
25254,Insufficient_Weight
25162,Obesity_Type_II
26351,Insufficient_Weight
34307,Obesity_Type_II
32845,Overweight_Level_I
23947,Obesity_Type_III
22864,Insufficient_Weight
31523,Insufficient_Weight
25377,Overweight_Level_I
27630,Obesity_Type_I
23245,Overweight_Level_I
29067,Normal_Weight
25851,Obesity_Type_III
28492,Normal_Weight
29921,Obesity_Type_III
26397,Obesity_Type_II
33999,Normal_Weight
31200,Obesity_Type_III
25627,Obesity_Type_III
33486,Normal_Weight
32019,Overweight_Level_II
34279,Overweight_Level_I
24674,Insufficient_Weight
28763,Normal_Weight
25780,Obesity_Type_I
31625,Obesity_Type_I
31188,Obesity_Type_III
22028,Normal_Weight
22529,Obesity_Type_III
32988,Obesity_Type_III
26549,Normal_Weight
30510,Overweight_Level_I
21115,Obesity_Type_II
30870,Insufficient_Weight
27251,Obesity_Type_III
29164,Obesity_Type_I
23781,Normal_Weight
30608,Overweight_Level_I
25926,Obesity_Type_II
27286,Normal_Weight
25847,Obesity_Type_I
28848,Obesity_Type_I
25423,Insufficient_Weight
29398,Normal_Weight
28122,Obesity_Type_III
28550,Obesity_Type_II
24046,Obesity_Type_II
21139,Normal_Weight
31916,Obesity_Type_III
32789,Obesity_Type_II
31343,Insufficient_Weight
22097,Obesity_Type_III
26227,Obesity_Type_III
33109,Obesity_Type_III
21907,Obesity_Type_II
27413,Overweight_Level_II
21071,Normal_Weight
26517,Obesity_Type_I
23851,Normal_Weight
25196,Obesity_Type_II
33813,Obesity_Type_III
20795,Normal_Weight
28147,Normal_Weight
26437,Obesity_Type_I
22403,Insufficient_Weight
29606,Overweight_Level_II
34388,Insufficient_Weight
32941,Obesity_Type_III
27726,Obesity_Type_III
25626,Overweight_Level_I
31224,Insufficient_Weight
31227,Overweight_Level_I
23757,Overweight_Level_II
25507,Obesity_Type_I
25120,Obesity_Type_I
25866,Obesity_Type_III
25451,Insufficient_Weight
30719,Overweight_Level_II
22731,Obesity_Type_III
29639,Obesity_Type_II
22434,Obesity_Type_I
26688,Normal_Weight
21922,Overweight_Level_II
31156,Obesity_Type_I
21417,Insufficient_Weight
33758,Overweight_Level_II
23192,Overweight_Level_I
20803,Insufficient_Weight
21714,Overweight_Level_I
27497,Obesity_Type_III
29062,Overweight_Level_II
22660,Obesity_Type_I
33231,Insufficient_Weight
20927,Insufficient_Weight
30641,Insufficient_Weight
29916,Obesity_Type_II
27209,Obesity_Type_II
32691,Overweight_Level_I
33431,Obesity_Type_II
27641,Overweight_Level_II
23774,Obesity_Type_III
32183,Overweight_Level_II
33924,Overweight_Level_I
33515,Obesity_Type_III
24249,Obesity_Type_I
21990,Overweight_Level_I
28659,Insufficient_Weight
29965,Obesity_Type_II
30208,Obesity_Type_III
32715,Overweight_Level_II
32343,Obesity_Type_III
28064,Insufficient_Weight
26233,Normal_Weight
31879,Obesity_Type_III
33751,Overweight_Level_II
25455,Normal_Weight
30903,Obesity_Type_II
31810,Obesity_Type_III
21158,Overweight_Level_II
31148,Obesity_Type_I
27669,Obesity_Type_III
24282,Insufficient_Weight
26725,Overweight_Level_II
26329,Obesity_Type_I
26150,Obesity_Type_III
25462,Obesity_Type_II
20861,Obesity_Type_III
29840,Normal_Weight
24892,Obesity_Type_I
31795,Obesity_Type_III
26232,Normal_Weight
24100,Obesity_Type_I
25588,Overweight_Level_I
29576,Obesity_Type_II
26240,Normal_Weight
31872,Obesity_Type_III
27244,Overweight_Level_I
33170,Insufficient_Weight
32237,Obesity_Type_II
21645,Obesity_Type_III
26063,Obesity_Type_I
24601,Obesity_Type_III
32259,Overweight_Level_II
27863,Overweight_Level_II
25309,Overweight_Level_I
23865,Insufficient_Weight
31951,Obesity_Type_I
27735,Normal_Weight
30700,Overweight_Level_II
20977,Normal_Weight
29927,Insufficient_Weight
31360,Overweight_Level_II
27096,Obesity_Type_I
27023,Insufficient_Weight
23720,Obesity_Type_III
24621,Obesity_Type_III
27003,Normal_Weight
26687,Normal_Weight
31551,Obesity_Type_I
25412,Obesity_Type_I
30945,Normal_Weight
31857,Normal_Weight
29031,Insufficient_Weight
28108,Obesity_Type_III
31691,Obesity_Type_I
23956,Obesity_Type_III
26888,Overweight_Level_II
29288,Obesity_Type_III
25864,Obesity_Type_I
22205,Obesity_Type_III
27206,Obesity_Type_I
32127,Insufficient_Weight
29201,Obesity_Type_II
25881,Insufficient_Weight
33003,Obesity_Type_II
22471,Obesity_Type_I
26095,Obesity_Type_II
26067,Obesity_Type_II
31748,Obesity_Type_III
23400,Obesity_Type_III
26963,Insufficient_Weight
22042,Overweight_Level_II
26897,Overweight_Level_I
33302,Obesity_Type_III
21380,Insufficient_Weight
28308,Overweight_Level_I
33090,Obesity_Type_II
28044,Overweight_Level_I
31011,Obesity_Type_I
27000,Overweight_Level_II
28958,Obesity_Type_III
34107,Obesity_Type_II
30337,Insufficient_Weight
31398,Obesity_Type_III
25118,Obesity_Type_I
28495,Obesity_Type_II
26449,Normal_Weight
31474,Normal_Weight
33208,Obesity_Type_II
34533,Overweight_Level_II
26726,Obesity_Type_III
30094,Overweight_Level_II
34553,Obesity_Type_III
33047,Obesity_Type_III
31591,Obesity_Type_II
29664,Normal_Weight
21392,Obesity_Type_III
31305,Insufficient_Weight
33174,Obesity_Type_I
32591,Obesity_Type_III
24513,Normal_Weight
26228,Overweight_Level_I
32617,Insufficient_Weight
21021,Obesity_Type_III
33608,Obesity_Type_III
24746,Overweight_Level_II
22220,Normal_Weight
20995,Overweight_Level_II
26819,Obesity_Type_I
21667,Obesity_Type_II
32775,Obesity_Type_I
33679,Obesity_Type_III
29609,Obesity_Type_II
33729,Obesity_Type_III
32151,Normal_Weight
21829,Insufficient_Weight
21916,Overweight_Level_II
27323,Obesity_Type_III
34437,Obesity_Type_I
22998,Insufficient_Weight
24089,Overweight_Level_I
21097,Obesity_Type_II
29514,Obesity_Type_I
33255,Obesity_Type_I
22021,Normal_Weight
28462,Overweight_Level_I
21322,Obesity_Type_II
34373,Insufficient_Weight
25007,Obesity_Type_III
22782,Obesity_Type_I
34332,Normal_Weight
22198,Normal_Weight
26729,Overweight_Level_II
32034,Insufficient_Weight
30218,Overweight_Level_I
28887,Normal_Weight
28525,Obesity_Type_I
21355,Obesity_Type_II
29986,Normal_Weight
34250,Normal_Weight
29338,Obesity_Type_II
24194,Insufficient_Weight
29251,Normal_Weight
33697,Normal_Weight
27760,Obesity_Type_III
27602,Overweight_Level_II
30771,Obesity_Type_II
28299,Insufficient_Weight
33247,Insufficient_Weight
31241,Overweight_Level_II
24438,Insufficient_Weight
30525,Normal_Weight
32116,Obesity_Type_III
24242,Insufficient_Weight
26949,Insufficient_Weight
29520,Obesity_Type_I
34584,Overweight_Level_II
33191,Overweight_Level_II
30900,Overweight_Level_I
33875,Obesity_Type_II
22432,Overweight_Level_II
26429,Normal_Weight
25533,Overweight_Level_I
28972,Obesity_Type_I
26053,Overweight_Level_II
33894,Obesity_Type_II
31378,Obesity_Type_I
30616,Obesity_Type_I
33908,Normal_Weight
24652,Overweight_Level_II
34082,Overweight_Level_II
34516,Obesity_Type_III
22636,Normal_Weight
25258,Obesity_Type_III
34151,Obesity_Type_III
27393,Overweight_Level_II
33224,Obesity_Type_III
34397,Obesity_Type_III
27860,Overweight_Level_I
28455,Obesity_Type_III
22869,Obesity_Type_III
32174,Obesity_Type_III
30049,Insufficient_Weight
25356,Overweight_Level_I
28888,Obesity_Type_II
32847,Obesity_Type_II
21488,Obesity_Type_III
29468,Obesity_Type_III
24577,Obesity_Type_I
24011,Obesity_Type_II
23707,Overweight_Level_II
33291,Obesity_Type_III
22323,Insufficient_Weight
29617,Insufficient_Weight
34101,Insufficient_Weight
26207,Obesity_Type_III
27175,Normal_Weight
29343,Obesity_Type_III
30654,Obesity_Type_I
22796,Obesity_Type_II
34423,Obesity_Type_II
22154,Overweight_Level_I
21339,Normal_Weight
30734,Obesity_Type_I
26817,Obesity_Type_I
34353,Insufficient_Weight
32235,Normal_Weight
31139,Obesity_Type_III
21747,Obesity_Type_I
33111,Overweight_Level_I
20854,Insufficient_Weight
33979,Overweight_Level_II
30430,Normal_Weight
32808,Overweight_Level_II
21982,Overweight_Level_II
22926,Overweight_Level_I
28546,Obesity_Type_II
25899,Normal_Weight
26892,Obesity_Type_II
23973,Insufficient_Weight
33195,Overweight_Level_II
29351,Obesity_Type_I
27233,Obesity_Type_II
20880,Insufficient_Weight
25026,Overweight_Level_II
29170,Obesity_Type_II
32762,Obesity_Type_II
21252,Obesity_Type_III
23741,Insufficient_Weight
30863,Obesity_Type_III
25512,Obesity_Type_I
28421,Insufficient_Weight
25036,Obesity_Type_III
28242,Obesity_Type_I
31107,Normal_Weight
29087,Overweight_Level_I
31329,Overweight_Level_I
28868,Obesity_Type_II
34492,Overweight_Level_I
32328,Obesity_Type_II
21289,Obesity_Type_III
24131,Overweight_Level_II
32365,Obesity_Type_II
23753,Overweight_Level_I
28824,Insufficient_Weight
21778,Overweight_Level_I
23671,Insufficient_Weight
33316,Overweight_Level_I
31890,Obesity_Type_III
21136,Obesity_Type_I
23574,Overweight_Level_II
32382,Obesity_Type_II
28296,Obesity_Type_III
28354,Insufficient_Weight
27045,Obesity_Type_III
26665,Obesity_Type_I
25085,Obesity_Type_III
28999,Overweight_Level_II
33602,Obesity_Type_III
31430,Obesity_Type_III
21878,Overweight_Level_I
25264,Obesity_Type_II
27026,Obesity_Type_III
29527,Insufficient_Weight
27396,Normal_Weight
31280,Overweight_Level_I
32467,Obesity_Type_II
31020,Obesity_Type_II
26271,Overweight_Level_I
29344,Obesity_Type_II
28971,Overweight_Level_II
22909,Obesity_Type_I
33975,Overweight_Level_I
20875,Normal_Weight
22772,Overweight_Level_II
30209,Overweight_Level_I
28327,Overweight_Level_II
21359,Obesity_Type_II
28965,Obesity_Type_II
21886,Overweight_Level_I
33041,Obesity_Type_II
34026,Obesity_Type_II
26026,Obesity_Type_I
29102,Obesity_Type_III
34266,Overweight_Level_I
26658,Obesity_Type_I
24527,Insufficient_Weight
20883,Overweight_Level_II
26803,Overweight_Level_II
21555,Overweight_Level_II
27390,Obesity_Type_II
21956,Obesity_Type_II
26566,Normal_Weight
34053,Insufficient_Weight
29989,Normal_Weight
22325,Obesity_Type_III
31103,Obesity_Type_II
31118,Insufficient_Weight
23407,Obesity_Type_II
34445,Obesity_Type_I
26177,Obesity_Type_I
24795,Obesity_Type_I
24729,Overweight_Level_I
21700,Normal_Weight
31697,Obesity_Type_II
21895,Obesity_Type_II
23938,Obesity_Type_III
32519,Obesity_Type_I
34429,Obesity_Type_I
29083,Obesity_Type_II
23803,Normal_Weight
32321,Normal_Weight
31261,Obesity_Type_II
25749,Overweight_Level_I
34190,Overweight_Level_II
32871,Overweight_Level_I
30563,Overweight_Level_II
32698,Overweight_Level_II
27723,Obesity_Type_II
27749,Obesity_Type_III
25583,Normal_Weight
30220,Obesity_Type_III
28651,Obesity_Type_I
21556,Normal_Weight
31571,Obesity_Type_I
32346,Obesity_Type_III
30717,Obesity_Type_III
22512,Obesity_Type_III
31037,Obesity_Type_III
34362,Obesity_Type_I
32870,Obesity_Type_I
28711,Insufficient_Weight
30921,Overweight_Level_II
30704,Insufficient_Weight
26820,Obesity_Type_II
30014,Obesity_Type_III
25785,Obesity_Type_II
33272,Insufficient_Weight
26625,Obesity_Type_III
28810,Obesity_Type_III
21786,Obesity_Type_III
24377,Overweight_Level_I
34045,Overweight_Level_I
28154,Overweight_Level_II
23620,Overweight_Level_II
26003,Overweight_Level_II
30328,Overweight_Level_I
24802,Insufficient_Weight
22978,Overweight_Level_II
21899,Obesity_Type_III
23401,Obesity_Type_I
27935,Obesity_Type_I
28297,Insufficient_Weight
32650,Obesity_Type_I
33267,Normal_Weight
30493,Obesity_Type_I
21260,Insufficient_Weight
21282,Obesity_Type_I
27450,Obesity_Type_II
30256,Obesity_Type_I
26489,Insufficient_Weight
34018,Obesity_Type_III
26680,Obesity_Type_I
22328,Obesity_Type_I
30213,Overweight_Level_I
21399,Obesity_Type_III
26524,Overweight_Level_II
25403,Overweight_Level_I
22953,Overweight_Level_I
34193,Obesity_Type_I
32765,Overweight_Level_I
25033,Overweight_Level_I
25912,Obesity_Type_III
34456,Obesity_Type_III
28684,Overweight_Level_II
29937,Normal_Weight
28574,Obesity_Type_II
29782,Overweight_Level_I
26683,Obesity_Type_II
21949,Obesity_Type_III
23487,Obesity_Type_III
31791,Obesity_Type_I
33890,Overweight_Level_I
24796,Obesity_Type_I
21871,Obesity_Type_II
33952,Insufficient_Weight
31716,Overweight_Level_I
30157,Obesity_Type_I
30526,Obesity_Type_I
26825,Obesity_Type_III
21047,Obesity_Type_II
29806,Overweight_Level_I
21277,Obesity_Type_III
21191,Normal_Weight
26184,Insufficient_Weight
33207,Obesity_Type_I
30743,Overweight_Level_I
31851,Normal_Weight
27837,Normal_Weight
34547,Obesity_Type_II
27016,Obesity_Type_I
26199,Insufficient_Weight
30864,Obesity_Type_III
30694,Normal_Weight
28805,Overweight_Level_I
26299,Insufficient_Weight
24762,Obesity_Type_I
31350,Overweight_Level_I
24022,Overweight_Level_II
31190,Obesity_Type_I
27032,Obesity_Type_III
30712,Obesity_Type_III
22696,Insufficient_Weight
31235,Insufficient_Weight
24327,Insufficient_Weight
31368,Normal_Weight
34225,Obesity_Type_III
24925,Obesity_Type_II
29046,Obesity_Type_III
21268,Normal_Weight
22122,Insufficient_Weight
29353,Obesity_Type_III
27283,Overweight_Level_II
28448,Obesity_Type_II
27864,Obesity_Type_III
31177,Overweight_Level_II
24036,Obesity_Type_II
21305,Obesity_Type_II
29506,Obesity_Type_II
22563,Overweight_Level_I
31799,Obesity_Type_II
22719,Overweight_Level_II
31027,Obesity_Type_III
29899,Normal_Weight
20857,Obesity_Type_I
23333,Obesity_Type_I
29677,Obesity_Type_II
24262,Obesity_Type_III
22011,Overweight_Level_I
34313,Obesity_Type_II
26497,Obesity_Type_I
25303,Overweight_Level_I
26246,Obesity_Type_I
23055,Insufficient_Weight
29619,Obesity_Type_II
33761,Overweight_Level_II
25326,Obesity_Type_I
28919,Obesity_Type_I
22508,Overweight_Level_II
29332,Insufficient_Weight
29187,Insufficient_Weight
23398,Obesity_Type_I
34470,Obesity_Type_I
34322,Insufficient_Weight
24426,Obesity_Type_III
21375,Obesity_Type_II
22419,Obesity_Type_II
30360,Overweight_Level_II
20858,Obesity_Type_II
29340,Overweight_Level_II
31512,Insufficient_Weight
21457,Overweight_Level_I
25491,Obesity_Type_II
21225,Obesity_Type_II
28507,Overweight_Level_I
22947,Obesity_Type_III
33992,Overweight_Level_II
25947,Obesity_Type_III
23410,Obesity_Type_II
22751,Overweight_Level_I
34160,Obesity_Type_III
30498,Overweight_Level_II
23480,Overweight_Level_I
26114,Obesity_Type_II
33350,Obesity_Type_III
31608,Insufficient_Weight
22317,Overweight_Level_I
27150,Obesity_Type_II
31880,Overweight_Level_I
21507,Obesity_Type_II
22977,Insufficient_Weight
33762,Insufficient_Weight
34585,Obesity_Type_I
29436,Insufficient_Weight
24594,Insufficient_Weight
23146,Obesity_Type_I
32943,Insufficient_Weight
25815,Insufficient_Weight
22192,Obesity_Type_I
21771,Normal_Weight
24629,Obesity_Type_II
28698,Normal_Weight
25787,Obesity_Type_II
22804,Insufficient_Weight
26959,Obesity_Type_III
23931,Obesity_Type_I
23559,Insufficient_Weight
21753,Overweight_Level_II
32618,Overweight_Level_II
23822,Normal_Weight
26925,Obesity_Type_III
33531,Obesity_Type_III
29038,Overweight_Level_I
28765,Obesity_Type_III
29041,Obesity_Type_III
27870,Overweight_Level_II
32714,Overweight_Level_II
28395,Obesity_Type_I
22829,Obesity_Type_II
27166,Overweight_Level_II
31648,Overweight_Level_II
25280,Obesity_Type_III
31983,Overweight_Level_II
32807,Obesity_Type_II
34458,Obesity_Type_III
21473,Obesity_Type_III
31253,Insufficient_Weight
30104,Insufficient_Weight
30928,Insufficient_Weight
25966,Overweight_Level_II
26159,Obesity_Type_I
26116,Obesity_Type_III
33066,Insufficient_Weight
25212,Obesity_Type_III
25265,Insufficient_Weight
32991,Overweight_Level_II
27820,Overweight_Level_I
27303,Overweight_Level_II
29623,Obesity_Type_III
24206,Obesity_Type_I
20768,Insufficient_Weight
27668,Normal_Weight
21234,Obesity_Type_I
25882,Obesity_Type_III
32887,Overweight_Level_II
23135,Overweight_Level_I
25443,Obesity_Type_I
23839,Obesity_Type_I
22790,Overweight_Level_II
30531,Overweight_Level_II
33095,Insufficient_Weight
27734,Obesity_Type_II
23533,Overweight_Level_II
34478,Obesity_Type_III
30283,Obesity_Type_II
29360,Obesity_Type_II
25437,Normal_Weight
20942,Obesity_Type_III
33989,Overweight_Level_II
26874,Obesity_Type_III
23834,Normal_Weight
27029,Insufficient_Weight
22092,Obesity_Type_I
22221,Obesity_Type_II
26168,Obesity_Type_II
34027,Overweight_Level_I
26029,Obesity_Type_III
23624,Normal_Weight
31521,Overweight_Level_II
24030,Obesity_Type_II
25789,Overweight_Level_II
28224,Overweight_Level_II
27702,Obesity_Type_III
29596,Obesity_Type_I
26072,Normal_Weight
22615,Insufficient_Weight
34573,Normal_Weight
31394,Obesity_Type_I
21999,Obesity_Type_II
30331,Normal_Weight
28312,Obesity_Type_II
32816,Overweight_Level_II
32611,Overweight_Level_I
27972,Overweight_Level_II
24393,Normal_Weight
20862,Overweight_Level_I
24931,Overweight_Level_II
31785,Overweight_Level_II
25208,Overweight_Level_I
22666,Obesity_Type_III
33834,Normal_Weight
29077,Normal_Weight
31286,Overweight_Level_I
21481,Normal_Weight
30708,Normal_Weight
26157,Normal_Weight
30294,Obesity_Type_I
28049,Overweight_Level_I
26879,Overweight_Level_I
31450,Overweight_Level_I
23732,Normal_Weight
32209,Obesity_Type_II
32939,Overweight_Level_I
31056,Insufficient_Weight
27946,Obesity_Type_I
24799,Obesity_Type_II
32524,Normal_Weight
27714,Overweight_Level_II
25930,Obesity_Type_III
20904,Overweight_Level_II
33980,Overweight_Level_II
26259,Normal_Weight
27871,Overweight_Level_I
30251,Normal_Weight
27742,Obesity_Type_II
26042,Overweight_Level_II
26867,Obesity_Type_I
23265,Overweight_Level_I
23209,Obesity_Type_III
30130,Overweight_Level_II
28700,Obesity_Type_III
22241,Obesity_Type_III
33765,Overweight_Level_II
27613,Normal_Weight
30582,Obesity_Type_III
30358,Insufficient_Weight
32205,Obesity_Type_I
28701,Obesity_Type_I
22798,Overweight_Level_I
34253,Obesity_Type_II
26155,Obesity_Type_II
28075,Obesity_Type_II
24775,Obesity_Type_III
21844,Insufficient_Weight
33915,Overweight_Level_I
25463,Obesity_Type_III
24280,Overweight_Level_I
23808,Insufficient_Weight
29409,Obesity_Type_III
26614,Obesity_Type_III
31460,Obesity_Type_I
25156,Overweight_Level_I
23882,Normal_Weight
33192,Obesity_Type_I
20970,Normal_Weight
26406,Normal_Weight
33466,Overweight_Level_II
29585,Normal_Weight
32815,Overweight_Level_I
21910,Normal_Weight
25572,Obesity_Type_III
22773,Normal_Weight
24740,Obesity_Type_I
23724,Overweight_Level_I
22920,Normal_Weight
33929,Insufficient_Weight
25183,Obesity_Type_I
32290,Overweight_Level_I
31137,Overweight_Level_II
24792,Overweight_Level_I
21967,Overweight_Level_II
31380,Normal_Weight
27744,Obesity_Type_III
20834,Obesity_Type_II
28460,Obesity_Type_III
31873,Overweight_Level_II
33074,Normal_Weight
22737,Insufficient_Weight
34434,Obesity_Type_III
27789,Obesity_Type_II
24347,Overweight_Level_II
32824,Overweight_Level_II
22104,Normal_Weight
24813,Overweight_Level_II
33647,Obesity_Type_III
29842,Overweight_Level_II
33332,Normal_Weight
29824,Overweight_Level_II
33654,Obesity_Type_III
32280,Insufficient_Weight
29581,Overweight_Level_I
22521,Insufficient_Weight
33331,Obesity_Type_II
23010,Normal_Weight
29209,Overweight_Level_I
31256,Obesity_Type_II
22309,Normal_Weight
22147,Normal_Weight
25418,Insufficient_Weight
25936,Obesity_Type_III
29709,Overweight_Level_II
27122,Overweight_Level_II
31331,Overweight_Level_II
25505,Insufficient_Weight
29367,Obesity_Type_II
22441,Overweight_Level_II
30083,Obesity_Type_II
26910,Overweight_Level_I
27603,Normal_Weight
33357,Obesity_Type_III
27657,Overweight_Level_II
25409,Obesity_Type_III
27743,Normal_Weight
33286,Obesity_Type_I
32228,Obesity_Type_I
31488,Obesity_Type_I
22940,Insufficient_Weight
30200,Normal_Weight
24293,Obesity_Type_II
28661,Obesity_Type_I
28365,Obesity_Type_III
20878,Obesity_Type_II
31784,Obesity_Type_III
26398,Obesity_Type_III
29870,Obesity_Type_III
26541,Normal_Weight
26777,Obesity_Type_II
29947,Overweight_Level_II
30145,Obesity_Type_III
26713,Normal_Weight
26249,Obesity_Type_II
25186,Normal_Weight
21586,Overweight_Level_II
31541,Obesity_Type_II
21069,Obesity_Type_III
33700,Obesity_Type_III
29686,Overweight_Level_II
22311,Obesity_Type_II
33106,Insufficient_Weight
27482,Overweight_Level_II
31824,Overweight_Level_I
27040,Insufficient_Weight
25708,Obesity_Type_II
27699,Obesity_Type_III
26916,Insufficient_Weight
27879,Overweight_Level_I
32004,Obesity_Type_II
29999,Insufficient_Weight
32817,Obesity_Type_III
21983,Obesity_Type_III
24954,Obesity_Type_I
26268,Obesity_Type_III
33872,Obesity_Type_I
21777,Obesity_Type_II
21649,Obesity_Type_III
28413,Insufficient_Weight
23538,Normal_Weight
30808,Insufficient_Weight
26223,Obesity_Type_I
32130,Overweight_Level_I
27754,Obesity_Type_III
21173,Obesity_Type_II
33196,Obesity_Type_III
27051,Overweight_Level_I
21705,Obesity_Type_II
31781,Obesity_Type_III
27770,Insufficient_Weight
25130,Insufficient_Weight
23739,Normal_Weight
30210,Obesity_Type_III
22012,Normal_Weight
22324,Insufficient_Weight
32000,Overweight_Level_II
26982,Obesity_Type_I
28217,Normal_Weight
33676,Insufficient_Weight
24755,Insufficient_Weight
23431,Obesity_Type_III
26792,Overweight_Level_I
33498,Insufficient_Weight
28738,Insufficient_Weight
23758,Overweight_Level_II
24161,Overweight_Level_II
26690,Obesity_Type_III
29215,Normal_Weight
22806,Overweight_Level_I
23454,Overweight_Level_II
22865,Obesity_Type_III
27515,Obesity_Type_III
23012,Obesity_Type_II
34236,Obesity_Type_I
25991,Obesity_Type_III
33140,Normal_Weight
30585,Overweight_Level_I
28955,Normal_Weight
31257,Insufficient_Weight
21806,Overweight_Level_II
26617,Insufficient_Weight
25637,Obesity_Type_III
23742,Insufficient_Weight
31359,Overweight_Level_I
32474,Overweight_Level_II
28136,Overweight_Level_II
23211,Normal_Weight
27171,Obesity_Type_III
22200,Overweight_Level_II
27010,Obesity_Type_II
29594,Obesity_Type_II
33178,Overweight_Level_II
25560,Obesity_Type_II
32265,Obesity_Type_III
32689,Obesity_Type_II
29121,Obesity_Type_III
30257,Normal_Weight
33587,Obesity_Type_III
32578,Overweight_Level_I
29101,Obesity_Type_II
29050,Overweight_Level_II
23319,Overweight_Level_II
27235,Insufficient_Weight
22286,Obesity_Type_II
32482,Normal_Weight
33735,Obesity_Type_II
33083,Normal_Weight
31946,Obesity_Type_I
23000,Obesity_Type_III
31925,Obesity_Type_II
31623,Obesity_Type_II
21398,Obesity_Type_III
29512,Insufficient_Weight
27583,Overweight_Level_I
24244,Obesity_Type_III
34039,Normal_Weight
22353,Obesity_Type_II
31745,Normal_Weight
27888,Overweight_Level_II
24541,Overweight_Level_II
28330,Obesity_Type_I
27643,Overweight_Level_I
27722,Overweight_Level_II
28710,Overweight_Level_II
23727,Overweight_Level_I
28106,Overweight_Level_I
22640,Normal_Weight
28379,Obesity_Type_I
31861,Overweight_Level_II
33294,Overweight_Level_I
33657,Normal_Weight
27464,Obesity_Type_I
32505,Normal_Weight
29706,Obesity_Type_I
26941,Obesity_Type_II
34049,Obesity_Type_III
33783,Obesity_Type_II
31567,Obesity_Type_II
20845,Normal_Weight
21483,Obesity_Type_II
21896,Overweight_Level_I
31016,Obesity_Type_III
24634,Normal_Weight
29049,Normal_Weight
24557,Overweight_Level_II
29056,Obesity_Type_I
25517,Obesity_Type_III
33791,Overweight_Level_II
27261,Normal_Weight
29058,Obesity_Type_III
28144,Normal_Weight
32226,Obesity_Type_II
22574,Overweight_Level_I
25351,Normal_Weight
28208,Obesity_Type_I
21901,Obesity_Type_III
20818,Overweight_Level_I
26509,Obesity_Type_II
30254,Obesity_Type_II
24883,Obesity_Type_I
26966,Obesity_Type_III
31636,Overweight_Level_II
21603,Normal_Weight
30388,Obesity_Type_II
32300,Obesity_Type_II
22699,Insufficient_Weight
28274,Normal_Weight
21737,Overweight_Level_II
26237,Normal_Weight
25918,Obesity_Type_II
32697,Obesity_Type_I
21932,Obesity_Type_III
24366,Normal_Weight
21326,Overweight_Level_I
27545,Obesity_Type_II
23520,Obesity_Type_III
33020,Overweight_Level_I
23669,Obesity_Type_I
30882,Overweight_Level_II
31771,Obesity_Type_I
21749,Obesity_Type_II
28331,Obesity_Type_I
33051,Obesity_Type_III
30792,Obesity_Type_I
25695,Overweight_Level_II
30042,Normal_Weight
23495,Overweight_Level_II
34348,Insufficient_Weight
28923,Normal_Weight
29393,Obesity_Type_I
26056,Insufficient_Weight
32363,Normal_Weight
32460,Obesity_Type_III
23513,Overweight_Level_II
23780,Overweight_Level_I
33144,Obesity_Type_II
21605,Normal_Weight
32199,Obesity_Type_II
27562,Obesity_Type_II
28342,Overweight_Level_I
31457,Insufficient_Weight
31113,Normal_Weight
34031,Obesity_Type_I
21141,Normal_Weight
27082,Obesity_Type_II
29906,Obesity_Type_II
30485,Obesity_Type_II
32428,Overweight_Level_II
29455,Normal_Weight
32243,Obesity_Type_III
32829,Obesity_Type_III
29929,Insufficient_Weight
26135,Obesity_Type_I
23983,Overweight_Level_II
27633,Overweight_Level_I
25433,Obesity_Type_III
31704,Insufficient_Weight
21837,Obesity_Type_III
24623,Obesity_Type_III
27816,Obesity_Type_II
23568,Normal_Weight
29577,Overweight_Level_II
24129,Obesity_Type_II
31480,Insufficient_Weight
25380,Insufficient_Weight
29593,Normal_Weight
25143,Obesity_Type_I
32569,Overweight_Level_II
33955,Overweight_Level_II
29728,Insufficient_Weight
28551,Obesity_Type_III
26380,Obesity_Type_II
23527,Obesity_Type_III
31935,Obesity_Type_I
33778,Normal_Weight
32345,Overweight_Level_I
23661,Overweight_Level_II
22422,Obesity_Type_II
29086,Obesity_Type_III
30678,Normal_Weight
28465,Overweight_Level_I
28068,Insufficient_Weight
28728,Obesity_Type_III
32211,Normal_Weight
31539,Obesity_Type_III
32555,Overweight_Level_II
32784,Normal_Weight
27932,Overweight_Level_II
22479,Overweight_Level_II
31722,Obesity_Type_II
33080,Obesity_Type_III
33299,Obesity_Type_II
34239,Overweight_Level_II
26827,Obesity_Type_I
26075,Overweight_Level_II
25917,Obesity_Type_II
24233,Normal_Weight
33402,Obesity_Type_I
33579,Obesity_Type_III
23331,Obesity_Type_III
24535,Obesity_Type_I
29103,Obesity_Type_III
28345,Overweight_Level_II
24080,Insufficient_Weight
31821,Obesity_Type_III
32849,Obesity_Type_II
28853,Obesity_Type_I
24265,Obesity_Type_III
31376,Normal_Weight
28348,Obesity_Type_II
34021,Insufficient_Weight
28536,Obesity_Type_II
28555,Insufficient_Weight
23133,Overweight_Level_II
21710,Insufficient_Weight
23969,Overweight_Level_II
25761,Obesity_Type_III
26046,Insufficient_Weight
31640,Normal_Weight
29438,Insufficient_Weight
31570,Obesity_Type_II
22805,Obesity_Type_II
26404,Obesity_Type_III
33452,Normal_Weight
32826,Insufficient_Weight
21683,Obesity_Type_III
32767,Overweight_Level_I
29232,Insufficient_Weight
31634,Obesity_Type_I
26837,Obesity_Type_I
31078,Obesity_Type_III
34340,Overweight_Level_II
26721,Normal_Weight
33152,Normal_Weight
25281,Obesity_Type_III
25070,Overweight_Level_I
25179,Obesity_Type_I
25396,Normal_Weight
23264,Obesity_Type_II
25731,Overweight_Level_I
26589,Obesity_Type_II
22855,Obesity_Type_I
23260,Obesity_Type_III
24251,Obesity_Type_III
27790,Overweight_Level_I
25672,Overweight_Level_I
21845,Normal_Weight
27006,Overweight_Level_II
20935,Overweight_Level_II
29629,Obesity_Type_III
24415,Obesity_Type_I
33830,Obesity_Type_II
29816,Obesity_Type_II
30547,Overweight_Level_I
28941,Overweight_Level_I
28557,Obesity_Type_III
28449,Obesity_Type_III
28576,Normal_Weight
34274,Obesity_Type_III
20856,Normal_Weight
24696,Obesity_Type_I
32797,Overweight_Level_I
24968,Normal_Weight
21117,Overweight_Level_I
34358,Overweight_Level_I
31449,Insufficient_Weight
33128,Overweight_Level_I
26882,Obesity_Type_II
25575,Overweight_Level_II
20888,Obesity_Type_I
30848,Normal_Weight
22204,Obesity_Type_I
29926,Normal_Weight
28741,Obesity_Type_II
34422,Overweight_Level_II
21875,Obesity_Type_I
33508,Normal_Weight
32454,Normal_Weight
33892,Overweight_Level_I
22343,Insufficient_Weight
25696,Overweight_Level_II
24254,Obesity_Type_I
29197,Obesity_Type_II
32135,Overweight_Level_I
23102,Normal_Weight
28048,Insufficient_Weight
32657,Obesity_Type_I
27056,Normal_Weight
32608,Overweight_Level_I
23021,Normal_Weight
32976,Normal_Weight
25704,Insufficient_Weight
32983,Insufficient_Weight
31042,Overweight_Level_I
32682,Obesity_Type_I
32773,Obesity_Type_II
28139,Obesity_Type_I
23676,Obesity_Type_II
29572,Normal_Weight
28215,Overweight_Level_II
21296,Normal_Weight
32620,Insufficient_Weight
29884,Insufficient_Weight
33691,Obesity_Type_I
28368,Insufficient_Weight
34162,Obesity_Type_II
33906,Overweight_Level_II
27048,Overweight_Level_I
32433,Obesity_Type_II
34462,Obesity_Type_II
24446,Normal_Weight
27050,Insufficient_Weight
29756,Overweight_Level_I
22108,Obesity_Type_III
26316,Obesity_Type_I
27883,Overweight_Level_II
25019,Obesity_Type_III
30546,Obesity_Type_III
30107,Obesity_Type_II
22983,Insufficient_Weight
26121,Obesity_Type_III
23699,Obesity_Type_III
21096,Obesity_Type_III
24198,Obesity_Type_II
29944,Insufficient_Weight
31927,Obesity_Type_III
23389,Obesity_Type_II
21963,Obesity_Type_I
26149,Obesity_Type_I
23904,Obesity_Type_II
22304,Obesity_Type_I
28432,Normal_Weight
29550,Insufficient_Weight
27715,Insufficient_Weight
32837,Obesity_Type_III
25236,Obesity_Type_III
33160,Overweight_Level_I
33104,Obesity_Type_I
30197,Normal_Weight
26408,Obesity_Type_III
31401,Normal_Weight
33670,Obesity_Type_II
24715,Obesity_Type_I
30181,Normal_Weight
24086,Obesity_Type_III
25190,Normal_Weight
33348,Overweight_Level_I
28088,Insufficient_Weight
29470,Obesity_Type_III
21897,Insufficient_Weight
26881,Obesity_Type_II
29286,Overweight_Level_II
21001,Insufficient_Weight
21525,Normal_Weight
25422,Obesity_Type_II
30020,Obesity_Type_III
32753,Normal_Weight
20892,Overweight_Level_I
27496,Normal_Weight
27921,Obesity_Type_II
25165,Insufficient_Weight
32521,Normal_Weight
21344,Normal_Weight
29958,Normal_Weight
22652,Normal_Weight
32670,Insufficient_Weight
29702,Insufficient_Weight
24518,Normal_Weight
30861,Obesity_Type_I
29407,Obesity_Type_I
25101,Overweight_Level_II
31014,Insufficient_Weight
27113,Normal_Weight
28841,Obesity_Type_III
20997,Obesity_Type_II
23569,Obesity_Type_III
30165,Obesity_Type_III
33426,Obesity_Type_III
27128,Insufficient_Weight
29644,Obesity_Type_III
27375,Obesity_Type_II
26675,Obesity_Type_III
32258,Overweight_Level_II
28609,Obesity_Type_III
33312,Obesity_Type_II
30108,Obesity_Type_II
23843,Overweight_Level_II
27232,Obesity_Type_III
25566,Obesity_Type_I
26288,Obesity_Type_II
29329,Obesity_Type_II
30419,Obesity_Type_I
25924,Overweight_Level_I
33707,Obesity_Type_II
31074,Insufficient_Weight
21590,Obesity_Type_II
23713,Obesity_Type_II
27807,Insufficient_Weight
26700,Normal_Weight
24429,Insufficient_Weight
28486,Insufficient_Weight
24833,Obesity_Type_III
30437,Obesity_Type_III
21026,Overweight_Level_I
33019,Obesity_Type_II
29155,Obesity_Type_I
32080,Obesity_Type_III
25850,Normal_Weight
26021,Normal_Weight
34126,Obesity_Type_III
25591,Obesity_Type_III
31860,Obesity_Type_III
23419,Obesity_Type_I
27936,Normal_Weight
23770,Obesity_Type_III
26770,Obesity_Type_III
34188,Insufficient_Weight
29729,Overweight_Level_I
24373,Obesity_Type_II
27852,Insufficient_Weight
28578,Obesity_Type_II
30074,Overweight_Level_I
33237,Obesity_Type_II
33921,Obesity_Type_II
28079,Normal_Weight
30660,Obesity_Type_II
34037,Obesity_Type_II
26599,Obesity_Type_III
30539,Insufficient_Weight
24013,Overweight_Level_I
27929,Obesity_Type_III
24763,Normal_Weight
31721,Insufficient_Weight
34099,Normal_Weight
30651,Obesity_Type_I
33922,Normal_Weight
32554,Obesity_Type_I
34515,Insufficient_Weight
26554,Overweight_Level_II
24505,Obesity_Type_II
31110,Overweight_Level_I
27007,Overweight_Level_I
26555,Obesity_Type_III
26247,Overweight_Level_II
24105,Obesity_Type_II
26532,Obesity_Type_I
29487,Normal_Weight
28416,Overweight_Level_I
34577,Obesity_Type_II
24220,Overweight_Level_II
30371,Normal_Weight
27525,Obesity_Type_III
31603,Obesity_Type_III
28135,Obesity_Type_I
23799,Obesity_Type_II
21274,Obesity_Type_III
28437,Obesity_Type_II
28009,Overweight_Level_I
32949,Obesity_Type_II
27512,Overweight_Level_I
22868,Obesity_Type_I
31302,Insufficient_Weight
23402,Obesity_Type_III
34424,Insufficient_Weight
33399,Overweight_Level_I
28351,Overweight_Level_I
32721,Insufficient_Weight
31826,Obesity_Type_II
30431,Obesity_Type_I
31913,Obesity_Type_III
34306,Normal_Weight
33304,Overweight_Level_II
30804,Obesity_Type_III
27366,Overweight_Level_I
22181,Overweight_Level_II
23809,Overweight_Level_I
28830,Normal_Weight
27044,Normal_Weight
27794,Obesity_Type_II
28856,Overweight_Level_I
30590,Normal_Weight
27898,Obesity_Type_II
29145,Obesity_Type_I
30754,Obesity_Type_I
23459,Normal_Weight
24951,Obesity_Type_I
26811,Obesity_Type_III
25820,Obesity_Type_II
28952,Obesity_Type_I
27176,Overweight_Level_II
30782,Obesity_Type_III
22148,Obesity_Type_III
25520,Obesity_Type_III
32302,Obesity_Type_III
32233,Overweight_Level_II
34096,Overweight_Level_I
24568,Normal_Weight
28281,Normal_Weight
23554,Obesity_Type_III
23083,Obesity_Type_II
24862,Overweight_Level_II
32839,Normal_Weight
24062,Obesity_Type_II
32175,Insufficient_Weight
27300,Insufficient_Weight
27278,Obesity_Type_I
22388,Overweight_Level_I
34165,Overweight_Level_II
29750,Obesity_Type_III
28781,Obesity_Type_I
31332,Normal_Weight
28523,Obesity_Type_III
32029,Overweight_Level_I
34538,Obesity_Type_III
21839,Obesity_Type_III
33571,Obesity_Type_III
29148,Obesity_Type_III
33001,Overweight_Level_I
29375,Obesity_Type_III
23172,Obesity_Type_II
25548,Obesity_Type_II
26760,Insufficient_Weight
27095,Obesity_Type_I
22885,Obesity_Type_II
25619,Overweight_Level_I
26685,Overweight_Level_II
31043,Overweight_Level_II
20987,Normal_Weight
30566,Obesity_Type_III
21051,Obesity_Type_I
28931,Obesity_Type_III
24294,Normal_Weight
31221,Normal_Weight
24088,Obesity_Type_II
26115,Insufficient_Weight
28582,Normal_Weight
23911,Obesity_Type_I
28563,Normal_Weight
30975,Obesity_Type_II
22223,Obesity_Type_III
29798,Obesity_Type_III
31406,Obesity_Type_I
26634,Obesity_Type_III
26502,Obesity_Type_III
25135,Normal_Weight
31328,Insufficient_Weight
25160,Insufficient_Weight
23926,Obesity_Type_I
21075,Overweight_Level_II
24517,Normal_Weight
29919,Obesity_Type_I
33321,Obesity_Type_I
30733,Obesity_Type_III
29924,Obesity_Type_III
26741,Obesity_Type_II
33229,Normal_Weight
23164,Insufficient_Weight
26901,Obesity_Type_I
22844,Insufficient_Weight
34311,Overweight_Level_II
29238,Overweight_Level_I
29720,Normal_Weight
28530,Obesity_Type_III
28202,Normal_Weight
25921,Obesity_Type_I
21064,Obesity_Type_III
21334,Insufficient_Weight
28666,Obesity_Type_II
25590,Obesity_Type_II
21951,Normal_Weight
28911,Obesity_Type_III
31783,Obesity_Type_I
30516,Obesity_Type_II
22616,Obesity_Type_III
30836,Overweight_Level_II
31372,Insufficient_Weight
26828,Overweight_Level_I
21517,Obesity_Type_I
31404,Obesity_Type_I
26462,Overweight_Level_II
33934,Obesity_Type_II
28740,Obesity_Type_II
21559,Overweight_Level_I
23223,Normal_Weight
30476,Obesity_Type_II
24169,Normal_Weight
27897,Overweight_Level_I
25733,Overweight_Level_II
31444,Obesity_Type_III
30756,Obesity_Type_II
21054,Overweight_Level_II
24141,Insufficient_Weight
30408,Obesity_Type_I
22019,Insufficient_Weight
21081,Overweight_Level_I
22590,Normal_Weight
29873,Overweight_Level_II
32971,Normal_Weight
28241,Overweight_Level_II
27173,Insufficient_Weight
34084,Obesity_Type_II
22226,Obesity_Type_III
30381,Obesity_Type_II
21725,Normal_Weight
29811,Overweight_Level_I
28986,Obesity_Type_I
29184,Overweight_Level_II
20813,Normal_Weight
32704,Obesity_Type_II
28111,Insufficient_Weight
33901,Overweight_Level_I
32011,Obesity_Type_III
20984,Obesity_Type_II
23352,Overweight_Level_II
26492,Insufficient_Weight
30696,Insufficient_Weight
32745,Overweight_Level_I
34000,Insufficient_Weight
30569,Overweight_Level_II
20851,Normal_Weight
23548,Normal_Weight
21385,Obesity_Type_I
24436,Obesity_Type_II
20802,Normal_Weight
25666,Obesity_Type_II
29491,Obesity_Type_III
24866,Overweight_Level_II
27768,Obesity_Type_II
21122,Obesity_Type_I
22327,Obesity_Type_I
24248,Obesity_Type_I
24007,Insufficient_Weight
24583,Insufficient_Weight
25332,Normal_Weight
23130,Overweight_Level_I
31813,Normal_Weight
21079,Obesity_Type_II
29284,Overweight_Level_I
23801,Normal_Weight
26798,Obesity_Type_II
31248,Obesity_Type_III
32532,Insufficient_Weight
32411,Obesity_Type_III
21066,Obesity_Type_I
26036,Overweight_Level_II
24814,Insufficient_Weight
30078,Normal_Weight
23464,Obesity_Type_I
23324,Obesity_Type_I
22872,Obesity_Type_I
31435,Insufficient_Weight
29318,Obesity_Type_II
26082,Insufficient_Weight
26567,Obesity_Type_III
30278,Overweight_Level_II
29793,Normal_Weight
29640,Obesity_Type_III
28588,Overweight_Level_II
21986,Normal_Weight
28791,Overweight_Level_I
23286,Obesity_Type_II
32649,Obesity_Type_III
26590,Obesity_Type_III
30601,Obesity_Type_III
31680,Obesity_Type_III
32774,Obesity_Type_II
24921,Overweight_Level_I
28836,Obesity_Type_III
27137,Normal_Weight
30088,Obesity_Type_III
31956,Insufficient_Weight
30832,Obesity_Type_III
25137,Obesity_Type_I
20777,Obesity_Type_I
26093,Normal_Weight
22578,Obesity_Type_II
29023,Overweight_Level_II
23117,Obesity_Type_I
26923,Overweight_Level_I
21037,Overweight_Level_II
32435,Obesity_Type_II
23089,Obesity_Type_I
22608,Insufficient_Weight
34257,Normal_Weight
22297,Overweight_Level_II
21107,Overweight_Level_I
34591,Insufficient_Weight
28412,Obesity_Type_II
21100,Insufficient_Weight
31366,Overweight_Level_I
22191,Insufficient_Weight
21686,Overweight_Level_I
22523,Obesity_Type_II
27774,Obesity_Type_III
25426,Obesity_Type_III
32108,Obesity_Type_III
22878,Insufficient_Weight
24585,Obesity_Type_I
22657,Obesity_Type_I
30117,Insufficient_Weight
28407,Normal_Weight
31171,Normal_Weight
29997,Overweight_Level_II
21048,Overweight_Level_II
22603,Obesity_Type_III
21528,Obesity_Type_III
25875,Overweight_Level_I
20910,Obesity_Type_I
34283,Overweight_Level_II
22058,Overweight_Level_I
23815,Obesity_Type_II
30993,Obesity_Type_III
21053,Obesity_Type_I
33220,Obesity_Type_II
24648,Insufficient_Weight
32680,Normal_Weight
23230,Overweight_Level_I
34368,Overweight_Level_I
28886,Overweight_Level_I
28120,Normal_Weight
25814,Obesity_Type_II
31830,Normal_Weight
32442,Obesity_Type_I
22863,Obesity_Type_I
34212,Overweight_Level_II
28272,Obesity_Type_III
25503,Normal_Weight
32645,Normal_Weight
25859,Insufficient_Weight
32636,Normal_Weight
30532,Obesity_Type_III
28373,Obesity_Type_III
24727,Obesity_Type_III
23297,Obesity_Type_III
26937,Normal_Weight
32469,Overweight_Level_II
24510,Obesity_Type_II
30142,Obesity_Type_II
29618,Obesity_Type_I
25058,Normal_Weight
33132,Obesity_Type_II
23155,Obesity_Type_II
33184,Obesity_Type_III
22758,Overweight_Level_I
22278,Obesity_Type_II
31263,Insufficient_Weight
24699,Obesity_Type_II
32413,Overweight_Level_I
28878,Insufficient_Weight
33987,Obesity_Type_III
27245,Obesity_Type_I
23374,Obesity_Type_III
26378,Normal_Weight
27439,Overweight_Level_II
33330,Overweight_Level_I
23701,Obesity_Type_I
30535,Obesity_Type_I
21571,Obesity_Type_III
32027,Overweight_Level_I
21272,Obesity_Type_III
29220,Obesity_Type_I
33042,Obesity_Type_II
22174,Overweight_Level_I
24955,Overweight_Level_II
22219,Normal_Weight
26251,Insufficient_Weight
21826,Normal_Weight
31713,Insufficient_Weight
33391,Obesity_Type_I
27698,Overweight_Level_I
25024,Normal_Weight
32377,Obesity_Type_III
34208,Overweight_Level_I
33603,Overweight_Level_I
24768,Normal_Weight
30822,Normal_Weight
34275,Obesity_Type_III
34269,Obesity_Type_II
21323,Obesity_Type_I
30876,Overweight_Level_II
28414,Overweight_Level_II
21882,Overweight_Level_II
30872,Obesity_Type_II
23451,Obesity_Type_I
31387,Obesity_Type_II
24491,Obesity_Type_I
24619,Normal_Weight
24370,Overweight_Level_II
30335,Normal_Weight
24309,Overweight_Level_II
26446,Overweight_Level_II
22033,Obesity_Type_I
26632,Insufficient_Weight
23372,Obesity_Type_III
31487,Obesity_Type_II
20887,Obesity_Type_I
32568,Insufficient_Weight
33445,Overweight_Level_II
31423,Obesity_Type_I
21265,Overweight_Level_II
21817,Insufficient_Weight
32938,Overweight_Level_II
31856,Obesity_Type_II
28800,Obesity_Type_III
32316,Normal_Weight
31818,Overweight_Level_II
24068,Obesity_Type_III
24190,Obesity_Type_I
30657,Obesity_Type_I
23067,Obesity_Type_III
22075,Obesity_Type_II
24645,Obesity_Type_III
20810,Obesity_Type_III
32752,Obesity_Type_III
24151,Normal_Weight
21818,Overweight_Level_I
26465,Obesity_Type_II
32221,Obesity_Type_II
33976,Obesity_Type_I
34376,Obesity_Type_II
27335,Obesity_Type_III
32008,Obesity_Type_II
21969,Overweight_Level_II
21309,Obesity_Type_II
31656,Insufficient_Weight
28895,Obesity_Type_III
22463,Obesity_Type_II
27147,Obesity_Type_II
22857,Overweight_Level_II
23832,Obesity_Type_II
21287,Obesity_Type_III
33460,Obesity_Type_III
31339,Obesity_Type_I
25039,Obesity_Type_III
23613,Overweight_Level_I
26887,Insufficient_Weight
25454,Obesity_Type_II
20897,Obesity_Type_III
22433,Obesity_Type_III
23622,Normal_Weight
31490,Obesity_Type_I
22814,Obesity_Type_I
27376,Normal_Weight
24039,Overweight_Level_II
28598,Obesity_Type_I
31862,Obesity_Type_III
24298,Obesity_Type_I
32129,Obesity_Type_II
33734,Insufficient_Weight
22159,Normal_Weight
24181,Obesity_Type_II
23316,Obesity_Type_III
25471,Obesity_Type_III
21343,Obesity_Type_II
29948,Obesity_Type_II
22276,Obesity_Type_I
34597,Obesity_Type_II
33201,Obesity_Type_I
34425,Overweight_Level_I
27435,Overweight_Level_II
21199,Obesity_Type_II
26654,Overweight_Level_II
33880,Normal_Weight
31931,Obesity_Type_III
26627,Obesity_Type_III
30540,Obesity_Type_II
32602,Normal_Weight
24124,Overweight_Level_II
24459,Obesity_Type_II
25296,Obesity_Type_III
33378,Overweight_Level_I
21676,Obesity_Type_II
31766,Overweight_Level_II
28780,Obesity_Type_III
29799,Overweight_Level_II
20860,Normal_Weight
24286,Normal_Weight
31528,Obesity_Type_III
33665,Obesity_Type_II
32007,Obesity_Type_III
32630,Overweight_Level_II
23888,Obesity_Type_III
29915,Obesity_Type_III
26377,Overweight_Level_II
29713,Obesity_Type_I
29262,Obesity_Type_III
30349,Obesity_Type_III
21012,Overweight_Level_II
25970,Obesity_Type_I
21456,Overweight_Level_I
31569,Overweight_Level_II
30797,Overweight_Level_II
22597,Overweight_Level_I
26230,Insufficient_Weight
30775,Insufficient_Weight
25495,Obesity_Type_II
34232,Obesity_Type_III
25856,Obesity_Type_II
23052,Overweight_Level_II
33719,Overweight_Level_II
30650,Obesity_Type_III
21042,Normal_Weight
34446,Obesity_Type_I
34267,Overweight_Level_I
30721,Overweight_Level_II
30219,Overweight_Level_II
32405,Normal_Weight
32182,Insufficient_Weight
31706,Obesity_Type_I
22383,Overweight_Level_I
22236,Obesity_Type_III
23754,Overweight_Level_I
24176,Obesity_Type_I
22169,Obesity_Type_I
33122,Obesity_Type_II
31023,Overweight_Level_II
27423,Overweight_Level_II
27605,Overweight_Level_I
27501,Overweight_Level_II
23576,Obesity_Type_III
29589,Obesity_Type_I
33916,Normal_Weight
22007,Obesity_Type_II
30124,Obesity_Type_III
29466,Insufficient_Weight
30690,Obesity_Type_III
26421,Obesity_Type_II
24488,Normal_Weight
30752,Normal_Weight
22795,Overweight_Level_I
23099,Normal_Weight
25345,Obesity_Type_III
33209,Obesity_Type_I
22549,Overweight_Level_I
27340,Insufficient_Weight
25200,Normal_Weight
30384,Insufficient_Weight
25251,Overweight_Level_II
33705,Obesity_Type_I
34091,Obesity_Type_I
23048,Obesity_Type_I
22914,Overweight_Level_II
27008,Obesity_Type_I
26766,Obesity_Type_II
33673,Obesity_Type_III
23408,Obesity_Type_II
34277,Obesity_Type_I
26292,Obesity_Type_I
21766,Normal_Weight
32092,Obesity_Type_I
31526,Obesity_Type_II
21775,Normal_Weight
22749,Normal_Weight
33812,Obesity_Type_III
28758,Obesity_Type_III
22049,Obesity_Type_III
31098,Obesity_Type_II
30303,Insufficient_Weight
26141,Normal_Weight
22807,Overweight_Level_II
32072,Obesity_Type_III
29032,Overweight_Level_I
21608,Obesity_Type_III
20938,Obesity_Type_I
27945,Obesity_Type_III
27658,Insufficient_Weight
31419,Obesity_Type_II
33264,Obesity_Type_III
21890,Obesity_Type_I
30247,Obesity_Type_II
21557,Overweight_Level_II
28457,Overweight_Level_II
29302,Overweight_Level_I
31500,Overweight_Level_I
32190,Obesity_Type_I
29614,Obesity_Type_II
31816,Obesity_Type_I
26363,Obesity_Type_I
22794,Obesity_Type_I
31158,Insufficient_Weight
25480,Obesity_Type_III
27494,Overweight_Level_II
28997,Insufficient_Weight
33383,Overweight_Level_I
33088,Obesity_Type_I
28594,Overweight_Level_I
25714,Obesity_Type_I
22370,Overweight_Level_II
22594,Insufficient_Weight
28382,Obesity_Type_III
25689,Normal_Weight
27541,Obesity_Type_II
26529,Overweight_Level_I
29341,Overweight_Level_II
34007,Obesity_Type_II
23665,Obesity_Type_III
33558,Overweight_Level_I
28533,Overweight_Level_I
26476,Normal_Weight
31497,Obesity_Type_I
30564,Overweight_Level_II
27410,Obesity_Type_II
24636,Obesity_Type_I
27631,Obesity_Type_II
31506,Obesity_Type_II
24821,Obesity_Type_I
32169,Obesity_Type_I
26310,Obesity_Type_II
34552,Obesity_Type_II
30770,Overweight_Level_I
32293,Overweight_Level_I
22176,Obesity_Type_III
29265,Insufficient_Weight
22065,Obesity_Type_II
31393,Obesity_Type_I
22797,Overweight_Level_II
33870,Obesity_Type_II
28320,Obesity_Type_II
24140,Overweight_Level_II
29257,Obesity_Type_II
31008,Insufficient_Weight
26422,Obesity_Type_III
21979,Insufficient_Weight
27092,Obesity_Type_III
23018,Obesity_Type_III
25556,Normal_Weight
25353,Obesity_Type_I
20759,Overweight_Level_I
28261,Normal_Weight
31838,Insufficient_Weight
29808,Obesity_Type_II
27479,Overweight_Level_I
29777,Obesity_Type_II
28747,Overweight_Level_II
27691,Obesity_Type_I
30040,Overweight_Level_II
32462,Obesity_Type_I
20943,Normal_Weight
27348,Overweight_Level_II
28148,Normal_Weight
24888,Obesity_Type_II
33943,Obesity_Type_III
26028,Overweight_Level_II
23290,Overweight_Level_II
21974,Overweight_Level_II
31598,Insufficient_Weight
29535,Normal_Weight
34582,Obesity_Type_I
26474,Obesity_Type_I
22015,Insufficient_Weight
20975,Overweight_Level_II
33747,Insufficient_Weight
33214,Overweight_Level_II
33532,Overweight_Level_I
20869,Overweight_Level_I
24668,Normal_Weight
23962,Obesity_Type_I
23041,Obesity_Type_III
30022,Obesity_Type_II
32489,Normal_Weight
31615,Overweight_Level_II
26035,Overweight_Level_II
29477,Obesity_Type_III
26765,Insufficient_Weight
34296,Obesity_Type_II
28258,Insufficient_Weight
23070,Obesity_Type_II
25174,Overweight_Level_I
29091,Obesity_Type_II
24346,Obesity_Type_II
22032,Obesity_Type_I
21090,Obesity_Type_III
31375,Obesity_Type_III
30761,Overweight_Level_I
29962,Normal_Weight
24108,Obesity_Type_II
33920,Obesity_Type_I
26788,Obesity_Type_I
26100,Insufficient_Weight
21981,Obesity_Type_II
32470,Obesity_Type_III
24771,Overweight_Level_I
21583,Insufficient_Weight
22610,Overweight_Level_I
30463,Obesity_Type_III
22585,Overweight_Level_I
30628,Obesity_Type_III
27848,Obesity_Type_II
28643,Insufficient_Weight
24698,Obesity_Type_II
24950,Normal_Weight
31622,Obesity_Type_III
32232,Normal_Weight
32122,Obesity_Type_II
24797,Normal_Weight
30036,Obesity_Type_I
32220,Normal_Weight
33819,Normal_Weight
22791,Overweight_Level_I
30594,Obesity_Type_II
29107,Obesity_Type_II
28286,Normal_Weight
30065,Overweight_Level_II
28981,Obesity_Type_I
24424,Insufficient_Weight
32378,Obesity_Type_III
21850,Obesity_Type_I
21587,Obesity_Type_II
29540,Obesity_Type_III
29741,Obesity_Type_I
34146,Obesity_Type_II
26361,Overweight_Level_I
21121,Obesity_Type_II
30709,Obesity_Type_II
24809,Obesity_Type_II
27908,Obesity_Type_III
31075,Normal_Weight
34184,Obesity_Type_III
26748,Insufficient_Weight
32439,Insufficient_Weight
23256,Insufficient_Weight
28786,Obesity_Type_II
21113,Overweight_Level_I
32134,Obesity_Type_I
32294,Overweight_Level_II
29657,Obesity_Type_III
23580,Obesity_Type_III
21184,Obesity_Type_II
31624,Obesity_Type_I
29061,Obesity_Type_III
29555,Obesity_Type_III
26561,Obesity_Type_III
30383,Insufficient_Weight
24487,Normal_Weight
27724,Overweight_Level_I
27237,Normal_Weight
30911,Overweight_Level_I
27579,Obesity_Type_III
27038,Insufficient_Weight
22302,Normal_Weight
24126,Normal_Weight
22064,Obesity_Type_II
24027,Obesity_Type_III
25807,Obesity_Type_I
29266,Overweight_Level_II
21811,Overweight_Level_I
21078,Normal_Weight
22568,Normal_Weight
33417,Normal_Weight
34011,Insufficient_Weight
24406,Obesity_Type_III
33964,Overweight_Level_I
21479,Normal_Weight
34131,Obesity_Type_III
31424,Obesity_Type_III
28085,Obesity_Type_I
32852,Insufficient_Weight
26896,Insufficient_Weight
25915,Obesity_Type_II
29073,Obesity_Type_II
34087,Obesity_Type_I
31969,Obesity_Type_I
21515,Obesity_Type_I
21887,Insufficient_Weight
30728,Obesity_Type_II
33578,Obesity_Type_III
29433,Obesity_Type_II
29521,Obesity_Type_III
25561,Obesity_Type_III
28161,Overweight_Level_I
32329,Obesity_Type_I
30779,Obesity_Type_II
22621,Obesity_Type_III
29111,Overweight_Level_I
24437,Overweight_Level_II
33432,Normal_Weight
29725,Obesity_Type_I
34122,Obesity_Type_II
29380,Overweight_Level_I
29913,Obesity_Type_I
30321,Obesity_Type_II
24456,Insufficient_Weight
33161,Obesity_Type_I
29149,Overweight_Level_I
21612,Obesity_Type_III
32947,Insufficient_Weight
32893,Obesity_Type_III
24766,Insufficient_Weight
34088,Normal_Weight
24701,Overweight_Level_I
21127,Obesity_Type_I
30637,Obesity_Type_III
22498,Overweight_Level_II
28959,Obesity_Type_III
24162,Overweight_Level_II
20844,Insufficient_Weight
26756,Obesity_Type_III
29739,Normal_Weight
32961,Overweight_Level_II
31655,Obesity_Type_III
24912,Obesity_Type_III
24383,Normal_Weight
29792,Overweight_Level_I
29227,Normal_Weight
33903,Normal_Weight
30656,Obesity_Type_III
22941,Normal_Weight
33390,Normal_Weight
31112,Obesity_Type_I
32883,Obesity_Type_I
23343,Obesity_Type_I
28074,Obesity_Type_II
23263,Obesity_Type_I
21971,Insufficient_Weight
24677,Overweight_Level_II
26629,Insufficient_Weight
32533,Insufficient_Weight
26550,Obesity_Type_II
23744,Obesity_Type_III
21142,Overweight_Level_II
24985,Obesity_Type_III
32456,Obesity_Type_I
28935,Normal_Weight
24957,Obesity_Type_I
24987,Insufficient_Weight
28527,Overweight_Level_II
30898,Obesity_Type_II
34079,Obesity_Type_III
20848,Overweight_Level_II
32812,Obesity_Type_III
21905,Overweight_Level_I
26147,Overweight_Level_II
24303,Obesity_Type_III
31140,Overweight_Level_II
28541,Obesity_Type_III
30887,Obesity_Type_I
26107,Overweight_Level_II
21537,Normal_Weight
33040,Insufficient_Weight
30334,Overweight_Level_I
22526,Obesity_Type_II
30970,Overweight_Level_II
25565,Obesity_Type_I
29034,Overweight_Level_I
33205,Obesity_Type_II
22930,Normal_Weight
31149,Insufficient_Weight
25559,Obesity_Type_I
32165,Insufficient_Weight
33464,Obesity_Type_II
31279,Normal_Weight
25031,Overweight_Level_I
27787,Overweight_Level_II
27451,Obesity_Type_I
33068,Insufficient_Weight
31468,Obesity_Type_III
33882,Obesity_Type_II
29839,Overweight_Level_I
31467,Obesity_Type_II
33946,Insufficient_Weight
30466,Insufficient_Weight
21881,Overweight_Level_II
34041,Insufficient_Weight
29465,Insufficient_Weight
22519,Insufficient_Weight
32217,Obesity_Type_III
31225,Overweight_Level_II
25271,Obesity_Type_III
25660,Obesity_Type_III
33557,Obesity_Type_III
32184,Overweight_Level_II
34566,Obesity_Type_II
32357,Obesity_Type_II
28227,Overweight_Level_II
34168,Overweight_Level_I
28862,Insufficient_Weight
34439,Normal_Weight
29481,Obesity_Type_I
30626,Obesity_Type_II
33055,Overweight_Level_II
32777,Normal_Weight
25238,Normal_Weight
31507,Obesity_Type_I
27377,Insufficient_Weight
23602,Overweight_Level_II
27975,Obesity_Type_I
23601,Normal_Weight
22649,Overweight_Level_II
27666,Obesity_Type_II
22269,Insufficient_Weight
34051,Obesity_Type_I
23668,Insufficient_Weight
34030,Insufficient_Weight
33403,Normal_Weight
31340,Obesity_Type_III
29125,Obesity_Type_I
32596,Obesity_Type_II
28471,Obesity_Type_III
26356,Obesity_Type_I
31308,Obesity_Type_I
31726,Insufficient_Weight
27036,Obesity_Type_I
33885,Insufficient_Weight
33455,Insufficient_Weight
27321,Overweight_Level_I
21049,Overweight_Level_II
32276,Normal_Weight
25628,Overweight_Level_II
33663,Obesity_Type_I
25762,Obesity_Type_III
26648,Obesity_Type_III
32504,Overweight_Level_II
34248,Normal_Weight
29112,Obesity_Type_III
31992,Obesity_Type_III
33449,Obesity_Type_III
30611,Obesity_Type_III
22761,Obesity_Type_II
29802,Insufficient_Weight
23941,Obesity_Type_III
29153,Insufficient_Weight
26435,Obesity_Type_II
27492,Insufficient_Weight
30016,Normal_Weight
22833,Overweight_Level_II
27880,Overweight_Level_II
25883,Normal_Weight
23422,Obesity_Type_I
20999,Overweight_Level_II
21495,Obesity_Type_III
25100,Obesity_Type_I
29721,Obesity_Type_III
24053,Insufficient_Weight
32214,Obesity_Type_II
23359,Obesity_Type_III
21943,Normal_Weight
27759,Obesity_Type_III
26757,Insufficient_Weight
28035,Overweight_Level_I
26587,Normal_Weight
32369,Obesity_Type_II
21514,Normal_Weight
21444,Overweight_Level_II
34166,Normal_Weight
31425,Overweight_Level_I
31006,Obesity_Type_III
24002,Normal_Weight
26496,Overweight_Level_I
25188,Obesity_Type_III
22132,Overweight_Level_I
30178,Obesity_Type_II
29979,Obesity_Type_III
32252,Obesity_Type_I
21543,Overweight_Level_II
29311,Normal_Weight
33977,Obesity_Type_III
30895,Obesity_Type_I
24552,Obesity_Type_I
21652,Obesity_Type_I
31100,Insufficient_Weight
30203,Insufficient_Weight
22447,Overweight_Level_I
24666,Obesity_Type_III
25816,Overweight_Level_II
34093,Obesity_Type_II
33428,Overweight_Level_I
33630,Obesity_Type_II
27383,Overweight_Level_I
28374,Normal_Weight
29295,Obesity_Type_III
23566,Overweight_Level_I
28263,Overweight_Level_II
26420,Normal_Weight
33172,Overweight_Level_I
27199,Obesity_Type_I
33082,Overweight_Level_II
23309,Overweight_Level_II
31538,Insufficient_Weight
23050,Obesity_Type_III
31642,Obesity_Type_III
32748,Obesity_Type_II
24117,Obesity_Type_III
25830,Obesity_Type_II
29497,Obesity_Type_I
21823,Overweight_Level_I
21948,Obesity_Type_III
32628,Normal_Weight
24071,Obesity_Type_II
24048,Normal_Weight
32067,Obesity_Type_III
34410,Obesity_Type_I
34329,Overweight_Level_I
23503,Normal_Weight
23341,Obesity_Type_I
21382,Normal_Weight
30182,Insufficient_Weight
31427,Insufficient_Weight
22347,Obesity_Type_III
28801,Overweight_Level_I
21109,Obesity_Type_I
21540,Obesity_Type_II
27132,Obesity_Type_III
32713,Obesity_Type_I
24895,Insufficient_Weight
25132,Insufficient_Weight
25096,Normal_Weight
23823,Obesity_Type_III
25616,Obesity_Type_I
31278,Obesity_Type_III
25529,Obesity_Type_I
24673,Obesity_Type_III
27272,Insufficient_Weight
23363,Obesity_Type_I
22810,Obesity_Type_III
24936,Obesity_Type_I
32247,Obesity_Type_III
28083,Overweight_Level_II
23086,Obesity_Type_I
34522,Obesity_Type_I
24177,Normal_Weight
32055,Insufficient_Weight
22211,Obesity_Type_III
25191,Normal_Weight
28932,Insufficient_Weight
24468,Overweight_Level_II
25185,Insufficient_Weight
26936,Overweight_Level_I
28535,Overweight_Level_I
29519,Obesity_Type_I
34428,Obesity_Type_III
28640,Overweight_Level_II
23526,Obesity_Type_III
30506,Overweight_Level_II
22363,Overweight_Level_II
31080,Obesity_Type_I
24107,Obesity_Type_III
26731,Overweight_Level_II
34104,Overweight_Level_I
33660,Insufficient_Weight
27622,Obesity_Type_II
27345,Overweight_Level_II
25325,Obesity_Type_III
28076,Obesity_Type_I
21438,Normal_Weight
30191,Normal_Weight
28943,Obesity_Type_III
23046,Obesity_Type_I
22477,Insufficient_Weight
30619,Obesity_Type_III
24622,Normal_Weight
27121,Overweight_Level_II
28552,Normal_Weight
22193,Normal_Weight
30318,Obesity_Type_I
31070,Overweight_Level_I
27893,Normal_Weight
23335,Obesity_Type_II
29389,Overweight_Level_II
33748,Obesity_Type_III
22377,Obesity_Type_I
28885,Obesity_Type_I
27365,Overweight_Level_I
22677,Normal_Weight
26291,Obesity_Type_III
21196,Obesity_Type_III
22667,Overweight_Level_I
23090,Obesity_Type_II
30006,Obesity_Type_II
23767,Obesity_Type_I
30820,Normal_Weight
34196,Normal_Weight
33956,Obesity_Type_III
25028,Obesity_Type_I
29401,Normal_Weight
31966,Obesity_Type_III
28803,Insufficient_Weight
21953,Obesity_Type_III
22837,Insufficient_Weight
28225,Normal_Weight
31182,Obesity_Type_III
25129,Obesity_Type_II
33269,Normal_Weight
26706,Obesity_Type_III
30416,Insufficient_Weight
24824,Normal_Weight
32200,Obesity_Type_II
24091,Obesity_Type_II
23200,Obesity_Type_II
31823,Normal_Weight
30796,Obesity_Type_III
33468,Obesity_Type_II
28012,Overweight_Level_I
26722,Overweight_Level_I
24825,Obesity_Type_III
31724,Insufficient_Weight
26689,Insufficient_Weight
32754,Insufficient_Weight
30662,Overweight_Level_II
26979,Normal_Weight
27822,Obesity_Type_I
30845,Obesity_Type_II
22935,Overweight_Level_I
28590,Normal_Weight
31115,Overweight_Level_I
27809,Overweight_Level_I
31907,Obesity_Type_II
28205,Insufficient_Weight
26621,Obesity_Type_III
24197,Insufficient_Weight
26580,Overweight_Level_I
31223,Obesity_Type_I
25065,Obesity_Type_III
32900,Obesity_Type_I
22115,Insufficient_Weight
23030,Obesity_Type_I
27673,Obesity_Type_II
21455,Obesity_Type_II
21650,Overweight_Level_II
29711,Obesity_Type_II
33867,Overweight_Level_I
27200,Overweight_Level_I
23165,Overweight_Level_II
32760,Overweight_Level_II
28063,Insufficient_Weight
30298,Obesity_Type_I
25295,Overweight_Level_I
21033,Obesity_Type_I
21796,Obesity_Type_III
32786,Overweight_Level_I
21019,Insufficient_Weight
25169,Obesity_Type_I
23506,Obesity_Type_II
25157,Overweight_Level_II
27798,Normal_Weight
22897,Insufficient_Weight
23615,Normal_Weight
24065,Insufficient_Weight
28962,Normal_Weight
22606,Insufficient_Weight
28897,Obesity_Type_I
24092,Obesity_Type_II
23177,Overweight_Level_II
34211,Obesity_Type_II
31613,Normal_Weight
23887,Obesity_Type_II
31273,Obesity_Type_I
25643,Insufficient_Weight
28658,Obesity_Type_I
31136,Obesity_Type_III
22077,Obesity_Type_III
26913,Obesity_Type_II
25874,Obesity_Type_III
29361,Obesity_Type_III
29610,Obesity_Type_I
28089,Normal_Weight
33966,Obesity_Type_III
25465,Obesity_Type_II
27220,Overweight_Level_I
24958,Overweight_Level_I
29445,Obesity_Type_II
28192,Obesity_Type_I
22245,Obesity_Type_III
24914,Normal_Weight
27334,Insufficient_Weight
24449,Obesity_Type_II
24816,Overweight_Level_II
24944,Normal_Weight
25291,Obesity_Type_II
27767,Insufficient_Weight
28353,Overweight_Level_I
30059,Normal_Weight
29473,Normal_Weight
32551,Overweight_Level_II
23838,Obesity_Type_I
24600,Normal_Weight
29260,Obesity_Type_I
20886,Obesity_Type_I
30527,Overweight_Level_I
22409,Obesity_Type_III
29019,Overweight_Level_I
25634,Insufficient_Weight
32119,Obesity_Type_III
28621,Obesity_Type_III
28610,Obesity_Type_I
33518,Obesity_Type_II
21827,Overweight_Level_I
25711,Obesity_Type_I
22228,Obesity_Type_I
33024,Normal_Weight
22265,Normal_Weight
23222,Insufficient_Weight
27656,Obesity_Type_III
22232,Insufficient_Weight
26503,Obesity_Type_II
23395,Insufficient_Weight
33887,Obesity_Type_I
31829,Overweight_Level_I
28974,Normal_Weight
29174,Obesity_Type_II
20907,Obesity_Type_II
22510,Obesity_Type_I
27817,Obesity_Type_I
26703,Obesity_Type_III
22342,Overweight_Level_I
32338,Normal_Weight
25615,Overweight_Level_I
25363,Insufficient_Weight
30869,Overweight_Level_I
31930,Overweight_Level_I
31627,Obesity_Type_II
33718,Normal_Weight
31087,Normal_Weight
23775,Obesity_Type_III
32473,Obesity_Type_III
30753,Obesity_Type_II
32884,Obesity_Type_I
20839,Obesity_Type_II
21005,Overweight_Level_II
26955,Insufficient_Weight
28524,Insufficient_Weight
29932,Normal_Weight
21632,Obesity_Type_I
31249,Obesity_Type_II
34433,Obesity_Type_I
27370,Obesity_Type_II
32945,Insufficient_Weight
27163,Overweight_Level_I
26630,Obesity_Type_II
26732,Obesity_Type_II
25406,Overweight_Level_II
29917,Obesity_Type_I
25686,Overweight_Level_II
25665,Obesity_Type_I
22054,Overweight_Level_II
33810,Insufficient_Weight
24748,Obesity_Type_II
21600,Obesity_Type_III
32115,Obesity_Type_I
22113,Overweight_Level_II
29801,Obesity_Type_I
27584,Obesity_Type_II
30372,Obesity_Type_I
22556,Overweight_Level_I
23654,Obesity_Type_II
28831,Obesity_Type_III
25087,Overweight_Level_I
33746,Obesity_Type_I
27917,Normal_Weight
23078,Overweight_Level_I
32513,Obesity_Type_III
25987,Obesity_Type_III
27078,Obesity_Type_I
34144,Obesity_Type_II
24287,Obesity_Type_I
34426,Obesity_Type_II
32399,Overweight_Level_II
24021,Overweight_Level_II
23731,Overweight_Level_II
28268,Overweight_Level_I
29603,Normal_Weight
33461,Overweight_Level_I
26607,Overweight_Level_I
30456,Insufficient_Weight
32654,Normal_Weight
30377,Obesity_Type_II
25721,Obesity_Type_II
26229,Overweight_Level_II
21211,Obesity_Type_II
25308,Obesity_Type_II
22771,Obesity_Type_III
34066,Insufficient_Weight
23557,Insufficient_Weight
29460,Normal_Weight
27170,Overweight_Level_II
22841,Obesity_Type_II
28832,Obesity_Type_I
28529,Obesity_Type_III
24776,Obesity_Type_III
33520,Obesity_Type_III
34480,Obesity_Type_III
24731,Normal_Weight
34246,Overweight_Level_I
30879,Obesity_Type_I
34472,Normal_Weight
27978,Overweight_Level_II
26836,Obesity_Type_I
29346,Obesity_Type_I
27225,Overweight_Level_I
32379,Insufficient_Weight
28714,Overweight_Level_II
33249,Obesity_Type_I
27831,Obesity_Type_I
26033,Normal_Weight
28350,Obesity_Type_I
30364,Overweight_Level_I
25832,Obesity_Type_III
28266,Normal_Weight
27088,Overweight_Level_I
24664,Normal_Weight
31950,Obesity_Type_II
20944,Obesity_Type_I
30478,Normal_Weight
30806,Obesity_Type_I
23645,Insufficient_Weight
23190,Insufficient_Weight
28937,Normal_Weight
28945,Obesity_Type_I
29426,Insufficient_Weight
27953,Obesity_Type_II
27916,Insufficient_Weight
21523,Obesity_Type_III
21959,Normal_Weight
23972,Overweight_Level_II
26037,Obesity_Type_I
24403,Normal_Weight
25953,Normal_Weight
27708,Obesity_Type_III
26598,Obesity_Type_III
24897,Obesity_Type_III
21406,Obesity_Type_III
22451,Overweight_Level_I
24209,Obesity_Type_III
21808,Overweight_Level_II
29428,Overweight_Level_I
23181,Normal_Weight
23157,Insufficient_Weight
28429,Obesity_Type_II
26306,Obesity_Type_I
24626,Obesity_Type_II
34489,Obesity_Type_II
26022,Overweight_Level_I
33250,Obesity_Type_II
21401,Obesity_Type_II
21237,Insufficient_Weight
30115,Obesity_Type_III
32270,Insufficient_Weight
34314,Obesity_Type_III
24498,Overweight_Level_II
24360,Normal_Weight
31751,Normal_Weight
24009,Insufficient_Weight
30801,Insufficient_Weight
34357,Insufficient_Weight
22756,Normal_Weight
26894,Insufficient_Weight
30938,Obesity_Type_II
25263,Overweight_Level_II
28190,Normal_Weight
25757,Normal_Weight
34173,Obesity_Type_III
32929,Overweight_Level_II
24225,Overweight_Level_I
31817,Obesity_Type_III
29075,Obesity_Type_II
27546,Obesity_Type_III
24885,Normal_Weight
30073,Overweight_Level_I
31267,Normal_Weight
25477,Insufficient_Weight
29273,Insufficient_Weight
32635,Obesity_Type_III
26678,Obesity_Type_III
30316,Obesity_Type_I
23336,Obesity_Type_I
21112,Obesity_Type_II
32206,Overweight_Level_II
20764,Insufficient_Weight
24615,Obesity_Type_I
23289,Insufficient_Weight
28933,Insufficient_Weight
25810,Obesity_Type_III
24187,Overweight_Level_I
26031,Overweight_Level_I
33059,Obesity_Type_II
22096,Overweight_Level_II
30635,Obesity_Type_II
22623,Obesity_Type_II
21156,Obesity_Type_III
32758,Overweight_Level_II
28459,Obesity_Type_I
23721,Obesity_Type_III
26785,Obesity_Type_III
22999,Overweight_Level_II
25072,Overweight_Level_II
30727,Normal_Weight
31778,Obesity_Type_II
26085,Normal_Weight
22379,Obesity_Type_III
24493,Overweight_Level_II
28371,Obesity_Type_III
21828,Overweight_Level_II
29620,Overweight_Level_II
29071,Normal_Weight
34153,Overweight_Level_I
22821,Overweight_Level_II
23594,Obesity_Type_III
24920,Insufficient_Weight
28243,Obesity_Type_I
21757,Insufficient_Weight
24694,Obesity_Type_III
23303,Obesity_Type_I
20782,Overweight_Level_I
28004,Overweight_Level_I
24342,Obesity_Type_III
28508,Overweight_Level_I
22630,Obesity_Type_II
32857,Overweight_Level_II
23906,Obesity_Type_II
20947,Overweight_Level_I
24082,Overweight_Level_II
30322,Overweight_Level_I
28167,Normal_Weight
29511,Obesity_Type_III
24037,Obesity_Type_I
28963,Normal_Weight
26250,Normal_Weight
24328,Obesity_Type_I
26547,Overweight_Level_II
33176,Obesity_Type_I
29444,Normal_Weight
32495,Obesity_Type_III
25141,Obesity_Type_II
32603,Overweight_Level_II
22057,Obesity_Type_II
26964,Obesity_Type_II
21848,Obesity_Type_III
30853,Obesity_Type_III
22436,Overweight_Level_II
26873,Normal_Weight
25107,Obesity_Type_III
23069,Normal_Weight
21965,Obesity_Type_I
33755,Insufficient_Weight
30555,Normal_Weight
33555,Obesity_Type_II
29666,Overweight_Level_II
22405,Obesity_Type_I
28422,Overweight_Level_II
24686,Obesity_Type_II
32632,Overweight_Level_I
29696,Overweight_Level_II
26466,Obesity_Type_III
21306,Obesity_Type_II
23784,Overweight_Level_I
27976,Obesity_Type_I
30885,Overweight_Level_I
32404,Obesity_Type_III
29037,Normal_Weight
20843,Obesity_Type_III
24506,Overweight_Level_II
25103,Obesity_Type_III
25402,Obesity_Type_III
21182,Insufficient_Weight
25986,Obesity_Type_III
26852,Insufficient_Weight
28295,Obesity_Type_I
34430,Obesity_Type_III
29523,Obesity_Type_I
25765,Obesity_Type_III
29094,Overweight_Level_I
29245,Obesity_Type_I
30878,Obesity_Type_I
26148,Overweight_Level_II
27616,Obesity_Type_I
25341,Overweight_Level_II
21119,Obesity_Type_I
29780,Overweight_Level_I
23186,Normal_Weight
30545,Insufficient_Weight
22482,Insufficient_Weight
29949,Obesity_Type_II
28101,Obesity_Type_III
33712,Obesity_Type_III
27819,Overweight_Level_II
33832,Obesity_Type_III
25331,Obesity_Type_I
22674,Obesity_Type_II
21058,Normal_Weight
28833,Obesity_Type_II
34233,Obesity_Type_III
22546,Insufficient_Weight
26551,Obesity_Type_II
21171,Normal_Weight
32257,Normal_Weight
27678,Obesity_Type_I
27564,Normal_Weight
22320,Obesity_Type_III
28634,Obesity_Type_III
33025,Obesity_Type_III
29515,Obesity_Type_III
32878,Obesity_Type_III
21381,Obesity_Type_III
26575,Normal_Weight
32308,Insufficient_Weight
24279,Normal_Weight
29602,Overweight_Level_II
25779,Obesity_Type_III
32465,Obesity_Type_III
34135,Overweight_Level_I
33243,Obesity_Type_III
21821,Overweight_Level_I
25114,Normal_Weight
31473,Normal_Weight
30404,Obesity_Type_I
26863,Insufficient_Weight
29600,Obesity_Type_I
28709,Obesity_Type_III
32624,Overweight_Level_I
27663,Obesity_Type_III
30481,Overweight_Level_II
32192,Overweight_Level_I
32440,Overweight_Level_II
26217,Obesity_Type_II
24361,Overweight_Level_I
30992,Obesity_Type_III
26340,Obesity_Type_III
21870,Obesity_Type_I
27438,Obesity_Type_I
23166,Overweight_Level_I
29472,Obesity_Type_I
34588,Obesity_Type_I
28767,Overweight_Level_I
28315,Obesity_Type_III
29836,Insufficient_Weight
22392,Normal_Weight
22431,Overweight_Level_II
21801,Obesity_Type_II
28760,Obesity_Type_III
20760,Obesity_Type_III
31675,Overweight_Level_II
27043,Insufficient_Weight
33715,Overweight_Level_II
21908,Obesity_Type_II
26103,Obesity_Type_III
33995,Overweight_Level_I
28851,Insufficient_Weight
21874,Insufficient_Weight
23235,Overweight_Level_II
26043,Obesity_Type_III
34150,Insufficient_Weight
30985,Obesity_Type_I
30116,Obesity_Type_II
27229,Obesity_Type_I
29008,Obesity_Type_III
29865,Insufficient_Weight
24613,Overweight_Level_II
29956,Obesity_Type_I
32687,Obesity_Type_III
31592,Obesity_Type_II
33836,Overweight_Level_I
28695,Obesity_Type_III
28158,Obesity_Type_III
30858,Obesity_Type_I
30976,Obesity_Type_II
28425,Obesity_Type_I
30344,Obesity_Type_II
30452,Obesity_Type_II
26601,Obesity_Type_III
22727,Obesity_Type_III
27033,Obesity_Type_II
34496,Obesity_Type_III
31159,Obesity_Type_III
26170,Obesity_Type_I
29279,Obesity_Type_III
29350,Obesity_Type_I
20763,Insufficient_Weight
22330,Overweight_Level_I
30689,Normal_Weight
25249,Normal_Weight
31995,Obesity_Type_III
23806,Obesity_Type_II
28568,Obesity_Type_II
25373,Overweight_Level_II
23183,Obesity_Type_I
32009,Normal_Weight
30692,Obesity_Type_III
24508,Overweight_Level_II
28426,Obesity_Type_II
31045,Obesity_Type_I
23119,Obesity_Type_III
31138,Normal_Weight
24389,Obesity_Type_I
31643,Obesity_Type_II
24939,Obesity_Type_I
34063,Insufficient_Weight
29054,Normal_Weight
25549,Obesity_Type_III
25287,Obesity_Type_I
29795,Overweight_Level_I
21099,Normal_Weight
20898,Obesity_Type_III
28182,Normal_Weight
32394,Obesity_Type_II
26884,Insufficient_Weight
26444,Obesity_Type_II
28704,Overweight_Level_II
26536,Obesity_Type_III
33511,Insufficient_Weight
20826,Obesity_Type_II
24123,Obesity_Type_III
34431,Obesity_Type_I
29693,Overweight_Level_II
34086,Obesity_Type_III
29434,Obesity_Type_III
33831,Normal_Weight
27661,Obesity_Type_I
27143,Insufficient_Weight
30336,Obesity_Type_III
21859,Obesity_Type_III
27149,Obesity_Type_I
33551,Normal_Weight
25738,Overweight_Level_I
33451,Insufficient_Weight
34221,Overweight_Level_I
28497,Normal_Weight
29060,Overweight_Level_I
27066,Insufficient_Weight
23940,Overweight_Level_II
32780,Obesity_Type_I
20876,Obesity_Type_III
34226,Obesity_Type_II
29546,Overweight_Level_I
31369,Obesity_Type_II
27619,Overweight_Level_I
21760,Obesity_Type_III
21039,Obesity_Type_III
30007,Overweight_Level_I
26407,Obesity_Type_I
31170,Overweight_Level_I
32627,Obesity_Type_II
23277,Obesity_Type_III
29331,Obesity_Type_I
23262,Obesity_Type_II
30494,Obesity_Type_I
29193,Overweight_Level_I
27590,Obesity_Type_III
28186,Overweight_Level_I
29943,Obesity_Type_III
29204,Overweight_Level_II
25717,Insufficient_Weight
22698,Normal_Weight
26235,Overweight_Level_I
31081,Overweight_Level_I
25995,Insufficient_Weight
29099,Obesity_Type_I
31475,Overweight_Level_II
21633,Obesity_Type_II
23017,Overweight_Level_I
23073,Obesity_Type_III
29394,Obesity_Type_II
27459,Normal_Weight
33413,Overweight_Level_II
25252,Obesity_Type_I
29010,Obesity_Type_I
34286,Obesity_Type_III
30241,Overweight_Level_II
34574,Obesity_Type_III
32479,Obesity_Type_I
29974,Overweight_Level_II
22010,Obesity_Type_II
32894,Normal_Weight
33416,Normal_Weight
32598,Insufficient_Weight
28399,Overweight_Level_I
33056,Insufficient_Weight
25630,Overweight_Level_I
27737,Obesity_Type_III
24434,Obesity_Type_II
21060,Obesity_Type_I
25277,Obesity_Type_I
22713,Overweight_Level_I
31587,Normal_Weight
33521,Insufficient_Weight
21660,Overweight_Level_II
20916,Normal_Weight
21688,Obesity_Type_II
30033,Normal_Weight
26411,Obesity_Type_III
32389,Normal_Weight
33549,Normal_Weight
21822,Overweight_Level_II
24325,Obesity_Type_II
21147,Obesity_Type_III
31244,Overweight_Level_I
23950,Obesity_Type_II
28094,Insufficient_Weight
23921,Obesity_Type_III
31715,Overweight_Level_II
30317,Insufficient_Weight
32944,Insufficient_Weight
26427,Obesity_Type_I
23075,Overweight_Level_II
32147,Overweight_Level_I
20846,Normal_Weight
23248,Obesity_Type_II
23856,Overweight_Level_II
26263,Obesity_Type_II
25231,Insufficient_Weight
34575,Overweight_Level_I
22301,Insufficient_Weight
32195,Obesity_Type_I
27030,Overweight_Level_I
30668,Obesity_Type_III
26674,Obesity_Type_III
33684,Insufficient_Weight
32370,Obesity_Type_I
30769,Obesity_Type_III
30122,Obesity_Type_III
25546,Obesity_Type_II
34518,Obesity_Type_I
22799,Obesity_Type_III
31601,Insufficient_Weight
23957,Insufficient_Weight
33749,Obesity_Type_II
21941,Normal_Weight
23607,Obesity_Type_II
29221,Obesity_Type_III
25554,Overweight_Level_I
32497,Obesity_Type_III
27828,Obesity_Type_III
27224,Obesity_Type_I
20770,Obesity_Type_III
30785,Normal_Weight
22760,Overweight_Level_I
33540,Overweight_Level_II
30951,Obesity_Type_III
21685,Overweight_Level_II
34463,Obesity_Type_I
27138,Obesity_Type_I
25389,Insufficient_Weight
23022,Obesity_Type_III
22884,Obesity_Type_III
21276,Obesity_Type_II
22558,Insufficient_Weight
22579,Overweight_Level_II
30186,Obesity_Type_III
27811,Obesity_Type_III
28944,Obesity_Type_II
21283,Obesity_Type_II
26746,Overweight_Level_I
23196,Obesity_Type_III
30923,Obesity_Type_I
31558,Obesity_Type_III
24297,Normal_Weight
33114,Insufficient_Weight
34249,Overweight_Level_I
27015,Normal_Weight
22927,Obesity_Type_III
33434,Normal_Weight
21077,Obesity_Type_I
30519,Overweight_Level_II
22734,Overweight_Level_II
20918,Obesity_Type_II
25896,Obesity_Type_I
21368,Obesity_Type_I
23617,Overweight_Level_II
23461,Obesity_Type_III
30446,Overweight_Level_II
25250,Obesity_Type_I
30620,Obesity_Type_I
21249,Obesity_Type_I
22129,Obesity_Type_I
33044,Obesity_Type_III
23412,Normal_Weight
32141,Normal_Weight
20820,Obesity_Type_II
30405,Insufficient_Weight
31175,Obesity_Type_II
29939,Obesity_Type_II
29093,Obesity_Type_III
28033,Overweight_Level_II
26626,Overweight_Level_II
33110,Obesity_Type_II
33621,Obesity_Type_II
22294,Obesity_Type_II
33873,Obesity_Type_I
26537,Overweight_Level_I
23312,Obesity_Type_II
26960,Insufficient_Weight
34384,Normal_Weight
32912,Overweight_Level_I
25928,Obesity_Type_II
30056,Obesity_Type_III
26603,Overweight_Level_I
23267,Overweight_Level_II
24617,Obesity_Type_II
21552,Normal_Weight
29324,Obesity_Type_I
28470,Overweight_Level_II
29314,Normal_Weight
29791,Obesity_Type_III
29845,Normal_Weight
32091,Obesity_Type_II
32595,Normal_Weight
22072,Normal_Weight
23946,Obesity_Type_I
28302,Obesity_Type_III
27186,Normal_Weight
33339,Insufficient_Weight
32053,Obesity_Type_I
22792,Obesity_Type_III
24929,Overweight_Level_I
21465,Obesity_Type_I
22665,Obesity_Type_II
31741,Obesity_Type_III
32862,Overweight_Level_I
21364,Obesity_Type_III
28406,Obesity_Type_III
26195,Overweight_Level_II
23826,Insufficient_Weight
20951,Obesity_Type_I
24435,Normal_Weight
25429,Obesity_Type_III
30990,Normal_Weight
22730,Overweight_Level_I
33581,Obesity_Type_I
29457,Overweight_Level_II
25999,Normal_Weight
30842,Obesity_Type_II
33227,Insufficient_Weight
27381,Obesity_Type_I
29065,Obesity_Type_III
33108,Obesity_Type_I
32648,Obesity_Type_I
30639,Obesity_Type_I
21284,Obesity_Type_III
22476,Obesity_Type_III
27761,Normal_Weight
32400,Obesity_Type_II
28624,Obesity_Type_III
29195,Obesity_Type_III
24705,Obesity_Type_III
28173,Obesity_Type_III
24578,Obesity_Type_III
27387,Overweight_Level_I
30907,Overweight_Level_II
24975,Obesity_Type_III
27101,Obesity_Type_I
22883,Obesity_Type_I
23205,Obesity_Type_II
33731,Overweight_Level_II
22450,Obesity_Type_III
28453,Obesity_Type_III
21884,Obesity_Type_III
21998,Insufficient_Weight
32693,Obesity_Type_III
31522,Normal_Weight
29104,Insufficient_Weight
22587,Overweight_Level_II
29366,Obesity_Type_I
26498,Overweight_Level_I
29582,Obesity_Type_I
32854,Obesity_Type_III
25857,Obesity_Type_II
21606,Insufficient_Weight
30520,Obesity_Type_I
33318,Overweight_Level_II
26060,Obesity_Type_I
29635,Insufficient_Weight
25395,Obesity_Type_III
26563,Obesity_Type_I
27662,Overweight_Level_I
20830,Obesity_Type_II
30201,Overweight_Level_II
30736,Normal_Weight
24665,Insufficient_Weight
31199,Obesity_Type_I
33504,Normal_Weight
22171,Obesity_Type_III
30954,Normal_Weight
31132,Obesity_Type_III
29641,Obesity_Type_I
33827,Overweight_Level_II
25368,Overweight_Level_I
27785,Obesity_Type_I
26102,Obesity_Type_II
25728,Overweight_Level_II
23056,Obesity_Type_III
22509,Obesity_Type_II
22056,Normal_Weight
23171,Obesity_Type_I
32349,Obesity_Type_III
32297,Obesity_Type_III
31786,Obesity_Type_III
32889,Obesity_Type_III
27382,Insufficient_Weight
29855,Obesity_Type_III
34046,Obesity_Type_II
23001,Normal_Weight
33626,Normal_Weight
27325,Obesity_Type_I
27964,Obesity_Type_II
28828,Obesity_Type_III
34140,Insufficient_Weight
23307,Obesity_Type_II
27739,Overweight_Level_II
20824,Normal_Weight
29658,Obesity_Type_I
33219,Obesity_Type_I
26924,Overweight_Level_II
29158,Insufficient_Weight
25071,Overweight_Level_II
31491,Obesity_Type_III
21433,Overweight_Level_II
26667,Obesity_Type_III
24720,Obesity_Type_I
32770,Insufficient_Weight
27834,Obesity_Type_III
31573,Obesity_Type_II
30402,Obesity_Type_II
28622,Obesity_Type_I
33011,Insufficient_Weight
25538,Normal_Weight
21469,Obesity_Type_III
28162,Obesity_Type_I
34185,Obesity_Type_III
34502,Normal_Weight
21799,Obesity_Type_II
22533,Obesity_Type_III
22031,Obesity_Type_III
24525,Obesity_Type_III
25959,Overweight_Level_II
29823,Obesity_Type_III
27231,Overweight_Level_I
23026,Obesity_Type_I
31154,Overweight_Level_I
31687,Overweight_Level_II
30500,Obesity_Type_II
25514,Obesity_Type_III
34302,Overweight_Level_I
21008,Overweight_Level_II
26413,Overweight_Level_I
31069,Obesity_Type_I
20835,Obesity_Type_I
23469,Obesity_Type_III
26381,Obesity_Type_III
21966,Overweight_Level_II
25735,Overweight_Level_I
27052,Obesity_Type_I
28042,Insufficient_Weight
28060,Obesity_Type_III
28766,Obesity_Type_III
29113,Obesity_Type_III
30269,Normal_Weight
25521,Obesity_Type_I
24073,Insufficient_Weight
26219,Overweight_Level_I
24232,Obesity_Type_III
33162,Overweight_Level_II
31281,Obesity_Type_II
21145,Insufficient_Weight
22138,Normal_Weight
30398,Obesity_Type_II
20821,Obesity_Type_II
31089,Normal_Weight
25201,Obesity_Type_II
24745,Obesity_Type_II
26605,Overweight_Level_I
24045,Overweight_Level_I
25965,Overweight_Level_II
24545,Overweight_Level_II
31744,Overweight_Level_II
24157,Obesity_Type_I
29895,Normal_Weight
32666,Normal_Weight
33085,Overweight_Level_II
24226,Obesity_Type_III
24559,Obesity_Type_III
21972,Overweight_Level_I
33481,Insufficient_Weight
23176,Obesity_Type_II
22575,Insufficient_Weight
33826,Obesity_Type_II
31828,Obesity_Type_III
33223,Obesity_Type_I
31432,Insufficient_Weight
22259,Overweight_Level_I
28589,Obesity_Type_II
22862,Obesity_Type_I
33983,Insufficient_Weight
23716,Obesity_Type_III
25511,Overweight_Level_I
33094,Insufficient_Weight
25803,Overweight_Level_II
29458,Normal_Weight
22513,Overweight_Level_I
33994,Overweight_Level_II
32954,Normal_Weight
23112,Overweight_Level_II
25661,Insufficient_Weight
30312,Obesity_Type_I
23488,Obesity_Type_III
22264,Overweight_Level_II
24834,Overweight_Level_I
28522,Obesity_Type_II
28543,Obesity_Type_III
20859,Obesity_Type_III
26661,Obesity_Type_II
21371,Obesity_Type_III
30642,Obesity_Type_II
29700,Overweight_Level_II
25557,Obesity_Type_II
34449,Normal_Weight
26908,Normal_Weight
32266,Obesity_Type_I
32803,Obesity_Type_I
24278,Obesity_Type_I
26742,Obesity_Type_I
33484,Obesity_Type_III
32688,Obesity_Type_II
23783,Obesity_Type_I
29743,Overweight_Level_II
29957,Obesity_Type_I
25416,Normal_Weight
27973,Obesity_Type_II
33467,Insufficient_Weight
30609,Overweight_Level_II
22748,Obesity_Type_II
21011,Normal_Weight
29847,Obesity_Type_III
32575,Normal_Weight
23282,Overweight_Level_II
25702,Obesity_Type_III
31292,Obesity_Type_III
31773,Obesity_Type_I
28360,Insufficient_Weight
30605,Overweight_Level_II
30194,Obesity_Type_II
27400,Overweight_Level_I
31889,Normal_Weight
22177,Obesity_Type_III
27350,Overweight_Level_I
29556,Obesity_Type_III
24345,Obesity_Type_II
24584,Obesity_Type_I
26017,Obesity_Type_I
24538,Obesity_Type_II
28319,Insufficient_Weight
24119,Overweight_Level_II
31146,Overweight_Level_I
23049,Normal_Weight
30906,Normal_Weight
30192,Obesity_Type_I
24536,Obesity_Type_II
26501,Overweight_Level_I
30475,Obesity_Type_II
26568,Insufficient_Weight
22951,Insufficient_Weight
23706,Normal_Weight
33795,Obesity_Type_II
30414,Obesity_Type_II
33637,Overweight_Level_II
22784,Obesity_Type_III
27783,Obesity_Type_I
24444,Overweight_Level_I
28513,Obesity_Type_I
23127,Insufficient_Weight
23293,Normal_Weight
22272,Obesity_Type_II
27645,Insufficient_Weight
27627,Obesity_Type_I
34540,Normal_Weight
30802,Obesity_Type_III
30967,Obesity_Type_II
28656,Obesity_Type_II
31335,Overweight_Level_II
28200,Obesity_Type_III
29883,Overweight_Level_II
25298,Obesity_Type_III
30644,Obesity_Type_III
23301,Normal_Weight
24263,Insufficient_Weight
29364,Insufficient_Weight
21391,Obesity_Type_III
24656,Obesity_Type_II
28577,Obesity_Type_III
26915,Obesity_Type_I
30565,Overweight_Level_I
25479,Normal_Weight
28423,Insufficient_Weight
34527,Insufficient_Weight
33789,Insufficient_Weight
23225,Obesity_Type_III
31438,Obesity_Type_III
26934,Obesity_Type_II
21389,Overweight_Level_II
26144,Obesity_Type_I
21915,Obesity_Type_III
23131,Obesity_Type_I
21793,Overweight_Level_II
26546,Normal_Weight
21702,Obesity_Type_III
30899,Obesity_Type_III
31669,Obesity_Type_III
30031,Obesity_Type_III
28606,Normal_Weight
23763,Overweight_Level_II
26186,Overweight_Level_I
27830,Insufficient_Weight
25985,Obesity_Type_III
24272,Normal_Weight
23345,Insufficient_Weight
33642,Obesity_Type_II
34473,Insufficient_Weight
20911,Obesity_Type_III
22706,Obesity_Type_II
26166,Obesity_Type_III
27582,Overweight_Level_II
31577,Obesity_Type_I
28626,Obesity_Type_II
24915,Obesity_Type_III
32772,Normal_Weight
34583,Obesity_Type_II
29632,Obesity_Type_I
29278,Obesity_Type_I
33384,Obesity_Type_III
22851,Overweight_Level_II
29579,Obesity_Type_I
29207,Obesity_Type_II
23234,Obesity_Type_I
29192,Obesity_Type_III
25852,Overweight_Level_II
26344,Normal_Weight
32354,Obesity_Type_II
32516,Obesity_Type_III
24350,Obesity_Type_I
28793,Obesity_Type_I
28510,Normal_Weight
33503,Insufficient_Weight
25155,Obesity_Type_III
22903,Insufficient_Weight
28369,Overweight_Level_II
22339,Obesity_Type_III
21224,Obesity_Type_III
21634,Obesity_Type_II
33292,Insufficient_Weight
27692,Normal_Weight
32101,Insufficient_Weight
33575,Overweight_Level_I
34264,Overweight_Level_II
21384,Insufficient_Weight
34230,Overweight_Level_I
27167,Normal_Weight
33757,Insufficient_Weight
31191,Obesity_Type_I
31549,Insufficient_Weight
34548,Overweight_Level_I
21535,Obesity_Type_III
30314,Obesity_Type_II
25082,Obesity_Type_III
23626,Overweight_Level_II
32806,Normal_Weight
31617,Normal_Weight
30084,Overweight_Level_II
21867,Obesity_Type_II
29662,Obesity_Type_III
25005,Obesity_Type_I
24653,Insufficient_Weight
32106,Obesity_Type_II
24040,Obesity_Type_II
26880,Obesity_Type_I
31265,Insufficient_Weight
22859,Overweight_Level_II
25203,Obesity_Type_I
27219,Obesity_Type_III
33951,Insufficient_Weight
26773,Insufficient_Weight
29796,Normal_Weight
32580,Insufficient_Weight
31941,Overweight_Level_II
21250,Obesity_Type_I
27266,Obesity_Type_I
28979,Insufficient_Weight
24743,Obesity_Type_II
25180,Obesity_Type_III
32371,Obesity_Type_II
29017,Insufficient_Weight
21977,Obesity_Type_I
27480,Normal_Weight
30009,Overweight_Level_I
21035,Overweight_Level_I
26258,Normal_Weight
24558,Overweight_Level_I
29807,Normal_Weight
25617,Insufficient_Weight
31125,Overweight_Level_I
22676,Obesity_Type_II
29319,Overweight_Level_II
29179,Insufficient_Weight
31822,Obesity_Type_III
24146,Obesity_Type_II
29157,Obesity_Type_III
21383,Obesity_Type_I
25136,Insufficient_Weight
29539,Obesity_Type_I
31384,Normal_Weight
28732,Obesity_Type_II
28726,Normal_Weight
31557,Overweight_Level_II
31895,Obesity_Type_II
27612,Overweight_Level_I
22295,Overweight_Level_II
27823,Overweight_Level_II
29714,Overweight_Level_I
31734,Normal_Weight
21752,Obesity_Type_III
23128,Obesity_Type_III
23793,Insufficient_Weight
26443,Normal_Weight
26730,Overweight_Level_II
26201,Obesity_Type_II
31638,Overweight_Level_II
27861,Obesity_Type_III
25133,Obesity_Type_I
25370,Overweight_Level_I
30235,Insufficient_Weight
33240,Obesity_Type_II
32398,Obesity_Type_III
28580,Obesity_Type_II
25293,Insufficient_Weight
28084,Overweight_Level_II
29399,Overweight_Level_I
29258,Obesity_Type_III
23466,Overweight_Level_I
24096,Insufficient_Weight
24780,Obesity_Type_I
22281,Obesity_Type_II
33182,Insufficient_Weight
25703,Obesity_Type_III
27865,Obesity_Type_I
31611,Obesity_Type_III
27020,Obesity_Type_I
26025,Overweight_Level_I
25863,Insufficient_Weight
27933,Obesity_Type_III
25352,Overweight_Level_I
31060,Obesity_Type_II
27750,Obesity_Type_II
29710,Normal_Weight
29835,Overweight_Level_I
24363,Obesity_Type_II
32410,Obesity_Type_I
33643,Insufficient_Weight
32996,Insufficient_Weight
34300,Obesity_Type_III
28441,Obesity_Type_I
29703,Obesity_Type_II
21308,Insufficient_Weight
28816,Overweight_Level_I
33419,Overweight_Level_II
24008,Overweight_Level_II
24020,Obesity_Type_II
27573,Obesity_Type_I
28861,Overweight_Level_I
23895,Overweight_Level_I
27731,Obesity_Type_II
21280,Normal_Weight
24724,Normal_Weight
29456,Normal_Weight
29627,Insufficient_Weight
30817,Overweight_Level_II
28947,Insufficient_Weight
24266,Normal_Weight
32227,Obesity_Type_III
29612,Overweight_Level_II
21663,Obesity_Type_II
29012,Obesity_Type_I
30207,Overweight_Level_I
31770,Overweight_Level_II
20928,Obesity_Type_I
31417,Insufficient_Weight
31165,Normal_Weight
28313,Overweight_Level_II
27684,Overweight_Level_I
27146,Overweight_Level_II
32065,Obesity_Type_III
29866,Insufficient_Weight
27455,Overweight_Level_II
29196,Obesity_Type_II
27472,Overweight_Level_II
28712,Obesity_Type_III
22440,Insufficient_Weight
22683,Obesity_Type_III
24083,Overweight_Level_I
32681,Normal_Weight
25656,Obesity_Type_III
28968,Overweight_Level_I
30258,Obesity_Type_III
22468,Normal_Weight
23797,Insufficient_Weight
34060,Insufficient_Weight
21735,Overweight_Level_II
31963,Obesity_Type_I
29159,Obesity_Type_III
33308,Obesity_Type_III
32107,Obesity_Type_III
21722,Obesity_Type_I
33972,Obesity_Type_III
26782,Obesity_Type_III
21962,Obesity_Type_III
22634,Insufficient_Weight
27414,Obesity_Type_III
21640,Insufficient_Weight
29513,Overweight_Level_II
22399,Normal_Weight
31663,Obesity_Type_I
25198,Insufficient_Weight
31025,Insufficient_Weight
21020,Obesity_Type_III
29894,Obesity_Type_III
31609,Obesity_Type_III
22231,Obesity_Type_III
27192,Obesity_Type_III
24253,Normal_Weight
34524,Obesity_Type_I
25518,Obesity_Type_III
30852,Obesity_Type_III
26018,Obesity_Type_II
23442,Normal_Weight
25942,Insufficient_Weight
34217,Obesity_Type_III
33959,Normal_Weight
22164,Insufficient_Weight
30098,Insufficient_Weight
22008,Obesity_Type_II
32146,Insufficient_Weight
29848,Obesity_Type_I
28011,Obesity_Type_II
26983,Obesity_Type_II
25592,Obesity_Type_I
32744,Obesity_Type_III
25415,Obesity_Type_III
26419,Insufficient_Weight
22045,Normal_Weight
28735,Obesity_Type_III
23880,Obesity_Type_III
32323,Obesity_Type_I
33988,Obesity_Type_I
33078,Obesity_Type_II
25339,Normal_Weight
29983,Insufficient_Weight
28188,Normal_Weight
23693,Obesity_Type_III
23609,Insufficient_Weight
25121,Overweight_Level_II
27940,Overweight_Level_II
23546,Normal_Weight
25805,Normal_Weight
27428,Obesity_Type_I
24043,Obesity_Type_I
26851,Obesity_Type_II
30890,Overweight_Level_I
33838,Insufficient_Weight
31723,Overweight_Level_I
26400,Obesity_Type_III
22908,Overweight_Level_II
27576,Obesity_Type_II
27169,Obesity_Type_I
30332,Normal_Weight
26516,Obesity_Type_II
24722,Insufficient_Weight
28857,Normal_Weight
21522,Overweight_Level_II
23057,Obesity_Type_III
26297,Overweight_Level_I
31806,Obesity_Type_I
27041,Normal_Weight
26385,Overweight_Level_II
25609,Normal_Weight
28185,Overweight_Level_I
22544,Overweight_Level_II
33258,Obesity_Type_II
27343,Obesity_Type_I
22685,Overweight_Level_II
30841,Obesity_Type_I
28143,Overweight_Level_II
30981,Normal_Weight
31142,Obesity_Type_III
24501,Obesity_Type_III
29621,Obesity_Type_I
24894,Obesity_Type_III
31619,Obesity_Type_II
22938,Insufficient_Weight
33577,Obesity_Type_II
33645,Insufficient_Weight
33926,Obesity_Type_I
28335,Obesity_Type_I
27614,Obesity_Type_I
23914,Overweight_Level_I
28544,Overweight_Level_I
31299,Insufficient_Weight
23922,Normal_Weight
23381,Obesity_Type_I
25673,Obesity_Type_II
26679,Overweight_Level_II
24199,Normal_Weight
24608,Overweight_Level_II
28183,Normal_Weight
22093,Obesity_Type_I
23091,Normal_Weight
21970,Insufficient_Weight
27782,Obesity_Type_III
33798,Overweight_Level_II
33668,Insufficient_Weight
30956,Obesity_Type_II
25968,Obesity_Type_II
24992,Obesity_Type_III
29412,Obesity_Type_II
24826,Obesity_Type_III
23649,Insufficient_Weight
29138,Normal_Weight
31213,Obesity_Type_I
32037,Obesity_Type_I
21140,Normal_Weight
22515,Obesity_Type_III
23007,Overweight_Level_II
23079,Overweight_Level_I
23097,Obesity_Type_II
30745,Obesity_Type_III
30243,Overweight_Level_II
31091,Obesity_Type_I
26323,Obesity_Type_II
34312,Overweight_Level_II
22490,Obesity_Type_II
27836,Obesity_Type_II
22860,Normal_Weight
21618,Obesity_Type_II
30912,Obesity_Type_I
31844,Obesity_Type_I
22700,Obesity_Type_III
23664,Insufficient_Weight
29212,Obesity_Type_II
27902,Obesity_Type_III
30615,Obesity_Type_II
29403,Obesity_Type_III
26499,Obesity_Type_I
26877,Overweight_Level_I
25187,Insufficient_Weight
26110,Overweight_Level_II
23639,Overweight_Level_I
31079,Overweight_Level_II
26743,Obesity_Type_II
29869,Obesity_Type_III
32496,Obesity_Type_III
21361,Overweight_Level_II
31544,Obesity_Type_I
25993,Overweight_Level_I
22387,Obesity_Type_I
33844,Obesity_Type_III
21631,Insufficient_Weight
32677,Normal_Weight
28681,Obesity_Type_III
30892,Insufficient_Weight
30223,Insufficient_Weight
26183,Normal_Weight
25476,Overweight_Level_I
32866,Obesity_Type_II
31096,Normal_Weight
27948,Obesity_Type_III
26064,Normal_Weight
28526,Overweight_Level_II
26911,Obesity_Type_II
34385,Obesity_Type_III
28641,Normal_Weight
25900,Overweight_Level_II
30079,Obesity_Type_I
28016,Normal_Weight
28409,Overweight_Level_I
26204,Obesity_Type_I
23404,Obesity_Type_II
27361,Overweight_Level_I
34459,Insufficient_Weight
32095,Obesity_Type_I
21627,Obesity_Type_II
30776,Insufficient_Weight
21574,Obesity_Type_II
31050,Obesity_Type_III
32071,Overweight_Level_II
23855,Overweight_Level_II
20771,Obesity_Type_I
22344,Overweight_Level_I
28755,Normal_Weight
29537,Obesity_Type_II
33962,Overweight_Level_I
27153,Insufficient_Weight
27270,Overweight_Level_I
26872,Obesity_Type_I
32103,Obesity_Type_III
33367,Overweight_Level_I
27218,Obesity_Type_III
28385,Overweight_Level_II
26368,Obesity_Type_I
30612,Obesity_Type_III
28007,Obesity_Type_I
22334,Insufficient_Weight
31760,Insufficient_Weight
30889,Overweight_Level_II
26041,Obesity_Type_I
23667,Obesity_Type_II
30724,Overweight_Level_II
26472,Obesity_Type_III
31445,Obesity_Type_II
22532,Obesity_Type_II
28748,Obesity_Type_III
25469,Obesity_Type_II
29758,Overweight_Level_I
28903,Obesity_Type_I
22464,Obesity_Type_II
20884,Obesity_Type_I
33130,Obesity_Type_III
25806,Normal_Weight
30513,Obesity_Type_I
23365,Overweight_Level_I
32406,Normal_Weight
32017,Obesity_Type_II
29404,Obesity_Type_II
33169,Overweight_Level_II
34183,Overweight_Level_I
28234,Obesity_Type_II
24284,Obesity_Type_III
33230,Insufficient_Weight
22877,Obesity_Type_III
29821,Overweight_Level_II
22764,Normal_Weight
30325,Obesity_Type_III
33775,Normal_Weight
27781,Insufficient_Weight
21285,Obesity_Type_I
25083,Overweight_Level_I
21795,Normal_Weight
25436,Obesity_Type_III
34247,Obesity_Type_III
23373,Overweight_Level_II
25417,Normal_Weight
23825,Insufficient_Weight
28027,Normal_Weight
25943,Insufficient_Weight
26747,Insufficient_Weight
23147,Normal_Weight
25895,Overweight_Level_I
22684,Obesity_Type_III
25360,Insufficient_Weight
27449,Normal_Weight
34455,Obesity_Type_I
32445,Normal_Weight
24072,Overweight_Level_II
26989,Overweight_Level_II
34170,Overweight_Level_II
29110,Overweight_Level_II
30789,Obesity_Type_I
33860,Obesity_Type_I
23512,Obesity_Type_II
22733,Obesity_Type_I
31386,Obesity_Type_III
32111,Obesity_Type_III
20804,Obesity_Type_I
29199,Normal_Weight
31348,Normal_Weight
33594,Obesity_Type_I
21554,Obesity_Type_I
24191,Obesity_Type_III
22499,Overweight_Level_II
22118,Overweight_Level_II
23268,Normal_Weight
23455,Insufficient_Weight
33408,Normal_Weight
30602,Obesity_Type_III
33782,Normal_Weight
27478,Normal_Weight
22087,Overweight_Level_I
28969,Obesity_Type_I
24671,Overweight_Level_I
32963,Overweight_Level_I
31032,Overweight_Level_II
24643,Normal_Weight
33145,Overweight_Level_II
24372,Obesity_Type_I
23441,Normal_Weight
33436,Normal_Weight
33950,Obesity_Type_II
24016,Overweight_Level_II
34528,Insufficient_Weight
28722,Normal_Weight
34192,Insufficient_Weight
22775,Overweight_Level_II
28822,Normal_Weight
22650,Obesity_Type_III
29005,Overweight_Level_I
23281,Overweight_Level_I
22234,Normal_Weight
23144,Obesity_Type_III
30688,Overweight_Level_I
25448,Obesity_Type_I
32958,Obesity_Type_II
22715,Insufficient_Weight
28340,Obesity_Type_II
31516,Normal_Weight
22638,Obesity_Type_I
33928,Obesity_Type_III
27356,Obesity_Type_II
32959,Obesity_Type_I
32054,Obesity_Type_I
22717,Obesity_Type_I
24908,Normal_Weight
24478,Obesity_Type_III
23369,Obesity_Type_III
21132,Obesity_Type_I
25383,Insufficient_Weight
24702,Obesity_Type_I
23116,Obesity_Type_II
31172,Overweight_Level_II
24725,Obesity_Type_I
21624,Overweight_Level_I
31679,Obesity_Type_I
34013,Obesity_Type_I
31920,Insufficient_Weight
34377,Overweight_Level_II
32573,Overweight_Level_II
27885,Overweight_Level_I
26991,Overweight_Level_I
31164,Insufficient_Weight
34033,Overweight_Level_I
29889,Obesity_Type_III
21390,Obesity_Type_III
23295,Obesity_Type_III
33998,Obesity_Type_I
29616,Obesity_Type_I
22257,Overweight_Level_II
34595,Insufficient_Weight
31733,Obesity_Type_III
34108,Overweight_Level_II
27064,Overweight_Level_I
27213,Insufficient_Weight
24649,Obesity_Type_III
34200,Overweight_Level_I
28151,Obesity_Type_III
22454,Insufficient_Weight
30270,Overweight_Level_I
29310,Overweight_Level_II
24223,Obesity_Type_I
32517,Overweight_Level_I
32717,Normal_Weight
22497,Obesity_Type_I
23859,Obesity_Type_I
31982,Obesity_Type_II
20794,Obesity_Type_I
29993,Insufficient_Weight
30504,Obesity_Type_I
26394,Obesity_Type_I
25671,Insufficient_Weight
26051,Obesity_Type_II
30868,Obesity_Type_III
21504,Obesity_Type_II
34005,Normal_Weight
31420,Obesity_Type_II
32231,Obesity_Type_II
24138,Obesity_Type_I
31429,Obesity_Type_III
22446,Obesity_Type_III
28259,Obesity_Type_II
25168,Overweight_Level_I
28808,Insufficient_Weight
26324,Overweight_Level_I
23759,Obesity_Type_III
27838,Obesity_Type_I
21813,Insufficient_Weight
29439,Obesity_Type_II
31090,Obesity_Type_I
32418,Normal_Weight
29875,Insufficient_Weight
32749,Overweight_Level_I
20847,Normal_Weight
27481,Overweight_Level_II
22005,Insufficient_Weight
27297,Overweight_Level_II
28216,Normal_Weight
24317,Obesity_Type_II
33265,Overweight_Level_I
28078,Normal_Weight
30133,Obesity_Type_III
26052,Obesity_Type_II
27009,Obesity_Type_II
32170,Obesity_Type_II
28769,Insufficient_Weight
22874,Obesity_Type_III
22653,Normal_Weight
22314,Obesity_Type_III
22346,Obesity_Type_II
25119,Overweight_Level_I
23547,Normal_Weight
34199,Obesity_Type_II
34546,Overweight_Level_II
32315,Normal_Weight
21338,Overweight_Level_I
20789,Obesity_Type_III
27085,Insufficient_Weight
29715,Insufficient_Weight
34387,Obesity_Type_I
32139,Normal_Weight
31494,Insufficient_Weight
30835,Overweight_Level_I
28000,Obesity_Type_I
32172,Obesity_Type_I
33583,Normal_Weight
22571,Normal_Weight
33545,Obesity_Type_III
32841,Obesity_Type_I
28481,Overweight_Level_II
31046,Overweight_Level_I
31923,Obesity_Type_III
31353,Insufficient_Weight
28881,Obesity_Type_I
23486,Overweight_Level_I
24155,Obesity_Type_I
27797,Overweight_Level_II
25149,Normal_Weight
27626,Overweight_Level_I
23420,Obesity_Type_III
25580,Obesity_Type_II
25346,Obesity_Type_III
34411,Obesity_Type_I
22071,Obesity_Type_I
22078,Normal_Weight
23925,Overweight_Level_I
27331,Obesity_Type_III
33440,Overweight_Level_I
22060,Obesity_Type_III
31767,Normal_Weight
23848,Obesity_Type_I
33163,Overweight_Level_II
23406,Insufficient_Weight
32550,Obesity_Type_II
29826,Obesity_Type_II
33497,Overweight_Level_I
21350,Normal_Weight
21193,Insufficient_Weight
33246,Obesity_Type_I
29803,Obesity_Type_III
28408,Normal_Weight
34328,Overweight_Level_I
24708,Insufficient_Weight
31991,Obesity_Type_III
24591,Obesity_Type_III
32671,Overweight_Level_I
25311,Overweight_Level_I
24684,Obesity_Type_III
30045,Obesity_Type_I
31470,Obesity_Type_II
23901,Normal_Weight
21597,Overweight_Level_I
26953,Obesity_Type_I
27992,Normal_Weight
33113,Overweight_Level_II
26180,Overweight_Level_II
32931,Overweight_Level_I
34347,Overweight_Level_II
26981,Overweight_Level_I
33351,Obesity_Type_II
21478,Overweight_Level_I
32244,Obesity_Type_II
32049,Obesity_Type_I
30600,Normal_Weight
29819,Obesity_Type_III
30228,Overweight_Level_I
30968,Insufficient_Weight
26918,Overweight_Level_II
27304,Obesity_Type_II
24865,Overweight_Level_II
21213,Obesity_Type_III
25428,Obesity_Type_III
33422,Obesity_Type_III
32421,Overweight_Level_II
28322,Obesity_Type_III
22233,Normal_Weight
25777,Obesity_Type_II
32295,Obesity_Type_III
28279,Obesity_Type_I
24976,Normal_Weight
27665,Insufficient_Weight
27647,Obesity_Type_II
27802,Obesity_Type_I
31458,Obesity_Type_II
20899,Insufficient_Weight
27620,Obesity_Type_III
23705,Obesity_Type_I
22721,Overweight_Level_I
27419,Obesity_Type_II
33372,Obesity_Type_III
21123,Normal_Weight
24868,Normal_Weight
26173,Obesity_Type_II
22729,Overweight_Level_II
26459,Overweight_Level_II
28466,Normal_Weight
26285,Insufficient_Weight
21209,Obesity_Type_II
27889,Overweight_Level_II
24222,Overweight_Level_II
20889,Obesity_Type_III
26061,Overweight_Level_I
33973,Insufficient_Weight
26904,Insufficient_Weight
29825,Obesity_Type_II
28433,Obesity_Type_III
29748,Overweight_Level_I
25364,Obesity_Type_III
31554,Obesity_Type_III
25971,Obesity_Type_II
30511,Obesity_Type_II
29127,Obesity_Type_I
24758,Overweight_Level_II
22001,Obesity_Type_II
22720,Obesity_Type_III
30707,Obesity_Type_III
27713,Obesity_Type_I
25147,Obesity_Type_III
34029,Overweight_Level_II
22627,Obesity_Type_III
30244,Normal_Weight
29168,Obesity_Type_II
33119,Normal_Weight
30940,Obesity_Type_I
26903,Insufficient_Weight
21496,Obesity_Type_I
32353,Obesity_Type_III
21701,Obesity_Type_III
25836,Obesity_Type_II
21513,Insufficient_Weight
33137,Obesity_Type_II
33353,Overweight_Level_II
30030,Overweight_Level_II
27508,Normal_Weight
27505,Obesity_Type_II
21463,Obesity_Type_III
32203,Overweight_Level_I
33125,Obesity_Type_I
33680,Insufficient_Weight
21577,Obesity_Type_II
21547,Normal_Weight
29874,Overweight_Level_I
29447,Obesity_Type_III
31391,Overweight_Level_II
21214,Obesity_Type_III
26023,Overweight_Level_II
23227,Obesity_Type_III
20784,Obesity_Type_II
28283,Overweight_Level_II
25558,Insufficient_Weight
23313,Normal_Weight
28113,Obesity_Type_III
24106,Insufficient_Weight
21863,Obesity_Type_III
32310,Overweight_Level_I
25127,Normal_Weight
33869,Overweight_Level_II
21912,Obesity_Type_III
30467,Normal_Weight
24650,Obesity_Type_I
23153,Obesity_Type_III
25764,Overweight_Level_I
27158,Obesity_Type_II
27294,Insufficient_Weight
27424,Normal_Weight
32153,Obesity_Type_I
22158,Obesity_Type_I
29165,Overweight_Level_I
22222,Obesity_Type_I
24548,Obesity_Type_I
28719,Overweight_Level_I
32492,Insufficient_Weight
21582,Obesity_Type_II
25134,Overweight_Level_I
31688,Overweight_Level_II
31964,Insufficient_Weight
21179,Obesity_Type_II
29339,Obesity_Type_I
29724,Obesity_Type_I
33533,Insufficient_Weight
26278,Obesity_Type_III
21764,Obesity_Type_III
24554,Obesity_Type_III
21843,Insufficient_Weight
30663,Obesity_Type_I
21529,Obesity_Type_I
26302,Overweight_Level_II
23592,Obesity_Type_I
26649,Obesity_Type_III
29173,Overweight_Level_II
32332,Overweight_Level_I
28278,Insufficient_Weight
22662,Obesity_Type_I
23782,Obesity_Type_III
23872,Obesity_Type_II
26136,Obesity_Type_III
21807,Overweight_Level_I
31664,Obesity_Type_III
25435,Overweight_Level_I
22130,Obesity_Type_I
21727,Obesity_Type_II
21325,Obesity_Type_II
28292,Obesity_Type_II
24773,Insufficient_Weight
21269,Overweight_Level_II
29271,Obesity_Type_III
33293,Overweight_Level_II
22803,Overweight_Level_I
29313,Obesity_Type_I
23954,Overweight_Level_I
24551,Overweight_Level_II
30980,Overweight_Level_I
33568,Insufficient_Weight
27446,Normal_Weight
25468,Normal_Weight
27523,Obesity_Type_II
25737,Obesity_Type_II
22890,Normal_Weight
28671,Normal_Weight
30375,Overweight_Level_II
26438,Obesity_Type_II
26341,Overweight_Level_II
30587,Obesity_Type_II
24189,Obesity_Type_II
32733,Insufficient_Weight
23118,Obesity_Type_I
29373,Insufficient_Weight
33698,Obesity_Type_I
31730,Normal_Weight
33133,Obesity_Type_II
31147,Obesity_Type_I
22146,Obesity_Type_III
27568,Normal_Weight
31711,Insufficient_Weight
26968,Normal_Weight
24442,Overweight_Level_II
23652,Overweight_Level_II
34304,Overweight_Level_I
34293,Obesity_Type_III
26395,Obesity_Type_II
24261,Insufficient_Weight
27970,Normal_Weight
27949,Overweight_Level_I
25292,Obesity_Type_II
23666,Obesity_Type_I
22747,Normal_Weight
22017,Obesity_Type_III
33437,Insufficient_Weight
32985,Normal_Weight
27962,Obesity_Type_II
27431,Obesity_Type_II
30556,Obesity_Type_III
23963,Insufficient_Weight
31345,Insufficient_Weight
24812,Normal_Weight
32848,Overweight_Level_II
23980,Obesity_Type_I
21746,Overweight_Level_I
26354,Insufficient_Weight
21253,Normal_Weight
21036,Insufficient_Weight
30236,Insufficient_Weight
24475,Obesity_Type_III
34017,Insufficient_Weight
23866,Overweight_Level_II
28918,Overweight_Level_I
24784,Normal_Weight
23710,Overweight_Level_II
27102,Obesity_Type_I
23170,Overweight_Level_I
20853,Obesity_Type_III
32076,Obesity_Type_III
29494,Overweight_Level_I
25525,Obesity_Type_I
34319,Obesity_Type_I
33629,Normal_Weight
28504,Overweight_Level_II
33411,Overweight_Level_II
28720,Obesity_Type_II
34481,Obesity_Type_I
31581,Normal_Weight
27097,Obesity_Type_III
23588,Obesity_Type_I
24371,Insufficient_Weight
21661,Overweight_Level_I
22037,Overweight_Level_I
24365,Obesity_Type_I
21900,Obesity_Type_II
31324,Obesity_Type_II
21098,Obesity_Type_II
32843,Overweight_Level_II
30302,Obesity_Type_III
27532,Overweight_Level_I
21025,Overweight_Level_II
28669,Insufficient_Weight
25674,Obesity_Type_III
23516,Normal_Weight
23003,Obesity_Type_I
25732,Overweight_Level_II
20982,Obesity_Type_III
24934,Overweight_Level_I
34164,Obesity_Type_III
21474,Overweight_Level_II
34509,Insufficient_Weight
31649,Insufficient_Weight
22600,Overweight_Level_I
23321,Obesity_Type_III
23599,Obesity_Type_II
21928,Obesity_Type_I
21226,Overweight_Level_II
32240,Overweight_Level_I
32730,Insufficient_Weight
33418,Insufficient_Weight
34103,Insufficient_Weight
26055,Obesity_Type_II
24338,Obesity_Type_II
31678,Normal_Weight
31900,Obesity_Type_I
31162,Normal_Weight
26858,Obesity_Type_II
25581,Obesity_Type_II
25858,Overweight_Level_II
34383,Obesity_Type_I
30166,Insufficient_Weight
23206,Insufficient_Weight
24986,Obesity_Type_II
31654,Obesity_Type_III
21419,Insufficient_Weight
30901,Normal_Weight
29565,Obesity_Type_III
32978,Obesity_Type_III
28377,Overweight_Level_I
30379,Obesity_Type_II
31405,Obesity_Type_I
24497,Normal_Weight
33396,Overweight_Level_II
24599,Obesity_Type_I
27197,Overweight_Level_II
25613,Obesity_Type_III
34229,Obesity_Type_III
28204,Overweight_Level_II
29234,Obesity_Type_II
25910,Obesity_Type_II
29851,Obesity_Type_I
30141,Obesity_Type_II
21218,Overweight_Level_II
25215,Obesity_Type_II
28874,Normal_Weight
21342,Insufficient_Weight
25128,Obesity_Type_III
24693,Obesity_Type_II
21462,Insufficient_Weight
29898,Obesity_Type_II
26325,Insufficient_Weight
26074,Obesity_Type_II
25322,Normal_Weight
33211,Obesity_Type_III
34287,Overweight_Level_II
34119,Obesity_Type_III
30673,Normal_Weight
32763,Obesity_Type_III
28112,Obesity_Type_II
23689,Insufficient_Weight
23769,Obesity_Type_II
27309,Normal_Weight
22980,Obesity_Type_II
29880,Obesity_Type_II
25977,Obesity_Type_III
25051,Overweight_Level_II
27986,Obesity_Type_III
22086,Insufficient_Weight
32383,Obesity_Type_I
34408,Obesity_Type_III
23490,Insufficient_Weight
32969,Obesity_Type_II
27412,Obesity_Type_I
27486,Obesity_Type_I
27062,Obesity_Type_I
28785,Obesity_Type_I
28071,Obesity_Type_II
26068,Obesity_Type_III
27142,Obesity_Type_II
29998,Obesity_Type_III
27991,Obesity_Type_II
29841,Normal_Weight
29978,Overweight_Level_II
23675,Overweight_Level_II
22445,Insufficient_Weight
21984,Obesity_Type_I
20912,Overweight_Level_II
30161,Obesity_Type_III
26261,Overweight_Level_II
31934,Normal_Weight
27305,Overweight_Level_I
34197,Obesity_Type_I
23085,Overweight_Level_II
24420,Obesity_Type_II
30175,Insufficient_Weight
25547,Obesity_Type_I
33298,Overweight_Level_II
32137,Overweight_Level_II
26752,Obesity_Type_I
28252,Insufficient_Weight
30266,Overweight_Level_II
31836,Normal_Weight
23035,Obesity_Type_II
23132,Obesity_Type_I
26457,Overweight_Level_I
28249,Overweight_Level_I
27417,Overweight_Level_I
25989,Normal_Weight
34317,Normal_Weight
23106,Insufficient_Weight
21038,Obesity_Type_III
23846,Overweight_Level_II
34375,Overweight_Level_I
24572,Obesity_Type_II
33076,Insufficient_Weight
22319,Overweight_Level_II
31717,Obesity_Type_III
29674,Obesity_Type_I
32234,Obesity_Type_II
27301,Obesity_Type_I
28230,Obesity_Type_III
32820,Obesity_Type_I
26225,Overweight_Level_I
30624,Obesity_Type_I
22553,Overweight_Level_I
31093,Obesity_Type_I
31779,Overweight_Level_I
23258,Normal_Weight
24448,Normal_Weight
20829,Obesity_Type_III
33638,Obesity_Type_II
23542,Normal_Weight
34272,Obesity_Type_I
25482,Normal_Weight
31738,Obesity_Type_I
34303,Obesity_Type_III
27208,Insufficient_Weight
34280,Overweight_Level_II
25862,Obesity_Type_III
23540,Obesity_Type_II
21032,Obesity_Type_II
22944,Insufficient_Weight
34342,Overweight_Level_II
33245,Overweight_Level_II
31052,Obesity_Type_II
21988,Obesity_Type_III
31981,Overweight_Level_II
27189,Insufficient_Weight
20998,Insufficient_Weight
27364,Obesity_Type_I
28273,Obesity_Type_II
31939,Insufficient_Weight
25645,Obesity_Type_II
32350,Overweight_Level_I
24250,Obesity_Type_II
31222,Insufficient_Weight
26086,Insufficient_Weight
25920,Obesity_Type_III
28761,Normal_Weight
33034,Obesity_Type_III
23380,Insufficient_Weight
33565,Obesity_Type_I
22504,Obesity_Type_II
30994,Normal_Weight
34043,Normal_Weight
26576,Insufficient_Weight
24542,Obesity_Type_III
29223,Obesity_Type_II
20799,Overweight_Level_II
29764,Obesity_Type_III
24562,Obesity_Type_III
26428,Overweight_Level_II
22973,Obesity_Type_I
34344,Overweight_Level_I
32802,Normal_Weight
29166,Normal_Weight
21620,Obesity_Type_I
23936,Overweight_Level_I
28619,Insufficient_Weight
22076,Obesity_Type_II
25472,Normal_Weight
34025,Overweight_Level_II
22924,Obesity_Type_II
33341,Obesity_Type_III
24606,Obesity_Type_III
23367,Overweight_Level_II
32567,Obesity_Type_III
22964,Overweight_Level_I
31421,Obesity_Type_I
34231,Obesity_Type_III
22838,Normal_Weight
32476,Insufficient_Weight
26119,Obesity_Type_III
26609,Obesity_Type_II
30893,Obesity_Type_I
24691,Normal_Weight
32987,Insufficient_Weight
29116,Overweight_Level_I
25818,Insufficient_Weight
26572,Overweight_Level_I
30667,Insufficient_Weight
32006,Insufficient_Weight
33846,Obesity_Type_II
33878,Normal_Weight
32385,Insufficient_Weight
21997,Obesity_Type_II
33324,Insufficient_Weight
26181,Insufficient_Weight
24150,Overweight_Level_I
22643,Insufficient_Weight
27813,Overweight_Level_I
28175,Normal_Weight
29963,Obesity_Type_III
30087,Obesity_Type_II
34001,Obesity_Type_I
30486,Obesity_Type_III
24170,Insufficient_Weight
33858,Overweight_Level_I
28639,Obesity_Type_II
28565,Insufficient_Weight
24121,Obesity_Type_II
23036,Obesity_Type_I
26358,Overweight_Level_II
31325,Obesity_Type_III
29420,Overweight_Level_II
33470,Overweight_Level_II
21730,Insufficient_Weight
28706,Insufficient_Weight
26454,Normal_Weight
29150,Obesity_Type_II
25202,Obesity_Type_II
21576,Obesity_Type_II
33129,Obesity_Type_III
22639,Overweight_Level_II
24971,Obesity_Type_I
27307,Insufficient_Weight
33763,Insufficient_Weight
33589,Obesity_Type_I
20965,Normal_Weight
22110,Obesity_Type_III
24687,Obesity_Type_III
20863,Insufficient_Weight
30483,Overweight_Level_II
24269,Insufficient_Weight
27347,Normal_Weight
20790,Obesity_Type_I
28970,Obesity_Type_II
32856,Obesity_Type_I
29651,Obesity_Type_II
29923,Obesity_Type_I
25159,Obesity_Type_I
29797,Normal_Weight
31932,Insufficient_Weight
24329,Obesity_Type_I
24873,Insufficient_Weight
22912,Overweight_Level_I
22687,Overweight_Level_I
27467,Obesity_Type_III
22337,Overweight_Level_II
26360,Obesity_Type_III
32320,Obesity_Type_I
25543,Obesity_Type_I
31790,Obesity_Type_I
29626,Obesity_Type_I
27594,Obesity_Type_II
34292,Obesity_Type_II
27544,Overweight_Level_I
34537,Obesity_Type_II
33682,Normal_Weight
27856,Obesity_Type_I
34589,Normal_Weight
24310,Normal_Weight
30273,Obesity_Type_III
27901,Obesity_Type_III
34441,Overweight_Level_II
26610,Normal_Weight
28742,Overweight_Level_II
22107,Overweight_Level_II
24214,Obesity_Type_II
28156,Obesity_Type_I
32756,Insufficient_Weight
29859,Overweight_Level_II
29587,Overweight_Level_I
23344,Overweight_Level_I
26015,Overweight_Level_II
25421,Obesity_Type_II
26570,Obesity_Type_II
23933,Obesity_Type_II
23113,Obesity_Type_III
25432,Insufficient_Weight
32044,Normal_Weight
27354,Obesity_Type_I
26749,Obesity_Type_I
28172,Obesity_Type_III
32351,Obesity_Type_I
34015,Insufficient_Weight
24240,Obesity_Type_I
27080,Overweight_Level_II
26542,Overweight_Level_I
28648,Obesity_Type_II
23317,Obesity_Type_II
30514,Obesity_Type_I
32191,Normal_Weight
29992,Normal_Weight
21468,Obesity_Type_III
34335,Obesity_Type_II
29051,Insufficient_Weight
29561,Normal_Weight
26453,Normal_Weight
32425,Obesity_Type_I
34563,Overweight_Level_I
31707,Insufficient_Weight
34351,Obesity_Type_II
26262,Overweight_Level_II
28599,Overweight_Level_II
31755,Obesity_Type_I
31754,Obesity_Type_II
33400,Obesity_Type_II
28061,Overweight_Level_I
24038,Normal_Weight
33035,Obesity_Type_I
30576,Obesity_Type_I
28879,Obesity_Type_II
21231,Obesity_Type_II
24737,Obesity_Type_II
31519,Overweight_Level_I
30764,Normal_Weight
31071,Obesity_Type_II
28056,Obesity_Type_III
26504,Obesity_Type_II
29877,Obesity_Type_I
31911,Overweight_Level_I
31509,Insufficient_Weight
24902,Insufficient_Weight
29751,Normal_Weight
22972,Obesity_Type_II
28491,Obesity_Type_III
33787,Obesity_Type_I
21491,Insufficient_Weight
28662,Obesity_Type_I
26984,Normal_Weight
32572,Obesity_Type_I
21511,Obesity_Type_III
23883,Obesity_Type_II
23415,Obesity_Type_II
31881,Normal_Weight
29081,Obesity_Type_III
26962,Normal_Weight
23024,Obesity_Type_I
28995,Overweight_Level_II
21207,Obesity_Type_III
27769,Obesity_Type_III
26012,Obesity_Type_III
23698,Obesity_Type_I
32518,Insufficient_Weight
26308,Normal_Weight
22472,Obesity_Type_II
31105,Insufficient_Weight
23507,Insufficient_Weight
26573,Normal_Weight
26375,Obesity_Type_I
21286,Obesity_Type_II
33991,Overweight_Level_II
21774,Insufficient_Weight
25171,Overweight_Level_II
27558,Normal_Weight
21935,Obesity_Type_I
34483,Obesity_Type_I
22050,Obesity_Type_II
31630,Normal_Weight
23411,Normal_Weight
33522,Overweight_Level_I
23444,Normal_Weight
32031,Insufficient_Weight
28039,Obesity_Type_III
33456,Obesity_Type_II
27425,Obesity_Type_I
26737,Insufficient_Weight
25420,Obesity_Type_II
23433,Obesity_Type_II
24781,Normal_Weight
27055,Normal_Weight
33726,Obesity_Type_III
23692,Overweight_Level_II
21485,Overweight_Level_I
30239,Obesity_Type_I
26070,Obesity_Type_III
26345,Obesity_Type_III
21765,Obesity_Type_III
28679,Overweight_Level_II
28280,Obesity_Type_III
27981,Insufficient_Weight
32559,Obesity_Type_III
21769,Normal_Weight
22213,Obesity_Type_I
21804,Obesity_Type_II
28920,Insufficient_Weight
28904,Obesity_Type_I
31307,Overweight_Level_I
30136,Normal_Weight
33000,Overweight_Level_I
24672,Overweight_Level_I
28107,Insufficient_Weight
33273,Overweight_Level_II
23394,Insufficient_Weight
27887,Normal_Weight
23272,Obesity_Type_II
29236,Insufficient_Weight
23028,Obesity_Type_II
33723,Overweight_Level_I
25782,Obesity_Type_I
30783,Obesity_Type_II
33015,Normal_Weight
26846,Obesity_Type_III
22959,Overweight_Level_I
28169,Obesity_Type_II
31485,Obesity_Type_I
28509,Obesity_Type_III
27835,Overweight_Level_I
31264,Obesity_Type_III
27961,Obesity_Type_II
22299,Obesity_Type_III
29225,Normal_Weight
32957,Obesity_Type_III
21407,Overweight_Level_II
27672,Insufficient_Weight
29290,Overweight_Level_II
21348,Obesity_Type_III
21756,Insufficient_Weight
22044,Obesity_Type_II
23300,Obesity_Type_II
25932,Insufficient_Weight
34047,Obesity_Type_II
30353,Obesity_Type_III
24200,Obesity_Type_II
25955,Obesity_Type_I
24588,Overweight_Level_II
23840,Normal_Weight
26849,Obesity_Type_III
31385,Obesity_Type_I
21677,Obesity_Type_I
31109,Obesity_Type_I
31772,Obesity_Type_I
23126,Overweight_Level_I
27114,Obesity_Type_III
33740,Obesity_Type_III
33203,Obesity_Type_III
28235,Insufficient_Weight
23864,Normal_Weight
25110,Obesity_Type_II
26174,Normal_Weight
23937,Overweight_Level_II
30888,Overweight_Level_II
21236,Obesity_Type_III
23140,Obesity_Type_III
30280,Insufficient_Weight
34482,Normal_Weight
31545,Insufficient_Weight
22881,Overweight_Level_II
25446,Overweight_Level_II
24300,Normal_Weight
23910,Normal_Weight
27330,Normal_Weight
21221,Obesity_Type_II
32581,Normal_Weight
29185,Obesity_Type_II
26784,Overweight_Level_II
20908,Insufficient_Weight
27551,Obesity_Type_II
28452,Normal_Weight
27416,Normal_Weight
34115,Obesity_Type_III
21738,Overweight_Level_I
23857,Obesity_Type_II
32634,Normal_Weight
27805,Obesity_Type_II
33328,Overweight_Level_I
23095,Obesity_Type_I
34124,Insufficient_Weight
25914,Obesity_Type_III
27204,Obesity_Type_III
22046,Insufficient_Weight
33087,Obesity_Type_I
31498,Normal_Weight
32549,Overweight_Level_I
28871,Insufficient_Weight
25569,Obesity_Type_I
22663,Obesity_Type_III
28257,Insufficient_Weight
29742,Obesity_Type_I
32897,Obesity_Type_III
25008,Normal_Weight
24651,Normal_Weight
31408,Overweight_Level_II
26005,Obesity_Type_III
25633,Overweight_Level_II
28954,Insufficient_Weight
23567,Overweight_Level_I
20922,Insufficient_Weight
27086,Obesity_Type_II
32490,Obesity_Type_I
21219,Obesity_Type_I
26663,Obesity_Type_I
33563,Overweight_Level_I
26353,Obesity_Type_I
20798,Obesity_Type_II
34467,Overweight_Level_I
23708,Overweight_Level_I
28584,Obesity_Type_II
23958,Insufficient_Weight
30741,Obesity_Type_III
31285,Obesity_Type_III
23467,Normal_Weight
26355,Obesity_Type_II
20940,Obesity_Type_I
24236,Obesity_Type_II
30530,Obesity_Type_II
32272,Insufficient_Weight
30621,Insufficient_Weight
28572,Insufficient_Weight
23616,Overweight_Level_II
26759,Obesity_Type_III
34301,Normal_Weight
26597,Obesity_Type_I
28845,Overweight_Level_I
30499,Obesity_Type_I
23156,Overweight_Level_I
22480,Normal_Weight
21067,Obesity_Type_III
21436,Overweight_Level_II
21889,Overweight_Level_I
23965,Obesity_Type_III
33509,Insufficient_Weight
32347,Obesity_Type_II
22871,Insufficient_Weight
26635,Insufficient_Weight
30814,Obesity_Type_I
29277,Obesity_Type_III
21155,Overweight_Level_I
28770,Obesity_Type_III
28221,Obesity_Type_I
32028,Obesity_Type_III
29299,Overweight_Level_I
33477,Obesity_Type_I
25833,Obesity_Type_III
29128,Obesity_Type_III
23571,Overweight_Level_II
28212,Obesity_Type_III
31513,Overweight_Level_II
32373,Obesity_Type_I
33769,Overweight_Level_I
29296,Obesity_Type_II
24118,Obesity_Type_III
32331,Overweight_Level_II
22173,Obesity_Type_I
32431,Overweight_Level_II
25601,Obesity_Type_III
23722,Obesity_Type_I
24918,Obesity_Type_II
22839,Obesity_Type_III
24058,Insufficient_Weight
25043,Normal_Weight
33492,Obesity_Type_I
20958,Obesity_Type_I
32861,Obesity_Type_I
32975,Insufficient_Weight
26087,Obesity_Type_III
24423,Obesity_Type_I
26138,Overweight_Level_II
31672,Overweight_Level_I
33528,Obesity_Type_I
23168,Insufficient_Weight
28393,Overweight_Level_I
20925,Obesity_Type_III
31396,Insufficient_Weight
27165,Insufficient_Weight
28983,Overweight_Level_II
29549,Obesity_Type_I
26461,Overweight_Level_II
24823,Overweight_Level_I
29745,Overweight_Level_II
26342,Insufficient_Weight
33448,Overweight_Level_I
26585,Overweight_Level_II
33084,Normal_Weight
25969,Insufficient_Weight
29291,Obesity_Type_III
32683,Insufficient_Weight
21599,Obesity_Type_I
31351,Obesity_Type_III
20855,Obesity_Type_II
25642,Normal_Weight
25441,Obesity_Type_III
21065,Obesity_Type_II
21480,Obesity_Type_II
31048,Obesity_Type_I
23718,Overweight_Level_I
34203,Normal_Weight
28026,Obesity_Type_III
31593,Normal_Weight
24399,Insufficient_Weight
27599,Normal_Weight
28104,Obesity_Type_I
28819,Obesity_Type_I
27548,Overweight_Level_I
28826,Overweight_Level_II
26579,Normal_Weight
31565,Obesity_Type_II
34529,Obesity_Type_II
26919,Overweight_Level_II
22354,Insufficient_Weight
23453,Obesity_Type_II
28438,Obesity_Type_III
30819,Overweight_Level_II
20809,Obesity_Type_III
23472,Overweight_Level_II
30886,Insufficient_Weight
24504,Normal_Weight
31572,Obesity_Type_I
21609,Insufficient_Weight
32679,Normal_Weight
28653,Obesity_Type_II
29307,Insufficient_Weight
27034,Obesity_Type_I
26458,Obesity_Type_I
27437,Obesity_Type_I
24582,Obesity_Type_III
30790,Obesity_Type_III
32181,Obesity_Type_II
25034,Obesity_Type_I
30118,Overweight_Level_II
32701,Obesity_Type_III
21351,Normal_Weight
32416,Obesity_Type_II
25042,Obesity_Type_II
26862,Overweight_Level_I
22308,Insufficient_Weight
24964,Obesity_Type_I
32631,Normal_Weight
31084,Overweight_Level_II
20991,Overweight_Level_II
27670,Normal_Weight
21430,Overweight_Level_II
21324,Overweight_Level_II
29788,Obesity_Type_III
33535,Overweight_Level_I
22588,Obesity_Type_I
33018,Normal_Weight
30002,Normal_Weight
23555,Obesity_Type_III
22429,Obesity_Type_I
34268,Overweight_Level_II
23678,Obesity_Type_I
26813,Overweight_Level_I
24718,Obesity_Type_III
26482,Insufficient_Weight
26117,Obesity_Type_II
32923,Obesity_Type_III
32723,Obesity_Type_I
20986,Insufficient_Weight
29440,Obesity_Type_II
25831,Obesity_Type_I
33945,Normal_Weight
22763,Normal_Weight
22455,Obesity_Type_III
24754,Obesity_Type_III
24719,Obesity_Type_III
32946,Normal_Weight
23226,Normal_Weight
25508,Obesity_Type_II
30534,Obesity_Type_I
23489,Normal_Weight
25973,Obesity_Type_II
22131,Normal_Weight
28964,Obesity_Type_I
21103,Obesity_Type_II
33338,Obesity_Type_II
28099,Normal_Weight
28086,Insufficient_Weight
25951,Obesity_Type_I
26483,Overweight_Level_I
25330,Obesity_Type_III
33548,Obesity_Type_III
28043,Obesity_Type_III
26234,Obesity_Type_II
31465,Obesity_Type_II
25750,Obesity_Type_I
33039,Obesity_Type_I
27928,Overweight_Level_I
31556,Overweight_Level_I
20866,Overweight_Level_I
28752,Obesity_Type_I
26213,Obesity_Type_III
28849,Obesity_Type_III
33438,Normal_Weight
33941,Obesity_Type_II
31495,Overweight_Level_II
26346,Normal_Weight
22254,Obesity_Type_II
32921,Insufficient_Weight
32251,Normal_Weight
34055,Obesity_Type_I
27246,Insufficient_Weight
21957,Normal_Weight
25773,Obesity_Type_III
24156,Obesity_Type_II
28996,Obesity_Type_I
26986,Insufficient_Weight
28762,Insufficient_Weight
30224,Insufficient_Weight
21202,Obesity_Type_III
31815,Overweight_Level_I
29080,Obesity_Type_I
22848,Normal_Weight
21044,Obesity_Type_III
26163,Obesity_Type_II
27530,Obesity_Type_III
30245,Normal_Weight
22538,Normal_Weight
22907,Obesity_Type_III
23545,Normal_Weight
34581,Obesity_Type_I
26558,Overweight_Level_II
22584,Obesity_Type_III
28262,Obesity_Type_II
20959,Obesity_Type_I
29018,Normal_Weight
20780,Obesity_Type_III
21332,Obesity_Type_II
27930,Overweight_Level_II
32520,Normal_Weight
20873,Overweight_Level_I
31757,Obesity_Type_I
29529,Insufficient_Weight
21742,Obesity_Type_III
34012,Normal_Weight
31033,Overweight_Level_II
29365,Obesity_Type_II
29936,Obesity_Type_III
23188,Normal_Weight
22014,Obesity_Type_II
33687,Obesity_Type_III
20775,Obesity_Type_I
21846,Insufficient_Weight
21658,Overweight_Level_I
34094,Obesity_Type_III
29982,Obesity_Type_II
23327,Overweight_Level_I
26436,Obesity_Type_II
33238,Overweight_Level_II
23274,Obesity_Type_I
21610,Overweight_Level_II
25458,Obesity_Type_I
24539,Normal_Weight
27058,Overweight_Level_I
26097,Obesity_Type_II
22153,Obesity_Type_III
27462,Obesity_Type_III
28485,Obesity_Type_I
23136,Insufficient_Weight
32040,Normal_Weight
33488,Obesity_Type_I
28847,Overweight_Level_I
34008,Overweight_Level_I
25913,Normal_Weight
20966,Obesity_Type_I
28703,Insufficient_Weight
28316,Obesity_Type_II
24991,Obesity_Type_III
32481,Overweight_Level_I
32535,Overweight_Level_I
25054,Normal_Weight
28654,Overweight_Level_II
28069,Normal_Weight
27637,Overweight_Level_II
31897,Obesity_Type_I
25701,Insufficient_Weight
23403,Overweight_Level_II
28829,Obesity_Type_I
20831,Obesity_Type_III
23551,Obesity_Type_I
32908,Overweight_Level_II
31365,Obesity_Type_I
25740,Obesity_Type_II
26709,Overweight_Level_I
34259,Overweight_Level_II
31996,Normal_Weight
23979,Obesity_Type_II
30574,Normal_Weight
26754,Obesity_Type_II
29014,Normal_Weight
26402,Obesity_Type_I
22210,Obesity_Type_III
29769,Obesity_Type_III
31198,Obesity_Type_III
25510,Obesity_Type_II
22817,Obesity_Type_II
33281,Overweight_Level_I
27403,Overweight_Level_II
26695,Obesity_Type_III
27433,Insufficient_Weight
29120,Obesity_Type_III
31597,Normal_Weight
22904,Insufficient_Weight
23662,Normal_Weight
29578,Normal_Weight
26352,Normal_Weight
23020,Obesity_Type_II
33599,Insufficient_Weight
33849,Obesity_Type_III
21719,Overweight_Level_II
29532,Obesity_Type_I
27155,Obesity_Type_I
22142,Normal_Weight
30436,Normal_Weight
21670,Insufficient_Weight
25022,Overweight_Level_II
27965,Obesity_Type_II
29781,Obesity_Type_II
29507,Obesity_Type_III
22117,Obesity_Type_III
31433,Overweight_Level_I
32712,Obesity_Type_III
24324,Obesity_Type_II
33792,Obesity_Type_I
22789,Overweight_Level_II
34044,Normal_Weight
33043,Obesity_Type_III
27808,Overweight_Level_II
25778,Insufficient_Weight
28209,Obesity_Type_II
27127,Insufficient_Weight
22467,Obesity_Type_III
28823,Obesity_Type_I
29100,Insufficient_Weight
29691,Obesity_Type_I
27039,Insufficient_Weight
30851,Overweight_Level_II
22214,Obesity_Type_III
24810,Obesity_Type_III
28195,Obesity_Type_II
27814,Overweight_Level_I
24479,Obesity_Type_I
22303,Obesity_Type_III
27368,Obesity_Type_III
24496,Overweight_Level_I
29613,Obesity_Type_III
31246,Obesity_Type_II
33303,Obesity_Type_II
25639,Obesity_Type_II
21192,Obesity_Type_III
23458,Obesity_Type_II
31527,Overweight_Level_I
32818,Overweight_Level_I
33454,Overweight_Level_II
29584,Obesity_Type_II
30190,Normal_Weight
28473,Insufficient_Weight
21295,Insufficient_Weight
23714,Overweight_Level_II
33362,Normal_Weight
28694,Insufficient_Weight
30517,Obesity_Type_II
21159,Overweight_Level_II
30067,Overweight_Level_II
25144,Obesity_Type_II
24275,Obesity_Type_I
31155,Obesity_Type_II
33759,Overweight_Level_I
29697,Normal_Weight
25376,Obesity_Type_I
24830,Overweight_Level_I
25861,Obesity_Type_I
24029,Overweight_Level_II
21704,Overweight_Level_I
23213,Overweight_Level_II
30614,Obesity_Type_III
32834,Obesity_Type_III
23011,Obesity_Type_III
22537,Obesity_Type_II
33499,Overweight_Level_I
34295,Insufficient_Weight
30983,Obesity_Type_III
23501,Obesity_Type_III
25400,Normal_Weight
32863,Normal_Weight
28973,Overweight_Level_I
32180,Overweight_Level_I
27882,Normal_Weight
30718,Overweight_Level_I
32738,Overweight_Level_I
30623,Obesity_Type_I
24414,Overweight_Level_II
21950,Normal_Weight
30005,Obesity_Type_III
34421,Overweight_Level_II
22689,Overweight_Level_II
31511,Obesity_Type_III
25903,Obesity_Type_III
22368,Normal_Weight
24474,Normal_Weight
27846,Overweight_Level_I
25401,Overweight_Level_II
22921,Obesity_Type_III
24524,Obesity_Type_I
29647,Obesity_Type_II
28690,Obesity_Type_I
29452,Normal_Weight
21518,Normal_Weight
28561,Obesity_Type_III
30948,Overweight_Level_II
24195,Overweight_Level_I
25853,Obesity_Type_I
24014,Obesity_Type_I
28790,Obesity_Type_III
34243,Insufficient_Weight
27574,Obesity_Type_II
27747,Obesity_Type_II
22766,Normal_Weight
23288,Overweight_Level_II
33123,Obesity_Type_II
33073,Normal_Weight
28445,Insufficient_Weight
30759,Normal_Weight
31563,Obesity_Type_III
29676,Obesity_Type_I
29810,Insufficient_Weight
26009,Obesity_Type_III
33030,Obesity_Type_I
32711,Obesity_Type_II
23737,Obesity_Type_I
30798,Obesity_Type_I
28346,Insufficient_Weight
28916,Insufficient_Weight
21356,Obesity_Type_III
26277,Normal_Weight
29545,Obesity_Type_III
26332,Obesity_Type_III
26668,Overweight_Level_II
30655,Normal_Weight
26084,Overweight_Level_I
27784,Obesity_Type_III
25631,Obesity_Type_II
28394,Overweight_Level_I
27867,Obesity_Type_II
26374,Overweight_Level_I
23619,Overweight_Level_II
27510,Obesity_Type_III
33586,Obesity_Type_II
24907,Normal_Weight
32455,Normal_Weight
25849,Insufficient_Weight
29911,Obesity_Type_III
21975,Overweight_Level_II
32543,Insufficient_Weight
26270,Obesity_Type_III
26359,Obesity_Type_II
21429,Obesity_Type_II
30301,Normal_Weight
30413,Obesity_Type_III
29886,Obesity_Type_III
29536,Overweight_Level_II
31502,Obesity_Type_II
21409,Obesity_Type_III
27716,Normal_Weight
22462,Obesity_Type_I
23271,Overweight_Level_II
26401,Overweight_Level_I
33505,Overweight_Level_I
21281,Insufficient_Weight
34488,Obesity_Type_I
21721,Obesity_Type_III
30631,Obesity_Type_III
31413,Obesity_Type_II
24167,Obesity_Type_III
30969,Overweight_Level_I
26040,Normal_Weight
22991,Obesity_Type_I
33141,Overweight_Level_I
26584,Obesity_Type_III
31696,Insufficient_Weight
25069,Obesity_Type_III
33049,Obesity_Type_III
26885,Overweight_Level_II
22823,Obesity_Type_III
24903,Obesity_Type_II
33347,Insufficient_Weight
29665,Overweight_Level_II
27979,Insufficient_Weight
26662,Obesity_Type_III
20801,Overweight_Level_II
23473,Obesity_Type_III
31007,Obesity_Type_III
28512,Obesity_Type_II
31661,Obesity_Type_I
32855,Obesity_Type_III
34252,Obesity_Type_II
27259,Obesity_Type_I
30645,Obesity_Type_III
28187,Obesity_Type_I
33592,Obesity_Type_II
28053,Obesity_Type_III
32002,Overweight_Level_I
32560,Overweight_Level_I
20891,Insufficient_Weight
26024,Overweight_Level_II
21299,Obesity_Type_II
26508,Obesity_Type_III
21802,Obesity_Type_I
28665,Obesity_Type_II
33713,Obesity_Type_I
22004,Overweight_Level_II
30090,Insufficient_Weight
33837,Obesity_Type_II
28362,Obesity_Type_II
26176,Normal_Weight
27989,Overweight_Level_I
26396,Overweight_Level_I
28364,Obesity_Type_I
27690,Obesity_Type_II
25014,Insufficient_Weight
25524,Overweight_Level_II
23688,Normal_Weight
29804,Obesity_Type_III
20865,Normal_Weight
27967,Insufficient_Weight
26248,Obesity_Type_I
29492,Obesity_Type_I
31077,Overweight_Level_II
22820,Obesity_Type_I
21330,Obesity_Type_II
28990,Obesity_Type_III
23438,Normal_Weight
22759,Obesity_Type_I
22824,Overweight_Level_I
26521,Normal_Weight
28660,Obesity_Type_II
21454,Overweight_Level_II
25230,Obesity_Type_III
33547,Normal_Weight
25713,Obesity_Type_II
25164,Normal_Weight
30815,Obesity_Type_II
23785,Normal_Weight
23280,Insufficient_Weight
26660,Obesity_Type_II
23167,Obesity_Type_II
26167,Obesity_Type_III
30737,Obesity_Type_II
31520,Obesity_Type_II
28380,Obesity_Type_II
29029,Obesity_Type_II
24642,Obesity_Type_I
28834,Obesity_Type_I
29358,Overweight_Level_II
25178,Overweight_Level_II
26891,Overweight_Level_II
28846,Normal_Weight
29076,Overweight_Level_II
32692,Obesity_Type_III
34521,Obesity_Type_III
25074,Obesity_Type_III
28625,Obesity_Type_III
33278,Obesity_Type_II
33033,Insufficient_Weight
28815,Overweight_Level_II
26463,Obesity_Type_III
24463,Overweight_Level_II
27130,Normal_Weight
29763,Obesity_Type_III
25602,Obesity_Type_I
30560,Obesity_Type_I
24593,Obesity_Type_III
33646,Obesity_Type_III
25632,Obesity_Type_I
27144,Overweight_Level_I
26460,Obesity_Type_I
23339,Overweight_Level_I
33605,Obesity_Type_I
33754,Obesity_Type_I
25497,Obesity_Type_II
21316,Obesity_Type_III
27037,Normal_Weight
25907,Normal_Weight
33410,Obesity_Type_I
22778,Obesity_Type_III
27710,Obesity_Type_III
22923,Normal_Weight
30685,Obesity_Type_III
33420,Overweight_Level_II
33559,Insufficient_Weight
25687,Insufficient_Weight
33993,Insufficient_Weight
21993,Obesity_Type_I
27800,Overweight_Level_II
30113,Overweight_Level_I
22069,Obesity_Type_I
23695,Obesity_Type_II
34223,Overweight_Level_I
29222,Obesity_Type_I
23066,Insufficient_Weight
28105,Obesity_Type_I
31736,Overweight_Level_I
25946,Insufficient_Weight
29553,Obesity_Type_II
25843,Obesity_Type_I
33953,Overweight_Level_II
29066,Obesity_Type_III
30091,Obesity_Type_III
28583,Obesity_Type_II
23457,Insufficient_Weight
29905,Normal_Weight
30781,Normal_Weight
24032,Obesity_Type_II
29402,Insufficient_Weight
33067,Obesity_Type_III
23841,Obesity_Type_I
24695,Obesity_Type_III
21851,Insufficient_Weight
21293,Obesity_Type_I
32162,Obesity_Type_III
24492,Insufficient_Weight
23642,Obesity_Type_III
28494,Normal_Weight
24290,Obesity_Type_II
20953,Insufficient_Weight
28515,Insufficient_Weight
31947,Obesity_Type_III
29856,Normal_Weight
27729,Obesity_Type_I
30438,Obesity_Type_I
22781,Obesity_Type_II
23202,Obesity_Type_III
21888,Obesity_Type_III
33050,Obesity_Type_II
30658,Obesity_Type_I
21803,Obesity_Type_III
34450,Obesity_Type_I
32288,Obesity_Type_II
22875,Obesity_Type_I
26733,Overweight_Level_II
26386,Obesity_Type_I
30805,Obesity_Type_III
25809,Obesity_Type_II
29670,Obesity_Type_I
27952,Obesity_Type_III
24872,Obesity_Type_I
26513,Overweight_Level_I
20791,Obesity_Type_II
30553,Insufficient_Weight
21820,Overweight_Level_II
25532,Obesity_Type_I
32291,Obesity_Type_I
24213,Obesity_Type_III
28538,Overweight_Level_II
26618,Obesity_Type_I
26886,Normal_Weight
22185,Obesity_Type_III
31788,Insufficient_Weight
29689,Overweight_Level_I
24078,Obesity_Type_I
25705,Obesity_Type_II
25890,Obesity_Type_II
30962,Obesity_Type_I
21421,Normal_Weight
22993,Insufficient_Weight
34378,Obesity_Type_III
28558,Overweight_Level_II
25139,Obesity_Type_II
26608,Obesity_Type_III
30046,Obesity_Type_II
23430,Insufficient_Weight
29233,Obesity_Type_III
25242,Overweight_Level_I
29969,Normal_Weight
24679,Obesity_Type_III
29557,Normal_Weight
32589,Insufficient_Weight
29397,Overweight_Level_II
23646,Insufficient_Weight
22355,Obesity_Type_II
28337,Insufficient_Weight
24630,Overweight_Level_II
22365,Overweight_Level_II
21185,Obesity_Type_II
33632,Obesity_Type_I
23217,Normal_Weight
27709,Obesity_Type_I
23425,Obesity_Type_I
31629,Insufficient_Weight
27466,Normal_Weight
32558,Overweight_Level_I
30554,Obesity_Type_II
23981,Obesity_Type_III
26039,Insufficient_Weight
31997,Insufficient_Weight
30435,Overweight_Level_I
32082,Obesity_Type_II
30742,Obesity_Type_II
26965,Normal_Weight
23949,Insufficient_Weight
24387,Obesity_Type_II
25350,Overweight_Level_I
26814,Obesity_Type_I
30367,Obesity_Type_III
28629,Overweight_Level_II
25193,Obesity_Type_III
32064,Obesity_Type_II
27772,Obesity_Type_III
26755,Insufficient_Weight
26145,Obesity_Type_III
22366,Overweight_Level_II
25730,Normal_Weight
31026,Obesity_Type_III
31514,Normal_Weight
22809,Obesity_Type_II
31553,Obesity_Type_I
27263,Insufficient_Weight
30355,Obesity_Type_III
22895,Obesity_Type_III
26090,Obesity_Type_II
21570,Obesity_Type_III
23275,Obesity_Type_II
25772,Normal_Weight
30905,Obesity_Type_II
29435,Obesity_Type_II
32940,Insufficient_Weight
31583,Obesity_Type_III
21420,Obesity_Type_I
24134,Obesity_Type_II
26574,Obesity_Type_III
30424,Obesity_Type_III
25175,Overweight_Level_I
21927,Obesity_Type_III
23053,Insufficient_Weight
34484,Obesity_Type_III
20864,Obesity_Type_III
29175,Overweight_Level_I
31219,Normal_Weight
23628,Obesity_Type_II
32118,Obesity_Type_I
23114,Insufficient_Weight
26175,Insufficient_Weight
22827,Overweight_Level_II
25177,Overweight_Level_I
27183,Obesity_Type_II
33242,Overweight_Level_I
23447,Overweight_Level_II
31272,Insufficient_Weight
34074,Obesity_Type_III
28776,Overweight_Level_II
22435,Insufficient_Weight
32158,Obesity_Type_I
26197,Insufficient_Weight
32530,Obesity_Type_III
26745,Overweight_Level_II
21955,Normal_Weight
32061,Obesity_Type_II
26622,Obesity_Type_III
29518,Obesity_Type_III
27249,Normal_Weight
20929,Obesity_Type_I
29887,Obesity_Type_III
34567,Insufficient_Weight
34299,Overweight_Level_II
26914,Obesity_Type_II
28663,Obesity_Type_II
32156,Obesity_Type_I
22048,Overweight_Level_I
26326,Overweight_Level_I
23353,Overweight_Level_II
27399,Overweight_Level_I
21346,Insufficient_Weight
24973,Obesity_Type_II
26961,Insufficient_Weight
26946,Overweight_Level_I
32934,Obesity_Type_III
27560,Obesity_Type_III
33541,Normal_Weight
34056,Normal_Weight
21358,Obesity_Type_III
25452,Obesity_Type_III
30480,Obesity_Type_I
29119,Obesity_Type_II
30417,Overweight_Level_II
30833,Obesity_Type_III
32888,Overweight_Level_II
34137,Overweight_Level_I
22530,Obesity_Type_I
30000,Obesity_Type_III
27572,Overweight_Level_II
24586,Obesity_Type_I
30597,Insufficient_Weight
27357,Normal_Weight
26137,Normal_Weight
32361,Insufficient_Weight
33891,Overweight_Level_I
23837,Normal_Weight
31041,Obesity_Type_III
21270,Obesity_Type_II
21546,Obesity_Type_III
32896,Obesity_Type_II
32718,Obesity_Type_I
32906,Overweight_Level_II
33038,Obesity_Type_III
27648,Obesity_Type_I
33037,Obesity_Type_III
31579,Obesity_Type_III
20807,Obesity_Type_II
23320,Insufficient_Weight
32846,Obesity_Type_III
32194,Normal_Weight
30315,Overweight_Level_I
27254,Obesity_Type_III
22411,Obesity_Type_I
28650,Insufficient_Weight
21862,Obesity_Type_I
23276,Obesity_Type_III
27441,Overweight_Level_II
28927,Obesity_Type_II
28605,Normal_Weight
22830,Insufficient_Weight
21626,Normal_Weight
33496,Obesity_Type_II
29096,Obesity_Type_II
23045,Insufficient_Weight
33315,Obesity_Type_I
33737,Obesity_Type_II
33366,Obesity_Type_I
29484,Obesity_Type_II
31310,Normal_Weight
25399,Overweight_Level_II
22776,Normal_Weight
29427,Obesity_Type_III
34028,Normal_Weight
26710,Insufficient_Weight
21404,Insufficient_Weight
30429,Normal_Weight
28023,Obesity_Type_I
26294,Obesity_Type_II
25886,Obesity_Type_III
26926,Obesity_Type_III
26283,Overweight_Level_II
25089,Obesity_Type_II
29966,Obesity_Type_II
21425,Insufficient_Weight
28804,Overweight_Level_I
26305,Insufficient_Weight
26108,Overweight_Level_I
23814,Obesity_Type_I
29043,Obesity_Type_III
22167,Obesity_Type_III
27766,Obesity_Type_II
31882,Obesity_Type_III
27384,Overweight_Level_II
27773,Normal_Weight
23633,Overweight_Level_I
23124,Insufficient_Weight
29569,Overweight_Level_II
31749,Obesity_Type_I
31144,Obesity_Type_III
23368,Obesity_Type_II
27601,Obesity_Type_I
31574,Obesity_Type_II
30230,Obesity_Type_II
33620,Insufficient_Weight
21671,Overweight_Level_I
27877,Overweight_Level_I
31945,Overweight_Level_I
33361,Obesity_Type_I
23749,Overweight_Level_II
24543,Obesity_Type_III
31362,Obesity_Type_I
21292,Obesity_Type_I
28400,Obesity_Type_II
24125,Insufficient_Weight
23350,Insufficient_Weight
28189,Obesity_Type_II
24208,Overweight_Level_II
29637,Normal_Weight
34310,Overweight_Level_I
29146,Obesity_Type_I
23845,Normal_Weight
22939,Obesity_Type_I
32215,Overweight_Level_I
27118,Normal_Weight
25261,Obesity_Type_I
28475,Normal_Weight
28873,Insufficient_Weight
22061,Obesity_Type_III
22240,Normal_Weight
30503,Obesity_Type_III
29476,Insufficient_Weight
25247,Obesity_Type_III
30492,Obesity_Type_III
28707,Obesity_Type_III
21263,Overweight_Level_II
26975,Overweight_Level_II
24853,Obesity_Type_II
23462,Obesity_Type_III
22196,Obesity_Type_III
30297,Obesity_Type_III
30487,Obesity_Type_III
26543,Normal_Weight
24349,Obesity_Type_I
25444,Obesity_Type_III
21414,Obesity_Type_III
26769,Overweight_Level_I
27148,Insufficient_Weight
26452,Obesity_Type_I
30544,Obesity_Type_III
24274,Obesity_Type_II
31390,Normal_Weight
22306,Obesity_Type_I
28750,Normal_Weight
23595,Insufficient_Weight
25123,Obesity_Type_III
32810,Overweight_Level_II
28363,Overweight_Level_II
28153,Obesity_Type_II
26559,Obesity_Type_III
33171,Obesity_Type_II
25718,Overweight_Level_II
23460,Obesity_Type_I
32150,Obesity_Type_III
31361,Obesity_Type_II
22382,Normal_Weight
33696,Normal_Weight
30809,Insufficient_Weight
26686,Obesity_Type_II
26218,Obesity_Type_II
31121,Normal_Weight
26999,Normal_Weight
24285,Obesity_Type_I
27397,Overweight_Level_II
26974,Normal_Weight
31794,Obesity_Type_I
27725,Obesity_Type_II
27667,Overweight_Level_II
27840,Obesity_Type_III
24430,Obesity_Type_II
22686,Overweight_Level_II
32380,Overweight_Level_I
33604,Obesity_Type_I
33649,Obesity_Type_III
24102,Obesity_Type_II
31242,Obesity_Type_II
33204,Obesity_Type_II
31582,Overweight_Level_I
32432,Obesity_Type_III
29925,Obesity_Type_III
27371,Obesity_Type_II
21635,Normal_Weight
26178,Normal_Weight
32842,Obesity_Type_III
32928,Overweight_Level_II
32907,Obesity_Type_III
33186,Obesity_Type_III
20769,Obesity_Type_III
29011,Obesity_Type_I
21347,Obesity_Type_II
29604,Insufficient_Weight
32171,Obesity_Type_III
33648,Normal_Weight
24839,Overweight_Level_I
21215,Obesity_Type_III
26267,Obesity_Type_II
25267,Insufficient_Weight
34065,Overweight_Level_I
34062,Obesity_Type_III
26004,Overweight_Level_I
25335,Normal_Weight
25576,Overweight_Level_II
33529,Obesity_Type_I
25823,Overweight_Level_I
30237,Normal_Weight
31371,Normal_Weight
34511,Obesity_Type_II
32408,Obesity_Type_I
22119,Insufficient_Weight
30252,Obesity_Type_III
27332,Overweight_Level_II
29953,Overweight_Level_II
26511,Overweight_Level_I
28821,Insufficient_Weight
21673,Obesity_Type_I
26861,Obesity_Type_I
26142,Overweight_Level_I
30310,Normal_Weight
20774,Obesity_Type_I
26160,Insufficient_Weight
24607,Obesity_Type_II
23610,Obesity_Type_I
21615,Obesity_Type_I
27454,Overweight_Level_II
30265,Obesity_Type_I
23015,Obesity_Type_II
23514,Overweight_Level_II
21505,Obesity_Type_III
23358,Obesity_Type_I
21987,Overweight_Level_II
32358,Normal_Weight
31127,Obesity_Type_II
28603,Obesity_Type_II
33912,Insufficient_Weight
25869,Obesity_Type_II
26001,Obesity_Type_I
30075,Obesity_Type_II
30307,Overweight_Level_I
22425,Obesity_Type_I
33459,Overweight_Level_II
30573,Obesity_Type_II
31434,Obesity_Type_III
28034,Insufficient_Weight
22373,Obesity_Type_I
30508,Obesity_Type_II
23138,Obesity_Type_II
23978,Normal_Weight
21642,Overweight_Level_I
25358,Obesity_Type_III
33888,Normal_Weight
23252,Insufficient_Weight
34198,Normal_Weight
25905,Obesity_Type_III
31780,Normal_Weight
30683,Obesity_Type_III
27217,Insufficient_Weight
21944,Normal_Weight
24231,Obesity_Type_II
24076,Insufficient_Weight
33379,Obesity_Type_III
32860,Obesity_Type_II
28058,Insufficient_Weight
31681,Obesity_Type_III
33911,Overweight_Level_I
23596,Obesity_Type_I
31586,Overweight_Level_I
21703,Obesity_Type_I
26841,Normal_Weight
21449,Normal_Weight
22628,Overweight_Level_I
25300,Overweight_Level_I
30168,Overweight_Level_II
30363,Obesity_Type_I
31685,Normal_Weight
29726,Obesity_Type_III
21073,Obesity_Type_I
28477,Obesity_Type_III
31761,Obesity_Type_III
22322,Overweight_Level_I
30282,Obesity_Type_I
32690,Obesity_Type_II
28623,Obesity_Type_III
33634,Overweight_Level_I
32403,Obesity_Type_II
24018,Obesity_Type_III
27509,Insufficient_Weight
31578,Insufficient_Weight
27942,Insufficient_Weight
32965,Obesity_Type_II
28725,Overweight_Level_II
31327,Obesity_Type_II
31270,Obesity_Type_II
22694,Obesity_Type_I
26154,Obesity_Type_I
26534,Normal_Weight
23918,Obesity_Type_III
32892,Overweight_Level_I
21744,Normal_Weight
25457,Insufficient_Weight
22404,Overweight_Level_II
21740,Insufficient_Weight
26980,Insufficient_Weight
34069,Overweight_Level_I
23145,Obesity_Type_II
31994,Normal_Weight
25248,Insufficient_Weight
33103,Insufficient_Weight
30393,Obesity_Type_III
25676,Obesity_Type_III
25321,Obesity_Type_I
31168,Obesity_Type_II
30110,Overweight_Level_II
21149,Obesity_Type_III
28569,Insufficient_Weight
26781,Obesity_Type_I
24999,Obesity_Type_II
29607,Obesity_Type_III
21167,Obesity_Type_III
30581,Obesity_Type_II
32126,Insufficient_Weight
30340,Normal_Weight
32909,Overweight_Level_I
21365,Obesity_Type_I
34128,Obesity_Type_III
26289,Obesity_Type_II
21739,Obesity_Type_II
24314,Obesity_Type_I
29287,Obesity_Type_III
31336,Obesity_Type_I
26591,Overweight_Level_II
27990,Obesity_Type_I
34464,Obesity_Type_III
30677,Insufficient_Weight
22202,Insufficient_Weight
32503,Obesity_Type_I
23552,Overweight_Level_II
21581,Obesity_Type_III
25011,Normal_Weight
28514,Overweight_Level_I
27862,Normal_Weight
23326,Obesity_Type_III
32993,Obesity_Type_II
33148,Obesity_Type_II
32778,Overweight_Level_I
24503,Obesity_Type_III
27506,Obesity_Type_II
22487,Obesity_Type_III
30326,Obesity_Type_III
34355,Obesity_Type_II
21832,Overweight_Level_I
24175,Obesity_Type_III
23432,Insufficient_Weight
27995,Overweight_Level_I
31705,Overweight_Level_II
29885,Obesity_Type_II
28889,Normal_Weight
29040,Obesity_Type_II
26318,Obesity_Type_II
29950,Normal_Weight
27559,Obesity_Type_II
24570,Obesity_Type_III
26209,Obesity_Type_I
21172,Obesity_Type_II
20776,Obesity_Type_III
30246,Obesity_Type_III
27529,Obesity_Type_I
26111,Obesity_Type_III
24779,Obesity_Type_II
21992,Overweight_Level_II
32368,Obesity_Type_I
34507,Overweight_Level_I
27380,Obesity_Type_I
27575,Obesity_Type_III
30150,Obesity_Type_I
24500,Obesity_Type_III
27443,Normal_Weight
31637,Insufficient_Weight
33937,Insufficient_Weight
26906,Overweight_Level_II
30729,Overweight_Level_II
26774,Normal_Weight
32731,Normal_Weight
24458,Normal_Weight
22808,Obesity_Type_II
29024,Obesity_Type_II
33490,Obesity_Type_II
26905,Normal_Weight
31807,Overweight_Level_II
20992,Obesity_Type_II
23212,Overweight_Level_II
29033,Insufficient_Weight
26002,Obesity_Type_II
26796,Overweight_Level_II
28567,Overweight_Level_II
24946,Obesity_Type_I
31407,Obesity_Type_I
30997,Insufficient_Weight
33405,Normal_Weight
24405,Normal_Weight
21016,Obesity_Type_III
27640,Obesity_Type_III
22728,Overweight_Level_I
25871,Insufficient_Weight
23623,Obesity_Type_III
31119,Normal_Weight
21340,Normal_Weight
25589,Normal_Weight
25284,Obesity_Type_II
20828,Obesity_Type_II
32787,Obesity_Type_I
32553,Overweight_Level_I
29890,Insufficient_Weight
21857,Overweight_Level_I
24670,Overweight_Level_II
33016,Obesity_Type_I
33093,Obesity_Type_III
27141,Normal_Weight
24098,Overweight_Level_I
21244,Obesity_Type_III
27188,Insufficient_Weight
26931,Insufficient_Weight
33796,Obesity_Type_II
30932,Obesity_Type_III
28727,Overweight_Level_I
31478,Obesity_Type_II
33349,Obesity_Type_III
28925,Overweight_Level_II
28674,Obesity_Type_I
22465,Overweight_Level_I
25998,Obesity_Type_II
25612,Insufficient_Weight
22496,Obesity_Type_III
29990,Obesity_Type_I
30720,Obesity_Type_I
29854,Obesity_Type_II
27341,Obesity_Type_I
30217,Overweight_Level_II
33358,Obesity_Type_I
28900,Obesity_Type_III
21991,Overweight_Level_I
28155,Insufficient_Weight
21080,Obesity_Type_II
32916,Overweight_Level_I
22394,Obesity_Type_II
27277,Overweight_Level_II
28852,Normal_Weight
34345,Obesity_Type_II
31114,Overweight_Level_II
30066,Overweight_Level_I
34401,Insufficient_Weight
27588,Obesity_Type_III
30767,Insufficient_Weight
32003,Obesity_Type_II
26512,Obesity_Type_I
26969,Overweight_Level_I
24239,Overweight_Level_I
30135,Obesity_Type_I
23951,Obesity_Type_III
27485,Obesity_Type_II
31978,Overweight_Level_II
28091,Normal_Weight
20913,Normal_Weight
33275,Normal_Weight
34095,Normal_Weight
31322,Overweight_Level_I
30043,Obesity_Type_III
24690,Obesity_Type_III
28081,Obesity_Type_I
23215,Obesity_Type_I
27752,Obesity_Type_II
23696,Normal_Weight
22381,Insufficient_Weight
21120,Obesity_Type_II
29305,Obesity_Type_III
30579,Overweight_Level_I
25670,Normal_Weight
26987,Obesity_Type_III
26272,Obesity_Type_III
27748,Obesity_Type_II
25741,Normal_Weight
33202,Obesity_Type_I
22948,Obesity_Type_II
32800,Obesity_Type_I
24528,Normal_Weight
22705,Overweight_Level_I
23890,Insufficient_Weight
23416,Overweight_Level_II
30536,Overweight_Level_II
32242,Normal_Weight
27103,Obesity_Type_III
30160,Insufficient_Weight
25867,Obesity_Type_I
21183,Obesity_Type_III
30062,Normal_Weight
23970,Overweight_Level_II
28511,Insufficient_Weight
23748,Obesity_Type_III
22088,Obesity_Type_II
21695,Overweight_Level_I
23810,Overweight_Level_II
22997,Obesity_Type_III
28077,Insufficient_Weight
28206,Obesity_Type_III
23315,Insufficient_Weight
29904,Obesity_Type_I
29432,Obesity_Type_I
22430,Obesity_Type_II
26224,Obesity_Type_II
22457,Normal_Weight
33276,Obesity_Type_III
25461,Normal_Weight
24940,Overweight_Level_II
29036,Normal_Weight
22886,Insufficient_Weight
25636,Obesity_Type_III
25571,Overweight_Level_I
29656,Overweight_Level_II
26902,Insufficient_Weight
23107,Insufficient_Weight
23920,Insufficient_Weight
32386,Normal_Weight
32018,Insufficient_Weight
28951,Overweight_Level_II
27363,Obesity_Type_III
30172,Overweight_Level_I
21152,Obesity_Type_III
25333,Normal_Weight
34020,Obesity_Type_III
29240,Obesity_Type_III
32453,Obesity_Type_III
21336,Obesity_Type_II
25901,Obesity_Type_III
22190,Obesity_Type_II
21240,Obesity_Type_III
32271,Normal_Weight
32992,Obesity_Type_II
34381,Overweight_Level_I
25375,Obesity_Type_III
25068,Obesity_Type_III
25668,Overweight_Level_I
28440,Obesity_Type_III
24891,Obesity_Type_I
33564,Obesity_Type_II
28446,Insufficient_Weight
28013,Overweight_Level_I
33101,Insufficient_Weight
28957,Insufficient_Weight
21782,Obesity_Type_III
21466,Overweight_Level_II
28618,Insufficient_Weight
24369,Overweight_Level_II
30211,Normal_Weight
29088,Obesity_Type_III
23423,Normal_Weight
25397,Obesity_Type_I
27598,Normal_Weight
28338,Insufficient_Weight
24192,Overweight_Level_I
29659,Obesity_Type_II
27968,Normal_Weight
30617,Obesity_Type_I
22244,Obesity_Type_III
32898,Normal_Weight
32084,Obesity_Type_II
26519,Insufficient_Weight
34420,Obesity_Type_III
24714,Normal_Weight
32448,Insufficient_Weight
30461,Insufficient_Weight
21031,Overweight_Level_I
33327,Normal_Weight
32123,Obesity_Type_I
23861,Obesity_Type_I
29605,Obesity_Type_III
27447,Obesity_Type_I
21958,Normal_Weight
29474,Obesity_Type_I
31962,Obesity_Type_III
24267,Obesity_Type_III
30035,Normal_Weight
26245,Insufficient_Weight
30933,Obesity_Type_II
22275,Insufficient_Weight
34405,Insufficient_Weight
27636,Normal_Weight
24154,Insufficient_Weight
23214,Insufficient_Weight
27119,Obesity_Type_I
31918,Normal_Weight
22879,Normal_Weight
22755,Obesity_Type_III
22746,Obesity_Type_II
25763,Obesity_Type_II
27922,Insufficient_Weight
32268,Normal_Weight
33833,Normal_Weight
30935,Normal_Weight
22901,Obesity_Type_II
31854,Normal_Weight
25682,Normal_Weight
34592,Insufficient_Weight
21592,Obesity_Type_III
31919,Obesity_Type_II
33501,Obesity_Type_III
24104,Obesity_Type_III
24682,Insufficient_Weight
23399,Obesity_Type_III
29308,Obesity_Type_III
22486,Obesity_Type_I
24033,Overweight_Level_II
25727,Obesity_Type_III
22359,Normal_Weight
27904,Insufficient_Weight
26484,Obesity_Type_I
25357,Obesity_Type_III
30627,Obesity_Type_I
26158,Overweight_Level_I
25018,Insufficient_Weight
26860,Insufficient_Weight
23203,Obesity_Type_I
28749,Overweight_Level_II
32348,Normal_Weight
25625,Obesity_Type_I
28128,Obesity_Type_III
29003,Normal_Weight
33198,Obesity_Type_I
27853,Overweight_Level_II
22470,Overweight_Level_II
23751,Obesity_Type_II
32081,Insufficient_Weight
23142,Normal_Weight
31197,Normal_Weight
23788,Obesity_Type_III
29097,Overweight_Level_II
21995,Insufficient_Weight
29167,Normal_Weight
28142,Normal_Weight
24721,Obesity_Type_I
32507,Obesity_Type_II
30396,Overweight_Level_II
29867,Insufficient_Weight
33954,Insufficient_Weight
21055,Obesity_Type_II
31133,Overweight_Level_II
22726,Normal_Weight
32924,Obesity_Type_III
30279,Overweight_Level_II
22137,Insufficient_Weight
28814,Obesity_Type_I
20837,Normal_Weight
33453,Obesity_Type_III
22149,Insufficient_Weight
25990,Overweight_Level_II
29928,Overweight_Level_II
30578,Overweight_Level_II
26266,Obesity_Type_III
21880,Overweight_Level_II
25355,Overweight_Level_II
33786,Normal_Weight
24752,Overweight_Level_I
29829,Insufficient_Weight
29459,Normal_Weight
21170,Overweight_Level_I
28087,Normal_Weight
22206,Obesity_Type_I
31274,Obesity_Type_II
33112,Obesity_Type_III
21780,Obesity_Type_III
33005,Normal_Weight
21762,Overweight_Level_II
20797,Overweight_Level_I
23485,Obesity_Type_III
23111,Insufficient_Weight
26146,Overweight_Level_II
32241,Obesity_Type_II
33193,Normal_Weight
31000,Insufficient_Weight
27247,Obesity_Type_II
32600,Normal_Weight
29650,Obesity_Type_II
23071,Overweight_Level_II
22891,Obesity_Type_III
20805,Obesity_Type_II
22489,Obesity_Type_III
30987,Overweight_Level_II
31667,Obesity_Type_II
24397,Obesity_Type_II
25492,Obesity_Type_I
26612,Normal_Weight
33524,Overweight_Level_I
21866,Insufficient_Weight
26382,Overweight_Level_II
33200,Obesity_Type_III
30261,Obesity_Type_II
32355,Obesity_Type_II
34004,Overweight_Level_II
31209,Overweight_Level_II
29959,Obesity_Type_I
30199,Insufficient_Weight
32790,Obesity_Type_I
23191,Overweight_Level_I
22873,Insufficient_Weight
27145,Obesity_Type_III
21672,Obesity_Type_I
34587,Normal_Weight
32527,Obesity_Type_II
33069,Normal_Weight
30821,Obesity_Type_III
31644,Obesity_Type_III
33424,Obesity_Type_III
32546,Overweight_Level_II
31639,Obesity_Type_II
27436,Obesity_Type_III
22925,Obesity_Type_III
25889,Obesity_Type_I
25657,Obesity_Type_I
27280,Obesity_Type_III
31589,Normal_Weight
33187,Overweight_Level_II
25790,Insufficient_Weight
21712,Overweight_Level_II
24219,Obesity_Type_II
30856,Obesity_Type_II
21413,Normal_Weight
27693,Insufficient_Weight
30703,Obesity_Type_III
27982,Obesity_Type_III
23285,Obesity_Type_II
30972,Obesity_Type_III
33815,Overweight_Level_I
33539,Overweight_Level_II
25299,Overweight_Level_I
25680,Obesity_Type_II
34078,Insufficient_Weight
26226,Obesity_Type_I
30834,Obesity_Type_II
30862,Insufficient_Weight
34224,Insufficient_Weight
24956,Overweight_Level_II
22836,Obesity_Type_III
34404,Normal_Weight
26480,Obesity_Type_I
24639,Overweight_Level_I
22243,Obesity_Type_II
31447,Obesity_Type_II
30032,Obesity_Type_I
22103,Insufficient_Weight
31820,Obesity_Type_III
28519,Overweight_Level_II
25885,Obesity_Type_III
26653,Overweight_Level_II
25425,Normal_Weight
27687,Obesity_Type_II
24398,Obesity_Type_I
30942,Overweight_Level_I
33268,Obesity_Type_II
26418,Overweight_Level_II
22539,Obesity_Type_II
22966,Insufficient_Weight
31181,Overweight_Level_II
20950,Insufficient_Weight
27919,Obesity_Type_II
26298,Obesity_Type_III
32086,Obesity_Type_III
28228,Insufficient_Weight
22124,Obesity_Type_I
26441,Normal_Weight
32869,Overweight_Level_I
28130,Obesity_Type_I
26951,Obesity_Type_III
30250,Normal_Weight
21854,Overweight_Level_I
25963,Insufficient_Weight
26681,Insufficient_Weight
32342,Overweight_Level_II
33666,Obesity_Type_I
26696,Obesity_Type_I
25098,Normal_Weight
22047,Overweight_Level_II
33096,Normal_Weight
32914,Overweight_Level_I
25691,Normal_Weight
34564,Obesity_Type_I
24641,Obesity_Type_II
33283,Obesity_Type_III
28031,Obesity_Type_I
23836,Obesity_Type_III
33002,Obesity_Type_I
24751,Obesity_Type_I
30715,Overweight_Level_I
25746,Obesity_Type_III
31034,Obesity_Type_II
26657,Overweight_Level_II
21013,Obesity_Type_II
28015,Overweight_Level_II
24311,Obesity_Type_I
21311,Obesity_Type_III
23884,Obesity_Type_I
28098,Overweight_Level_II
24441,Obesity_Type_I
26705,Normal_Weight
27475,Obesity_Type_I
24059,Obesity_Type_I
29247,Overweight_Level_II
28892,Overweight_Level_I
22424,Obesity_Type_I
34261,Obesity_Type_I
21238,Obesity_Type_II
21921,Overweight_Level_II
20993,Insufficient_Weight
21503,Obesity_Type_II
25009,Obesity_Type_I
25784,Obesity_Type_III
25266,Obesity_Type_I
28863,Insufficient_Weight
32652,Overweight_Level_II
26208,Overweight_Level_I
21638,Overweight_Level_I
24143,Obesity_Type_I
20766,Overweight_Level_II
24224,Obesity_Type_II
33788,Insufficient_Weight
29280,Overweight_Level_II
23896,Obesity_Type_I
29571,Obesity_Type_III
28548,Insufficient_Weight
32771,Normal_Weight
22039,Normal_Weight
29833,Obesity_Type_I
32274,Obesity_Type_II
30922,Obesity_Type_III
30025,Normal_Weight
23558,Insufficient_Weight
34054,Normal_Weight
23436,Obesity_Type_III
32593,Normal_Weight
31206,Insufficient_Weight
28366,Obesity_Type_III
34562,Overweight_Level_I
27944,Overweight_Level_I
32096,Insufficient_Weight
23589,Insufficient_Weight
33151,Insufficient_Weight
32751,Obesity_Type_II
29712,Overweight_Level_I
27999,Obesity_Type_III
27406,Obesity_Type_II
27728,Obesity_Type_I
24767,Obesity_Type_I
25112,Overweight_Level_I
26152,Obesity_Type_III
32022,Normal_Weight
27394,Overweight_Level_II
22492,Overweight_Level_I
32468,Overweight_Level_II
33678,Normal_Weight
21045,Normal_Weight
21920,Obesity_Type_I
25766,Normal_Weight
30939,Insufficient_Weight
29864,Overweight_Level_II
25079,Insufficient_Weight
24026,Obesity_Type_III
31605,Obesity_Type_I
23232,Overweight_Level_II
30447,Normal_Weight
28783,Obesity_Type_II
23923,Normal_Weight
20934,Obesity_Type_I
24807,Normal_Weight
34138,Obesity_Type_II
33623,Insufficient_Weight
32658,Obesity_Type_II
28018,Overweight_Level_I
23169,Obesity_Type_III
22569,Obesity_Type_III
28866,Obesity_Type_I
32013,Obesity_Type_I
30706,Obesity_Type_I
33277,Overweight_Level_I
22338,Obesity_Type_III
33828,Overweight_Level_I
31443,Obesity_Type_III
20783,Obesity_Type_I
24899,Obesity_Type_III
25734,Obesity_Type_III
26857,Obesity_Type_I
23242,Normal_Weight
25751,Obesity_Type_III
21354,Insufficient_Weight
26169,Obesity_Type_I
30085,Overweight_Level_I
27063,Overweight_Level_I
31877,Normal_Weight
29205,Insufficient_Weight
21396,Insufficient_Weight
27196,Overweight_Level_II
23418,Insufficient_Weight
30653,Overweight_Level_I
24447,Overweight_Level_I
22242,Obesity_Type_III
26794,Obesity_Type_I
31268,Obesity_Type_I
21942,Obesity_Type_I
26628,Obesity_Type_III
34080,Normal_Weight
29837,Normal_Weight
31073,Insufficient_Weight
24756,Overweight_Level_I
27833,Obesity_Type_II
34334,Obesity_Type_I
28875,Obesity_Type_III
23651,Obesity_Type_III
30348,Obesity_Type_III
31936,Obesity_Type_I
34324,Overweight_Level_II
27021,Obesity_Type_II
28103,Obesity_Type_I
33386,Obesity_Type_II
32178,Normal_Weight
32583,Normal_Weight
27214,Insufficient_Weight
22203,Overweight_Level_I
30105,Obesity_Type_II
21197,Overweight_Level_II
27054,Obesity_Type_III
21273,Overweight_Level_II
26548,Obesity_Type_III
22134,Normal_Weight
32021,Insufficient_Weight
24025,Obesity_Type_III
23484,Insufficient_Weight
24202,Overweight_Level_II
29500,Insufficient_Weight
26842,Overweight_Level_II
24400,Normal_Weight
29920,Overweight_Level_II
21976,Overweight_Level_II
25540,Obesity_Type_III
26094,Obesity_Type_II
21126,Overweight_Level_II
25950,Obesity_Type_I
33155,Obesity_Type_II
31453,Obesity_Type_II
22695,Normal_Weight
34228,Overweight_Level_II
22125,Overweight_Level_II
24769,Obesity_Type_I
30037,Insufficient_Weight
27373,Obesity_Type_II
21095,Obesity_Type_III
26673,Overweight_Level_I
21918,Insufficient_Weight
32709,Overweight_Level_II
21947,Insufficient_Weight
23094,Obesity_Type_II
20961,Insufficient_Weight
28949,Obesity_Type_I
23446,Obesity_Type_III
34320,Obesity_Type_III
21814,Obesity_Type_III
23008,Overweight_Level_I
26238,Obesity_Type_III
34389,Obesity_Type_I
24152,Obesity_Type_I
27589,Insufficient_Weight
31231,Normal_Weight
25742,Insufficient_Weight
34551,Obesity_Type_II
30064,Obesity_Type_I
33883,Obesity_Type_I
27758,Overweight_Level_II
30425,Insufficient_Weight
26089,Obesity_Type_I
28131,Obesity_Type_III
28367,Overweight_Level_I
21509,Obesity_Type_I
26639,Obesity_Type_III
25002,Overweight_Level_I
25724,Overweight_Level_I
25909,Obesity_Type_I
27100,Overweight_Level_II
24359,Overweight_Level_II
28672,Obesity_Type_I
30941,Insufficient_Weight
27402,Obesity_Type_I
21598,Obesity_Type_III
22316,Insufficient_Weight
31117,Overweight_Level_I
22079,Obesity_Type_II
31517,Obesity_Type_III
33430,Obesity_Type_III
26045,Insufficient_Weight
29013,Overweight_Level_II
33491,Obesity_Type_II
31018,Obesity_Type_II
23448,Normal_Weight
25447,Insufficient_Weight
31205,Obesity_Type_III
21313,Insufficient_Weight
28615,Obesity_Type_II
31422,Normal_Weight
33639,Obesity_Type_III
31765,Overweight_Level_II
28627,Obesity_Type_III
28038,Obesity_Type_III
28980,Obesity_Type_II
27872,Obesity_Type_III
27154,Normal_Weight
21560,Obesity_Type_I
32597,Obesity_Type_III
25638,Overweight_Level_II
22111,Overweight_Level_II
24515,Overweight_Level_II
34038,Obesity_Type_I
22212,Obesity_Type_III
33121,Obesity_Type_I
27567,Obesity_Type_I
28032,Normal_Weight
30646,Normal_Weight
32511,Overweight_Level_I
27955,Obesity_Type_II
29151,Overweight_Level_I
20879,Obesity_Type_III
25697,Insufficient_Weight
31099,Overweight_Level_II
29562,Insufficient_Weight
32955,Obesity_Type_III
26670,Overweight_Level_II
25873,Normal_Weight
28381,Overweight_Level_II
22658,Obesity_Type_III
21662,Obesity_Type_II
22971,Overweight_Level_I
31606,Insufficient_Weight
31825,Overweight_Level_I
21754,Overweight_Level_I
24750,Obesity_Type_III
22013,Overweight_Level_II
30522,Obesity_Type_II
31580,Normal_Weight
28037,Obesity_Type_I
23687,Obesity_Type_II
31987,Normal_Weight
24963,Obesity_Type_I
33236,Overweight_Level_II
33631,Overweight_Level_I
31326,Obesity_Type_I
30926,Overweight_Level_I
27378,Obesity_Type_II
32188,Obesity_Type_III
23756,Obesity_Type_III
32783,Obesity_Type_I
30849,Obesity_Type_I
32036,Obesity_Type_II
29000,Insufficient_Weight
21363,Obesity_Type_II
34403,Normal_Weight
22651,Obesity_Type_II
31709,Obesity_Type_II
26864,Obesity_Type_III
23679,Obesity_Type_II
29303,Overweight_Level_II
28777,Normal_Weight
21188,Obesity_Type_I
20902,Obesity_Type_I
24661,Obesity_Type_II
24616,Insufficient_Weight
32867,Normal_Weight
32586,Normal_Weight
23220,Obesity_Type_II
23379,Overweight_Level_II
21144,Obesity_Type_I
27565,Obesity_Type_I
29690,Obesity_Type_III
22989,Obesity_Type_II
34570,Obesity_Type_II
28447,Obesity_Type_II
23992,Obesity_Type_III
20949,Obesity_Type_I
29478,Normal_Weight
32577,Normal_Weight
23712,Obesity_Type_II
31364,Obesity_Type_I
30949,Normal_Weight
22247,Overweight_Level_II
31666,Overweight_Level_II
26379,Overweight_Level_II
29180,Overweight_Level_II
33412,Obesity_Type_III
25004,Obesity_Type_II
31536,Obesity_Type_I
22310,Normal_Weight
25614,Obesity_Type_I
32930,Overweight_Level_II
23392,Obesity_Type_I
24095,Obesity_Type_I
23129,Insufficient_Weight
25683,Obesity_Type_I
31621,Overweight_Level_II
27680,Normal_Weight
31529,Obesity_Type_III
31739,Overweight_Level_II
26424,Overweight_Level_II
23238,Insufficient_Weight
28850,Obesity_Type_II
32189,Overweight_Level_II
29984,Obesity_Type_III
23283,Obesity_Type_I
21198,Obesity_Type_III
26845,Obesity_Type_II
28998,Obesity_Type_II
33688,Obesity_Type_III
31670,Obesity_Type_I
25659,Obesity_Type_II
34036,Normal_Weight
22540,Normal_Weight
34476,Normal_Weight
29419,Overweight_Level_I
26370,Normal_Weight
28942,Obesity_Type_III
21508,Obesity_Type_II
28166,Obesity_Type_III
29891,Insufficient_Weight
24974,Obesity_Type_II
28133,Obesity_Type_II
20923,Normal_Weight
30390,Overweight_Level_I
28877,Obesity_Type_III
27488,Overweight_Level_I
31899,Normal_Weight
33899,Obesity_Type_I
31271,Normal_Weight
23924,Overweight_Level_II
26866,Obesity_Type_II
26807,Obesity_Type_II
32104,Normal_Weight
32587,Obesity_Type_II
21453,Obesity_Type_I
31896,Normal_Weight
34500,Insufficient_Weight
31382,Overweight_Level_II
25983,Insufficient_Weight
27070,Obesity_Type_I
22788,Obesity_Type_III
26338,Overweight_Level_I
22438,Insufficient_Weight
31337,Overweight_Level_I
24846,Overweight_Level_II
24980,Obesity_Type_I
32986,Obesity_Type_II
29464,Obesity_Type_II
32875,Overweight_Level_I
28549,Obesity_Type_II
32716,Obesity_Type_I
25489,Overweight_Level_II
32619,Overweight_Level_II
23860,Insufficient_Weight
32853,Obesity_Type_II
24070,Normal_Weight
25522,Normal_Weight
22062,Obesity_Type_I
34215,Obesity_Type_III
29716,Normal_Weight
25000,Overweight_Level_II
25504,Obesity_Type_I
23761,Obesity_Type_III
27017,Obesity_Type_III
23346,Obesity_Type_I
30248,Obesity_Type_III
33851,Normal_Weight
28375,Obesity_Type_III
21394,Overweight_Level_I
31038,Obesity_Type_I
28036,Obesity_Type_I
33702,Obesity_Type_I
30679,Obesity_Type_II
26789,Obesity_Type_III
33325,Obesity_Type_I
27248,Obesity_Type_II
24410,Obesity_Type_I
27448,Obesity_Type_II
27491,Obesity_Type_III
23298,Overweight_Level_I
26417,Obesity_Type_I
23715,Normal_Weight
27202,Obesity_Type_III
32831,Overweight_Level_I
30755,Normal_Weight
22038,Obesity_Type_I
29708,Obesity_Type_I
24511,Normal_Weight
28924,Normal_Weight
23644,Overweight_Level_I
34361,Overweight_Level_I
29499,Insufficient_Weight
26172,Insufficient_Weight
32223,Insufficient_Weight
24928,Obesity_Type_I
32545,Insufficient_Weight
32563,Overweight_Level_I
32537,Insufficient_Weight
20948,Obesity_Type_III
23109,Obesity_Type_II
33996,Obesity_Type_III
25839,Overweight_Level_II
26273,Insufficient_Weight
20881,Obesity_Type_II
27632,Overweight_Level_I
26206,Overweight_Level_I
29475,Obesity_Type_II
26720,Obesity_Type_II
28796,Obesity_Type_III
27503,Obesity_Type_III
28890,Obesity_Type_II
25304,Insufficient_Weight
22692,Overweight_Level_I
27516,Obesity_Type_III
28699,Normal_Weight
29479,Obesity_Type_I
23424,Overweight_Level_II
30448,Normal_Weight
31662,Overweight_Level_II
31446,Obesity_Type_II
22743,Insufficient_Weight
20778,Normal_Weight
28807,Overweight_Level_I
23905,Overweight_Level_II
24858,Obesity_Type_II
27002,Obesity_Type_III
29312,Obesity_Type_II
31083,Overweight_Level_I
22408,Normal_Weight
33681,Insufficient_Weight
22052,Obesity_Type_I
23612,Overweight_Level_II
26972,Insufficient_Weight
31846,Obesity_Type_II
27242,Obesity_Type_II
23966,Normal_Weight
27012,Normal_Weight
29762,Insufficient_Weight
23042,Overweight_Level_I
31131,Obesity_Type_I
24909,Obesity_Type_II
20988,Overweight_Level_II
28938,Insufficient_Weight
25774,Obesity_Type_II
20978,Obesity_Type_I
32032,Normal_Weight
21706,Normal_Weight
27022,Obesity_Type_II
22970,Obesity_Type_I
30777,Obesity_Type_I
26876,Obesity_Type_III
28265,Insufficient_Weight
29996,Obesity_Type_III
30762,Overweight_Level_II
31452,Normal_Weight
23562,Overweight_Level_II
26079,Obesity_Type_III
30946,Overweight_Level_I
30044,Obesity_Type_II
32160,Insufficient_Weight
24982,Obesity_Type_I
26697,Normal_Weight
28531,Overweight_Level_I
24966,Obesity_Type_III
29888,Obesity_Type_III
30231,Obesity_Type_II
28882,Obesity_Type_III
30974,Overweight_Level_II
23604,Obesity_Type_II
33319,Normal_Weight
25235,Normal_Weight
22957,Obesity_Type_I
26939,Overweight_Level_II
24669,Obesity_Type_III
24471,Obesity_Type_III
23470,Normal_Weight
29775,Obesity_Type_II
31863,Obesity_Type_I
20793,Overweight_Level_I
22391,Overweight_Level_II
23817,Insufficient_Weight
31304,Obesity_Type_II
23025,Normal_Weight
23497,Insufficient_Weight
22525,Obesity_Type_I
22671,Obesity_Type_III
23040,Overweight_Level_I
27500,Overweight_Level_II
31957,Obesity_Type_I
29200,Overweight_Level_II
26313,Overweight_Level_I
34195,Overweight_Level_I
25464,Overweight_Level_II
25854,Normal_Weight
29357,Overweight_Level_I
30501,Obesity_Type_II
30955,Normal_Weight
28171,Obesity_Type_III
22517,Obesity_Type_III
23813,Normal_Weight
30068,Obesity_Type_I
30053,Overweight_Level_I
29533,Overweight_Level_I
30896,Obesity_Type_III
24413,Obesity_Type_I
33574,Insufficient_Weight
21205,Obesity_Type_II
27542,Insufficient_Weight
32100,Obesity_Type_I
25362,Obesity_Type_III
32877,Obesity_Type_II
24319,Obesity_Type_II
31061,Obesity_Type_II
28165,Overweight_Level_I
25783,Obesity_Type_III
30026,Overweight_Level_II
33610,Obesity_Type_III
34514,Obesity_Type_III
24547,Normal_Weight
30606,Obesity_Type_III
28898,Overweight_Level_I
25262,Obesity_Type_II
27875,Normal_Weight
28988,Normal_Weight
25798,Normal_Weight
33572,Normal_Weight
21682,Obesity_Type_I
25801,Obesity_Type_III
21572,Obesity_Type_II
33257,Normal_Weight
22655,Normal_Weight
30826,Obesity_Type_I
22500,Insufficient_Weight
22074,Obesity_Type_I
23812,Overweight_Level_I
33489,Overweight_Level_II
34466,Obesity_Type_III
30710,Obesity_Type_II
27327,Insufficient_Weight
26932,Insufficient_Weight
30589,Overweight_Level_II
23948,Overweight_Level_II
30069,Overweight_Level_I
21441,Insufficient_Weight
27918,Normal_Weight
22906,Overweight_Level_I
31367,Normal_Weight
28991,Insufficient_Weight
27884,Obesity_Type_III
34318,Overweight_Level_I
25329,Obesity_Type_II
31550,Obesity_Type_I
26523,Obesity_Type_III
28127,Insufficient_Weight
28288,Obesity_Type_III
28534,Obesity_Type_III
33612,Obesity_Type_II
33393,Overweight_Level_I
34068,Obesity_Type_I
24255,Obesity_Type_III
29531,Obesity_Type_II
29597,Insufficient_Weight
30148,Normal_Weight
28168,Normal_Weight
32742,Overweight_Level_II
25562,Insufficient_Weight
27570,Obesity_Type_II
23728,Overweight_Level_I
27756,Obesity_Type_II
22098,Insufficient_Weight
23310,Obesity_Type_II
28592,Normal_Weight
24864,Overweight_Level_II
27018,Obesity_Type_III
24343,Obesity_Type_I
25108,Insufficient_Weight
25649,Insufficient_Weight
23039,Normal_Weight
32809,Insufficient_Weight
31858,Insufficient_Weight
22786,Overweight_Level_II
24654,Overweight_Level_II
28463,Overweight_Level_II
24662,Overweight_Level_I
31462,Normal_Weight
22187,Insufficient_Weight
33036,Obesity_Type_I
28675,Insufficient_Weight
21271,Obesity_Type_I
22458,Overweight_Level_II
27675,Overweight_Level_II
24984,Obesity_Type_III
21374,Obesity_Type_I
25475,Normal_Weight
29109,Overweight_Level_II
24935,Overweight_Level_II
26578,Obesity_Type_I
29573,Insufficient_Weight
25776,Obesity_Type_II
33628,Obesity_Type_III
28585,Obesity_Type_II
24351,Overweight_Level_I
31955,Overweight_Level_I
23682,Obesity_Type_III
34341,Obesity_Type_III
30038,Normal_Weight
30395,Obesity_Type_II
27587,Overweight_Level_I
29705,Obesity_Type_I
32230,Normal_Weight
24709,Overweight_Level_II
26871,Obesity_Type_I
27250,Overweight_Level_II
32196,Overweight_Level_I
24382,Obesity_Type_I
30591,Obesity_Type_III
24079,Overweight_Level_I
25487,Obesity_Type_III
31313,Obesity_Type_I
21538,Normal_Weight
24612,Overweight_Level_II
24595,Obesity_Type_I
22922,Obesity_Type_III
26604,Insufficient_Weight
24618,Obesity_Type_II
30538,Normal_Weight
31021,Normal_Weight
24890,Insufficient_Weight
32186,Obesity_Type_I
23496,Normal_Weight
26044,Normal_Weight
29853,Obesity_Type_I
23014,Obesity_Type_II
28559,Obesity_Type_III
29765,Normal_Weight
26694,Normal_Weight
27892,Insufficient_Weight
26387,Overweight_Level_II
24514,Overweight_Level_II
27625,Obesity_Type_II
27302,Obesity_Type_II
20909,Obesity_Type_I
22888,Insufficient_Weight
23110,Overweight_Level_I
34288,Obesity_Type_III
33722,Obesity_Type_II
21061,Obesity_Type_II
32942,Obesity_Type_III
25359,Overweight_Level_I
33760,Insufficient_Weight
22850,Insufficient_Weight
30497,Insufficient_Weight
32768,Normal_Weight
25015,Obesity_Type_II
27504,Obesity_Type_I
21255,Obesity_Type_II
23031,Normal_Weight
29294,Overweight_Level_II
24772,Normal_Weight
25528,Obesity_Type_I
27210,Insufficient_Weight
25288,Obesity_Type_II
28146,Insufficient_Weight
23787,Insufficient_Weight
26735,Obesity_Type_III
28020,Insufficient_Weight
25419,Obesity_Type_II
32903,Obesity_Type_II
21790,Obesity_Type_II
26947,Obesity_Type_II
30271,Overweight_Level_I
30477,Obesity_Type_I
31298,Obesity_Type_III
27493,Overweight_Level_I
32661,Overweight_Level_II
24012,Obesity_Type_I
27721,Normal_Weight
33982,Overweight_Level_I
32980,Insufficient_Weight
24114,Normal_Weight
31845,Overweight_Level_II
21437,Obesity_Type_II
32113,Overweight_Level_II
28290,Overweight_Level_II
24074,Obesity_Type_III
32876,Obesity_Type_III
26339,Obesity_Type_II
34333,Obesity_Type_I
25430,Obesity_Type_II
28391,Insufficient_Weight
23899,Obesity_Type_I
23082,Obesity_Type_I
23426,Overweight_Level_II
22703,Obesity_Type_III
26850,Insufficient_Weight
30008,Insufficient_Weight
20956,Obesity_Type_I
27460,Obesity_Type_I
24734,Overweight_Level_II
24869,Obesity_Type_III
23833,Obesity_Type_II
24113,Normal_Weight
25994,Overweight_Level_II
30426,Overweight_Level_II
23792,Obesity_Type_III
22101,Obesity_Type_III
31943,Obesity_Type_III
26671,Insufficient_Weight
26528,Normal_Weight
31381,Normal_Weight
34461,Obesity_Type_II
29326,Obesity_Type_III
32216,Obesity_Type_III
23304,Obesity_Type_I
31066,Obesity_Type_I
22179,Obesity_Type_III
29554,Normal_Weight
32384,Obesity_Type_III
33107,Overweight_Level_I
28905,Obesity_Type_III
31173,Overweight_Level_II
25207,Obesity_Type_II
22882,Normal_Weight
28798,Obesity_Type_I
28562,Normal_Weight
34263,Obesity_Type_II
33736,Obesity_Type_III
26613,Obesity_Type_III
25600,Obesity_Type_II
32920,Normal_Weight
21654,Overweight_Level_I
32838,Obesity_Type_III
24204,Overweight_Level_I
34545,Obesity_Type_II
24205,Obesity_Type_II
31904,Obesity_Type_III
26779,Obesity_Type_III
32643,Obesity_Type_II
26491,Normal_Weight
30462,Obesity_Type_III
23342,Obesity_Type_II
27222,Obesity_Type_II
30070,Normal_Weight
29259,Overweight_Level_II
30292,Obesity_Type_II
23657,Insufficient_Weight
21715,Overweight_Level_II
30100,Normal_Weight
21689,Obesity_Type_II
22341,Normal_Weight
22932,Overweight_Level_II
32799,Overweight_Level_I
31251,Obesity_Type_II
28051,Obesity_Type_I
30470,Overweight_Level_I
32388,Obesity_Type_III
31776,Obesity_Type_III
29320,Obesity_Type_II
27845,Obesity_Type_II
33279,Normal_Weight
21247,Obesity_Type_II
21792,Obesity_Type_III
33597,Obesity_Type_III
24906,Obesity_Type_I
32420,Normal_Weight
26736,Insufficient_Weight
25305,Obesity_Type_I
21726,Obesity_Type_III
20822,Normal_Weight
30376,Obesity_Type_II
33516,Obesity_Type_I
21622,Overweight_Level_I
31902,Insufficient_Weight
25498,Obesity_Type_II
33970,Overweight_Level_II
30449,Obesity_Type_III
32950,Obesity_Type_III
33743,Obesity_Type_III
34218,Obesity_Type_II
29172,Obesity_Type_II
22714,Overweight_Level_II
26038,Obesity_Type_III
25046,Obesity_Type_II
21768,Overweight_Level_II
23450,Normal_Weight
27775,Overweight_Level_II
27205,Obesity_Type_III
29070,Insufficient_Weight
29522,Obesity_Type_I
23960,Normal_Weight
23504,Normal_Weight
32750,Normal_Weight
34222,Obesity_Type_II
30134,Insufficient_Weight
27705,Obesity_Type_III
33031,Obesity_Type_III
29213,Normal_Weight
20871,Obesity_Type_III
33053,Obesity_Type_III
23151,Obesity_Type_III
26921,Obesity_Type_III
29733,Overweight_Level_II
33153,Obesity_Type_I
32068,Overweight_Level_II
29524,Overweight_Level_I
27894,Obesity_Type_III
26682,Obesity_Type_III
29001,Obesity_Type_II
21785,Obesity_Type_III
30586,Overweight_Level_II
25791,Obesity_Type_II
22217,Normal_Weight
26693,Obesity_Type_I
28424,Insufficient_Weight
27398,Insufficient_Weight
28003,Normal_Weight
23876,Normal_Weight
32443,Insufficient_Weight
23208,Normal_Weight
30289,Overweight_Level_II
25698,Obesity_Type_II
24318,Overweight_Level_II
21728,Obesity_Type_III
26442,Insufficient_Weight
30768,Obesity_Type_I
21228,Obesity_Type_I
28082,Obesity_Type_I
24395,Overweight_Level_I
33458,Insufficient_Weight
22277,Insufficient_Weight
28631,Obesity_Type_II
28865,Overweight_Level_I
27098,Insufficient_Weight
28620,Obesity_Type_I
22899,Normal_Weight
21694,Normal_Weight
32585,Obesity_Type_II
24110,Normal_Weight
33590,Obesity_Type_I
24898,Obesity_Type_III
29450,Insufficient_Weight
32392,Obesity_Type_III
26762,Obesity_Type_I
24340,Overweight_Level_I
31853,Overweight_Level_II
29892,Normal_Weight
20979,Overweight_Level_I
23061,Obesity_Type_I
26013,Obesity_Type_I
30311,Overweight_Level_II
24477,Overweight_Level_I
20905,Insufficient_Weight
28487,Normal_Weight
28255,Obesity_Type_II
30784,Obesity_Type_II
33398,Overweight_Level_I
30666,Insufficient_Weight
24412,Overweight_Level_II
29242,Obesity_Type_III
26256,Obesity_Type_I
30216,Obesity_Type_I
33305,Obesity_Type_III
21070,Overweight_Level_I
21623,Obesity_Type_I
29503,Obesity_Type_III
26210,Overweight_Level_I
25768,Obesity_Type_III
24937,Overweight_Level_I
24380,Normal_Weight
23892,Insufficient_Weight
33124,Overweight_Level_I
34009,Insufficient_Weight
33897,Obesity_Type_II
33023,Obesity_Type_III
32915,Obesity_Type_III
28864,Obesity_Type_II
21568,Obesity_Type_II
27941,Normal_Weight
24221,Insufficient_Weight
26113,Obesity_Type_III
27129,Obesity_Type_III
33116,Normal_Weight
28164,Normal_Weight
26883,Insufficient_Weight
29538,Insufficient_Weight
29955,Obesity_Type_III
34486,Insufficient_Weight
23043,Obesity_Type_I
33100,Overweight_Level_II
27253,Normal_Weight
31180,Obesity_Type_II
21539,Overweight_Level_I
23897,Obesity_Type_II
24201,Obesity_Type_I
21106,Obesity_Type_III
33463,Obesity_Type_III
31086,Obesity_Type_II
29509,Overweight_Level_II
30874,Obesity_Type_I
21699,Obesity_Type_III
31974,Overweight_Level_II
28198,Obesity_Type_I
34113,Obesity_Type_I
26810,Normal_Weight
24948,Obesity_Type_II
27422,Obesity_Type_I
25131,Obesity_Type_III
22250,Normal_Weight
31293,Normal_Weight
22321,Overweight_Level_II
25302,Obesity_Type_II
25146,Insufficient_Weight
29095,Overweight_Level_II
23292,Obesity_Type_III
28579,Normal_Weight
21353,Obesity_Type_III
24875,Normal_Weight
26954,Obesity_Type_I
30365,Obesity_Type_III
23835,Obesity_Type_III
30750,Insufficient_Weight
28739,Obesity_Type_I
24180,Obesity_Type_I
23634,Overweight_Level_II
30373,Obesity_Type_I
23499,Obesity_Type_II
26839,Obesity_Type_III
23804,Overweight_Level_II
30028,Obesity_Type_III
27369,Obesity_Type_III
25340,Insufficient_Weight
33062,Obesity_Type_I
28756,Obesity_Type_I
29391,Obesity_Type_III
28682,Obesity_Type_III
24602,Obesity_Type_III
27806,Insufficient_Weight
23750,Obesity_Type_I
24556,Obesity_Type_III
30330,Insufficient_Weight
27695,Overweight_Level_II
26078,Obesity_Type_III
33032,Insufficient_Weight
27874,Overweight_Level_II
29045,Obesity_Type_I
33961,Obesity_Type_I
23640,Obesity_Type_I
29516,Overweight_Level_II
26912,Overweight_Level_I
23934,Obesity_Type_II
28269,Obesity_Type_III
29063,Insufficient_Weight
31928,Obesity_Type_I
29567,Obesity_Type_III
25826,Obesity_Type_III
24077,Obesity_Type_II
26350,Obesity_Type_III
32735,Obesity_Type_III
24874,Insufficient_Weight
28203,Obesity_Type_I
24587,Normal_Weight
23207,Obesity_Type_I
22843,Insufficient_Weight
21146,Obesity_Type_III
26727,Obesity_Type_III
25064,Obesity_Type_II
29270,Obesity_Type_II
22289,Obesity_Type_I
21952,Obesity_Type_I
27810,Overweight_Level_II
28715,Obesity_Type_II
22945,Normal_Weight
33576,Overweight_Level_I
26494,Normal_Weight
21770,Insufficient_Weight
32198,Normal_Weight
22260,Obesity_Type_II
26020,Insufficient_Weight
34453,Obesity_Type_I
29053,Obesity_Type_I
26672,Normal_Weight
27738,Obesity_Type_II
24789,Obesity_Type_II
33850,Overweight_Level_I
33502,Obesity_Type_I
28298,Overweight_Level_I
33344,Obesity_Type_II
33553,Obesity_Type_III
29089,Normal_Weight
33930,Normal_Weight
22162,Insufficient_Weight
30345,Normal_Weight
30918,Obesity_Type_II
23583,Overweight_Level_I
23005,Obesity_Type_III
25424,Normal_Weight
31793,Obesity_Type_I
29359,Overweight_Level_II
21300,Overweight_Level_II
30368,Obesity_Type_I
21708,Obesity_Type_II
30496,Normal_Weight
21893,Obesity_Type_III
33138,Obesity_Type_II
27610,Insufficient_Weight
31811,Obesity_Type_II
31866,Overweight_Level_I
27751,Obesity_Type_II
25604,Obesity_Type_III
20761,Obesity_Type_I
29124,Insufficient_Weight
22172,Normal_Weight
23197,Overweight_Level_I
24362,Obesity_Type_III
32672,Obesity_Type_II
25658,Obesity_Type_I
31409,Normal_Weight
31998,Insufficient_Weight
31102,Obesity_Type_I
25640,Obesity_Type_I
28910,Normal_Weight
25786,Obesity_Type_I
20937,Normal_Weight
22143,Obesity_Type_III
30730,Normal_Weight
23149,Obesity_Type_III
22593,Normal_Weight
34258,Insufficient_Weight
27977,Normal_Weight
32582,Obesity_Type_III
22551,Obesity_Type_II
24099,Normal_Weight
21110,Obesity_Type_II
33854,Obesity_Type_III
31993,Overweight_Level_I
23565,Obesity_Type_I
28017,Obesity_Type_III
32922,Obesity_Type_III
25865,Obesity_Type_II
32625,Obesity_Type_III
33895,Obesity_Type_I
24315,Overweight_Level_II
23233,Obesity_Type_I
27786,Insufficient_Weight
29817,Overweight_Level_II
33226,Obesity_Type_III
32726,Insufficient_Weight
29335,Overweight_Level_I
28686,Obesity_Type_III
26486,Obesity_Type_III
31277,Obesity_Type_II
22186,Obesity_Type_III
24135,Normal_Weight
24258,Insufficient_Weight
22673,Insufficient_Weight
20921,Normal_Weight
26477,Overweight_Level_II
21006,Normal_Weight
22589,Obesity_Type_II
24153,Normal_Weight
33773,Normal_Weight
26676,Overweight_Level_II
22787,Overweight_Level_II
22505,Obesity_Type_III
30837,Insufficient_Weight
22503,Overweight_Level_II
26092,Obesity_Type_I
24550,Insufficient_Weight
23691,Overweight_Level_I
29264,Obesity_Type_I
22183,Normal_Weight
21074,Overweight_Level_I
26471,Insufficient_Weight
30964,Overweight_Level_I
31499,Normal_Weight
32601,Normal_Weight
32899,Obesity_Type_II
31306,Normal_Weight
30151,Obesity_Type_I
33494,Obesity_Type_III
30019,Normal_Weight
22811,Obesity_Type_I
31864,Insufficient_Weight
34513,Overweight_Level_II
25210,Obesity_Type_III
30125,Overweight_Level_I
34127,Insufficient_Weight
30445,Obesity_Type_III
22985,Obesity_Type_I
24884,Obesity_Type_I
24237,Normal_Weight
23134,Obesity_Type_I
26162,Overweight_Level_II
28232,Overweight_Level_II
28764,Normal_Weight
28705,Obesity_Type_I
28277,Overweight_Level_I
29369,Obesity_Type_III
26008,Obesity_Type_III
30880,Obesity_Type_III
23174,Insufficient_Weight
33667,Overweight_Level_I
31633,Obesity_Type_III
22581,Overweight_Level_I
29737,Overweight_Level_II
31652,Obesity_Type_I
33807,Overweight_Level_I
28759,Overweight_Level_I
24753,Normal_Weight
22607,Normal_Weight
23964,Obesity_Type_II
32544,Obesity_Type_III
21865,Obesity_Type_I
25057,Obesity_Type_I
25427,Normal_Weight
26369,Obesity_Type_III
24336,Normal_Weight
22845,Insufficient_Weight
27520,Overweight_Level_II
29123,Obesity_Type_III
21643,Obesity_Type_III
21312,Obesity_Type_I
32273,Overweight_Level_I
33028,Obesity_Type_II
33803,Overweight_Level_I
31358,Insufficient_Weight
28090,Obesity_Type_II
21961,Obesity_Type_III
25719,Insufficient_Weight
22887,Overweight_Level_II
27651,Normal_Weight
21550,Obesity_Type_III
21541,Obesity_Type_I
26279,Overweight_Level_I
20894,Obesity_Type_II
26222,Obesity_Type_I
29857,Obesity_Type_III
20893,Obesity_Type_I
33185,Overweight_Level_I
29757,Obesity_Type_I
20796,Insufficient_Weight
23340,Overweight_Level_II
21607,Overweight_Level_I
30855,Overweight_Level_II
32966,Obesity_Type_II
23621,Obesity_Type_I
33404,Obesity_Type_II
28961,Overweight_Level_II
26506,Overweight_Level_II
22022,Insufficient_Weight
25527,Obesity_Type_III
32393,Obesity_Type_II
20781,Obesity_Type_II
29654,Obesity_Type_III
34098,Obesity_Type_III
33320,Overweight_Level_II
30305,Obesity_Type_II
29634,Insufficient_Weight
23771,Obesity_Type_III
25800,Overweight_Level_II
27839,Normal_Weight
29154,Obesity_Type_I
31318,Obesity_Type_III
32066,Overweight_Level_I
26019,Obesity_Type_II
28649,Normal_Weight
30722,Normal_Weight
25678,Normal_Weight
29098,Obesity_Type_I
21567,Overweight_Level_II
28697,Obesity_Type_II
21105,Obesity_Type_III
29592,Normal_Weight
26843,Insufficient_Weight
21655,Overweight_Level_I
34487,Overweight_Level_II
25027,Obesity_Type_I
33974,Obesity_Type_II
24962,Normal_Weight
27843,Insufficient_Weight
23034,Insufficient_Weight
27988,Obesity_Type_II
26645,Obesity_Type_I
32381,Obesity_Type_III
33821,Normal_Weight
33598,Normal_Weight
34112,Insufficient_Weight
23269,Obesity_Type_III
30671,Overweight_Level_I
26606,Insufficient_Weight
27704,Obesity_Type_I
23194,Overweight_Level_I
25842,Overweight_Level_II
29230,Insufficient_Weight
23690,Obesity_Type_III
27418,Overweight_Level_I
22349,Overweight_Level_I
30766,Obesity_Type_I
31347,Overweight_Level_II
32075,Insufficient_Weight
31870,Obesity_Type_I
23967,Obesity_Type_I
32610,Normal_Weight
30610,Obesity_Type_II
24341,Normal_Weight
24165,Overweight_Level_II
28284,Obesity_Type_II
29007,Normal_Weight
30428,Normal_Weight
26425,Overweight_Level_II
21812,Overweight_Level_I
32613,Overweight_Level_I
23831,Obesity_Type_III
30509,Obesity_Type_I
21891,Normal_Weight
26327,Insufficient_Weight
26321,Overweight_Level_I
25216,Obesity_Type_III
33727,Overweight_Level_II
21833,Insufficient_Weight
25688,Overweight_Level_II
30060,Obesity_Type_III
28907,Insufficient_Weight
34251,Overweight_Level_I
34006,Obesity_Type_II
22420,Obesity_Type_II
31072,Obesity_Type_II
32761,Overweight_Level_I
25166,Normal_Weight
33335,Overweight_Level_I
28336,Normal_Weight
24352,Obesity_Type_III
31906,Obesity_Type_III
25126,Obesity_Type_I
31283,Normal_Weight
27379,Normal_Weight
33482,Obesity_Type_II
23337,Insufficient_Weight
26787,Obesity_Type_II
23570,Obesity_Type_II
22774,Obesity_Type_II
27943,Normal_Weight
22127,Normal_Weight
29541,Obesity_Type_II
33866,Obesity_Type_III
22258,Overweight_Level_I
32656,Obesity_Type_III
32163,Insufficient_Weight
30120,Obesity_Type_I
32155,Obesity_Type_II
21604,Obesity_Type_III
22548,Overweight_Level_I
33309,Obesity_Type_II
29142,Obesity_Type_II
29241,Overweight_Level_I
25062,Obesity_Type_III
22567,Obesity_Type_II
22227,Normal_Weight
32313,Obesity_Type_I
31215,Obesity_Type_II
32132,Obesity_Type_II
32724,Obesity_Type_III
33159,Obesity_Type_III
21723,Obesity_Type_III
33252,Overweight_Level_I
26104,Normal_Weight
26109,Obesity_Type_III
29304,Obesity_Type_I
27701,Obesity_Type_I
31311,Obesity_Type_III
24330,Insufficient_Weight
32673,Overweight_Level_I
28730,Obesity_Type_III
22965,Obesity_Type_I
30787,Overweight_Level_I
32128,Overweight_Level_II
30748,Obesity_Type_III
29774,Obesity_Type_II
32814,Overweight_Level_II
33296,Normal_Weight
32451,Obesity_Type_III
29871,Obesity_Type_I
23123,Obesity_Type_III
30465,Obesity_Type_I
31518,Overweight_Level_II
29668,Obesity_Type_I
30357,Obesity_Type_II
27458,Obesity_Type_II
24706,Overweight_Level_II
26728,Normal_Weight
30830,Normal_Weight
27333,Obesity_Type_I
23074,Obesity_Type_III
25431,Overweight_Level_II
29009,Obesity_Type_III
26244,Insufficient_Weight
32069,Overweight_Level_II
30082,Overweight_Level_I
30225,Obesity_Type_II
24877,Obesity_Type_I
22931,Overweight_Level_II
22460,Obesity_Type_II
31237,Insufficient_Weight
22918,Overweight_Level_I
31341,Insufficient_Weight
27649,Insufficient_Weight
32833,Normal_Weight
33046,Obesity_Type_III
27035,Overweight_Level_II
31834,Obesity_Type_II
31015,Obesity_Type_I
30454,Overweight_Level_I
24257,Obesity_Type_I
21613,Obesity_Type_I
21314,Overweight_Level_II
22287,Obesity_Type_III
21693,Obesity_Type_I
31803,Obesity_Type_II
34237,Insufficient_Weight
30341,Obesity_Type_II
27028,Obesity_Type_II
26569,Normal_Weight
26557,Insufficient_Weight
26098,Obesity_Type_I
20806,Obesity_Type_I
23606,Obesity_Type_II
33475,Obesity_Type_I
28134,Insufficient_Weight
25729,Obesity_Type_III
31092,Overweight_Level_I
21692,Insufficient_Weight
28545,Obesity_Type_I
24355,Normal_Weight
28404,Obesity_Type_III
22372,Overweight_Level_I
21805,Obesity_Type_II
23829,Obesity_Type_I
31389,Obesity_Type_II
33058,Obesity_Type_III
26659,Insufficient_Weight
28839,Normal_Weight
30977,Normal_Weight
22252,Insufficient_Weight
24900,Obesity_Type_III
28159,Obesity_Type_II
27013,Obesity_Type_III
31312,Obesity_Type_I
32248,Obesity_Type_III
27320,Obesity_Type_III
22495,Obesity_Type_II
34205,Insufficient_Weight
28270,Normal_Weight
34254,Normal_Weight
30937,Overweight_Level_II
32284,Obesity_Type_II
26907,Normal_Weight
32246,Overweight_Level_II
25244,Insufficient_Weight
27195,Overweight_Level_I
29863,Insufficient_Weight
22362,Overweight_Level_II
26214,Normal_Weight
27740,Obesity_Type_III
34379,Normal_Weight
24519,Insufficient_Weight
22670,Normal_Weight
32136,Obesity_Type_I
26450,Obesity_Type_I
22442,Normal_Weight
30180,Obesity_Type_III
33544,Insufficient_Weight
24590,Overweight_Level_II
26829,Insufficient_Weight
33280,Obesity_Type_II
24489,Obesity_Type_III
21791,Overweight_Level_II
31068,Normal_Weight
22453,Obesity_Type_I
31758,Insufficient_Weight
23201,Obesity_Type_I
33194,Obesity_Type_I
23478,Overweight_Level_II
25189,Obesity_Type_III
20808,Obesity_Type_II
25016,Obesity_Type_III
21370,Obesity_Type_III
33513,Insufficient_Weight
25922,Normal_Weight
21776,Overweight_Level_I
27160,Obesity_Type_III
29306,Obesity_Type_II
26128,Normal_Weight
25570,Overweight_Level_II
25564,Normal_Weight
26552,Obesity_Type_III
21716,Normal_Weight
24160,Overweight_Level_II
27998,Normal_Weight
28050,Overweight_Level_I
34550,Obesity_Type_I
30215,Obesity_Type_II
33222,Obesity_Type_II
33699,Insufficient_Weight
21057,Overweight_Level_II
29794,Obesity_Type_II
27681,Normal_Weight
21512,Insufficient_Weight
20976,Obesity_Type_I
34285,Obesity_Type_III
26526,Normal_Weight
24886,Obesity_Type_I
25650,Obesity_Type_II
31801,Obesity_Type_I
32574,Obesity_Type_I
29322,Obesity_Type_II
26535,Normal_Weight
22466,Obesity_Type_III
21836,Obesity_Type_I
22928,Normal_Weight
26764,Obesity_Type_III
26940,Normal_Weight
31442,Obesity_Type_III
22020,Overweight_Level_II
25956,Obesity_Type_III
31729,Obesity_Type_II
30914,Normal_Weight
20900,Obesity_Type_I
23704,Obesity_Type_II
26522,Obesity_Type_II
21239,Normal_Weight
31388,Obesity_Type_I
28040,Obesity_Type_III
24050,Overweight_Level_II
21085,Obesity_Type_III
28194,Overweight_Level_I
24739,Obesity_Type_II
32785,Overweight_Level_II
23824,Normal_Weight
34346,Obesity_Type_I
27172,Overweight_Level_II
32500,Overweight_Level_II
29967,Obesity_Type_III
21531,Obesity_Type_I
31095,Obesity_Type_III
22826,Obesity_Type_I
33738,Obesity_Type_III
27434,Obesity_Type_I
25952,Obesity_Type_III
24212,Overweight_Level_I
28383,Obesity_Type_II
31415,Insufficient_Weight
27271,Obesity_Type_I
33693,Normal_Weight
32579,Normal_Weight
27061,Obesity_Type_III
27076,Obesity_Type_II
22292,Obesity_Type_III
29388,Obesity_Type_II
32245,Insufficient_Weight
26171,Insufficient_Weight
22707,Normal_Weight
33562,Normal_Weight
32708,Obesity_Type_III
27718,Overweight_Level_I
33322,Insufficient_Weight
31631,Insufficient_Weight
24916,Obesity_Type_II
21232,Obesity_Type_II
22002,Normal_Weight
24419,Obesity_Type_I
29740,Obesity_Type_II
28745,Obesity_Type_II
21003,Overweight_Level_I
26938,Normal_Weight
31126,Obesity_Type_III
32097,Overweight_Level_II
25706,Normal_Weight
31547,Insufficient_Weight
31399,Obesity_Type_III
22165,Overweight_Level_I
21377,Obesity_Type_III
26255,Obesity_Type_I
32450,Overweight_Level_I
22018,Normal_Weight
32576,Insufficient_Weight
28244,Obesity_Type_III
32415,Obesity_Type_I
25555,Obesity_Type_III
22235,Obesity_Type_II
23076,Obesity_Type_III
24066,Normal_Weight
27793,Normal_Weight
26456,Normal_Weight
30925,Obesity_Type_III
28344,Obesity_Type_III
22952,Overweight_Level_I
32885,Obesity_Type_II
32626,Obesity_Type_III
34179,Overweight_Level_I
27511,Obesity_Type_II
33244,Obesity_Type_I
27776,Normal_Weight
33871,Obesity_Type_III
31703,Obesity_Type_III
25195,Obesity_Type_III
24655,Normal_Weight
24759,Obesity_Type_III
25349,Insufficient_Weight
29126,Overweight_Level_II
28517,Obesity_Type_I
28398,Normal_Weight
33147,Insufficient_Weight
28778,Obesity_Type_III
22846,Normal_Weight
21329,Obesity_Type_I
21422,Overweight_Level_II
32664,Obesity_Type_II
33818,Overweight_Level_I
25392,Obesity_Type_III
25760,Normal_Weight
32696,Obesity_Type_III
25515,Overweight_Level_II
28934,Obesity_Type_III
21926,Overweight_Level_II
26125,Obesity_Type_III
33012,Obesity_Type_III
34057,Obesity_Type_I
27072,Obesity_Type_II
21494,Obesity_Type_II
28733,Overweight_Level_II
27524,Normal_Weight
33909,Overweight_Level_II
21644,Obesity_Type_III
34270,Obesity_Type_I
27295,Overweight_Level_I
26049,Overweight_Level_I
26616,Overweight_Level_II
25759,Insufficient_Weight
22535,Insufficient_Weight
25361,Normal_Weight
31229,Obesity_Type_I
27561,Normal_Weight
29746,Obesity_Type_II
29667,Obesity_Type_III
23549,Obesity_Type_II
29542,Obesity_Type_I
30559,Obesity_Type_I
27826,Normal_Weight
21755,Insufficient_Weight
27664,Obesity_Type_III
30295,Obesity_Type_II
33905,Overweight_Level_II
21510,Obesity_Type_III
25343,Obesity_Type_III
33364,Obesity_Type_III
28119,Obesity_Type_III
33239,Overweight_Level_I
27031,Obesity_Type_I
26740,Obesity_Type_II
33829,Obesity_Type_II
23239,Overweight_Level_II
33671,Normal_Weight
28401,Obesity_Type_II
33967,Obesity_Type_III
28575,Normal_Weight
31044,Insufficient_Weight
26830,Obesity_Type_I
24259,Overweight_Level_II
26205,Obesity_Type_I
25621,Overweight_Level_II
25003,Overweight_Level_II
26384,Obesity_Type_I
30352,Overweight_Level_I
29281,Overweight_Level_II
26702,Obesity_Type_III
29144,Overweight_Level_II
22066,Obesity_Type_I
27745,Overweight_Level_I
33863,Overweight_Level_II
32436,Overweight_Level_II
28581,Obesity_Type_II
24473,Overweight_Level_I
21864,Overweight_Level_I
24659,Obesity_Type_III
28402,Obesity_Type_III
29136,Obesity_Type_III
30999,Insufficient_Weight
26540,Obesity_Type_III
33968,Obesity_Type_I
22779,Overweight_Level_II
23019,Overweight_Level_I
31701,Normal_Weight
24640,Insufficient_Weight
28109,Obesity_Type_II
34220,Overweight_Level_I
30691,Overweight_Level_II
21697,Obesity_Type_III
22410,Overweight_Level_II
26719,Obesity_Type_I
23563,Insufficient_Weight
28713,Obesity_Type_II
25771,Obesity_Type_III
22956,Overweight_Level_II
26776,Obesity_Type_II
31323,Obesity_Type_II
25170,Obesity_Type_I
24887,Overweight_Level_II
29143,Obesity_Type_II
25655,Overweight_Level_II
28753,Normal_Weight
29964,Overweight_Level_I
33939,Overweight_Level_I
25226,Obesity_Type_I
30598,Obesity_Type_II
28080,Insufficient_Weight
34023,Normal_Weight
27105,Normal_Weight
24861,Normal_Weight
33175,Overweight_Level_I
30695,Obesity_Type_II
32925,Insufficient_Weight
25811,Overweight_Level_II
25824,Insufficient_Weight
23502,Normal_Weight
31471,Obesity_Type_III
32953,Obesity_Type_II
21718,Overweight_Level_I
33134,Obesity_Type_III
28349,Obesity_Type_I
34155,Overweight_Level_II
23674,Normal_Weight
26835,Obesity_Type_II
22963,Overweight_Level_I
32999,Obesity_Type_III
27120,Obesity_Type_II
29451,Insufficient_Weight
26783,Overweight_Level_II
23185,Obesity_Type_I
20832,Obesity_Type_I
32538,Overweight_Level_I
25310,Obesity_Type_II
25012,Obesity_Type_III
24132,Obesity_Type_III
28352,Obesity_Type_I
26287,Insufficient_Weight
22209,Normal_Weight
24483,Obesity_Type_II
31238,Normal_Weight
28539,Obesity_Type_I
23858,Obesity_Type_I
31276,Obesity_Type_II
29558,Obesity_Type_III
28772,Obesity_Type_II
25105,Normal_Weight
30701,Insufficient_Weight
30502,Insufficient_Weight
29253,Obesity_Type_II
30455,Normal_Weight
26058,Insufficient_Weight
27869,Obesity_Type_II
24136,Normal_Weight
22738,Obesity_Type_II
31116,Obesity_Type_II
34235,Normal_Weight
26637,Overweight_Level_I
25286,Obesity_Type_III
33865,Insufficient_Weight
24713,Obesity_Type_III
23643,Insufficient_Weight
21150,Insufficient_Weight
22063,Obesity_Type_II
32968,Insufficient_Weight
21853,Normal_Weight
27179,Overweight_Level_II
29560,Obesity_Type_II
28291,Obesity_Type_I
32452,Normal_Weight
22246,Obesity_Type_III
21520,Insufficient_Weight
21696,Insufficient_Weight
30829,Normal_Weight
32401,Obesity_Type_I
34337,Insufficient_Weight
29328,Normal_Weight
28926,Obesity_Type_I
21246,Normal_Weight
25644,Overweight_Level_II
29431,Overweight_Level_I
32811,Obesity_Type_III
23531,Overweight_Level_I
22736,Obesity_Type_I
21594,Overweight_Level_I
21919,Obesity_Type_III
34148,Obesity_Type_III
33733,Normal_Weight
24055,Obesity_Type_II
22619,Obesity_Type_I
33045,Obesity_Type_I
24332,Obesity_Type_III
28595,Normal_Weight
24116,Obesity_Type_I
26334,Obesity_Type_III
26447,Overweight_Level_I
31176,Obesity_Type_I
27289,Overweight_Level_I
28260,Insufficient_Weight
23778,Obesity_Type_II
24979,Normal_Weight
25598,Obesity_Type_II
31921,Overweight_Level_I
28953,Overweight_Level_I
26470,Obesity_Type_II
28844,Overweight_Level_II
29638,Obesity_Type_I
25093,Obesity_Type_I
30277,Obesity_Type_I
29903,Obesity_Type_I
21648,Overweight_Level_I
23977,Obesity_Type_I
27618,Overweight_Level_I
31186,Obesity_Type_I
27290,Overweight_Level_I
27104,Obesity_Type_III
21091,Overweight_Level_I
28431,Obesity_Type_III
27221,Overweight_Level_II
29812,Insufficient_Weight
29893,Overweight_Level_I
33728,Obesity_Type_II
34169,Overweight_Level_II
21960,Obesity_Type_II
33933,Normal_Weight
27136,Insufficient_Weight
33326,Overweight_Level_I
34544,Obesity_Type_II
33097,Obesity_Type_II
23210,Obesity_Type_I
29446,Insufficient_Weight
24015,Overweight_Level_I
29078,Normal_Weight
26900,Obesity_Type_I
26194,Overweight_Level_II
22262,Obesity_Type_II
27526,Obesity_Type_I
25366,Obesity_Type_III
25860,Overweight_Level_II
23686,Overweight_Level_II
27411,Obesity_Type_II
21472,Obesity_Type_II
32933,Overweight_Level_II
28405,Overweight_Level_II
28461,Overweight_Level_I
29282,Overweight_Level_II
25720,Obesity_Type_III
26712,Normal_Weight
25044,Overweight_Level_I
29342,Normal_Weight
28276,Normal_Weight
26231,Obesity_Type_II
27374,Obesity_Type_III
22576,Overweight_Level_I
26066,Overweight_Level_I
26583,Obesity_Type_III
22507,Overweight_Level_II
30947,Obesity_Type_III
27215,Insufficient_Weight
25405,Normal_Weight
29717,Obesity_Type_II
30749,Insufficient_Weight
34339,Normal_Weight
23063,Normal_Weight
21923,Overweight_Level_II
32463,Obesity_Type_II
25933,Insufficient_Weight
25541,Obesity_Type_III
29831,Insufficient_Weight
29608,Insufficient_Weight
33716,Obesity_Type_III
32722,Normal_Weight
32218,Insufficient_Weight
26985,Overweight_Level_I
32836,Obesity_Type_I
26242,Obesity_Type_III
31668,Overweight_Level_I
31344,Normal_Weight
32138,Obesity_Type_III
25316,Insufficient_Weight
23509,Insufficient_Weight
22675,Overweight_Level_I
30359,Obesity_Type_I
28293,Obesity_Type_II
22501,Insufficient_Weight
26533,Overweight_Level_I
32548,Obesity_Type_II
27344,Obesity_Type_III
32970,Obesity_Type_III
24723,Normal_Weight
28339,Obesity_Type_III
34090,Insufficient_Weight
32534,Obesity_Type_I
21259,Normal_Weight
23370,Normal_Weight
34149,Obesity_Type_II
28125,Obesity_Type_II
34159,Obesity_Type_I
33840,Obesity_Type_III
24019,Obesity_Type_I
32662,Normal_Weight
22300,Obesity_Type_I
26840,Obesity_Type_I
25371,Insufficient_Weight
30984,Overweight_Level_II
22469,Overweight_Level_II
23870,Overweight_Level_II
33290,Overweight_Level_II
20969,Overweight_Level_II
24411,Normal_Weight
22335,Normal_Weight
25470,Normal_Weight
21562,Obesity_Type_II
26241,Obesity_Type_I
24581,Insufficient_Weight
25115,Normal_Weight
34157,Obesity_Type_I
25338,Obesity_Type_II
23878,Normal_Weight
23919,Normal_Weight
24685,Normal_Weight
22161,Overweight_Level_I
30347,Normal_Weight
26264,Obesity_Type_III
21490,Normal_Weight
24589,Obesity_Type_I
34182,Obesity_Type_III
30051,Overweight_Level_I
28008,Obesity_Type_III
25712,Normal_Weight
33652,Obesity_Type_III
31999,Overweight_Level_I
32720,Overweight_Level_I
34111,Obesity_Type_II
21690,Overweight_Level_I
33822,Insufficient_Weight
25023,Overweight_Level_I
23816,Insufficient_Weight
23296,Obesity_Type_III
23632,Overweight_Level_II
34059,Normal_Weight
31484,Overweight_Level_I
33546,Overweight_Level_II
31777,Normal_Weight
32281,Overweight_Level_I
23534,Overweight_Level_II
31599,Obesity_Type_I
21010,Obesity_Type_I
26057,Insufficient_Weight
27997,Overweight_Level_I
29809,Obesity_Type_II
30263,Obesity_Type_II
27959,Insufficient_Weight
23065,Overweight_Level_I
27586,Overweight_Level_II
26992,Normal_Weight
33644,Obesity_Type_II
28647,Normal_Weight
26650,Obesity_Type_I
34321,Obesity_Type_III
23051,Overweight_Level_I
32962,Obesity_Type_I
32083,Obesity_Type_II
34204,Obesity_Type_III
29317,Overweight_Level_I
21647,Normal_Weight
21759,Obesity_Type_III
22114,Insufficient_Weight
25887,Overweight_Level_I
24683,Obesity_Type_II
30071,Obesity_Type_I
31812,Overweight_Level_I
30588,Overweight_Level_I
23515,Insufficient_Weight
33233,Insufficient_Weight
27116,Obesity_Type_II
29352,Normal_Weight
28872,Overweight_Level_II
22631,Overweight_Level_II
31797,Obesity_Type_II
27083,Obesity_Type_I
24625,Obesity_Type_II
32229,Overweight_Level_I
24603,Insufficient_Weight
32326,Insufficient_Weight
31153,Insufficient_Weight
33473,Obesity_Type_II
32570,Overweight_Level_II
27580,Overweight_Level_II
29772,Overweight_Level_II
32046,Obesity_Type_III
31933,Obesity_Type_III
32045,Overweight_Level_II
24905,Obesity_Type_I
24139,Overweight_Level_I
30391,Overweight_Level_II
31203,Normal_Weight
29547,Overweight_Level_II
33401,Obesity_Type_I
31979,Insufficient_Weight
33027,Normal_Weight
20915,Obesity_Type_II
22361,Obesity_Type_III
21674,Overweight_Level_II
30058,Obesity_Type_II
24738,Obesity_Type_I
24855,Obesity_Type_I
27060,Overweight_Level_I
34316,Obesity_Type_III
29416,Obesity_Type_III
34158,Normal_Weight
27915,Obesity_Type_I
23561,Obesity_Type_III
21434,Obesity_Type_I
22329,Insufficient_Weight
21369,Insufficient_Weight
23685,Insufficient_Weight
33896,Insufficient_Weight
23591,Obesity_Type_II
26717,Normal_Weight
27891,Obesity_Type_I
22870,Obesity_Type_III
24860,Obesity_Type_III
29269,Insufficient_Weight
23717,Overweight_Level_II
30354,Normal_Weight
32412,Insufficient_Weight
29248,Obesity_Type_III
27771,Obesity_Type_I
25699,Normal_Weight
32927,Overweight_Level_II
33940,Overweight_Level_I
32604,Normal_Weight
24460,Insufficient_Weight
31532,Insufficient_Weight
27391,Overweight_Level_II
28987,Overweight_Level_II
33797,Obesity_Type_I
32739,Obesity_Type_II
24697,Overweight_Level_II
33714,Obesity_Type_III
31269,Normal_Weight
31515,Normal_Weight
29559,Insufficient_Weight
21195,Overweight_Level_I
32024,Insufficient_Weight
31584,Obesity_Type_I
33352,Obesity_Type_I
26538,Overweight_Level_II
25669,Normal_Weight
24598,Obesity_Type_I
31585,Obesity_Type_III
30643,Obesity_Type_I
28771,Obesity_Type_III
31402,Obesity_Type_III
26317,Normal_Weight
33918,Normal_Weight
29006,Obesity_Type_III
29160,Obesity_Type_I
24994,Obesity_Type_I
31481,Obesity_Type_III
29946,Obesity_Type_I
30542,Normal_Weight
32374,Obesity_Type_I
25736,Obesity_Type_II
22632,Overweight_Level_II
21418,Normal_Weight
26738,Obesity_Type_I
21083,Overweight_Level_I
26403,Insufficient_Weight
32222,Obesity_Type_III
25769,Normal_Weight
28264,Obesity_Type_III
26544,Overweight_Level_I
30723,Overweight_Level_I
23311,Normal_Weight
21798,Normal_Weight
28464,Overweight_Level_II
29754,Obesity_Type_I
30726,Overweight_Level_II
26077,Normal_Weight
23874,Normal_Weight
25460,Overweight_Level_I
25192,Overweight_Level_I
21475,Obesity_Type_II
20867,Obesity_Type_II
32275,Insufficient_Weight
30234,Insufficient_Weight
33561,Obesity_Type_III
26073,Obesity_Type_II
28645,Obesity_Type_III
25677,Normal_Weight
34325,Obesity_Type_III
28797,Insufficient_Weight
28655,Normal_Weight
29321,Overweight_Level_I
26927,Obesity_Type_III
30433,Overweight_Level_I
31250,Obesity_Type_III
23854,Obesity_Type_II
31805,Obesity_Type_II
25204,Obesity_Type_II
33368,Overweight_Level_I
29211,Obesity_Type_III
28502,Overweight_Level_II
23143,Insufficient_Weight
33619,Obesity_Type_II
30144,Obesity_Type_III
27732,Overweight_Level_II
21819,Insufficient_Weight
32035,Insufficient_Weight
33847,Normal_Weight
25239,Overweight_Level_I
24418,Obesity_Type_III
25996,Obesity_Type_III
25536,Normal_Weight
27556,Overweight_Level_I
31002,Normal_Weight
22701,Insufficient_Weight
33517,Obesity_Type_I
31975,Overweight_Level_I
31910,Obesity_Type_I
22099,Normal_Weight
21855,Insufficient_Weight
30327,Overweight_Level_I
25700,Insufficient_Weight
24375,Normal_Weight
24995,Obesity_Type_III
30630,Normal_Weight
27274,Obesity_Type_I
33902,Overweight_Level_II
31063,Obesity_Type_I
21639,Obesity_Type_III
24376,Obesity_Type_III
25013,Overweight_Level_II
24109,Obesity_Type_II
29683,Overweight_Level_I
31088,Overweight_Level_I
33295,Obesity_Type_III
24841,Overweight_Level_I
27762,Overweight_Level_II
21964,Obesity_Type_II
24580,Obesity_Type_II
21405,Insufficient_Weight
34400,Normal_Weight
26642,Obesity_Type_I
22724,Obesity_Type_III
27563,Overweight_Level_I
33013,Obesity_Type_II
29704,Overweight_Level_I
32478,Obesity_Type_II
31289,Insufficient_Weight
28602,Insufficient_Weight
24443,Obesity_Type_III
34125,Overweight_Level_II
29219,Insufficient_Weight
25537,Obesity_Type_I
33641,Obesity_Type_I
30187,Overweight_Level_I
22371,Overweight_Level_II
27275,Obesity_Type_I
32491,Overweight_Level_II
29182,Obesity_Type_III
21131,Normal_Weight
29940,Obesity_Type_III
31720,Obesity_Type_II
33009,Overweight_Level_I
21452,Obesity_Type_II
29218,Obesity_Type_II
28430,Obesity_Type_I
24069,Obesity_Type_III
27534,Obesity_Type_I
25106,Insufficient_Weight
30577,Overweight_Level_II
29229,Obesity_Type_II
21930,Insufficient_Weight
22035,Overweight_Level_II
22528,Obesity_Type_III
29766,Overweight_Level_II
26365,Overweight_Level_II
25113,Obesity_Type_II
27719,Obesity_Type_I
26202,Normal_Weight
34042,Insufficient_Weight
31303,Obesity_Type_II
25929,Normal_Weight
28480,Insufficient_Weight
31888,Overweight_Level_I
23868,Overweight_Level_II
22040,Obesity_Type_II
21492,Obesity_Type_I
21903,Overweight_Level_I
24457,Normal_Weight
25684,Overweight_Level_II
30126,Overweight_Level_I
31392,Overweight_Level_II
25391,Overweight_Level_II
30675,Insufficient_Weight
22390,Obesity_Type_I
22545,Obesity_Type_III
30927,Obesity_Type_I
34541,Obesity_Type_I
32325,Overweight_Level_I
23237,Obesity_Type_III
28731,Obesity_Type_II
34121,Normal_Weight
31456,Insufficient_Weight
25593,Overweight_Level_II
32260,Overweight_Level_II
34412,Obesity_Type_I
23959,Normal_Weight
23081,Insufficient_Weight
33266,Obesity_Type_I
31204,Obesity_Type_III
28994,Insufficient_Weight
32372,Obesity_Type_III
28688,Insufficient_Weight
21362,Obesity_Type_III
20787,Obesity_Type_I
22140,Obesity_Type_I
31954,Overweight_Level_I
33356,Obesity_Type_III
24211,Obesity_Type_II
28196,Obesity_Type_I
33917,Insufficient_Weight
26716,Overweight_Level_I
24760,Obesity_Type_II
33340,Obesity_Type_III
31940,Overweight_Level_I
26320,Obesity_Type_III
25622,Obesity_Type_III
33753,Normal_Weight
27903,Overweight_Level_II
33886,Obesity_Type_III
26347,Obesity_Type_II
27547,Obesity_Type_II
27452,Obesity_Type_I
31202,Insufficient_Weight
31297,Obesity_Type_II
29047,Overweight_Level_I
30473,Obesity_Type_III
25653,Insufficient_Weight
24238,Obesity_Type_III
32464,Obesity_Type_III
24047,Overweight_Level_I
21637,Obesity_Type_III
31287,Insufficient_Weight
26236,Obesity_Type_II
26014,Obesity_Type_III
21861,Normal_Weight
25797,Overweight_Level_II
34444,Obesity_Type_II
25788,Obesity_Type_III
33512,Obesity_Type_III
24850,Overweight_Level_I
33077,Insufficient_Weight
30471,Normal_Weight
32926,Obesity_Type_II
21566,Obesity_Type_II
27260,Overweight_Level_I
26198,Insufficient_Weight
34457,Obesity_Type_III
21856,Obesity_Type_III
23976,Overweight_Level_II
26868,Obesity_Type_I
30139,Obesity_Type_III
32952,Overweight_Level_II
22326,Insufficient_Weight
32423,Normal_Weight
27832,Obesity_Type_I
21629,Overweight_Level_II
32426,Insufficient_Weight
24273,Obesity_Type_III
33708,Obesity_Type_II
22415,Insufficient_Weight
21781,Obesity_Type_II
30795,Normal_Weight
33659,Overweight_Level_I
32285,Obesity_Type_I
27581,Overweight_Level_I
25095,Overweight_Level_II
31835,Overweight_Level_II
25150,Overweight_Level_I
30684,Obesity_Type_II
27267,Overweight_Level_II
23291,Insufficient_Weight
31252,Insufficient_Weight
23902,Obesity_Type_III
26793,Overweight_Level_II
24549,Obesity_Type_III
23386,Obesity_Type_I
30093,Obesity_Type_III
22352,Overweight_Level_II
33569,Obesity_Type_II
24044,Obesity_Type_II
26131,Normal_Weight
24484,Insufficient_Weight
21337,Overweight_Level_I
31220,Obesity_Type_III
26296,Obesity_Type_I
21118,Obesity_Type_III
27453,Obesity_Type_II
28668,Overweight_Level_II
23122,Obesity_Type_III
32502,Obesity_Type_I
23325,Insufficient_Weight
25984,Obesity_Type_I
31922,Obesity_Type_II
27338,Normal_Weight
21847,Obesity_Type_II
23779,Obesity_Type_II
26691,Obesity_Type_I
26510,Overweight_Level_I
23314,Obesity_Type_II
33183,Normal_Weight
28114,Normal_Weight
34594,Normal_Weight
21125,Overweight_Level_I
30343,Obesity_Type_I
33957,Insufficient_Weight
24402,Overweight_Level_II
23997,Obesity_Type_I
34506,Normal_Weight
24469,Obesity_Type_II
28608,Obesity_Type_II
30012,Normal_Weight
28799,Obesity_Type_III
24716,Normal_Weight
26711,Insufficient_Weight
24391,Obesity_Type_I
32936,Overweight_Level_I
31243,Overweight_Level_II
33843,Insufficient_Weight
23517,Normal_Weight
31377,Normal_Weight
25775,Overweight_Level_II
32911,Obesity_Type_I
27634,Obesity_Type_II
29289,Insufficient_Weight
32477,Obesity_Type_III
34109,Obesity_Type_I
29162,Obesity_Type_III
28359,Obesity_Type_III
21373,Normal_Weight
21564,Obesity_Type_III
32599,Obesity_Type_III
29021,Obesity_Type_I
27174,Normal_Weight
24422,Normal_Weight
29575,Overweight_Level_II
28213,Obesity_Type_III
29467,Normal_Weight
20901,Obesity_Type_I
32639,Overweight_Level_I
25084,Obesity_Type_II
27156,Overweight_Level_I
21840,Insufficient_Weight
32694,Overweight_Level_II
24871,Obesity_Type_II
22253,Obesity_Type_II
31819,Normal_Weight
31645,Overweight_Level_I
31859,Overweight_Level_I
28177,Insufficient_Weight
23491,Obesity_Type_I
28294,Overweight_Level_I
24516,Normal_Weight
23984,Obesity_Type_I
26469,Obesity_Type_I
23270,Overweight_Level_I
21160,Obesity_Type_III
34206,Insufficient_Weight
34454,Overweight_Level_II
24829,Obesity_Type_III
31426,Obesity_Type_III
23498,Obesity_Type_I
32910,Normal_Weight
27296,Normal_Weight
23439,Obesity_Type_III
28547,Obesity_Type_III
27310,Obesity_Type_I
24736,Obesity_Type_II
26357,Obesity_Type_III
25878,Normal_Weight
23587,Insufficient_Weight
27829,Normal_Weight
23387,Overweight_Level_I
25681,Overweight_Level_II
23541,Overweight_Level_I
33898,Overweight_Level_I
29682,Obesity_Type_I
33371,Normal_Weight
27243,Obesity_Type_III
24454,Insufficient_Weight
32873,Obesity_Type_III
33282,Obesity_Type_III
30366,Obesity_Type_I
30291,Overweight_Level_II
29392,Overweight_Level_I
30112,Overweight_Level_II
30568,Obesity_Type_I
20827,Normal_Weight
30262,Insufficient_Weight
29224,Obesity_Type_II
28614,Obesity_Type_II
28870,Normal_Weight
30693,Overweight_Level_II
28150,Normal_Weight
21319,Insufficient_Weight
26520,Insufficient_Weight
27993,Obesity_Type_III
27065,Overweight_Level_I
23428,Overweight_Level_I
26600,Insufficient_Weight
34106,Obesity_Type_III
32264,Overweight_Level_II
22080,Insufficient_Weight
29382,Normal_Weight
23047,Overweight_Level_II
28306,Overweight_Level_II
24101,Obesity_Type_I
26933,Obesity_Type_I
23625,Obesity_Type_I
30205,Obesity_Type_II
24805,Insufficient_Weight
31903,Obesity_Type_III
24945,Normal_Weight
25387,Insufficient_Weight
31868,Insufficient_Weight
25606,Obesity_Type_II
27757,Obesity_Type_II
30080,Obesity_Type_III
33346,Overweight_Level_II
23510,Obesity_Type_III
26187,Obesity_Type_III
26304,Overweight_Level_I
28774,Normal_Weight
32703,Overweight_Level_II
21366,Obesity_Type_I
33409,Normal_Weight
24305,Overweight_Level_I
25445,Obesity_Type_I
28001,Normal_Weight
28744,Obesity_Type_III
32144,Obesity_Type_III
33965,Normal_Weight
23535,Insufficient_Weight
25997,Obesity_Type_II
22488,Normal_Weight
29297,Obesity_Type_I
21357,Overweight_Level_II
24486,Overweight_Level_II
20838,Obesity_Type_II
32437,Obesity_Type_I
29591,Obesity_Type_I
22452,Obesity_Type_II
27600,Overweight_Level_II
23745,Overweight_Level_II
32531,Overweight_Level_I
25272,Insufficient_Weight
23953,Obesity_Type_III
30013,Obesity_Type_III
34374,Obesity_Type_I
31370,Insufficient_Weight
31501,Obesity_Type_II
32307,Insufficient_Weight
33614,Obesity_Type_I
30385,Normal_Weight
26801,Insufficient_Weight
26996,Overweight_Level_II
28328,Insufficient_Weight
31454,Obesity_Type_II
21925,Obesity_Type_III
31411,Insufficient_Weight
21082,Obesity_Type_I
28181,Insufficient_Weight
21181,Obesity_Type_II
34186,Overweight_Level_I
25747,Insufficient_Weight
23593,Overweight_Level_II
21153,Normal_Weight
30229,Normal_Weight
31682,Obesity_Type_II
27293,Obesity_Type_III
31871,Obesity_Type_III
33859,Obesity_Type_II
30027,Overweight_Level_I
33307,Obesity_Type_II
23995,Insufficient_Weight
32522,Overweight_Level_II
33143,Overweight_Level_II
31737,Obesity_Type_I
25398,Normal_Weight
24910,Normal_Weight
31334,Insufficient_Weight
29004,Overweight_Level_I
34349,Overweight_Level_II
21588,Overweight_Level_II
24777,Obesity_Type_II
22102,Insufficient_Weight
25941,Overweight_Level_I
31965,Obesity_Type_I
33465,Obesity_Type_III
31216,Obesity_Type_III
31562,Obesity_Type_II
26545,Overweight_Level_I
28499,Obesity_Type_I
26488,Obesity_Type_III
32840,Overweight_Level_II
25496,Insufficient_Weight
24034,Insufficient_Weight
32725,Obesity_Type_I
22160,Normal_Weight
24876,Normal_Weight
30871,Overweight_Level_I
22393,Overweight_Level_II
27694,Obesity_Type_III
26768,Obesity_Type_I
28384,Obesity_Type_III
27679,Obesity_Type_III
31152,Obesity_Type_I
32805,Obesity_Type_I
33981,Obesity_Type_I
30548,Overweight_Level_I
23677,Obesity_Type_I
27405,Obesity_Type_II
31891,Overweight_Level_II
31145,Insufficient_Weight
31769,Obesity_Type_III
34234,Obesity_Type_III
29771,Insufficient_Weight
31693,Obesity_Type_II
22622,Obesity_Type_III
23908,Obesity_Type_III
22769,Normal_Weight
27329,Overweight_Level_II
28775,Obesity_Type_I
23334,Insufficient_Weight
23054,Obesity_Type_III
33695,Insufficient_Weight
24922,Insufficient_Weight
26030,Insufficient_Weight
31232,Obesity_Type_I
27795,Overweight_Level_II
28542,Overweight_Level_II
24063,Overweight_Level_II
33709,Normal_Weight
32056,Normal_Weight
32047,Obesity_Type_I
21659,Obesity_Type_I
30596,Overweight_Level_I
31533,Obesity_Type_III
34276,Obesity_Type_II
21709,Insufficient_Weight
28054,Obesity_Type_II
25021,Normal_Weight
24657,Overweight_Level_II
29643,Obesity_Type_III
22145,Normal_Weight
24337,Normal_Weight
29649,Normal_Weight
25961,Obesity_Type_I
31254,Obesity_Type_I
28418,Obesity_Type_I
33721,Overweight_Level_I
22697,Obesity_Type_I
26751,Obesity_Type_II
28894,Insufficient_Weight
33120,Insufficient_Weight
23468,Insufficient_Weight
27053,Obesity_Type_I
23932,Obesity_Type_III
28691,Overweight_Level_II
29090,Obesity_Type_I
32058,Obesity_Type_I
32359,Obesity_Type_I
34447,Obesity_Type_III
25381,Insufficient_Weight
22822,Insufficient_Weight
21787,Obesity_Type_I
22559,Insufficient_Weight
25898,Obesity_Type_I
24638,Overweight_Level_I
24023,Overweight_Level_II
23414,Overweight_Level_II
24147,Obesity_Type_III
32676,Insufficient_Weight
21668,Obesity_Type_III
32299,Obesity_Type_I
27642,Overweight_Level_II
22898,Insufficient_Weight
30296,Normal_Weight
24122,Overweight_Level_I
32088,Normal_Weight
28784,Obesity_Type_III
30943,Insufficient_Weight
33622,Overweight_Level_I
24316,Insufficient_Weight
24941,Obesity_Type_III
28696,Obesity_Type_II
22511,Obesity_Type_III
32494,Insufficient_Weight
34417,Normal_Weight
24196,Overweight_Level_II
21729,Insufficient_Weight
27187,Normal_Weight
30050,Overweight_Level_I
26252,Insufficient_Weight
28827,Obesity_Type_I
28607,Obesity_Type_II
31575,Overweight_Level_II
20850,Insufficient_Weight
23772,Obesity_Type_III
21906,Normal_Weight
24960,Insufficient_Weight
24800,Obesity_Type_II
31684,Normal_Weight
22121,Obesity_Type_I
27755,Insufficient_Weight
31961,Normal_Weight
26122,Overweight_Level_II
33784,Normal_Weight
21034,Overweight_Level_II
33519,Overweight_Level_II
34071,Overweight_Level_I
26069,Insufficient_Weight
29072,Normal_Weight
31258,Obesity_Type_I
32414,Normal_Weight
27555,Normal_Weight
24137,Normal_Weight
26917,Overweight_Level_II
23917,Obesity_Type_I
23463,Obesity_Type_II
32746,Obesity_Type_III
26669,Obesity_Type_I
24783,Overweight_Level_I
28318,Normal_Weight
28179,Obesity_Type_I
33164,Obesity_Type_I
23907,Normal_Weight
29443,Overweight_Level_I
31566,Insufficient_Weight
29275,Insufficient_Weight
28317,Insufficient_Weight
21233,Normal_Weight
32447,Obesity_Type_I
25385,Insufficient_Weight
26994,Insufficient_Weight
22437,Obesity_Type_I
25104,Normal_Weight
22168,Obesity_Type_I
33415,Normal_Weight
24494,Overweight_Level_I
21601,Obesity_Type_III
34089,Overweight_Level_I
29216,Normal_Weight
30570,Normal_Weight
27905,Insufficient_Weight
29418,Obesity_Type_I
31886,Obesity_Type_III
27778,Insufficient_Weight
25962,Obesity_Type_I
33177,Obesity_Type_I
28596,Normal_Weight
29814,Obesity_Type_II
33474,Overweight_Level_I
22801,Insufficient_Weight
30550,Obesity_Type_I
24704,Normal_Weight
24531,Obesity_Type_I
24128,Obesity_Type_II
31949,Overweight_Level_I
28218,Overweight_Level_I
23284,Obesity_Type_II
24913,Overweight_Level_II
26816,Obesity_Type_I
31301,Normal_Weight
29735,Overweight_Level_I
25648,Overweight_Level_II
24692,Obesity_Type_I
27906,Overweight_Level_I
26282,Overweight_Level_I
29147,Obesity_Type_II
29130,Obesity_Type_III
30757,Normal_Weight
31677,Obesity_Type_III
29363,Obesity_Type_I
29106,Insufficient_Weight
21849,Normal_Weight
34390,Insufficient_Weight
22986,Normal_Weight
31732,Obesity_Type_III
24216,Obesity_Type_III
21427,Insufficient_Weight
29208,Obesity_Type_I
30374,Overweight_Level_I
32779,Normal_Weight
21387,Obesity_Type_II
34510,Obesity_Type_III
31451,Normal_Weight
33373,Overweight_Level_I
27420,Overweight_Level_II
28226,Obesity_Type_III
28570,Overweight_Level_II
30061,Normal_Weight
26478,Obesity_Type_I
33720,Insufficient_Weight
25320,Normal_Weight
26303,Insufficient_Weight
28285,Normal_Weight
32038,Obesity_Type_III
23179,Insufficient_Weight
21157,Obesity_Type_I
34354,Obesity_Type_II
24540,Obesity_Type_II
27392,Overweight_Level_I
34072,Insufficient_Weight
22722,Obesity_Type_I
21720,Obesity_Type_I
29203,Obesity_Type_III
28052,Insufficient_Weight
21084,Obesity_Type_I
25675,Overweight_Level_I
27960,Overweight_Level_I
25544,Overweight_Level_II
26415,Obesity_Type_I
27314,Normal_Weight
32525,Normal_Weight
23597,Insufficient_Weight
24844,Normal_Weight
21929,Obesity_Type_I
24028,Insufficient_Weight
21352,Obesity_Type_II
21524,Obesity_Type_I
28123,Insufficient_Weight
25473,Obesity_Type_I
24822,Obesity_Type_II
21235,Normal_Weight
26448,Obesity_Type_I
28178,Overweight_Level_II
28921,Normal_Weight
28876,Obesity_Type_III
23581,Insufficient_Weight
28637,Obesity_Type_I
26795,Insufficient_Weight
21641,Insufficient_Weight
26581,Normal_Weight
33210,Overweight_Level_II
34117,Obesity_Type_I
31576,Obesity_Type_III
28506,Obesity_Type_II
21086,Overweight_Level_II
21166,Obesity_Type_I
29988,Normal_Weight
22089,Normal_Weight
23249,Normal_Weight
30275,Obesity_Type_II
29079,Obesity_Type_III
20924,Insufficient_Weight
30109,Obesity_Type_III
21440,Obesity_Type_II
28132,Overweight_Level_II
33139,Overweight_Level_II
31942,Obesity_Type_III
30561,Obesity_Type_I
23349,Obesity_Type_II
32498,Obesity_Type_II
25534,Overweight_Level_II
24451,Obesity_Type_I
30557,Normal_Weight
24943,Normal_Weight
25184,Obesity_Type_II
31226,Insufficient_Weight
34209,Overweight_Level_I
27909,Insufficient_Weight
25384,Obesity_Type_III
30281,Overweight_Level_I
34416,Obesity_Type_III
28792,Obesity_Type_I
30309,Insufficient_Weight
26139,Obesity_Type_III
21585,Overweight_Level_I
23930,Obesity_Type_I
30140,Obesity_Type_I
26269,Overweight_Level_I
29678,Obesity_Type_III
22968,Obesity_Type_II
32402,Insufficient_Weight
24067,Normal_Weight
29970,Insufficient_Weight
32026,Obesity_Type_III
23636,Obesity_Type_I
29526,Normal_Weight
23996,Obesity_Type_II
30971,Obesity_Type_III
21176,Obesity_Type_II
23098,Obesity_Type_II
20840,Insufficient_Weight
32594,Obesity_Type_III
29695,Obesity_Type_I
25551,Normal_Weight
27569,Obesity_Type_II
27185,Overweight_Level_I
25550,Overweight_Level_II
27847,Obesity_Type_I
21595,Obesity_Type_III
26647,Obesity_Type_I
25605,Obesity_Type_II
32653,Obesity_Type_I
27404,Overweight_Level_I
33692,Normal_Weight
33376,Obesity_Type_I
34129,Overweight_Level_I
24919,Overweight_Level_II
33429,Overweight_Level_I
29838,Obesity_Type_III
27895,Obesity_Type_I
23893,Obesity_Type_I
21946,Obesity_Type_III
24512,Obesity_Type_III
21698,Normal_Weight
21393,Overweight_Level_II
31010,Normal_Weight
24495,Obesity_Type_II
27521,Insufficient_Weight
32407,Obesity_Type_III
33874,Overweight_Level_II
23204,Obesity_Type_I
24970,Obesity_Type_III
22534,Overweight_Level_II
22725,Normal_Weight
21333,Normal_Weight
25255,Obesity_Type_I
20773,Overweight_Level_II
22681,Obesity_Type_III
34176,Overweight_Level_I
25596,Overweight_Level_I
26487,Obesity_Type_II
33963,Insufficient_Weight
23259,Obesity_Type_I
29896,Obesity_Type_III
31972,Obesity_Type_II
25050,Insufficient_Weight
30039,Normal_Weight
33809,Obesity_Type_I
28597,Obesity_Type_I
21298,Obesity_Type_II
29543,Insufficient_Weight
25578,Overweight_Level_II
29210,Obesity_Type_III
25927,Obesity_Type_III
30362,Normal_Weight
24646,Obesity_Type_III
23159,Normal_Weight
24785,Overweight_Level_II
21349,Obesity_Type_I
31412,Obesity_Type_III
34568,Overweight_Level_II
29564,Insufficient_Weight
27124,Overweight_Level_II
31912,Obesity_Type_I
29648,Obesity_Type_II
31064,Obesity_Type_III
29370,Obesity_Type_III
21297,Overweight_Level_II
26153,Normal_Weight
22085,Overweight_Level_II
31356,Normal_Weight
31049,Overweight_Level_II
26818,Normal_Weight
27607,Obesity_Type_III
34475,Normal_Weight
27162,Obesity_Type_I
31676,Obesity_Type_I
25220,Obesity_Type_I
23807,Obesity_Type_III
32210,Obesity_Type_III
34418,Obesity_Type_II
31937,Overweight_Level_II
27966,Overweight_Level_II
33406,Normal_Weight
25182,Obesity_Type_II
33683,Obesity_Type_I
31832,Normal_Weight
22995,Obesity_Type_III
25010,Insufficient_Weight
24172,Obesity_Type_II
32391,Obesity_Type_III
23582,Normal_Weight
30221,Obesity_Type_III
26464,Overweight_Level_II
23850,Obesity_Type_II
29178,Obesity_Type_II
25053,Insufficient_Weight
25318,Obesity_Type_II
23351,Insufficient_Weight
26479,Insufficient_Weight
21423,Overweight_Level_II
25752,Obesity_Type_II
33485,Obesity_Type_III
22412,Obesity_Type_II
25981,Obesity_Type_III
26844,Normal_Weight
33493,Normal_Weight
27824,Obesity_Type_III
23397,Obesity_Type_III
24627,Overweight_Level_I
26753,Obesity_Type_I
22358,Obesity_Type_III
22189,Obesity_Type_III
28282,Insufficient_Weight
27498,Obesity_Type_II
31288,Overweight_Level_I
31971,Obesity_Type_I
32984,Obesity_Type_III
26786,Overweight_Level_II
30490,Obesity_Type_III
26129,Overweight_Level_II
24733,Insufficient_Weight
26930,Obesity_Type_I
27686,Obesity_Type_III
33618,Overweight_Level_I
25855,Obesity_Type_I
33655,Normal_Weight
22601,Overweight_Level_I
32485,Overweight_Level_I
23725,Obesity_Type_III
22070,Overweight_Level_II
34372,Normal_Weight
24188,Overweight_Level_I
33745,Obesity_Type_III
27227,Insufficient_Weight
23733,Obesity_Type_III
32990,Obesity_Type_I
33925,Overweight_Level_I
21630,Obesity_Type_II
27528,Obesity_Type_III
32303,Insufficient_Weight
24571,Overweight_Level_I
25052,Obesity_Type_II
22516,Normal_Weight
28902,Overweight_Level_II
29015,Insufficient_Weight
28314,Obesity_Type_III
27859,Obesity_Type_III
23575,Obesity_Type_III
30147,Obesity_Type_I
30267,Obesity_Type_II
24637,Obesity_Type_III
33633,Obesity_Type_II
26322,Insufficient_Weight
30370,Obesity_Type_III
28476,Obesity_Type_I
28855,Obesity_Type_III
25796,Obesity_Type_II
23982,Obesity_Type_II
30505,Obesity_Type_II
33314,Overweight_Level_II
22106,Obesity_Type_I
28005,Normal_Weight
22055,Obesity_Type_II
23357,Insufficient_Weight
26372,Obesity_Type_III
22133,Obesity_Type_II
22364,Overweight_Level_II
31673,Overweight_Level_II
21527,Overweight_Level_II
22312,Obesity_Type_II
30780,Obesity_Type_I
27483,Normal_Weight
29217,Obesity_Type_III
27717,Insufficient_Weight
27604,Obesity_Type_I
28573,Insufficient_Weight
26799,Normal_Weight
22711,Obesity_Type_III
27216,Obesity_Type_II
30407,Obesity_Type_III
28229,Overweight_Level_II
33345,Insufficient_Weight
30443,Insufficient_Weight
31977,Obesity_Type_I
34262,Overweight_Level_I
33260,Obesity_Type_II
22967,Overweight_Level_II
31315,Normal_Weight
27157,Overweight_Level_II
32825,Obesity_Type_III
34297,Obesity_Type_III
32935,Obesity_Type_I
28170,Overweight_Level_II
33234,Obesity_Type_II
21403,Insufficient_Weight
24843,Obesity_Type_III
32033,Normal_Weight
32509,Normal_Weight
22635,Insufficient_Weight
27324,Obesity_Type_II
34076,Normal_Weight
31712,Obesity_Type_II
30057,Obesity_Type_III
28768,Normal_Weight
33768,Obesity_Type_I
21459,Obesity_Type_III
25964,Obesity_Type_III
25513,Normal_Weight
22491,Overweight_Level_II
31814,Overweight_Level_II
34369,Overweight_Level_I
33377,Insufficient_Weight
23755,Obesity_Type_I
24182,Obesity_Type_III
23080,Normal_Weight
26806,Obesity_Type_I
29930,Obesity_Type_II
26596,Obesity_Type_III
28854,Obesity_Type_II
32828,Insufficient_Weight
29406,Overweight_Level_I
34191,Obesity_Type_III
23656,Overweight_Level_I
22345,Overweight_Level_I
34061,Obesity_Type_I
26300,Obesity_Type_III
33158,Insufficient_Weight
28734,Normal_Weight
25025,Obesity_Type_III
27477,Insufficient_Weight
24930,Overweight_Level_I
33060,Obesity_Type_I
33542,Obesity_Type_I
34214,Obesity_Type_III
22266,Normal_Weight
30052,Insufficient_Weight
28702,Obesity_Type_III
23160,Obesity_Type_III
28782,Overweight_Level_I
27980,Overweight_Level_I
28067,Obesity_Type_I
31496,Normal_Weight
22672,Obesity_Type_I
28095,Overweight_Level_I
30633,Insufficient_Weight
29374,Obesity_Type_II
28687,Obesity_Type_I
23564,Obesity_Type_I
24390,Overweight_Level_I
21579,Overweight_Level_II
21506,Normal_Weight
32112,Obesity_Type_II
27984,Obesity_Type_III
27281,Overweight_Level_I
30238,Obesity_Type_III
26677,Obesity_Type_I
21178,Obesity_Type_II
24348,Overweight_Level_I
32312,Obesity_Type_III
30176,Insufficient_Weight
30272,Obesity_Type_II
24401,Overweight_Level_I
25323,Insufficient_Weight
30427,Overweight_Level_I
21825,Normal_Weight
28093,Obesity_Type_III
33596,Obesity_Type_I
23294,Normal_Weight
33261,Obesity_Type_III
24051,Overweight_Level_II
27550,Obesity_Type_II
29738,Obesity_Type_I
30339,Obesity_Type_III
28390,Normal_Weight
21758,Obesity_Type_III
24604,Obesity_Type_III
32074,Obesity_Type_III
28600,Obesity_Type_III
26185,Overweight_Level_II
24882,Overweight_Level_I
24537,Insufficient_Weight
23508,Overweight_Level_II
34578,Normal_Weight
22982,Obesity_Type_III
26188,Insufficient_Weight
33799,Normal_Weight
26636,Insufficient_Weight
25245,Obesity_Type_II
33510,Obesity_Type_I
32472,Obesity_Type_I
31855,Obesity_Type_II
25256,Obesity_Type_I
30632,Obesity_Type_III
33061,Overweight_Level_II
22376,Obesity_Type_II
34560,Obesity_Type_III
26081,Obesity_Type_I
24081,Overweight_Level_II
31461,Obesity_Type_II
23862,Normal_Weight
31185,Obesity_Type_III
28343,Insufficient_Weight
34427,Obesity_Type_III
22969,Obesity_Type_I
30996,Obesity_Type_III
24356,Obesity_Type_I
21261,Obesity_Type_III
23409,Overweight_Level_II
33442,Normal_Weight
25967,Overweight_Level_I
27057,Normal_Weight
21616,Obesity_Type_I
24270,Obesity_Type_I
21014,Insufficient_Weight
33021,Obesity_Type_I
22274,Normal_Weight
28046,Obesity_Type_III
21748,Overweight_Level_II
27899,Overweight_Level_I
25530,Obesity_Type_II
21288,Obesity_Type_II
33099,Insufficient_Weight
34586,Obesity_Type_III
20906,Normal_Weight
24632,Insufficient_Weight
32254,Insufficient_Weight
23253,Normal_Weight
21664,Normal_Weight
24529,Normal_Weight
25523,Insufficient_Weight
32827,Overweight_Level_II
33354,Obesity_Type_II
22315,Obesity_Type_I
21679,Obesity_Type_II
24416,Obesity_Type_III
29163,Obesity_Type_II
26006,Insufficient_Weight
27264,Obesity_Type_I
26539,Obesity_Type_III
31493,Obesity_Type_I
28685,Obesity_Type_III
21835,Overweight_Level_I
23244,Overweight_Level_I
26701,Obesity_Type_II
21027,Obesity_Type_II
24827,Obesity_Type_I
29834,Normal_Weight
33199,Obesity_Type_III
32918,Overweight_Level_II
30959,Insufficient_Weight
34134,Obesity_Type_III
25892,Obesity_Type_I
29681,Insufficient_Weight
21134,Insufficient_Weight
22402,Obesity_Type_I
21315,Normal_Weight
24431,Normal_Weight
31439,Normal_Weight
24747,Obesity_Type_II
26265,Obesity_Type_II
22936,Obesity_Type_III
27971,Obesity_Type_III
25992,Obesity_Type_I
24304,Insufficient_Weight
33311,Obesity_Type_II
29298,Normal_Weight
25542,Obesity_Type_III
20788,Overweight_Level_II
24835,Obesity_Type_I
30991,Overweight_Level_I
31012,Obesity_Type_II
22256,Normal_Weight
27866,Normal_Weight
27004,Obesity_Type_I
32633,Obesity_Type_III
31618,Obesity_Type_II
27285,Normal_Weight
27552,Obesity_Type_II
31193,Obesity_Type_II
25694,Insufficient_Weight
33423,Obesity_Type_III
28820,Obesity_Type_III
23088,Overweight_Level_II
23004,Obesity_Type_III
31924,Normal_Weight
25770,Overweight_Level_II
24164,Obesity_Type_I
27700,Normal_Weight
28271,Obesity_Type_I
31990,Normal_Weight
33126,Obesity_Type_II
24815,Obesity_Type_I
23396,Overweight_Level_II
22105,Overweight_Level_II
26048,Normal_Weight
32296,Overweight_Level_I
29414,Normal_Weight
30411,Obesity_Type_III
31330,Obesity_Type_II
26624,Obesity_Type_III
31349,Overweight_Level_I
22081,Obesity_Type_I
27360,Obesity_Type_II
26822,Obesity_Type_II
33927,Overweight_Level_II
21076,Obesity_Type_II
22135,Obesity_Type_II
28540,Normal_Weight
31189,Insufficient_Weight
21114,Obesity_Type_III
26655,Insufficient_Weight
25410,Insufficient_Weight
24090,Overweight_Level_II
30989,Overweight_Level_I
25957,Overweight_Level_II
34305,Overweight_Level_II
32830,Obesity_Type_III
30482,Obesity_Type_I
28644,Normal_Weight
24001,Obesity_Type_III
30169,Obesity_Type_II
23104,Overweight_Level_I
23377,Normal_Weight
22704,Obesity_Type_II
24624,Overweight_Level_I
27596,Normal_Weight
29785,Overweight_Level_I
33853,Overweight_Level_I
26065,Obesity_Type_I
22777,Insufficient_Weight
29954,Obesity_Type_II
29749,Obesity_Type_II
31901,Obesity_Type_II
23092,Obesity_Type_II
30106,Overweight_Level_I
20870,Obesity_Type_I
22027,Obesity_Type_II
25552,Overweight_Level_II
30415,Normal_Weight
26692,Overweight_Level_II
32077,Normal_Weight
33582,Obesity_Type_I
28403,Normal_Weight
26426,Obesity_Type_II
25840,Overweight_Level_II
27047,Overweight_Level_II
24782,Insufficient_Weight
33188,Overweight_Level_I
30875,Overweight_Level_II
24791,Obesity_Type_I
21111,Insufficient_Weight
21561,Overweight_Level_I
22849,Obesity_Type_III
21189,Overweight_Level_II
27958,Obesity_Type_II
25944,Obesity_Type_II
21657,Obesity_Type_II
24717,Obesity_Type_III
31867,Overweight_Level_I
27957,Obesity_Type_III
31850,Insufficient_Weight
30422,Obesity_Type_III
23553,Overweight_Level_I
21411,Insufficient_Weight
22207,Obesity_Type_III
29646,Obesity_Type_II
23077,Obesity_Type_III
27367,Overweight_Level_II
22732,Overweight_Level_II
21628,Normal_Weight
25222,Obesity_Type_II
29663,Overweight_Level_II
29035,Insufficient_Weight
31708,Overweight_Level_I
33487,Overweight_Level_II
25982,Obesity_Type_II
27987,Insufficient_Weight
31842,Normal_Weight
25870,Obesity_Type_III
29194,Obesity_Type_III
27495,Overweight_Level_II
22752,Obesity_Type_I
25378,Normal_Weight
30647,Obesity_Type_I
21177,Insufficient_Weight
22876,Obesity_Type_II
24052,Normal_Weight
27273,Insufficient_Weight
21446,Overweight_Level_I
27983,Normal_Weight
27269,Insufficient_Weight
24142,Insufficient_Weight
21056,Obesity_Type_II
30255,Obesity_Type_I
25237,Obesity_Type_II
31948,Obesity_Type_I
22828,Obesity_Type_III
22644,Obesity_Type_I
28789,Obesity_Type_II
27628,Obesity_Type_III
26132,Obesity_Type_III
28467,Overweight_Level_II
34110,Obesity_Type_I
20896,Insufficient_Weight
24863,Overweight_Level_I
24247,Insufficient_Weight
22375,Obesity_Type_III
34392,Obesity_Type_III
23912,Obesity_Type_III
25081,Obesity_Type_III
25125,Overweight_Level_II
23734,Overweight_Level_I
24017,Insufficient_Weight
25276,Obesity_Type_I
30965,Normal_Weight
31531,Insufficient_Weight
29483,Obesity_Type_III
26802,Obesity_Type_II
27071,Normal_Weight
22417,Normal_Weight
22573,Overweight_Level_II
27316,Obesity_Type_III
26099,Obesity_Type_II
31559,Insufficient_Weight
28184,Normal_Weight
26763,Obesity_Type_I
30253,Obesity_Type_I
21242,Overweight_Level_I
31212,Normal_Weight
27181,Overweight_Level_II
27177,Insufficient_Weight
22960,Obesity_Type_II
26893,Insufficient_Weight
28809,Obesity_Type_I
27913,Obesity_Type_I
22025,Obesity_Type_III
31719,Overweight_Level_I
32886,Overweight_Level_II
32832,Normal_Weight
32486,Insufficient_Weight
31464,Overweight_Level_II
27611,Obesity_Type_III
26823,Obesity_Type_I
31036,Obesity_Type_I
25294,Overweight_Level_I
33910,Obesity_Type_II
30908,Obesity_Type_II
29827,Overweight_Level_II
29274,Obesity_Type_I
33365,Overweight_Level_II
26118,Obesity_Type_I
25328,Obesity_Type_II
28451,Obesity_Type_II
28305,Obesity_Type_I
33774,Obesity_Type_III
20785,Overweight_Level_II
34035,Obesity_Type_II
31731,Overweight_Level_I
27639,Insufficient_Weight
21432,Obesity_Type_III
28587,Overweight_Level_II
28097,Normal_Weight
33310,Overweight_Level_II
34519,Overweight_Level_II
30204,Normal_Weight
21217,Obesity_Type_II
30751,Overweight_Level_I
28124,Obesity_Type_II
22987,Overweight_Level_I
23760,Normal_Weight
34490,Obesity_Type_II
33189,Obesity_Type_II
28201,Normal_Weight
28450,Obesity_Type_III
33284,Normal_Weight
32093,Obesity_Type_III
24243,Obesity_Type_I
22083,Overweight_Level_I
33127,Insufficient_Weight
22527,Obesity_Type_II
22109,Obesity_Type_I
26485,Insufficient_Weight
23543,Obesity_Type_III
24881,Obesity_Type_II
21241,Obesity_Type_I
32902,Overweight_Level_I
21212,Obesity_Type_II
26973,Obesity_Type_III
32269,Obesity_Type_I
23524,Obesity_Type_II
22506,Insufficient_Weight
26335,Overweight_Level_II
29588,Obesity_Type_II
28642,Normal_Weight
29548,Normal_Weight
31169,Obesity_Type_II
22716,Obesity_Type_III
27106,Obesity_Type_II
30813,Overweight_Level_II
22708,Obesity_Type_I
33215,Insufficient_Weight
22378,Normal_Weight
26301,Obesity_Type_I
25838,Obesity_Type_III
31296,Overweight_Level_II
23224,Obesity_Type_II
34327,Obesity_Type_I
20885,Obesity_Type_III
27476,Obesity_Type_III
31980,Obesity_Type_I
32286,Normal_Weight
31374,Obesity_Type_II
21251,Normal_Weight
25270,Obesity_Type_II
28197,Normal_Weight
31166,Overweight_Level_II
34298,Obesity_Type_II
32564,Insufficient_Weight
22893,Obesity_Type_I
25579,Obesity_Type_I
30468,Overweight_Level_I
25937,Obesity_Type_II
24464,Obesity_Type_III
22892,Normal_Weight
25228,Insufficient_Weight
31833,Insufficient_Weight
24989,Insufficient_Weight
24144,Insufficient_Weight
22642,Obesity_Type_II
22958,Insufficient_Weight
32166,Overweight_Level_II
22555,Obesity_Type_III
29044,Obesity_Type_I
31143,Obesity_Type_II
32016,Obesity_Type_II
33624,Overweight_Level_II
25767,Normal_Weight
22740,Overweight_Level_II
28908,Normal_Weight
24981,Overweight_Level_II
29599,Overweight_Level_I
23219,Normal_Weight
21256,Obesity_Type_II
29820,Obesity_Type_II
21711,Obesity_Type_III
27468,Obesity_Type_III
27592,Overweight_Level_II
29633,Normal_Weight
30121,Overweight_Level_II
21471,Overweight_Level_II
34070,Overweight_Level_I
20811,Obesity_Type_III
23986,Obesity_Type_I
24061,Obesity_Type_III
29872,Obesity_Type_I
31768,Normal_Weight
21684,Obesity_Type_II
31266,Overweight_Level_II
32523,Obesity_Type_II
25607,Obesity_Type_III
21734,Insufficient_Weight
22180,Obesity_Type_I
28415,Overweight_Level_I
24806,Obesity_Type_III
33301,Normal_Weight
32366,Obesity_Type_I
30507,Obesity_Type_II
34265,Overweight_Level_I
25563,Obesity_Type_III
26189,Obesity_Type_II
27712,Overweight_Level_I
23308,Overweight_Level_II
21448,Obesity_Type_III
23184,Normal_Weight
26362,Obesity_Type_II
31135,Overweight_Level_I
32972,Normal_Weight
25794,Obesity_Type_I
23189,Insufficient_Weight
25972,Normal_Weight
28901,Obesity_Type_I
30361,Overweight_Level_I
33627,Obesity_Type_III
23641,Overweight_Level_I
26423,Overweight_Level_II
21151,Overweight_Level_II
28842,Obesity_Type_III
32510,Obesity_Type_II
34576,Overweight_Level_II
24168,Obesity_Type_I
22296,Insufficient_Weight
21222,Insufficient_Weight
34219,Insufficient_Weight
22547,Obesity_Type_III
25710,Overweight_Level_I
30232,Obesity_Type_II
33026,Insufficient_Weight
33710,Obesity_Type_I
30909,Insufficient_Weight
29384,Overweight_Level_I
28239,Obesity_Type_III
33168,Obesity_Type_II
26684,Obesity_Type_III
22599,Normal_Weight
27474,Obesity_Type_III
24880,Obesity_Type_I
27355,Overweight_Level_II
32512,Obesity_Type_II
31184,Insufficient_Weight
21619,Insufficient_Weight
25092,Obesity_Type_III
26808,Insufficient_Weight
34207,Obesity_Type_I
27049,Obesity_Type_I
31695,Obesity_Type_II
23417,Obesity_Type_I
21002,Obesity_Type_III
25954,Overweight_Level_I
24031,Obesity_Type_III
24334,Obesity_Type_II
32710,Normal_Weight
22847,Overweight_Level_I
25020,Overweight_Level_I
24462,Obesity_Type_II
32193,Insufficient_Weight
29852,Obesity_Type_II
33478,Obesity_Type_III
27457,Obesity_Type_I
20816,Obesity_Type_II
31626,Insufficient_Weight
31620,Normal_Weight
31698,Insufficient_Weight
27765,Normal_Weight
26588,Normal_Weight
27538,Obesity_Type_II
28092,Overweight_Level_I
28121,Insufficient_Weight
31808,Obesity_Type_III
25594,Overweight_Level_II
25722,Normal_Weight
23413,Overweight_Level_I
34083,Normal_Weight
25312,Obesity_Type_II
28915,Obesity_Type_II
30399,Normal_Weight
28397,Overweight_Level_I
27014,Normal_Weight
29415,Normal_Weight
25934,Obesity_Type_I
22398,Normal_Weight
32651,Obesity_Type_III
30897,Insufficient_Weight
30308,Overweight_Level_II
34394,Obesity_Type_II
32675,Insufficient_Weight
24060,Overweight_Level_II
34525,Obesity_Type_II
31019,Obesity_Type_I
33225,Overweight_Level_II
24818,Obesity_Type_II
22178,Obesity_Type_I
33777,Overweight_Level_II
31373,Obesity_Type_III
33664,Obesity_Type_I
29846,Insufficient_Weight
33923,Obesity_Type_II
28141,Obesity_Type_II
27234,Normal_Weight
30306,Insufficient_Weight
33317,Obesity_Type_III
31988,Obesity_Type_I
28948,Normal_Weight
27081,Normal_Weight
32528,Normal_Weight
25055,Obesity_Type_I
27426,Normal_Weight
25367,Overweight_Level_II
31260,Normal_Weight
25059,Obesity_Type_I
24965,Obesity_Type_I
34512,Obesity_Type_III
34271,Obesity_Type_III
22910,Obesity_Type_II
26553,Obesity_Type_III
27514,Obesity_Type_III
22542,Obesity_Type_II
22718,Obesity_Type_I
25531,Normal_Weight
28975,Insufficient_Weight
24179,Obesity_Type_III
22916,Obesity_Type_II
31800,Overweight_Level_I
21138,Normal_Weight
31690,Obesity_Type_II
29563,Obesity_Type_II
34479,Obesity_Type_I
34393,Obesity_Type_II
31787,Overweight_Level_I
34241,Obesity_Type_III
30648,Normal_Weight
34058,Overweight_Level_II
27578,Overweight_Level_II
26276,Obesity_Type_II
21024,Overweight_Level_I
25893,Normal_Weight
29976,Normal_Weight
33228,Obesity_Type_I
28489,Obesity_Type_I
31094,Overweight_Level_I
29980,Overweight_Level_I
32327,Normal_Weight
27461,Obesity_Type_II
30015,Overweight_Level_I
30184,Overweight_Level_II
30760,Normal_Weight
24276,Insufficient_Weight
30288,Obesity_Type_I
21489,Normal_Weight
27469,Normal_Weight
29383,Obesity_Type_II
30242,Normal_Weight
34242,Obesity_Type_II
29108,Overweight_Level_II
23530,Obesity_Type_I
26593,Obesity_Type_I
26656,Obesity_Type_II
23903,Obesity_Type_III
28813,Obesity_Type_I
34256,Obesity_Type_I
32529,Insufficient_Weight
32236,Normal_Weight
28556,Obesity_Type_III
26564,Normal_Weight
21788,Obesity_Type_I
24680,Normal_Weight
27621,Overweight_Level_II
23182,Normal_Weight
34100,Overweight_Level_I
20974,Obesity_Type_I
28708,Obesity_Type_II
31122,Insufficient_Weight
30634,Obesity_Type_III
32001,Overweight_Level_I
24130,Obesity_Type_I
33706,Obesity_Type_II
24842,Overweight_Level_II
29300,Obesity_Type_II
30081,Insufficient_Weight
29429,Obesity_Type_II
31552,Normal_Weight
28025,Overweight_Level_II
29680,Normal_Weight
31534,Overweight_Level_II
30029,Overweight_Level_I
31839,Normal_Weight
25124,Obesity_Type_III
29042,Obesity_Type_III
24384,Obesity_Type_II
30206,Overweight_Level_II
24631,Overweight_Level_I
32157,Overweight_Level_I
26307,Overweight_Level_II
34590,Obesity_Type_III
33180,Obesity_Type_III
32336,Normal_Weight
25641,Obesity_Type_II
29333,Insufficient_Weight
27676,Overweight_Level_I
34133,Obesity_Type_I
26106,Obesity_Type_III
28488,Obesity_Type_III
29787,Obesity_Type_II
23916,Obesity_Type_II
34534,Obesity_Type_III
26623,Insufficient_Weight
24774,Obesity_Type_I
29183,Insufficient_Weight
30824,Overweight_Level_I
34406,Obesity_Type_I
27868,Insufficient_Weight
24923,Obesity_Type_III
21208,Normal_Weight
27624,Obesity_Type_I
24793,Overweight_Level_I
22889,Normal_Weight
33609,Obesity_Type_II
22481,Overweight_Level_II
30551,Obesity_Type_I
29285,Obesity_Type_II
30441,Obesity_Type_III
34419,Overweight_Level_I
24490,Normal_Weight
34501,Obesity_Type_I
34364,Obesity_Type_I
21161,Obesity_Type_III
31163,Insufficient_Weight
34102,Insufficient_Weight
31342,Obesity_Type_III
33253,Insufficient_Weight
22336,Obesity_Type_I
21243,Obesity_Type_III
28070,Obesity_Type_III
29622,Obesity_Type_II
21059,Overweight_Level_I
26611,Obesity_Type_II
26312,Overweight_Level_I
33395,Insufficient_Weight
25567,Obesity_Type_I
29293,Obesity_Type_I
23796,Obesity_Type_III
25667,Obesity_Type_III
32823,Overweight_Level_II
28717,Obesity_Type_III
24522,Overweight_Level_II
21824,Obesity_Type_I
32079,Obesity_Type_II
23631,Obesity_Type_III
30264,Normal_Weight
33744,Obesity_Type_II
33677,Insufficient_Weight
21838,Normal_Weight
23456,Overweight_Level_I
26430,Normal_Weight
24049,Obesity_Type_II
20994,Insufficient_Weight
27850,Obesity_Type_III
23250,Overweight_Level_II
33560,Obesity_Type_I
27001,Obesity_Type_II
31486,Obesity_Type_I
22459,Obesity_Type_III
29975,Normal_Weight
31161,Insufficient_Weight
30873,Insufficient_Weight
32131,Insufficient_Weight
22041,Normal_Weight
29822,Obesity_Type_II
28906,Obesity_Type_I
26083,Insufficient_Weight
32341,Insufficient_Weight
23791,Normal_Weight
32667,Normal_Weight
26473,Overweight_Level_II
30670,Obesity_Type_I
24983,Obesity_Type_II
29325,Obesity_Type_III
31607,Overweight_Level_II
25047,Normal_Weight
28503,Obesity_Type_II
30674,Obesity_Type_II
25486,Overweight_Level_I
30857,Obesity_Type_II
27326,Insufficient_Weight
29410,Obesity_Type_I
25442,Normal_Weight
29323,Obesity_Type_I
31887,Obesity_Type_I
31129,Overweight_Level_I
32397,Normal_Weight
32565,Obesity_Type_II
34531,Obesity_Type_II
34163,Normal_Weight
23611,Obesity_Type_III
23440,Overweight_Level_I
21291,Obesity_Type_I
28024,Overweight_Level_I
29082,Obesity_Type_III
26391,Overweight_Level_I
30222,Overweight_Level_I
26050,Overweight_Level_I
29161,Overweight_Level_II
33102,Insufficient_Weight
33500,Overweight_Level_I
30421,Insufficient_Weight
25273,Insufficient_Weight
23390,Obesity_Type_III
22283,Overweight_Level_II
31053,Obesity_Type_II
24407,Obesity_Type_II
28055,Overweight_Level_II
33241,Obesity_Type_III
23955,Obesity_Type_I
22291,Obesity_Type_II
21279,Normal_Weight
27900,Overweight_Level_I
24523,Obesity_Type_III
31067,Overweight_Level_I
34289,Obesity_Type_II
21137,Obesity_Type_III
30287,Obesity_Type_I
31530,Obesity_Type_III
26216,Obesity_Type_II
24035,Normal_Weight
33770,Obesity_Type_III
28236,Obesity_Type_II
23338,Overweight_Level_I
21636,Normal_Weight
23523,Obesity_Type_I
24252,Overweight_Level_II
28180,Obesity_Type_I
23658,Obesity_Type_II
29752,Obesity_Type_I
33823,Normal_Weight
32219,Normal_Weight
25233,Normal_Weight
28630,Overweight_Level_I
28835,Obesity_Type_I
29030,Obesity_Type_III
22946,Obesity_Type_II
27151,Obesity_Type_III
30159,Overweight_Level_II
22208,Overweight_Level_I
34503,Insufficient_Weight
23266,Overweight_Level_II
33530,Insufficient_Weight
24246,Overweight_Level_II
27140,Normal_Weight
34477,Overweight_Level_I
27855,Obesity_Type_III
25911,Obesity_Type_I
22307,Obesity_Type_I
33893,Obesity_Type_III
33820,Obesity_Type_II
28724,Obesity_Type_III
31976,Obesity_Type_III
22661,Obesity_Type_I
21290,Obesity_Type_I
21678,Obesity_Type_II
30803,Obesity_Type_I
26191,Insufficient_Weight
22591,Obesity_Type_III
24765,Normal_Weight
23139,Obesity_Type_III
21229,Insufficient_Weight
29462,Obesity_Type_III
21230,Obesity_Type_II
25279,Obesity_Type_I
23437,Insufficient_Weight
33006,Obesity_Type_I
28152,Overweight_Level_I
31683,Obesity_Type_I
24245,Obesity_Type_III
26243,Obesity_Type_II
33089,Normal_Weight
27857,Obesity_Type_III
22298,Obesity_Type_III
33556,Normal_Weight
33781,Insufficient_Weight
26556,Overweight_Level_I
25459,Insufficient_Weight
30894,Insufficient_Weight
30966,Overweight_Level_I
31459,Overweight_Level_II
31005,Insufficient_Weight
22645,Obesity_Type_I
29417,Obesity_Type_II
25037,Obesity_Type_II
24942,Normal_Weight
28966,Obesity_Type_II
22229,Obesity_Type_II
26124,Insufficient_Weight
20964,Overweight_Level_I
26196,Obesity_Type_III
29952,Obesity_Type_III
22483,Insufficient_Weight
29048,Normal_Weight
26594,Obesity_Type_II
21584,Obesity_Type_I
29971,Overweight_Level_II
30961,Insufficient_Weight
23246,Normal_Weight
21304,Overweight_Level_II
27963,Normal_Weight
26274,Obesity_Type_II
21842,Normal_Weight
27241,Obesity_Type_III
22816,Obesity_Type_I
27896,Obesity_Type_II
21402,Obesity_Type_II
25931,Overweight_Level_I
23287,Obesity_Type_I
25066,Obesity_Type_II
29387,Obesity_Type_I
32977,Insufficient_Weight
23867,Obesity_Type_II
25884,Obesity_Type_I
31967,Obesity_Type_III
26935,Obesity_Type_II
30807,Insufficient_Weight
26010,Normal_Weight
22913,Obesity_Type_I
30924,Obesity_Type_III
33674,Normal_Weight
24879,Insufficient_Weight
22934,Obesity_Type_II
24675,Obesity_Type_III
33794,Obesity_Type_I
21536,Overweight_Level_II
30460,Obesity_Type_II
28321,Obesity_Type_II
24926,Obesity_Type_III
29897,Insufficient_Weight
20814,Insufficient_Weight
21254,Overweight_Level_I
32678,Obesity_Type_II
26311,Obesity_Type_III
24186,Obesity_Type_I
22218,Overweight_Level_I
28646,Obesity_Type_I
22156,Insufficient_Weight
34448,Obesity_Type_II
21691,Normal_Weight
21789,Obesity_Type_II
28982,Overweight_Level_I
27111,Overweight_Level_II
21898,Obesity_Type_I
29169,Insufficient_Weight
28248,Normal_Weight
27801,Overweight_Level_I
27091,Normal_Weight
29912,Obesity_Type_I
32769,Obesity_Type_I
33480,Overweight_Level_I
29198,Insufficient_Weight
27780,Obesity_Type_II
21169,Insufficient_Weight
30099,Overweight_Level_I
21743,Obesity_Type_II
23869,Obesity_Type_II
22331,Normal_Weight
34499,Overweight_Level_I
28500,Normal_Weight
34032,Obesity_Type_III
29673,Overweight_Level_II
25088,Insufficient_Weight
30484,Insufficient_Weight
