id,date,country,store,product,num_sold
0,2010-01-01,Canada,Discount Stickers,Holographic Goose,800.0
45,2010-01-01,Kenya,Discount Stickers,Holographic Goose,20.0
90,2010-01-02,Canada,Discount Stickers,Holographic Goose,800.0
135,2010-01-02,Kenya,Discount Stickers,Holographic Goose,20.0
180,2010-01-03,Canada,Discount Stickers,Holographic Goose,800.0
225,2010-01-03,Kenya,Discount Stickers,Holographic Goose,20.0
270,2010-01-04,Canada,Discount Stickers,Holographic Goose,800.0
315,2010-01-04,Kenya,Discount Stickers,Holographic Goose,20.0
320,2010-01-04,Kenya,Stickers for Less,Holographic Goose,20.0
360,2010-01-05,Canada,Discount Stickers,Holographic Goose,800.0
405,2010-01-05,Kenya,Discount Stickers,Holographic Goose,20.0
410,2010-01-05,Kenya,Stickers for Less,Holographic Goose,20.0
450,2010-01-06,Canada,Discount Stickers,Holographic Goose,800.0
495,2010-01-06,Kenya,Discount Stickers,Holographic Goose,20.0
500,2010-01-06,Kenya,Stickers for Less,Holographic Goose,20.0
505,2010-01-06,Kenya,Premium Sticker Mart,Holographic Goose,20.0
540,2010-01-07,Canada,Discount Stickers,Holographic Goose,800.0
545,2010-01-07,Canada,Stickers for Less,Holographic Goose,800.0
585,2010-01-07,Kenya,Discount Stickers,Holographic Goose,20.0
590,2010-01-07,Kenya,Stickers for Less,Holographic Goose,20.0
595,2010-01-07,Kenya,Premium Sticker Mart,Holographic Goose,20.0
630,2010-01-08,Canada,Discount Stickers,Holographic Goose,800.0
675,2010-01-08,Kenya,Discount Stickers,Holographic Goose,20.0
680,2010-01-08,Kenya,Stickers for Less,Holographic Goose,20.0
720,2010-01-09,Canada,Discount Stickers,Holographic Goose,800.0
765,2010-01-09,Kenya,Discount Stickers,Holographic Goose,20.0
770,2010-01-09,Kenya,Stickers for Less,Holographic Goose,20.0
810,2010-01-10,Canada,Discount Stickers,Holographic Goose,800.0
855,2010-01-10,Kenya,Discount Stickers,Holographic Goose,20.0
900,2010-01-11,Canada,Discount Stickers,Holographic Goose,800.0
905,2010-01-11,Canada,Stickers for Less,Holographic Goose,800.0
945,2010-01-11,Kenya,Discount Stickers,Holographic Goose,20.0
950,2010-01-11,Kenya,Stickers for Less,Holographic Goose,20.0
955,2010-01-11,Kenya,Premium Sticker Mart,Holographic Goose,20.0
990,2010-01-12,Canada,Discount Stickers,Holographic Goose,800.0
1035,2010-01-12,Kenya,Discount Stickers,Holographic Goose,20.0
1040,2010-01-12,Kenya,Stickers for Less,Holographic Goose,20.0
1045,2010-01-12,Kenya,Premium Sticker Mart,Holographic Goose,20.0
1080,2010-01-13,Canada,Discount Stickers,Holographic Goose,800.0
1125,2010-01-13,Kenya,Discount Stickers,Holographic Goose,20.0
1128,2010-01-13,Kenya,Discount Stickers,Kerneler,20.0
1130,2010-01-13,Kenya,Stickers for Less,Holographic Goose,20.0
1135,2010-01-13,Kenya,Premium Sticker Mart,Holographic Goose,20.0
1170,2010-01-14,Canada,Discount Stickers,Holographic Goose,800.0
1175,2010-01-14,Canada,Stickers for Less,Holographic Goose,800.0
1215,2010-01-14,Kenya,Discount Stickers,Holographic Goose,20.0
1220,2010-01-14,Kenya,Stickers for Less,Holographic Goose,20.0
1225,2010-01-14,Kenya,Premium Sticker Mart,Holographic Goose,20.0
1260,2010-01-15,Canada,Discount Stickers,Holographic Goose,800.0
1305,2010-01-15,Kenya,Discount Stickers,Holographic Goose,20.0
1310,2010-01-15,Kenya,Stickers for Less,Holographic Goose,20.0
1315,2010-01-15,Kenya,Premium Sticker Mart,Holographic Goose,20.0
1350,2010-01-16,Canada,Discount Stickers,Holographic Goose,800.0
1395,2010-01-16,Kenya,Discount Stickers,Holographic Goose,20.0
1400,2010-01-16,Kenya,Stickers for Less,Holographic Goose,20.0
1440,2010-01-17,Canada,Discount Stickers,Holographic Goose,800.0
1485,2010-01-17,Kenya,Discount Stickers,Holographic Goose,20.0
1530,2010-01-18,Canada,Discount Stickers,Holographic Goose,800.0
1535,2010-01-18,Canada,Stickers for Less,Holographic Goose,800.0
1575,2010-01-18,Kenya,Discount Stickers,Holographic Goose,20.0
1580,2010-01-18,Kenya,Stickers for Less,Holographic Goose,20.0
1585,2010-01-18,Kenya,Premium Sticker Mart,Holographic Goose,20.0
1620,2010-01-19,Canada,Discount Stickers,Holographic Goose,800.0
1625,2010-01-19,Canada,Stickers for Less,Holographic Goose,800.0
1665,2010-01-19,Kenya,Discount Stickers,Holographic Goose,20.0
1670,2010-01-19,Kenya,Stickers for Less,Holographic Goose,20.0
1675,2010-01-19,Kenya,Premium Sticker Mart,Holographic Goose,20.0
1710,2010-01-20,Canada,Discount Stickers,Holographic Goose,800.0
1715,2010-01-20,Canada,Stickers for Less,Holographic Goose,800.0
1755,2010-01-20,Kenya,Discount Stickers,Holographic Goose,20.0
1760,2010-01-20,Kenya,Stickers for Less,Holographic Goose,20.0
1765,2010-01-20,Kenya,Premium Sticker Mart,Holographic Goose,20.0
1800,2010-01-21,Canada,Discount Stickers,Holographic Goose,800.0
1805,2010-01-21,Canada,Stickers for Less,Holographic Goose,800.0
1845,2010-01-21,Kenya,Discount Stickers,Holographic Goose,20.0
1850,2010-01-21,Kenya,Stickers for Less,Holographic Goose,20.0
1855,2010-01-21,Kenya,Premium Sticker Mart,Holographic Goose,20.0
1890,2010-01-22,Canada,Discount Stickers,Holographic Goose,800.0
1935,2010-01-22,Kenya,Discount Stickers,Holographic Goose,20.0
1940,2010-01-22,Kenya,Stickers for Less,Holographic Goose,20.0
1945,2010-01-22,Kenya,Premium Sticker Mart,Holographic Goose,20.0
1980,2010-01-23,Canada,Discount Stickers,Holographic Goose,800.0
2025,2010-01-23,Kenya,Discount Stickers,Holographic Goose,20.0
2030,2010-01-23,Kenya,Stickers for Less,Holographic Goose,20.0
2070,2010-01-24,Canada,Discount Stickers,Holographic Goose,800.0
2115,2010-01-24,Kenya,Discount Stickers,Holographic Goose,20.0
2160,2010-01-25,Canada,Discount Stickers,Holographic Goose,800.0
2165,2010-01-25,Canada,Stickers for Less,Holographic Goose,800.0
2205,2010-01-25,Kenya,Discount Stickers,Holographic Goose,20.0
2210,2010-01-25,Kenya,Stickers for Less,Holographic Goose,20.0
2215,2010-01-25,Kenya,Premium Sticker Mart,Holographic Goose,20.0
2250,2010-01-26,Canada,Discount Stickers,Holographic Goose,800.0
2295,2010-01-26,Kenya,Discount Stickers,Holographic Goose,20.0
2300,2010-01-26,Kenya,Stickers for Less,Holographic Goose,20.0
2305,2010-01-26,Kenya,Premium Sticker Mart,Holographic Goose,20.0
2340,2010-01-27,Canada,Discount Stickers,Holographic Goose,800.0
2345,2010-01-27,Canada,Stickers for Less,Holographic Goose,800.0
2385,2010-01-27,Kenya,Discount Stickers,Holographic Goose,20.0
2390,2010-01-27,Kenya,Stickers for Less,Holographic Goose,20.0
2395,2010-01-27,Kenya,Premium Sticker Mart,Holographic Goose,20.0
2430,2010-01-28,Canada,Discount Stickers,Holographic Goose,800.0
2435,2010-01-28,Canada,Stickers for Less,Holographic Goose,800.0
2475,2010-01-28,Kenya,Discount Stickers,Holographic Goose,20.0
2480,2010-01-28,Kenya,Stickers for Less,Holographic Goose,20.0
2485,2010-01-28,Kenya,Premium Sticker Mart,Holographic Goose,20.0
2520,2010-01-29,Canada,Discount Stickers,Holographic Goose,800.0
2565,2010-01-29,Kenya,Discount Stickers,Holographic Goose,20.0
2570,2010-01-29,Kenya,Stickers for Less,Holographic Goose,20.0
2575,2010-01-29,Kenya,Premium Sticker Mart,Holographic Goose,20.0
2610,2010-01-30,Canada,Discount Stickers,Holographic Goose,800.0
2655,2010-01-30,Kenya,Discount Stickers,Holographic Goose,20.0
2660,2010-01-30,Kenya,Stickers for Less,Holographic Goose,20.0
2700,2010-01-31,Canada,Discount Stickers,Holographic Goose,800.0
2745,2010-01-31,Kenya,Discount Stickers,Holographic Goose,20.0
2750,2010-01-31,Kenya,Stickers for Less,Holographic Goose,20.0
2790,2010-02-01,Canada,Discount Stickers,Holographic Goose,800.0
2795,2010-02-01,Canada,Stickers for Less,Holographic Goose,800.0
2835,2010-02-01,Kenya,Discount Stickers,Holographic Goose,20.0
2840,2010-02-01,Kenya,Stickers for Less,Holographic Goose,20.0
2845,2010-02-01,Kenya,Premium Sticker Mart,Holographic Goose,20.0
2880,2010-02-02,Canada,Discount Stickers,Holographic Goose,800.0
2925,2010-02-02,Kenya,Discount Stickers,Holographic Goose,20.0
2930,2010-02-02,Kenya,Stickers for Less,Holographic Goose,20.0
2935,2010-02-02,Kenya,Premium Sticker Mart,Holographic Goose,20.0
2970,2010-02-03,Canada,Discount Stickers,Holographic Goose,800.0
3015,2010-02-03,Kenya,Discount Stickers,Holographic Goose,20.0
3020,2010-02-03,Kenya,Stickers for Less,Holographic Goose,20.0
3025,2010-02-03,Kenya,Premium Sticker Mart,Holographic Goose,20.0
3060,2010-02-04,Canada,Discount Stickers,Holographic Goose,800.0
3065,2010-02-04,Canada,Stickers for Less,Holographic Goose,800.0
3105,2010-02-04,Kenya,Discount Stickers,Holographic Goose,20.0
3108,2010-02-04,Kenya,Discount Stickers,Kerneler,20.0
3110,2010-02-04,Kenya,Stickers for Less,Holographic Goose,20.0
3115,2010-02-04,Kenya,Premium Sticker Mart,Holographic Goose,20.0
3150,2010-02-05,Canada,Discount Stickers,Holographic Goose,800.0
3195,2010-02-05,Kenya,Discount Stickers,Holographic Goose,20.0
3200,2010-02-05,Kenya,Stickers for Less,Holographic Goose,20.0
3205,2010-02-05,Kenya,Premium Sticker Mart,Holographic Goose,20.0
3240,2010-02-06,Canada,Discount Stickers,Holographic Goose,800.0
3285,2010-02-06,Kenya,Discount Stickers,Holographic Goose,20.0
3290,2010-02-06,Kenya,Stickers for Less,Holographic Goose,20.0
3330,2010-02-07,Canada,Discount Stickers,Holographic Goose,800.0
3375,2010-02-07,Kenya,Discount Stickers,Holographic Goose,20.0
3380,2010-02-07,Kenya,Stickers for Less,Holographic Goose,20.0
3420,2010-02-08,Canada,Discount Stickers,Holographic Goose,800.0
3425,2010-02-08,Canada,Stickers for Less,Holographic Goose,800.0
3465,2010-02-08,Kenya,Discount Stickers,Holographic Goose,20.0
3470,2010-02-08,Kenya,Stickers for Less,Holographic Goose,20.0
3475,2010-02-08,Kenya,Premium Sticker Mart,Holographic Goose,20.0
3510,2010-02-09,Canada,Discount Stickers,Holographic Goose,800.0
3515,2010-02-09,Canada,Stickers for Less,Holographic Goose,800.0
3555,2010-02-09,Kenya,Discount Stickers,Holographic Goose,20.0
3558,2010-02-09,Kenya,Discount Stickers,Kerneler,20.0
3560,2010-02-09,Kenya,Stickers for Less,Holographic Goose,20.0
3565,2010-02-09,Kenya,Premium Sticker Mart,Holographic Goose,20.0
3600,2010-02-10,Canada,Discount Stickers,Holographic Goose,800.0
3645,2010-02-10,Kenya,Discount Stickers,Holographic Goose,20.0
3650,2010-02-10,Kenya,Stickers for Less,Holographic Goose,20.0
3655,2010-02-10,Kenya,Premium Sticker Mart,Holographic Goose,20.0
3690,2010-02-11,Canada,Discount Stickers,Holographic Goose,800.0
3695,2010-02-11,Canada,Stickers for Less,Holographic Goose,800.0
3735,2010-02-11,Kenya,Discount Stickers,Holographic Goose,20.0
3738,2010-02-11,Kenya,Discount Stickers,Kerneler,20.0
3740,2010-02-11,Kenya,Stickers for Less,Holographic Goose,20.0
3745,2010-02-11,Kenya,Premium Sticker Mart,Holographic Goose,20.0
3780,2010-02-12,Canada,Discount Stickers,Holographic Goose,800.0
3785,2010-02-12,Canada,Stickers for Less,Holographic Goose,800.0
3825,2010-02-12,Kenya,Discount Stickers,Holographic Goose,20.0
3830,2010-02-12,Kenya,Stickers for Less,Holographic Goose,20.0
3835,2010-02-12,Kenya,Premium Sticker Mart,Holographic Goose,20.0
3870,2010-02-13,Canada,Discount Stickers,Holographic Goose,800.0
3915,2010-02-13,Kenya,Discount Stickers,Holographic Goose,20.0
3920,2010-02-13,Kenya,Stickers for Less,Holographic Goose,20.0
3960,2010-02-14,Canada,Discount Stickers,Holographic Goose,800.0
4005,2010-02-14,Kenya,Discount Stickers,Holographic Goose,20.0
4010,2010-02-14,Kenya,Stickers for Less,Holographic Goose,20.0
4050,2010-02-15,Canada,Discount Stickers,Holographic Goose,800.0
4055,2010-02-15,Canada,Stickers for Less,Holographic Goose,800.0
4095,2010-02-15,Kenya,Discount Stickers,Holographic Goose,20.0
4098,2010-02-15,Kenya,Discount Stickers,Kerneler,20.0
4100,2010-02-15,Kenya,Stickers for Less,Holographic Goose,20.0
4105,2010-02-15,Kenya,Premium Sticker Mart,Holographic Goose,20.0
4140,2010-02-16,Canada,Discount Stickers,Holographic Goose,800.0
4145,2010-02-16,Canada,Stickers for Less,Holographic Goose,800.0
4185,2010-02-16,Kenya,Discount Stickers,Holographic Goose,20.0
4188,2010-02-16,Kenya,Discount Stickers,Kerneler,20.0
4190,2010-02-16,Kenya,Stickers for Less,Holographic Goose,20.0
4195,2010-02-16,Kenya,Premium Sticker Mart,Holographic Goose,20.0
4230,2010-02-17,Canada,Discount Stickers,Holographic Goose,800.0
4235,2010-02-17,Canada,Stickers for Less,Holographic Goose,800.0
4275,2010-02-17,Kenya,Discount Stickers,Holographic Goose,20.0
4278,2010-02-17,Kenya,Discount Stickers,Kerneler,20.0
4280,2010-02-17,Kenya,Stickers for Less,Holographic Goose,20.0
4285,2010-02-17,Kenya,Premium Sticker Mart,Holographic Goose,20.0
4320,2010-02-18,Canada,Discount Stickers,Holographic Goose,800.0
4325,2010-02-18,Canada,Stickers for Less,Holographic Goose,800.0
4365,2010-02-18,Kenya,Discount Stickers,Holographic Goose,20.0
4370,2010-02-18,Kenya,Stickers for Less,Holographic Goose,20.0
4375,2010-02-18,Kenya,Premium Sticker Mart,Holographic Goose,20.0
4410,2010-02-19,Canada,Discount Stickers,Holographic Goose,800.0
4415,2010-02-19,Canada,Stickers for Less,Holographic Goose,800.0
4455,2010-02-19,Kenya,Discount Stickers,Holographic Goose,20.0
4460,2010-02-19,Kenya,Stickers for Less,Holographic Goose,20.0
4465,2010-02-19,Kenya,Premium Sticker Mart,Holographic Goose,20.0
4500,2010-02-20,Canada,Discount Stickers,Holographic Goose,800.0
4545,2010-02-20,Kenya,Discount Stickers,Holographic Goose,20.0
4550,2010-02-20,Kenya,Stickers for Less,Holographic Goose,20.0
4590,2010-02-21,Canada,Discount Stickers,Holographic Goose,800.0
4635,2010-02-21,Kenya,Discount Stickers,Holographic Goose,20.0
4680,2010-02-22,Canada,Discount Stickers,Holographic Goose,800.0
4685,2010-02-22,Canada,Stickers for Less,Holographic Goose,800.0
4725,2010-02-22,Kenya,Discount Stickers,Holographic Goose,20.0
4730,2010-02-22,Kenya,Stickers for Less,Holographic Goose,20.0
4735,2010-02-22,Kenya,Premium Sticker Mart,Holographic Goose,20.0
4770,2010-02-23,Canada,Discount Stickers,Holographic Goose,800.0
4775,2010-02-23,Canada,Stickers for Less,Holographic Goose,800.0
4815,2010-02-23,Kenya,Discount Stickers,Holographic Goose,20.0
4818,2010-02-23,Kenya,Discount Stickers,Kerneler,20.0
4820,2010-02-23,Kenya,Stickers for Less,Holographic Goose,20.0
4825,2010-02-23,Kenya,Premium Sticker Mart,Holographic Goose,20.0
4860,2010-02-24,Canada,Discount Stickers,Holographic Goose,800.0
4865,2010-02-24,Canada,Stickers for Less,Holographic Goose,800.0
4905,2010-02-24,Kenya,Discount Stickers,Holographic Goose,20.0
4908,2010-02-24,Kenya,Discount Stickers,Kerneler,20.0
4910,2010-02-24,Kenya,Stickers for Less,Holographic Goose,20.0
4915,2010-02-24,Kenya,Premium Sticker Mart,Holographic Goose,20.0
4950,2010-02-25,Canada,Discount Stickers,Holographic Goose,800.0
4995,2010-02-25,Kenya,Discount Stickers,Holographic Goose,20.0
4998,2010-02-25,Kenya,Discount Stickers,Kerneler,20.0
5000,2010-02-25,Kenya,Stickers for Less,Holographic Goose,20.0
5005,2010-02-25,Kenya,Premium Sticker Mart,Holographic Goose,20.0
5040,2010-02-26,Canada,Discount Stickers,Holographic Goose,800.0
5045,2010-02-26,Canada,Stickers for Less,Holographic Goose,800.0
5085,2010-02-26,Kenya,Discount Stickers,Holographic Goose,20.0
5088,2010-02-26,Kenya,Discount Stickers,Kerneler,20.0
5090,2010-02-26,Kenya,Stickers for Less,Holographic Goose,20.0
5130,2010-02-27,Canada,Discount Stickers,Holographic Goose,800.0
5175,2010-02-27,Kenya,Discount Stickers,Holographic Goose,20.0
5180,2010-02-27,Kenya,Stickers for Less,Holographic Goose,20.0
5220,2010-02-28,Canada,Discount Stickers,Holographic Goose,800.0
5265,2010-02-28,Kenya,Discount Stickers,Holographic Goose,20.0
5270,2010-02-28,Kenya,Stickers for Less,Holographic Goose,20.0
5310,2010-03-01,Canada,Discount Stickers,Holographic Goose,800.0
5315,2010-03-01,Canada,Stickers for Less,Holographic Goose,800.0
5355,2010-03-01,Kenya,Discount Stickers,Holographic Goose,20.0
5358,2010-03-01,Kenya,Discount Stickers,Kerneler,20.0
5360,2010-03-01,Kenya,Stickers for Less,Holographic Goose,20.0
5365,2010-03-01,Kenya,Premium Sticker Mart,Holographic Goose,20.0
5400,2010-03-02,Canada,Discount Stickers,Holographic Goose,800.0
5405,2010-03-02,Canada,Stickers for Less,Holographic Goose,800.0
5445,2010-03-02,Kenya,Discount Stickers,Holographic Goose,20.0
5450,2010-03-02,Kenya,Stickers for Less,Holographic Goose,20.0
5455,2010-03-02,Kenya,Premium Sticker Mart,Holographic Goose,20.0
5490,2010-03-03,Canada,Discount Stickers,Holographic Goose,800.0
5495,2010-03-03,Canada,Stickers for Less,Holographic Goose,800.0
5535,2010-03-03,Kenya,Discount Stickers,Holographic Goose,20.0
5538,2010-03-03,Kenya,Discount Stickers,Kerneler,20.0
5540,2010-03-03,Kenya,Stickers for Less,Holographic Goose,20.0
5545,2010-03-03,Kenya,Premium Sticker Mart,Holographic Goose,20.0
5580,2010-03-04,Canada,Discount Stickers,Holographic Goose,800.0
5585,2010-03-04,Canada,Stickers for Less,Holographic Goose,800.0
5625,2010-03-04,Kenya,Discount Stickers,Holographic Goose,20.0
5628,2010-03-04,Kenya,Discount Stickers,Kerneler,20.0
5630,2010-03-04,Kenya,Stickers for Less,Holographic Goose,20.0
5635,2010-03-04,Kenya,Premium Sticker Mart,Holographic Goose,20.0
5670,2010-03-05,Canada,Discount Stickers,Holographic Goose,800.0
5675,2010-03-05,Canada,Stickers for Less,Holographic Goose,800.0
5715,2010-03-05,Kenya,Discount Stickers,Holographic Goose,20.0
5718,2010-03-05,Kenya,Discount Stickers,Kerneler,20.0
5720,2010-03-05,Kenya,Stickers for Less,Holographic Goose,20.0
5725,2010-03-05,Kenya,Premium Sticker Mart,Holographic Goose,20.0
5760,2010-03-06,Canada,Discount Stickers,Holographic Goose,800.0
5805,2010-03-06,Kenya,Discount Stickers,Holographic Goose,20.0
5810,2010-03-06,Kenya,Stickers for Less,Holographic Goose,20.0
5850,2010-03-07,Canada,Discount Stickers,Holographic Goose,800.0
5895,2010-03-07,Kenya,Discount Stickers,Holographic Goose,20.0
5900,2010-03-07,Kenya,Stickers for Less,Holographic Goose,20.0
5940,2010-03-08,Canada,Discount Stickers,Holographic Goose,800.0
5945,2010-03-08,Canada,Stickers for Less,Holographic Goose,800.0
5985,2010-03-08,Kenya,Discount Stickers,Holographic Goose,20.0
5988,2010-03-08,Kenya,Discount Stickers,Kerneler,20.0
5990,2010-03-08,Kenya,Stickers for Less,Holographic Goose,20.0
5995,2010-03-08,Kenya,Premium Sticker Mart,Holographic Goose,20.0
6030,2010-03-09,Canada,Discount Stickers,Holographic Goose,800.0
6035,2010-03-09,Canada,Stickers for Less,Holographic Goose,800.0
6075,2010-03-09,Kenya,Discount Stickers,Holographic Goose,20.0
6078,2010-03-09,Kenya,Discount Stickers,Kerneler,20.0
6080,2010-03-09,Kenya,Stickers for Less,Holographic Goose,20.0
6085,2010-03-09,Kenya,Premium Sticker Mart,Holographic Goose,20.0
6120,2010-03-10,Canada,Discount Stickers,Holographic Goose,800.0
6125,2010-03-10,Canada,Stickers for Less,Holographic Goose,800.0
6165,2010-03-10,Kenya,Discount Stickers,Holographic Goose,20.0
6168,2010-03-10,Kenya,Discount Stickers,Kerneler,20.0
6170,2010-03-10,Kenya,Stickers for Less,Holographic Goose,20.0
6175,2010-03-10,Kenya,Premium Sticker Mart,Holographic Goose,20.0
6210,2010-03-11,Canada,Discount Stickers,Holographic Goose,800.0
6215,2010-03-11,Canada,Stickers for Less,Holographic Goose,800.0
6255,2010-03-11,Kenya,Discount Stickers,Holographic Goose,20.0
6258,2010-03-11,Kenya,Discount Stickers,Kerneler,20.0
6260,2010-03-11,Kenya,Stickers for Less,Holographic Goose,20.0
6265,2010-03-11,Kenya,Premium Sticker Mart,Holographic Goose,20.0
6300,2010-03-12,Canada,Discount Stickers,Holographic Goose,800.0
6305,2010-03-12,Canada,Stickers for Less,Holographic Goose,800.0
6345,2010-03-12,Kenya,Discount Stickers,Holographic Goose,20.0
6348,2010-03-12,Kenya,Discount Stickers,Kerneler,20.0
6350,2010-03-12,Kenya,Stickers for Less,Holographic Goose,20.0
6355,2010-03-12,Kenya,Premium Sticker Mart,Holographic Goose,20.0
6390,2010-03-13,Canada,Discount Stickers,Holographic Goose,800.0
6435,2010-03-13,Kenya,Discount Stickers,Holographic Goose,20.0
6440,2010-03-13,Kenya,Stickers for Less,Holographic Goose,20.0
6445,2010-03-13,Kenya,Premium Sticker Mart,Holographic Goose,20.0
6480,2010-03-14,Canada,Discount Stickers,Holographic Goose,800.0
6525,2010-03-14,Kenya,Discount Stickers,Holographic Goose,20.0
6530,2010-03-14,Kenya,Stickers for Less,Holographic Goose,20.0
6570,2010-03-15,Canada,Discount Stickers,Holographic Goose,800.0
6575,2010-03-15,Canada,Stickers for Less,Holographic Goose,800.0
6615,2010-03-15,Kenya,Discount Stickers,Holographic Goose,20.0
6618,2010-03-15,Kenya,Discount Stickers,Kerneler,20.0
6620,2010-03-15,Kenya,Stickers for Less,Holographic Goose,20.0
6625,2010-03-15,Kenya,Premium Sticker Mart,Holographic Goose,20.0
6660,2010-03-16,Canada,Discount Stickers,Holographic Goose,800.0
6665,2010-03-16,Canada,Stickers for Less,Holographic Goose,800.0
6705,2010-03-16,Kenya,Discount Stickers,Holographic Goose,20.0
6708,2010-03-16,Kenya,Discount Stickers,Kerneler,20.0
6710,2010-03-16,Kenya,Stickers for Less,Holographic Goose,20.0
6715,2010-03-16,Kenya,Premium Sticker Mart,Holographic Goose,20.0
6750,2010-03-17,Canada,Discount Stickers,Holographic Goose,800.0
6755,2010-03-17,Canada,Stickers for Less,Holographic Goose,800.0
6795,2010-03-17,Kenya,Discount Stickers,Holographic Goose,20.0
6798,2010-03-17,Kenya,Discount Stickers,Kerneler,20.0
6800,2010-03-17,Kenya,Stickers for Less,Holographic Goose,20.0
6805,2010-03-17,Kenya,Premium Sticker Mart,Holographic Goose,20.0
6840,2010-03-18,Canada,Discount Stickers,Holographic Goose,800.0
6845,2010-03-18,Canada,Stickers for Less,Holographic Goose,800.0
6885,2010-03-18,Kenya,Discount Stickers,Holographic Goose,20.0
6888,2010-03-18,Kenya,Discount Stickers,Kerneler,20.0
6890,2010-03-18,Kenya,Stickers for Less,Holographic Goose,20.0
6895,2010-03-18,Kenya,Premium Sticker Mart,Holographic Goose,20.0
6930,2010-03-19,Canada,Discount Stickers,Holographic Goose,800.0
6935,2010-03-19,Canada,Stickers for Less,Holographic Goose,800.0
6975,2010-03-19,Kenya,Discount Stickers,Holographic Goose,20.0
6978,2010-03-19,Kenya,Discount Stickers,Kerneler,20.0
6980,2010-03-19,Kenya,Stickers for Less,Holographic Goose,20.0
6985,2010-03-19,Kenya,Premium Sticker Mart,Holographic Goose,20.0
7020,2010-03-20,Canada,Discount Stickers,Holographic Goose,800.0
7065,2010-03-20,Kenya,Discount Stickers,Holographic Goose,20.0
7070,2010-03-20,Kenya,Stickers for Less,Holographic Goose,20.0
7110,2010-03-21,Canada,Discount Stickers,Holographic Goose,800.0
7155,2010-03-21,Kenya,Discount Stickers,Holographic Goose,20.0
7160,2010-03-21,Kenya,Stickers for Less,Holographic Goose,20.0
7200,2010-03-22,Canada,Discount Stickers,Holographic Goose,800.0
7205,2010-03-22,Canada,Stickers for Less,Holographic Goose,800.0
7245,2010-03-22,Kenya,Discount Stickers,Holographic Goose,20.0
7248,2010-03-22,Kenya,Discount Stickers,Kerneler,20.0
7250,2010-03-22,Kenya,Stickers for Less,Holographic Goose,20.0
7255,2010-03-22,Kenya,Premium Sticker Mart,Holographic Goose,20.0
7290,2010-03-23,Canada,Discount Stickers,Holographic Goose,800.0
7295,2010-03-23,Canada,Stickers for Less,Holographic Goose,800.0
7335,2010-03-23,Kenya,Discount Stickers,Holographic Goose,20.0
7338,2010-03-23,Kenya,Discount Stickers,Kerneler,20.0
7340,2010-03-23,Kenya,Stickers for Less,Holographic Goose,20.0
7345,2010-03-23,Kenya,Premium Sticker Mart,Holographic Goose,20.0
7380,2010-03-24,Canada,Discount Stickers,Holographic Goose,800.0
7385,2010-03-24,Canada,Stickers for Less,Holographic Goose,800.0
7425,2010-03-24,Kenya,Discount Stickers,Holographic Goose,20.0
7428,2010-03-24,Kenya,Discount Stickers,Kerneler,20.0
7430,2010-03-24,Kenya,Stickers for Less,Holographic Goose,20.0
7435,2010-03-24,Kenya,Premium Sticker Mart,Holographic Goose,20.0
7470,2010-03-25,Canada,Discount Stickers,Holographic Goose,800.0
7475,2010-03-25,Canada,Stickers for Less,Holographic Goose,800.0
7515,2010-03-25,Kenya,Discount Stickers,Holographic Goose,20.0
7518,2010-03-25,Kenya,Discount Stickers,Kerneler,20.0
7520,2010-03-25,Kenya,Stickers for Less,Holographic Goose,20.0
7525,2010-03-25,Kenya,Premium Sticker Mart,Holographic Goose,20.0
7560,2010-03-26,Canada,Discount Stickers,Holographic Goose,800.0
7565,2010-03-26,Canada,Stickers for Less,Holographic Goose,800.0
7605,2010-03-26,Kenya,Discount Stickers,Holographic Goose,20.0
7608,2010-03-26,Kenya,Discount Stickers,Kerneler,20.0
7610,2010-03-26,Kenya,Stickers for Less,Holographic Goose,20.0
7615,2010-03-26,Kenya,Premium Sticker Mart,Holographic Goose,20.0
7650,2010-03-27,Canada,Discount Stickers,Holographic Goose,800.0
7695,2010-03-27,Kenya,Discount Stickers,Holographic Goose,20.0
7700,2010-03-27,Kenya,Stickers for Less,Holographic Goose,20.0
7705,2010-03-27,Kenya,Premium Sticker Mart,Holographic Goose,20.0
7740,2010-03-28,Canada,Discount Stickers,Holographic Goose,800.0
7785,2010-03-28,Kenya,Discount Stickers,Holographic Goose,20.0
7790,2010-03-28,Kenya,Stickers for Less,Holographic Goose,20.0
7830,2010-03-29,Canada,Discount Stickers,Holographic Goose,800.0
7835,2010-03-29,Canada,Stickers for Less,Holographic Goose,800.0
7875,2010-03-29,Kenya,Discount Stickers,Holographic Goose,20.0
7878,2010-03-29,Kenya,Discount Stickers,Kerneler,20.0
7880,2010-03-29,Kenya,Stickers for Less,Holographic Goose,20.0
7885,2010-03-29,Kenya,Premium Sticker Mart,Holographic Goose,20.0
7920,2010-03-30,Canada,Discount Stickers,Holographic Goose,800.0
7925,2010-03-30,Canada,Stickers for Less,Holographic Goose,800.0
7965,2010-03-30,Kenya,Discount Stickers,Holographic Goose,20.0
7968,2010-03-30,Kenya,Discount Stickers,Kerneler,20.0
7970,2010-03-30,Kenya,Stickers for Less,Holographic Goose,20.0
7975,2010-03-30,Kenya,Premium Sticker Mart,Holographic Goose,20.0
8010,2010-03-31,Canada,Discount Stickers,Holographic Goose,800.0
8015,2010-03-31,Canada,Stickers for Less,Holographic Goose,800.0
8055,2010-03-31,Kenya,Discount Stickers,Holographic Goose,20.0
8058,2010-03-31,Kenya,Discount Stickers,Kerneler,20.0
8060,2010-03-31,Kenya,Stickers for Less,Holographic Goose,20.0
8065,2010-03-31,Kenya,Premium Sticker Mart,Holographic Goose,20.0
8100,2010-04-01,Canada,Discount Stickers,Holographic Goose,800.0
8105,2010-04-01,Canada,Stickers for Less,Holographic Goose,800.0
8110,2010-04-01,Canada,Premium Sticker Mart,Holographic Goose,800.0
8145,2010-04-01,Kenya,Discount Stickers,Holographic Goose,20.0
8148,2010-04-01,Kenya,Discount Stickers,Kerneler,20.0
8150,2010-04-01,Kenya,Stickers for Less,Holographic Goose,20.0
8155,2010-04-01,Kenya,Premium Sticker Mart,Holographic Goose,20.0
8190,2010-04-02,Canada,Discount Stickers,Holographic Goose,800.0
8195,2010-04-02,Canada,Stickers for Less,Holographic Goose,800.0
8235,2010-04-02,Kenya,Discount Stickers,Holographic Goose,20.0
8240,2010-04-02,Kenya,Stickers for Less,Holographic Goose,20.0
8245,2010-04-02,Kenya,Premium Sticker Mart,Holographic Goose,20.0
8280,2010-04-03,Canada,Discount Stickers,Holographic Goose,800.0
8285,2010-04-03,Canada,Stickers for Less,Holographic Goose,800.0
8325,2010-04-03,Kenya,Discount Stickers,Holographic Goose,20.0
8330,2010-04-03,Kenya,Stickers for Less,Holographic Goose,20.0
8335,2010-04-03,Kenya,Premium Sticker Mart,Holographic Goose,20.0
8370,2010-04-04,Canada,Discount Stickers,Holographic Goose,800.0
8415,2010-04-04,Kenya,Discount Stickers,Holographic Goose,20.0
8420,2010-04-04,Kenya,Stickers for Less,Holographic Goose,20.0
8460,2010-04-05,Canada,Discount Stickers,Holographic Goose,800.0
8465,2010-04-05,Canada,Stickers for Less,Holographic Goose,800.0
8505,2010-04-05,Kenya,Discount Stickers,Holographic Goose,20.0
8508,2010-04-05,Kenya,Discount Stickers,Kerneler,20.0
8510,2010-04-05,Kenya,Stickers for Less,Holographic Goose,20.0
8515,2010-04-05,Kenya,Premium Sticker Mart,Holographic Goose,20.0
8550,2010-04-06,Canada,Discount Stickers,Holographic Goose,800.0
8555,2010-04-06,Canada,Stickers for Less,Holographic Goose,800.0
8595,2010-04-06,Kenya,Discount Stickers,Holographic Goose,20.0
8598,2010-04-06,Kenya,Discount Stickers,Kerneler,20.0
8600,2010-04-06,Kenya,Stickers for Less,Holographic Goose,20.0
8605,2010-04-06,Kenya,Premium Sticker Mart,Holographic Goose,20.0
8640,2010-04-07,Canada,Discount Stickers,Holographic Goose,800.0
8645,2010-04-07,Canada,Stickers for Less,Holographic Goose,800.0
8650,2010-04-07,Canada,Premium Sticker Mart,Holographic Goose,800.0
8685,2010-04-07,Kenya,Discount Stickers,Holographic Goose,20.0
8690,2010-04-07,Kenya,Stickers for Less,Holographic Goose,20.0
8695,2010-04-07,Kenya,Premium Sticker Mart,Holographic Goose,20.0
8730,2010-04-08,Canada,Discount Stickers,Holographic Goose,800.0
8735,2010-04-08,Canada,Stickers for Less,Holographic Goose,800.0
8775,2010-04-08,Kenya,Discount Stickers,Holographic Goose,20.0
8780,2010-04-08,Kenya,Stickers for Less,Holographic Goose,20.0
8785,2010-04-08,Kenya,Premium Sticker Mart,Holographic Goose,20.0
8820,2010-04-09,Canada,Discount Stickers,Holographic Goose,800.0
8825,2010-04-09,Canada,Stickers for Less,Holographic Goose,800.0
8865,2010-04-09,Kenya,Discount Stickers,Holographic Goose,20.0
8870,2010-04-09,Kenya,Stickers for Less,Holographic Goose,20.0
8875,2010-04-09,Kenya,Premium Sticker Mart,Holographic Goose,20.0
8910,2010-04-10,Canada,Discount Stickers,Holographic Goose,800.0
8955,2010-04-10,Kenya,Discount Stickers,Holographic Goose,20.0
8960,2010-04-10,Kenya,Stickers for Less,Holographic Goose,20.0
9000,2010-04-11,Canada,Discount Stickers,Holographic Goose,800.0
9045,2010-04-11,Kenya,Discount Stickers,Holographic Goose,20.0
9050,2010-04-11,Kenya,Stickers for Less,Holographic Goose,20.0
9090,2010-04-12,Canada,Discount Stickers,Holographic Goose,800.0
9135,2010-04-12,Kenya,Discount Stickers,Holographic Goose,20.0
9140,2010-04-12,Kenya,Stickers for Less,Holographic Goose,20.0
9145,2010-04-12,Kenya,Premium Sticker Mart,Holographic Goose,20.0
9180,2010-04-13,Canada,Discount Stickers,Holographic Goose,800.0
9185,2010-04-13,Canada,Stickers for Less,Holographic Goose,800.0
9225,2010-04-13,Kenya,Discount Stickers,Holographic Goose,20.0
9228,2010-04-13,Kenya,Discount Stickers,Kerneler,20.0
9230,2010-04-13,Kenya,Stickers for Less,Holographic Goose,20.0
9235,2010-04-13,Kenya,Premium Sticker Mart,Holographic Goose,20.0
9270,2010-04-14,Canada,Discount Stickers,Holographic Goose,800.0
9275,2010-04-14,Canada,Stickers for Less,Holographic Goose,800.0
9315,2010-04-14,Kenya,Discount Stickers,Holographic Goose,20.0
9318,2010-04-14,Kenya,Discount Stickers,Kerneler,20.0
9320,2010-04-14,Kenya,Stickers for Less,Holographic Goose,20.0
9325,2010-04-14,Kenya,Premium Sticker Mart,Holographic Goose,20.0
9360,2010-04-15,Canada,Discount Stickers,Holographic Goose,800.0
9365,2010-04-15,Canada,Stickers for Less,Holographic Goose,800.0
9405,2010-04-15,Kenya,Discount Stickers,Holographic Goose,20.0
9408,2010-04-15,Kenya,Discount Stickers,Kerneler,20.0
9410,2010-04-15,Kenya,Stickers for Less,Holographic Goose,20.0
9415,2010-04-15,Kenya,Premium Sticker Mart,Holographic Goose,20.0
9450,2010-04-16,Canada,Discount Stickers,Holographic Goose,800.0
9455,2010-04-16,Canada,Stickers for Less,Holographic Goose,800.0
9495,2010-04-16,Kenya,Discount Stickers,Holographic Goose,20.0
9500,2010-04-16,Kenya,Stickers for Less,Holographic Goose,20.0
9505,2010-04-16,Kenya,Premium Sticker Mart,Holographic Goose,20.0
9540,2010-04-17,Canada,Discount Stickers,Holographic Goose,800.0
9585,2010-04-17,Kenya,Discount Stickers,Holographic Goose,20.0
9590,2010-04-17,Kenya,Stickers for Less,Holographic Goose,20.0
9595,2010-04-17,Kenya,Premium Sticker Mart,Holographic Goose,20.0
9630,2010-04-18,Canada,Discount Stickers,Holographic Goose,800.0
9675,2010-04-18,Kenya,Discount Stickers,Holographic Goose,20.0
9680,2010-04-18,Kenya,Stickers for Less,Holographic Goose,20.0
9685,2010-04-18,Kenya,Premium Sticker Mart,Holographic Goose,20.0
9720,2010-04-19,Canada,Discount Stickers,Holographic Goose,800.0
9725,2010-04-19,Canada,Stickers for Less,Holographic Goose,800.0
9765,2010-04-19,Kenya,Discount Stickers,Holographic Goose,20.0
9768,2010-04-19,Kenya,Discount Stickers,Kerneler,20.0
9770,2010-04-19,Kenya,Stickers for Less,Holographic Goose,20.0
9775,2010-04-19,Kenya,Premium Sticker Mart,Holographic Goose,20.0
9810,2010-04-20,Canada,Discount Stickers,Holographic Goose,800.0
9815,2010-04-20,Canada,Stickers for Less,Holographic Goose,800.0
9855,2010-04-20,Kenya,Discount Stickers,Holographic Goose,20.0
9858,2010-04-20,Kenya,Discount Stickers,Kerneler,20.0
9860,2010-04-20,Kenya,Stickers for Less,Holographic Goose,20.0
9865,2010-04-20,Kenya,Premium Sticker Mart,Holographic Goose,20.0
9900,2010-04-21,Canada,Discount Stickers,Holographic Goose,800.0
9905,2010-04-21,Canada,Stickers for Less,Holographic Goose,800.0
9910,2010-04-21,Canada,Premium Sticker Mart,Holographic Goose,800.0
9945,2010-04-21,Kenya,Discount Stickers,Holographic Goose,20.0
9948,2010-04-21,Kenya,Discount Stickers,Kerneler,20.0
9950,2010-04-21,Kenya,Stickers for Less,Holographic Goose,20.0
9955,2010-04-21,Kenya,Premium Sticker Mart,Holographic Goose,20.0
9990,2010-04-22,Canada,Discount Stickers,Holographic Goose,800.0
9995,2010-04-22,Canada,Stickers for Less,Holographic Goose,800.0
10035,2010-04-22,Kenya,Discount Stickers,Holographic Goose,20.0
10040,2010-04-22,Kenya,Stickers for Less,Holographic Goose,20.0
10045,2010-04-22,Kenya,Premium Sticker Mart,Holographic Goose,20.0
10080,2010-04-23,Canada,Discount Stickers,Holographic Goose,800.0
10085,2010-04-23,Canada,Stickers for Less,Holographic Goose,800.0
10125,2010-04-23,Kenya,Discount Stickers,Holographic Goose,20.0
10130,2010-04-23,Kenya,Stickers for Less,Holographic Goose,20.0
10135,2010-04-23,Kenya,Premium Sticker Mart,Holographic Goose,20.0
10170,2010-04-24,Canada,Discount Stickers,Holographic Goose,800.0
10215,2010-04-24,Kenya,Discount Stickers,Holographic Goose,20.0
10220,2010-04-24,Kenya,Stickers for Less,Holographic Goose,20.0
10225,2010-04-24,Kenya,Premium Sticker Mart,Holographic Goose,20.0
10260,2010-04-25,Canada,Discount Stickers,Holographic Goose,800.0
10305,2010-04-25,Kenya,Discount Stickers,Holographic Goose,20.0
10310,2010-04-25,Kenya,Stickers for Less,Holographic Goose,20.0
10350,2010-04-26,Canada,Discount Stickers,Holographic Goose,800.0
10355,2010-04-26,Canada,Stickers for Less,Holographic Goose,800.0
10360,2010-04-26,Canada,Premium Sticker Mart,Holographic Goose,800.0
10395,2010-04-26,Kenya,Discount Stickers,Holographic Goose,20.0
10400,2010-04-26,Kenya,Stickers for Less,Holographic Goose,20.0
10405,2010-04-26,Kenya,Premium Sticker Mart,Holographic Goose,20.0
10440,2010-04-27,Canada,Discount Stickers,Holographic Goose,800.0
10445,2010-04-27,Canada,Stickers for Less,Holographic Goose,800.0
10485,2010-04-27,Kenya,Discount Stickers,Holographic Goose,20.0
10488,2010-04-27,Kenya,Discount Stickers,Kerneler,20.0
10490,2010-04-27,Kenya,Stickers for Less,Holographic Goose,20.0
10495,2010-04-27,Kenya,Premium Sticker Mart,Holographic Goose,20.0
10530,2010-04-28,Canada,Discount Stickers,Holographic Goose,800.0
10535,2010-04-28,Canada,Stickers for Less,Holographic Goose,800.0
10540,2010-04-28,Canada,Premium Sticker Mart,Holographic Goose,800.0
10575,2010-04-28,Kenya,Discount Stickers,Holographic Goose,20.0
10580,2010-04-28,Kenya,Stickers for Less,Holographic Goose,20.0
10585,2010-04-28,Kenya,Premium Sticker Mart,Holographic Goose,20.0
10620,2010-04-29,Canada,Discount Stickers,Holographic Goose,800.0
10625,2010-04-29,Canada,Stickers for Less,Holographic Goose,800.0
10630,2010-04-29,Canada,Premium Sticker Mart,Holographic Goose,800.0
10665,2010-04-29,Kenya,Discount Stickers,Holographic Goose,20.0
10670,2010-04-29,Kenya,Stickers for Less,Holographic Goose,20.0
10675,2010-04-29,Kenya,Premium Sticker Mart,Holographic Goose,20.0
10710,2010-04-30,Canada,Discount Stickers,Holographic Goose,800.0
10715,2010-04-30,Canada,Stickers for Less,Holographic Goose,800.0
10755,2010-04-30,Kenya,Discount Stickers,Holographic Goose,20.0
10760,2010-04-30,Kenya,Stickers for Less,Holographic Goose,20.0
10765,2010-04-30,Kenya,Premium Sticker Mart,Holographic Goose,20.0
10800,2010-05-01,Canada,Discount Stickers,Holographic Goose,800.0
10805,2010-05-01,Canada,Stickers for Less,Holographic Goose,800.0
10845,2010-05-01,Kenya,Discount Stickers,Holographic Goose,20.0
10850,2010-05-01,Kenya,Stickers for Less,Holographic Goose,20.0
10855,2010-05-01,Kenya,Premium Sticker Mart,Holographic Goose,20.0
10890,2010-05-02,Canada,Discount Stickers,Holographic Goose,800.0
10895,2010-05-02,Canada,Stickers for Less,Holographic Goose,800.0
10935,2010-05-02,Kenya,Discount Stickers,Holographic Goose,20.0
10940,2010-05-02,Kenya,Stickers for Less,Holographic Goose,20.0
10945,2010-05-02,Kenya,Premium Sticker Mart,Holographic Goose,20.0
10980,2010-05-03,Canada,Discount Stickers,Holographic Goose,800.0
10985,2010-05-03,Canada,Stickers for Less,Holographic Goose,800.0
10990,2010-05-03,Canada,Premium Sticker Mart,Holographic Goose,800.0
11025,2010-05-03,Kenya,Discount Stickers,Holographic Goose,20.0
11030,2010-05-03,Kenya,Stickers for Less,Holographic Goose,20.0
11035,2010-05-03,Kenya,Premium Sticker Mart,Holographic Goose,20.0
11070,2010-05-04,Canada,Discount Stickers,Holographic Goose,800.0
11075,2010-05-04,Canada,Stickers for Less,Holographic Goose,800.0
11080,2010-05-04,Canada,Premium Sticker Mart,Holographic Goose,800.0
11115,2010-05-04,Kenya,Discount Stickers,Holographic Goose,20.0
11120,2010-05-04,Kenya,Stickers for Less,Holographic Goose,20.0
11125,2010-05-04,Kenya,Premium Sticker Mart,Holographic Goose,20.0
11160,2010-05-05,Canada,Discount Stickers,Holographic Goose,800.0
11165,2010-05-05,Canada,Stickers for Less,Holographic Goose,800.0
11170,2010-05-05,Canada,Premium Sticker Mart,Holographic Goose,800.0
11205,2010-05-05,Kenya,Discount Stickers,Holographic Goose,20.0
11210,2010-05-05,Kenya,Stickers for Less,Holographic Goose,20.0
11215,2010-05-05,Kenya,Premium Sticker Mart,Holographic Goose,20.0
11250,2010-05-06,Canada,Discount Stickers,Holographic Goose,800.0
11255,2010-05-06,Canada,Stickers for Less,Holographic Goose,800.0
11295,2010-05-06,Kenya,Discount Stickers,Holographic Goose,20.0
11300,2010-05-06,Kenya,Stickers for Less,Holographic Goose,20.0
11305,2010-05-06,Kenya,Premium Sticker Mart,Holographic Goose,20.0
11340,2010-05-07,Canada,Discount Stickers,Holographic Goose,800.0
11345,2010-05-07,Canada,Stickers for Less,Holographic Goose,800.0
11385,2010-05-07,Kenya,Discount Stickers,Holographic Goose,20.0
11390,2010-05-07,Kenya,Stickers for Less,Holographic Goose,20.0
11395,2010-05-07,Kenya,Premium Sticker Mart,Holographic Goose,20.0
11430,2010-05-08,Canada,Discount Stickers,Holographic Goose,800.0
11435,2010-05-08,Canada,Stickers for Less,Holographic Goose,800.0
11475,2010-05-08,Kenya,Discount Stickers,Holographic Goose,20.0
11480,2010-05-08,Kenya,Stickers for Less,Holographic Goose,20.0
11485,2010-05-08,Kenya,Premium Sticker Mart,Holographic Goose,20.0
11520,2010-05-09,Canada,Discount Stickers,Holographic Goose,800.0
11565,2010-05-09,Kenya,Discount Stickers,Holographic Goose,20.0
11570,2010-05-09,Kenya,Stickers for Less,Holographic Goose,20.0
11610,2010-05-10,Canada,Discount Stickers,Holographic Goose,800.0
11615,2010-05-10,Canada,Stickers for Less,Holographic Goose,800.0
11620,2010-05-10,Canada,Premium Sticker Mart,Holographic Goose,800.0
11655,2010-05-10,Kenya,Discount Stickers,Holographic Goose,20.0
11660,2010-05-10,Kenya,Stickers for Less,Holographic Goose,20.0
11665,2010-05-10,Kenya,Premium Sticker Mart,Holographic Goose,20.0
11700,2010-05-11,Canada,Discount Stickers,Holographic Goose,800.0
11705,2010-05-11,Canada,Stickers for Less,Holographic Goose,800.0
11710,2010-05-11,Canada,Premium Sticker Mart,Holographic Goose,800.0
11745,2010-05-11,Kenya,Discount Stickers,Holographic Goose,20.0
11748,2010-05-11,Kenya,Discount Stickers,Kerneler,20.0
11750,2010-05-11,Kenya,Stickers for Less,Holographic Goose,20.0
11755,2010-05-11,Kenya,Premium Sticker Mart,Holographic Goose,20.0
11790,2010-05-12,Canada,Discount Stickers,Holographic Goose,800.0
11795,2010-05-12,Canada,Stickers for Less,Holographic Goose,800.0
11800,2010-05-12,Canada,Premium Sticker Mart,Holographic Goose,800.0
11835,2010-05-12,Kenya,Discount Stickers,Holographic Goose,20.0
11840,2010-05-12,Kenya,Stickers for Less,Holographic Goose,20.0
11845,2010-05-12,Kenya,Premium Sticker Mart,Holographic Goose,20.0
11880,2010-05-13,Canada,Discount Stickers,Holographic Goose,800.0
11885,2010-05-13,Canada,Stickers for Less,Holographic Goose,800.0
11890,2010-05-13,Canada,Premium Sticker Mart,Holographic Goose,800.0
11925,2010-05-13,Kenya,Discount Stickers,Holographic Goose,20.0
11930,2010-05-13,Kenya,Stickers for Less,Holographic Goose,20.0
11935,2010-05-13,Kenya,Premium Sticker Mart,Holographic Goose,20.0
11970,2010-05-14,Canada,Discount Stickers,Holographic Goose,800.0
11975,2010-05-14,Canada,Stickers for Less,Holographic Goose,800.0
12015,2010-05-14,Kenya,Discount Stickers,Holographic Goose,20.0
12020,2010-05-14,Kenya,Stickers for Less,Holographic Goose,20.0
12025,2010-05-14,Kenya,Premium Sticker Mart,Holographic Goose,20.0
12060,2010-05-15,Canada,Discount Stickers,Holographic Goose,800.0
12065,2010-05-15,Canada,Stickers for Less,Holographic Goose,800.0
12105,2010-05-15,Kenya,Discount Stickers,Holographic Goose,20.0
12110,2010-05-15,Kenya,Stickers for Less,Holographic Goose,20.0
12115,2010-05-15,Kenya,Premium Sticker Mart,Holographic Goose,20.0
12150,2010-05-16,Canada,Discount Stickers,Holographic Goose,800.0
12195,2010-05-16,Kenya,Discount Stickers,Holographic Goose,20.0
12200,2010-05-16,Kenya,Stickers for Less,Holographic Goose,20.0
12205,2010-05-16,Kenya,Premium Sticker Mart,Holographic Goose,20.0
12240,2010-05-17,Canada,Discount Stickers,Holographic Goose,800.0
12245,2010-05-17,Canada,Stickers for Less,Holographic Goose,800.0
12285,2010-05-17,Kenya,Discount Stickers,Holographic Goose,20.0
12290,2010-05-17,Kenya,Stickers for Less,Holographic Goose,20.0
12295,2010-05-17,Kenya,Premium Sticker Mart,Holographic Goose,20.0
12330,2010-05-18,Canada,Discount Stickers,Holographic Goose,800.0
12335,2010-05-18,Canada,Stickers for Less,Holographic Goose,800.0
12375,2010-05-18,Kenya,Discount Stickers,Holographic Goose,20.0
12378,2010-05-18,Kenya,Discount Stickers,Kerneler,20.0
12380,2010-05-18,Kenya,Stickers for Less,Holographic Goose,20.0
12385,2010-05-18,Kenya,Premium Sticker Mart,Holographic Goose,20.0
12420,2010-05-19,Canada,Discount Stickers,Holographic Goose,800.0
12425,2010-05-19,Canada,Stickers for Less,Holographic Goose,800.0
12430,2010-05-19,Canada,Premium Sticker Mart,Holographic Goose,800.0
12465,2010-05-19,Kenya,Discount Stickers,Holographic Goose,20.0
12470,2010-05-19,Kenya,Stickers for Less,Holographic Goose,20.0
12475,2010-05-19,Kenya,Premium Sticker Mart,Holographic Goose,20.0
12510,2010-05-20,Canada,Discount Stickers,Holographic Goose,800.0
12515,2010-05-20,Canada,Stickers for Less,Holographic Goose,800.0
12555,2010-05-20,Kenya,Discount Stickers,Holographic Goose,20.0
12560,2010-05-20,Kenya,Stickers for Less,Holographic Goose,20.0
12565,2010-05-20,Kenya,Premium Sticker Mart,Holographic Goose,20.0
12600,2010-05-21,Canada,Discount Stickers,Holographic Goose,800.0
12605,2010-05-21,Canada,Stickers for Less,Holographic Goose,800.0
12645,2010-05-21,Kenya,Discount Stickers,Holographic Goose,20.0
12650,2010-05-21,Kenya,Stickers for Less,Holographic Goose,20.0
12655,2010-05-21,Kenya,Premium Sticker Mart,Holographic Goose,20.0
12690,2010-05-22,Canada,Discount Stickers,Holographic Goose,800.0
12695,2010-05-22,Canada,Stickers for Less,Holographic Goose,800.0
12735,2010-05-22,Kenya,Discount Stickers,Holographic Goose,20.0
12740,2010-05-22,Kenya,Stickers for Less,Holographic Goose,20.0
12745,2010-05-22,Kenya,Premium Sticker Mart,Holographic Goose,20.0
12780,2010-05-23,Canada,Discount Stickers,Holographic Goose,800.0
12785,2010-05-23,Canada,Stickers for Less,Holographic Goose,800.0
12825,2010-05-23,Kenya,Discount Stickers,Holographic Goose,20.0
12830,2010-05-23,Kenya,Stickers for Less,Holographic Goose,20.0
12835,2010-05-23,Kenya,Premium Sticker Mart,Holographic Goose,20.0
12870,2010-05-24,Canada,Discount Stickers,Holographic Goose,800.0
12875,2010-05-24,Canada,Stickers for Less,Holographic Goose,800.0
12915,2010-05-24,Kenya,Discount Stickers,Holographic Goose,20.0
12920,2010-05-24,Kenya,Stickers for Less,Holographic Goose,20.0
12925,2010-05-24,Kenya,Premium Sticker Mart,Holographic Goose,20.0
12960,2010-05-25,Canada,Discount Stickers,Holographic Goose,800.0
12965,2010-05-25,Canada,Stickers for Less,Holographic Goose,800.0
12970,2010-05-25,Canada,Premium Sticker Mart,Holographic Goose,800.0
13005,2010-05-25,Kenya,Discount Stickers,Holographic Goose,20.0
13010,2010-05-25,Kenya,Stickers for Less,Holographic Goose,20.0
13015,2010-05-25,Kenya,Premium Sticker Mart,Holographic Goose,20.0
13050,2010-05-26,Canada,Discount Stickers,Holographic Goose,800.0
13055,2010-05-26,Canada,Stickers for Less,Holographic Goose,800.0
13060,2010-05-26,Canada,Premium Sticker Mart,Holographic Goose,800.0
13095,2010-05-26,Kenya,Discount Stickers,Holographic Goose,20.0
13100,2010-05-26,Kenya,Stickers for Less,Holographic Goose,20.0
13105,2010-05-26,Kenya,Premium Sticker Mart,Holographic Goose,20.0
13140,2010-05-27,Canada,Discount Stickers,Holographic Goose,800.0
13145,2010-05-27,Canada,Stickers for Less,Holographic Goose,800.0
13150,2010-05-27,Canada,Premium Sticker Mart,Holographic Goose,800.0
13185,2010-05-27,Kenya,Discount Stickers,Holographic Goose,20.0
13190,2010-05-27,Kenya,Stickers for Less,Holographic Goose,20.0
13195,2010-05-27,Kenya,Premium Sticker Mart,Holographic Goose,20.0
13230,2010-05-28,Canada,Discount Stickers,Holographic Goose,800.0
13235,2010-05-28,Canada,Stickers for Less,Holographic Goose,800.0
13240,2010-05-28,Canada,Premium Sticker Mart,Holographic Goose,800.0
13275,2010-05-28,Kenya,Discount Stickers,Holographic Goose,20.0
13280,2010-05-28,Kenya,Stickers for Less,Holographic Goose,20.0
13285,2010-05-28,Kenya,Premium Sticker Mart,Holographic Goose,20.0
13320,2010-05-29,Canada,Discount Stickers,Holographic Goose,800.0
13325,2010-05-29,Canada,Stickers for Less,Holographic Goose,800.0
13365,2010-05-29,Kenya,Discount Stickers,Holographic Goose,20.0
13370,2010-05-29,Kenya,Stickers for Less,Holographic Goose,20.0
13375,2010-05-29,Kenya,Premium Sticker Mart,Holographic Goose,20.0
13410,2010-05-30,Canada,Discount Stickers,Holographic Goose,800.0
13415,2010-05-30,Canada,Stickers for Less,Holographic Goose,800.0
13455,2010-05-30,Kenya,Discount Stickers,Holographic Goose,20.0
13460,2010-05-30,Kenya,Stickers for Less,Holographic Goose,20.0
13465,2010-05-30,Kenya,Premium Sticker Mart,Holographic Goose,20.0
13500,2010-05-31,Canada,Discount Stickers,Holographic Goose,800.0
13505,2010-05-31,Canada,Stickers for Less,Holographic Goose,800.0
13545,2010-05-31,Kenya,Discount Stickers,Holographic Goose,20.0
13550,2010-05-31,Kenya,Stickers for Less,Holographic Goose,20.0
13555,2010-05-31,Kenya,Premium Sticker Mart,Holographic Goose,20.0
13590,2010-06-01,Canada,Discount Stickers,Holographic Goose,800.0
13595,2010-06-01,Canada,Stickers for Less,Holographic Goose,800.0
13600,2010-06-01,Canada,Premium Sticker Mart,Holographic Goose,800.0
13635,2010-06-01,Kenya,Discount Stickers,Holographic Goose,20.0
13638,2010-06-01,Kenya,Discount Stickers,Kerneler,20.0
13640,2010-06-01,Kenya,Stickers for Less,Holographic Goose,20.0
13645,2010-06-01,Kenya,Premium Sticker Mart,Holographic Goose,20.0
13680,2010-06-02,Canada,Discount Stickers,Holographic Goose,800.0
13685,2010-06-02,Canada,Stickers for Less,Holographic Goose,800.0
13690,2010-06-02,Canada,Premium Sticker Mart,Holographic Goose,800.0
13725,2010-06-02,Kenya,Discount Stickers,Holographic Goose,20.0
13730,2010-06-02,Kenya,Stickers for Less,Holographic Goose,20.0
13735,2010-06-02,Kenya,Premium Sticker Mart,Holographic Goose,20.0
13770,2010-06-03,Canada,Discount Stickers,Holographic Goose,800.0
13775,2010-06-03,Canada,Stickers for Less,Holographic Goose,800.0
13780,2010-06-03,Canada,Premium Sticker Mart,Holographic Goose,800.0
13815,2010-06-03,Kenya,Discount Stickers,Holographic Goose,20.0
13820,2010-06-03,Kenya,Stickers for Less,Holographic Goose,20.0
13825,2010-06-03,Kenya,Premium Sticker Mart,Holographic Goose,20.0
13860,2010-06-04,Canada,Discount Stickers,Holographic Goose,800.0
13865,2010-06-04,Canada,Stickers for Less,Holographic Goose,800.0
13905,2010-06-04,Kenya,Discount Stickers,Holographic Goose,20.0
13910,2010-06-04,Kenya,Stickers for Less,Holographic Goose,20.0
13915,2010-06-04,Kenya,Premium Sticker Mart,Holographic Goose,20.0
13950,2010-06-05,Canada,Discount Stickers,Holographic Goose,800.0
13955,2010-06-05,Canada,Stickers for Less,Holographic Goose,800.0
13995,2010-06-05,Kenya,Discount Stickers,Holographic Goose,20.0
14000,2010-06-05,Kenya,Stickers for Less,Holographic Goose,20.0
14005,2010-06-05,Kenya,Premium Sticker Mart,Holographic Goose,20.0
14040,2010-06-06,Canada,Discount Stickers,Holographic Goose,800.0
14045,2010-06-06,Canada,Stickers for Less,Holographic Goose,800.0
14085,2010-06-06,Kenya,Discount Stickers,Holographic Goose,20.0
14090,2010-06-06,Kenya,Stickers for Less,Holographic Goose,20.0
14095,2010-06-06,Kenya,Premium Sticker Mart,Holographic Goose,20.0
14130,2010-06-07,Canada,Discount Stickers,Holographic Goose,800.0
14135,2010-06-07,Canada,Stickers for Less,Holographic Goose,800.0
14140,2010-06-07,Canada,Premium Sticker Mart,Holographic Goose,800.0
14175,2010-06-07,Kenya,Discount Stickers,Holographic Goose,20.0
14180,2010-06-07,Kenya,Stickers for Less,Holographic Goose,20.0
14185,2010-06-07,Kenya,Premium Sticker Mart,Holographic Goose,20.0
14220,2010-06-08,Canada,Discount Stickers,Holographic Goose,800.0
14225,2010-06-08,Canada,Stickers for Less,Holographic Goose,800.0
14230,2010-06-08,Canada,Premium Sticker Mart,Holographic Goose,800.0
14265,2010-06-08,Kenya,Discount Stickers,Holographic Goose,20.0
14270,2010-06-08,Kenya,Stickers for Less,Holographic Goose,20.0
14275,2010-06-08,Kenya,Premium Sticker Mart,Holographic Goose,20.0
14310,2010-06-09,Canada,Discount Stickers,Holographic Goose,800.0
14315,2010-06-09,Canada,Stickers for Less,Holographic Goose,800.0
14320,2010-06-09,Canada,Premium Sticker Mart,Holographic Goose,800.0
14355,2010-06-09,Kenya,Discount Stickers,Holographic Goose,20.0
14360,2010-06-09,Kenya,Stickers for Less,Holographic Goose,20.0
14365,2010-06-09,Kenya,Premium Sticker Mart,Holographic Goose,20.0
14400,2010-06-10,Canada,Discount Stickers,Holographic Goose,800.0
14405,2010-06-10,Canada,Stickers for Less,Holographic Goose,800.0
14410,2010-06-10,Canada,Premium Sticker Mart,Holographic Goose,800.0
14445,2010-06-10,Kenya,Discount Stickers,Holographic Goose,20.0
14450,2010-06-10,Kenya,Stickers for Less,Holographic Goose,20.0
14455,2010-06-10,Kenya,Premium Sticker Mart,Holographic Goose,20.0
14490,2010-06-11,Canada,Discount Stickers,Holographic Goose,800.0
14495,2010-06-11,Canada,Stickers for Less,Holographic Goose,800.0
14535,2010-06-11,Kenya,Discount Stickers,Holographic Goose,20.0
14540,2010-06-11,Kenya,Stickers for Less,Holographic Goose,20.0
14545,2010-06-11,Kenya,Premium Sticker Mart,Holographic Goose,20.0
14580,2010-06-12,Canada,Discount Stickers,Holographic Goose,800.0
14585,2010-06-12,Canada,Stickers for Less,Holographic Goose,800.0
14625,2010-06-12,Kenya,Discount Stickers,Holographic Goose,20.0
14630,2010-06-12,Kenya,Stickers for Less,Holographic Goose,20.0
14635,2010-06-12,Kenya,Premium Sticker Mart,Holographic Goose,20.0
14670,2010-06-13,Canada,Discount Stickers,Holographic Goose,800.0
14675,2010-06-13,Canada,Stickers for Less,Holographic Goose,800.0
14715,2010-06-13,Kenya,Discount Stickers,Holographic Goose,20.0
14720,2010-06-13,Kenya,Stickers for Less,Holographic Goose,20.0
14725,2010-06-13,Kenya,Premium Sticker Mart,Holographic Goose,20.0
14760,2010-06-14,Canada,Discount Stickers,Holographic Goose,800.0
14765,2010-06-14,Canada,Stickers for Less,Holographic Goose,800.0
14770,2010-06-14,Canada,Premium Sticker Mart,Holographic Goose,800.0
14805,2010-06-14,Kenya,Discount Stickers,Holographic Goose,20.0
14810,2010-06-14,Kenya,Stickers for Less,Holographic Goose,20.0
14815,2010-06-14,Kenya,Premium Sticker Mart,Holographic Goose,20.0
14850,2010-06-15,Canada,Discount Stickers,Holographic Goose,800.0
14855,2010-06-15,Canada,Stickers for Less,Holographic Goose,800.0
14895,2010-06-15,Kenya,Discount Stickers,Holographic Goose,20.0
14900,2010-06-15,Kenya,Stickers for Less,Holographic Goose,20.0
14905,2010-06-15,Kenya,Premium Sticker Mart,Holographic Goose,20.0
14940,2010-06-16,Canada,Discount Stickers,Holographic Goose,800.0
14945,2010-06-16,Canada,Stickers for Less,Holographic Goose,800.0
14950,2010-06-16,Canada,Premium Sticker Mart,Holographic Goose,800.0
14985,2010-06-16,Kenya,Discount Stickers,Holographic Goose,20.0
14990,2010-06-16,Kenya,Stickers for Less,Holographic Goose,20.0
14995,2010-06-16,Kenya,Premium Sticker Mart,Holographic Goose,20.0
15030,2010-06-17,Canada,Discount Stickers,Holographic Goose,800.0
15035,2010-06-17,Canada,Stickers for Less,Holographic Goose,800.0
15040,2010-06-17,Canada,Premium Sticker Mart,Holographic Goose,800.0
15075,2010-06-17,Kenya,Discount Stickers,Holographic Goose,20.0
15080,2010-06-17,Kenya,Stickers for Less,Holographic Goose,20.0
15085,2010-06-17,Kenya,Premium Sticker Mart,Holographic Goose,20.0
15120,2010-06-18,Canada,Discount Stickers,Holographic Goose,800.0
15125,2010-06-18,Canada,Stickers for Less,Holographic Goose,800.0
15130,2010-06-18,Canada,Premium Sticker Mart,Holographic Goose,800.0
15165,2010-06-18,Kenya,Discount Stickers,Holographic Goose,20.0
15170,2010-06-18,Kenya,Stickers for Less,Holographic Goose,20.0
15175,2010-06-18,Kenya,Premium Sticker Mart,Holographic Goose,20.0
15210,2010-06-19,Canada,Discount Stickers,Holographic Goose,800.0
15215,2010-06-19,Canada,Stickers for Less,Holographic Goose,800.0
15255,2010-06-19,Kenya,Discount Stickers,Holographic Goose,20.0
15260,2010-06-19,Kenya,Stickers for Less,Holographic Goose,20.0
15265,2010-06-19,Kenya,Premium Sticker Mart,Holographic Goose,20.0
15300,2010-06-20,Canada,Discount Stickers,Holographic Goose,800.0
15305,2010-06-20,Canada,Stickers for Less,Holographic Goose,800.0
15345,2010-06-20,Kenya,Discount Stickers,Holographic Goose,20.0
15350,2010-06-20,Kenya,Stickers for Less,Holographic Goose,20.0
15355,2010-06-20,Kenya,Premium Sticker Mart,Holographic Goose,20.0
15390,2010-06-21,Canada,Discount Stickers,Holographic Goose,800.0
15395,2010-06-21,Canada,Stickers for Less,Holographic Goose,800.0
15400,2010-06-21,Canada,Premium Sticker Mart,Holographic Goose,800.0
15435,2010-06-21,Kenya,Discount Stickers,Holographic Goose,20.0
15440,2010-06-21,Kenya,Stickers for Less,Holographic Goose,20.0
15445,2010-06-21,Kenya,Premium Sticker Mart,Holographic Goose,20.0
15480,2010-06-22,Canada,Discount Stickers,Holographic Goose,800.0
15485,2010-06-22,Canada,Stickers for Less,Holographic Goose,800.0
15490,2010-06-22,Canada,Premium Sticker Mart,Holographic Goose,800.0
15525,2010-06-22,Kenya,Discount Stickers,Holographic Goose,20.0
15530,2010-06-22,Kenya,Stickers for Less,Holographic Goose,20.0
15535,2010-06-22,Kenya,Premium Sticker Mart,Holographic Goose,20.0
15570,2010-06-23,Canada,Discount Stickers,Holographic Goose,800.0
15575,2010-06-23,Canada,Stickers for Less,Holographic Goose,800.0
15580,2010-06-23,Canada,Premium Sticker Mart,Holographic Goose,800.0
15615,2010-06-23,Kenya,Discount Stickers,Holographic Goose,20.0
15620,2010-06-23,Kenya,Stickers for Less,Holographic Goose,20.0
15625,2010-06-23,Kenya,Premium Sticker Mart,Holographic Goose,20.0
15660,2010-06-24,Canada,Discount Stickers,Holographic Goose,800.0
15665,2010-06-24,Canada,Stickers for Less,Holographic Goose,800.0
15670,2010-06-24,Canada,Premium Sticker Mart,Holographic Goose,800.0
15705,2010-06-24,Kenya,Discount Stickers,Holographic Goose,20.0
15710,2010-06-24,Kenya,Stickers for Less,Holographic Goose,20.0
15715,2010-06-24,Kenya,Premium Sticker Mart,Holographic Goose,20.0
15750,2010-06-25,Canada,Discount Stickers,Holographic Goose,800.0
15755,2010-06-25,Canada,Stickers for Less,Holographic Goose,800.0
15795,2010-06-25,Kenya,Discount Stickers,Holographic Goose,20.0
15800,2010-06-25,Kenya,Stickers for Less,Holographic Goose,20.0
15805,2010-06-25,Kenya,Premium Sticker Mart,Holographic Goose,20.0
15840,2010-06-26,Canada,Discount Stickers,Holographic Goose,800.0
15845,2010-06-26,Canada,Stickers for Less,Holographic Goose,800.0
15850,2010-06-26,Canada,Premium Sticker Mart,Holographic Goose,800.0
15885,2010-06-26,Kenya,Discount Stickers,Holographic Goose,20.0
15890,2010-06-26,Kenya,Stickers for Less,Holographic Goose,20.0
15895,2010-06-26,Kenya,Premium Sticker Mart,Holographic Goose,20.0
15930,2010-06-27,Canada,Discount Stickers,Holographic Goose,800.0
15935,2010-06-27,Canada,Stickers for Less,Holographic Goose,800.0
15975,2010-06-27,Kenya,Discount Stickers,Holographic Goose,20.0
15980,2010-06-27,Kenya,Stickers for Less,Holographic Goose,20.0
15985,2010-06-27,Kenya,Premium Sticker Mart,Holographic Goose,20.0
16020,2010-06-28,Canada,Discount Stickers,Holographic Goose,800.0
16025,2010-06-28,Canada,Stickers for Less,Holographic Goose,800.0
16030,2010-06-28,Canada,Premium Sticker Mart,Holographic Goose,800.0
16065,2010-06-28,Kenya,Discount Stickers,Holographic Goose,20.0
16070,2010-06-28,Kenya,Stickers for Less,Holographic Goose,20.0
16075,2010-06-28,Kenya,Premium Sticker Mart,Holographic Goose,20.0
16110,2010-06-29,Canada,Discount Stickers,Holographic Goose,800.0
16115,2010-06-29,Canada,Stickers for Less,Holographic Goose,800.0
16120,2010-06-29,Canada,Premium Sticker Mart,Holographic Goose,800.0
16155,2010-06-29,Kenya,Discount Stickers,Holographic Goose,20.0
16160,2010-06-29,Kenya,Stickers for Less,Holographic Goose,20.0
16165,2010-06-29,Kenya,Premium Sticker Mart,Holographic Goose,20.0
16200,2010-06-30,Canada,Discount Stickers,Holographic Goose,800.0
16205,2010-06-30,Canada,Stickers for Less,Holographic Goose,800.0
16210,2010-06-30,Canada,Premium Sticker Mart,Holographic Goose,800.0
16245,2010-06-30,Kenya,Discount Stickers,Holographic Goose,20.0
16250,2010-06-30,Kenya,Stickers for Less,Holographic Goose,20.0
16255,2010-06-30,Kenya,Premium Sticker Mart,Holographic Goose,20.0
16290,2010-07-01,Canada,Discount Stickers,Holographic Goose,800.0
16295,2010-07-01,Canada,Stickers for Less,Holographic Goose,800.0
16300,2010-07-01,Canada,Premium Sticker Mart,Holographic Goose,800.0
16335,2010-07-01,Kenya,Discount Stickers,Holographic Goose,20.0
16340,2010-07-01,Kenya,Stickers for Less,Holographic Goose,20.0
16345,2010-07-01,Kenya,Premium Sticker Mart,Holographic Goose,20.0
16380,2010-07-02,Canada,Discount Stickers,Holographic Goose,800.0
16385,2010-07-02,Canada,Stickers for Less,Holographic Goose,800.0
16390,2010-07-02,Canada,Premium Sticker Mart,Holographic Goose,800.0
16425,2010-07-02,Kenya,Discount Stickers,Holographic Goose,20.0
16430,2010-07-02,Kenya,Stickers for Less,Holographic Goose,20.0
16435,2010-07-02,Kenya,Premium Sticker Mart,Holographic Goose,20.0
16470,2010-07-03,Canada,Discount Stickers,Holographic Goose,800.0
16475,2010-07-03,Canada,Stickers for Less,Holographic Goose,800.0
16515,2010-07-03,Kenya,Discount Stickers,Holographic Goose,20.0
16520,2010-07-03,Kenya,Stickers for Less,Holographic Goose,20.0
16525,2010-07-03,Kenya,Premium Sticker Mart,Holographic Goose,20.0
16560,2010-07-04,Canada,Discount Stickers,Holographic Goose,800.0
16605,2010-07-04,Kenya,Discount Stickers,Holographic Goose,20.0
16610,2010-07-04,Kenya,Stickers for Less,Holographic Goose,20.0
16615,2010-07-04,Kenya,Premium Sticker Mart,Holographic Goose,20.0
16650,2010-07-05,Canada,Discount Stickers,Holographic Goose,800.0
16655,2010-07-05,Canada,Stickers for Less,Holographic Goose,800.0
16660,2010-07-05,Canada,Premium Sticker Mart,Holographic Goose,800.0
16695,2010-07-05,Kenya,Discount Stickers,Holographic Goose,20.0
16700,2010-07-05,Kenya,Stickers for Less,Holographic Goose,20.0
16705,2010-07-05,Kenya,Premium Sticker Mart,Holographic Goose,20.0
16740,2010-07-06,Canada,Discount Stickers,Holographic Goose,800.0
16745,2010-07-06,Canada,Stickers for Less,Holographic Goose,800.0
16750,2010-07-06,Canada,Premium Sticker Mart,Holographic Goose,800.0
16785,2010-07-06,Kenya,Discount Stickers,Holographic Goose,20.0
16790,2010-07-06,Kenya,Stickers for Less,Holographic Goose,20.0
16795,2010-07-06,Kenya,Premium Sticker Mart,Holographic Goose,20.0
16830,2010-07-07,Canada,Discount Stickers,Holographic Goose,800.0
16835,2010-07-07,Canada,Stickers for Less,Holographic Goose,800.0
16840,2010-07-07,Canada,Premium Sticker Mart,Holographic Goose,800.0
16875,2010-07-07,Kenya,Discount Stickers,Holographic Goose,20.0
16880,2010-07-07,Kenya,Stickers for Less,Holographic Goose,20.0
16885,2010-07-07,Kenya,Premium Sticker Mart,Holographic Goose,20.0
16920,2010-07-08,Canada,Discount Stickers,Holographic Goose,800.0
16925,2010-07-08,Canada,Stickers for Less,Holographic Goose,800.0
16930,2010-07-08,Canada,Premium Sticker Mart,Holographic Goose,800.0
16965,2010-07-08,Kenya,Discount Stickers,Holographic Goose,20.0
16970,2010-07-08,Kenya,Stickers for Less,Holographic Goose,20.0
16975,2010-07-08,Kenya,Premium Sticker Mart,Holographic Goose,20.0
17010,2010-07-09,Canada,Discount Stickers,Holographic Goose,800.0
17015,2010-07-09,Canada,Stickers for Less,Holographic Goose,800.0
17020,2010-07-09,Canada,Premium Sticker Mart,Holographic Goose,800.0
17055,2010-07-09,Kenya,Discount Stickers,Holographic Goose,20.0
17060,2010-07-09,Kenya,Stickers for Less,Holographic Goose,20.0
17065,2010-07-09,Kenya,Premium Sticker Mart,Holographic Goose,20.0
17100,2010-07-10,Canada,Discount Stickers,Holographic Goose,800.0
17105,2010-07-10,Canada,Stickers for Less,Holographic Goose,800.0
17145,2010-07-10,Kenya,Discount Stickers,Holographic Goose,20.0
17150,2010-07-10,Kenya,Stickers for Less,Holographic Goose,20.0
17155,2010-07-10,Kenya,Premium Sticker Mart,Holographic Goose,20.0
17190,2010-07-11,Canada,Discount Stickers,Holographic Goose,800.0
17195,2010-07-11,Canada,Stickers for Less,Holographic Goose,800.0
17235,2010-07-11,Kenya,Discount Stickers,Holographic Goose,20.0
17240,2010-07-11,Kenya,Stickers for Less,Holographic Goose,20.0
17245,2010-07-11,Kenya,Premium Sticker Mart,Holographic Goose,20.0
17280,2010-07-12,Canada,Discount Stickers,Holographic Goose,800.0
17285,2010-07-12,Canada,Stickers for Less,Holographic Goose,800.0
17290,2010-07-12,Canada,Premium Sticker Mart,Holographic Goose,800.0
17325,2010-07-12,Kenya,Discount Stickers,Holographic Goose,20.0
17330,2010-07-12,Kenya,Stickers for Less,Holographic Goose,20.0
17335,2010-07-12,Kenya,Premium Sticker Mart,Holographic Goose,20.0
17370,2010-07-13,Canada,Discount Stickers,Holographic Goose,800.0
17375,2010-07-13,Canada,Stickers for Less,Holographic Goose,800.0
17380,2010-07-13,Canada,Premium Sticker Mart,Holographic Goose,800.0
17415,2010-07-13,Kenya,Discount Stickers,Holographic Goose,20.0
17420,2010-07-13,Kenya,Stickers for Less,Holographic Goose,20.0
17425,2010-07-13,Kenya,Premium Sticker Mart,Holographic Goose,20.0
17460,2010-07-14,Canada,Discount Stickers,Holographic Goose,800.0
17465,2010-07-14,Canada,Stickers for Less,Holographic Goose,800.0
17470,2010-07-14,Canada,Premium Sticker Mart,Holographic Goose,800.0
17505,2010-07-14,Kenya,Discount Stickers,Holographic Goose,20.0
17510,2010-07-14,Kenya,Stickers for Less,Holographic Goose,20.0
17515,2010-07-14,Kenya,Premium Sticker Mart,Holographic Goose,20.0
17550,2010-07-15,Canada,Discount Stickers,Holographic Goose,800.0
17555,2010-07-15,Canada,Stickers for Less,Holographic Goose,800.0
17560,2010-07-15,Canada,Premium Sticker Mart,Holographic Goose,800.0
17595,2010-07-15,Kenya,Discount Stickers,Holographic Goose,20.0
17600,2010-07-15,Kenya,Stickers for Less,Holographic Goose,20.0
17605,2010-07-15,Kenya,Premium Sticker Mart,Holographic Goose,20.0
17640,2010-07-16,Canada,Discount Stickers,Holographic Goose,800.0
17645,2010-07-16,Canada,Stickers for Less,Holographic Goose,800.0
17650,2010-07-16,Canada,Premium Sticker Mart,Holographic Goose,800.0
17685,2010-07-16,Kenya,Discount Stickers,Holographic Goose,20.0
17690,2010-07-16,Kenya,Stickers for Less,Holographic Goose,20.0
17695,2010-07-16,Kenya,Premium Sticker Mart,Holographic Goose,20.0
17730,2010-07-17,Canada,Discount Stickers,Holographic Goose,800.0
17735,2010-07-17,Canada,Stickers for Less,Holographic Goose,800.0
17775,2010-07-17,Kenya,Discount Stickers,Holographic Goose,20.0
17780,2010-07-17,Kenya,Stickers for Less,Holographic Goose,20.0
17785,2010-07-17,Kenya,Premium Sticker Mart,Holographic Goose,20.0
17820,2010-07-18,Canada,Discount Stickers,Holographic Goose,800.0
17825,2010-07-18,Canada,Stickers for Less,Holographic Goose,800.0
17865,2010-07-18,Kenya,Discount Stickers,Holographic Goose,20.0
17870,2010-07-18,Kenya,Stickers for Less,Holographic Goose,20.0
17875,2010-07-18,Kenya,Premium Sticker Mart,Holographic Goose,20.0
17910,2010-07-19,Canada,Discount Stickers,Holographic Goose,800.0
17915,2010-07-19,Canada,Stickers for Less,Holographic Goose,800.0
17920,2010-07-19,Canada,Premium Sticker Mart,Holographic Goose,800.0
17955,2010-07-19,Kenya,Discount Stickers,Holographic Goose,20.0
17960,2010-07-19,Kenya,Stickers for Less,Holographic Goose,20.0
17965,2010-07-19,Kenya,Premium Sticker Mart,Holographic Goose,20.0
18000,2010-07-20,Canada,Discount Stickers,Holographic Goose,800.0
18005,2010-07-20,Canada,Stickers for Less,Holographic Goose,800.0
18010,2010-07-20,Canada,Premium Sticker Mart,Holographic Goose,800.0
18045,2010-07-20,Kenya,Discount Stickers,Holographic Goose,20.0
18050,2010-07-20,Kenya,Stickers for Less,Holographic Goose,20.0
18055,2010-07-20,Kenya,Premium Sticker Mart,Holographic Goose,20.0
18090,2010-07-21,Canada,Discount Stickers,Holographic Goose,800.0
18095,2010-07-21,Canada,Stickers for Less,Holographic Goose,800.0
18100,2010-07-21,Canada,Premium Sticker Mart,Holographic Goose,800.0
18135,2010-07-21,Kenya,Discount Stickers,Holographic Goose,20.0
18140,2010-07-21,Kenya,Stickers for Less,Holographic Goose,20.0
18145,2010-07-21,Kenya,Premium Sticker Mart,Holographic Goose,20.0
18180,2010-07-22,Canada,Discount Stickers,Holographic Goose,800.0
18185,2010-07-22,Canada,Stickers for Less,Holographic Goose,800.0
18190,2010-07-22,Canada,Premium Sticker Mart,Holographic Goose,800.0
18225,2010-07-22,Kenya,Discount Stickers,Holographic Goose,20.0
18230,2010-07-22,Kenya,Stickers for Less,Holographic Goose,20.0
18235,2010-07-22,Kenya,Premium Sticker Mart,Holographic Goose,20.0
18270,2010-07-23,Canada,Discount Stickers,Holographic Goose,800.0
18275,2010-07-23,Canada,Stickers for Less,Holographic Goose,800.0
18280,2010-07-23,Canada,Premium Sticker Mart,Holographic Goose,800.0
18315,2010-07-23,Kenya,Discount Stickers,Holographic Goose,20.0
18320,2010-07-23,Kenya,Stickers for Less,Holographic Goose,20.0
18325,2010-07-23,Kenya,Premium Sticker Mart,Holographic Goose,20.0
18360,2010-07-24,Canada,Discount Stickers,Holographic Goose,800.0
18365,2010-07-24,Canada,Stickers for Less,Holographic Goose,800.0
18370,2010-07-24,Canada,Premium Sticker Mart,Holographic Goose,800.0
18405,2010-07-24,Kenya,Discount Stickers,Holographic Goose,20.0
18410,2010-07-24,Kenya,Stickers for Less,Holographic Goose,20.0
18415,2010-07-24,Kenya,Premium Sticker Mart,Holographic Goose,20.0
18450,2010-07-25,Canada,Discount Stickers,Holographic Goose,800.0
18455,2010-07-25,Canada,Stickers for Less,Holographic Goose,800.0
18495,2010-07-25,Kenya,Discount Stickers,Holographic Goose,20.0
18500,2010-07-25,Kenya,Stickers for Less,Holographic Goose,20.0
18505,2010-07-25,Kenya,Premium Sticker Mart,Holographic Goose,20.0
18540,2010-07-26,Canada,Discount Stickers,Holographic Goose,800.0
18545,2010-07-26,Canada,Stickers for Less,Holographic Goose,800.0
18550,2010-07-26,Canada,Premium Sticker Mart,Holographic Goose,800.0
18585,2010-07-26,Kenya,Discount Stickers,Holographic Goose,20.0
18590,2010-07-26,Kenya,Stickers for Less,Holographic Goose,20.0
18595,2010-07-26,Kenya,Premium Sticker Mart,Holographic Goose,20.0
18630,2010-07-27,Canada,Discount Stickers,Holographic Goose,800.0
18635,2010-07-27,Canada,Stickers for Less,Holographic Goose,800.0
18640,2010-07-27,Canada,Premium Sticker Mart,Holographic Goose,800.0
18675,2010-07-27,Kenya,Discount Stickers,Holographic Goose,20.0
18680,2010-07-27,Kenya,Stickers for Less,Holographic Goose,20.0
18685,2010-07-27,Kenya,Premium Sticker Mart,Holographic Goose,20.0
18720,2010-07-28,Canada,Discount Stickers,Holographic Goose,800.0
18725,2010-07-28,Canada,Stickers for Less,Holographic Goose,800.0
18730,2010-07-28,Canada,Premium Sticker Mart,Holographic Goose,800.0
18765,2010-07-28,Kenya,Discount Stickers,Holographic Goose,20.0
18770,2010-07-28,Kenya,Stickers for Less,Holographic Goose,20.0
18775,2010-07-28,Kenya,Premium Sticker Mart,Holographic Goose,20.0
18810,2010-07-29,Canada,Discount Stickers,Holographic Goose,800.0
18815,2010-07-29,Canada,Stickers for Less,Holographic Goose,800.0
18820,2010-07-29,Canada,Premium Sticker Mart,Holographic Goose,800.0
18855,2010-07-29,Kenya,Discount Stickers,Holographic Goose,20.0
18860,2010-07-29,Kenya,Stickers for Less,Holographic Goose,20.0
18865,2010-07-29,Kenya,Premium Sticker Mart,Holographic Goose,20.0
18900,2010-07-30,Canada,Discount Stickers,Holographic Goose,800.0
18905,2010-07-30,Canada,Stickers for Less,Holographic Goose,800.0
18910,2010-07-30,Canada,Premium Sticker Mart,Holographic Goose,800.0
18945,2010-07-30,Kenya,Discount Stickers,Holographic Goose,20.0
18950,2010-07-30,Kenya,Stickers for Less,Holographic Goose,20.0
18955,2010-07-30,Kenya,Premium Sticker Mart,Holographic Goose,20.0
18990,2010-07-31,Canada,Discount Stickers,Holographic Goose,800.0
18995,2010-07-31,Canada,Stickers for Less,Holographic Goose,800.0
19035,2010-07-31,Kenya,Discount Stickers,Holographic Goose,20.0
19040,2010-07-31,Kenya,Stickers for Less,Holographic Goose,20.0
19045,2010-07-31,Kenya,Premium Sticker Mart,Holographic Goose,20.0
19080,2010-08-01,Canada,Discount Stickers,Holographic Goose,800.0
19125,2010-08-01,Kenya,Discount Stickers,Holographic Goose,20.0
19130,2010-08-01,Kenya,Stickers for Less,Holographic Goose,20.0
19135,2010-08-01,Kenya,Premium Sticker Mart,Holographic Goose,20.0
19170,2010-08-02,Canada,Discount Stickers,Holographic Goose,800.0
19175,2010-08-02,Canada,Stickers for Less,Holographic Goose,800.0
19180,2010-08-02,Canada,Premium Sticker Mart,Holographic Goose,800.0
19215,2010-08-02,Kenya,Discount Stickers,Holographic Goose,20.0
19220,2010-08-02,Kenya,Stickers for Less,Holographic Goose,20.0
19225,2010-08-02,Kenya,Premium Sticker Mart,Holographic Goose,20.0
19260,2010-08-03,Canada,Discount Stickers,Holographic Goose,800.0
19265,2010-08-03,Canada,Stickers for Less,Holographic Goose,800.0
19270,2010-08-03,Canada,Premium Sticker Mart,Holographic Goose,800.0
19305,2010-08-03,Kenya,Discount Stickers,Holographic Goose,20.0
19310,2010-08-03,Kenya,Stickers for Less,Holographic Goose,20.0
19315,2010-08-03,Kenya,Premium Sticker Mart,Holographic Goose,20.0
19350,2010-08-04,Canada,Discount Stickers,Holographic Goose,800.0
19355,2010-08-04,Canada,Stickers for Less,Holographic Goose,800.0
19360,2010-08-04,Canada,Premium Sticker Mart,Holographic Goose,800.0
19395,2010-08-04,Kenya,Discount Stickers,Holographic Goose,20.0
19400,2010-08-04,Kenya,Stickers for Less,Holographic Goose,20.0
19405,2010-08-04,Kenya,Premium Sticker Mart,Holographic Goose,20.0
19440,2010-08-05,Canada,Discount Stickers,Holographic Goose,800.0
19445,2010-08-05,Canada,Stickers for Less,Holographic Goose,800.0
19450,2010-08-05,Canada,Premium Sticker Mart,Holographic Goose,800.0
19485,2010-08-05,Kenya,Discount Stickers,Holographic Goose,20.0
19490,2010-08-05,Kenya,Stickers for Less,Holographic Goose,20.0
19495,2010-08-05,Kenya,Premium Sticker Mart,Holographic Goose,20.0
19530,2010-08-06,Canada,Discount Stickers,Holographic Goose,800.0
19535,2010-08-06,Canada,Stickers for Less,Holographic Goose,800.0
19575,2010-08-06,Kenya,Discount Stickers,Holographic Goose,20.0
19580,2010-08-06,Kenya,Stickers for Less,Holographic Goose,20.0
19585,2010-08-06,Kenya,Premium Sticker Mart,Holographic Goose,20.0
19620,2010-08-07,Canada,Discount Stickers,Holographic Goose,800.0
19625,2010-08-07,Canada,Stickers for Less,Holographic Goose,800.0
19665,2010-08-07,Kenya,Discount Stickers,Holographic Goose,20.0
19670,2010-08-07,Kenya,Stickers for Less,Holographic Goose,20.0
19675,2010-08-07,Kenya,Premium Sticker Mart,Holographic Goose,20.0
19710,2010-08-08,Canada,Discount Stickers,Holographic Goose,800.0
19755,2010-08-08,Kenya,Discount Stickers,Holographic Goose,20.0
19760,2010-08-08,Kenya,Stickers for Less,Holographic Goose,20.0
19765,2010-08-08,Kenya,Premium Sticker Mart,Holographic Goose,20.0
19800,2010-08-09,Canada,Discount Stickers,Holographic Goose,800.0
19805,2010-08-09,Canada,Stickers for Less,Holographic Goose,800.0
19845,2010-08-09,Kenya,Discount Stickers,Holographic Goose,20.0
19850,2010-08-09,Kenya,Stickers for Less,Holographic Goose,20.0
19855,2010-08-09,Kenya,Premium Sticker Mart,Holographic Goose,20.0
19890,2010-08-10,Canada,Discount Stickers,Holographic Goose,800.0
19895,2010-08-10,Canada,Stickers for Less,Holographic Goose,800.0
19900,2010-08-10,Canada,Premium Sticker Mart,Holographic Goose,800.0
19935,2010-08-10,Kenya,Discount Stickers,Holographic Goose,20.0
19940,2010-08-10,Kenya,Stickers for Less,Holographic Goose,20.0
19945,2010-08-10,Kenya,Premium Sticker Mart,Holographic Goose,20.0
19980,2010-08-11,Canada,Discount Stickers,Holographic Goose,800.0
19985,2010-08-11,Canada,Stickers for Less,Holographic Goose,800.0
19990,2010-08-11,Canada,Premium Sticker Mart,Holographic Goose,800.0
20025,2010-08-11,Kenya,Discount Stickers,Holographic Goose,20.0
20030,2010-08-11,Kenya,Stickers for Less,Holographic Goose,20.0
20035,2010-08-11,Kenya,Premium Sticker Mart,Holographic Goose,20.0
20070,2010-08-12,Canada,Discount Stickers,Holographic Goose,800.0
20075,2010-08-12,Canada,Stickers for Less,Holographic Goose,800.0
20115,2010-08-12,Kenya,Discount Stickers,Holographic Goose,20.0
20120,2010-08-12,Kenya,Stickers for Less,Holographic Goose,20.0
20125,2010-08-12,Kenya,Premium Sticker Mart,Holographic Goose,20.0
20160,2010-08-13,Canada,Discount Stickers,Holographic Goose,800.0
20165,2010-08-13,Canada,Stickers for Less,Holographic Goose,800.0
20170,2010-08-13,Canada,Premium Sticker Mart,Holographic Goose,800.0
20205,2010-08-13,Kenya,Discount Stickers,Holographic Goose,20.0
20210,2010-08-13,Kenya,Stickers for Less,Holographic Goose,20.0
20215,2010-08-13,Kenya,Premium Sticker Mart,Holographic Goose,20.0
20250,2010-08-14,Canada,Discount Stickers,Holographic Goose,800.0
20255,2010-08-14,Canada,Stickers for Less,Holographic Goose,800.0
20295,2010-08-14,Kenya,Discount Stickers,Holographic Goose,20.0
20300,2010-08-14,Kenya,Stickers for Less,Holographic Goose,20.0
20305,2010-08-14,Kenya,Premium Sticker Mart,Holographic Goose,20.0
20340,2010-08-15,Canada,Discount Stickers,Holographic Goose,800.0
20345,2010-08-15,Canada,Stickers for Less,Holographic Goose,800.0
20385,2010-08-15,Kenya,Discount Stickers,Holographic Goose,20.0
20390,2010-08-15,Kenya,Stickers for Less,Holographic Goose,20.0
20395,2010-08-15,Kenya,Premium Sticker Mart,Holographic Goose,20.0
20430,2010-08-16,Canada,Discount Stickers,Holographic Goose,800.0
20435,2010-08-16,Canada,Stickers for Less,Holographic Goose,800.0
20475,2010-08-16,Kenya,Discount Stickers,Holographic Goose,20.0
20480,2010-08-16,Kenya,Stickers for Less,Holographic Goose,20.0
20485,2010-08-16,Kenya,Premium Sticker Mart,Holographic Goose,20.0
20520,2010-08-17,Canada,Discount Stickers,Holographic Goose,800.0
20525,2010-08-17,Canada,Stickers for Less,Holographic Goose,800.0
20565,2010-08-17,Kenya,Discount Stickers,Holographic Goose,20.0
20570,2010-08-17,Kenya,Stickers for Less,Holographic Goose,20.0
20575,2010-08-17,Kenya,Premium Sticker Mart,Holographic Goose,20.0
20610,2010-08-18,Canada,Discount Stickers,Holographic Goose,800.0
20615,2010-08-18,Canada,Stickers for Less,Holographic Goose,800.0
20620,2010-08-18,Canada,Premium Sticker Mart,Holographic Goose,800.0
20655,2010-08-18,Kenya,Discount Stickers,Holographic Goose,20.0
20660,2010-08-18,Kenya,Stickers for Less,Holographic Goose,20.0
20665,2010-08-18,Kenya,Premium Sticker Mart,Holographic Goose,20.0
20700,2010-08-19,Canada,Discount Stickers,Holographic Goose,800.0
20705,2010-08-19,Canada,Stickers for Less,Holographic Goose,800.0
20710,2010-08-19,Canada,Premium Sticker Mart,Holographic Goose,800.0
20745,2010-08-19,Kenya,Discount Stickers,Holographic Goose,20.0
20750,2010-08-19,Kenya,Stickers for Less,Holographic Goose,20.0
20755,2010-08-19,Kenya,Premium Sticker Mart,Holographic Goose,20.0
20790,2010-08-20,Canada,Discount Stickers,Holographic Goose,800.0
20795,2010-08-20,Canada,Stickers for Less,Holographic Goose,800.0
20800,2010-08-20,Canada,Premium Sticker Mart,Holographic Goose,800.0
20835,2010-08-20,Kenya,Discount Stickers,Holographic Goose,20.0
20840,2010-08-20,Kenya,Stickers for Less,Holographic Goose,20.0
20845,2010-08-20,Kenya,Premium Sticker Mart,Holographic Goose,20.0
20880,2010-08-21,Canada,Discount Stickers,Holographic Goose,800.0
20885,2010-08-21,Canada,Stickers for Less,Holographic Goose,800.0
20925,2010-08-21,Kenya,Discount Stickers,Holographic Goose,20.0
20930,2010-08-21,Kenya,Stickers for Less,Holographic Goose,20.0
20935,2010-08-21,Kenya,Premium Sticker Mart,Holographic Goose,20.0
20970,2010-08-22,Canada,Discount Stickers,Holographic Goose,800.0
21015,2010-08-22,Kenya,Discount Stickers,Holographic Goose,20.0
21020,2010-08-22,Kenya,Stickers for Less,Holographic Goose,20.0
21060,2010-08-23,Canada,Discount Stickers,Holographic Goose,800.0
21065,2010-08-23,Canada,Stickers for Less,Holographic Goose,800.0
21105,2010-08-23,Kenya,Discount Stickers,Holographic Goose,20.0
21110,2010-08-23,Kenya,Stickers for Less,Holographic Goose,20.0
21115,2010-08-23,Kenya,Premium Sticker Mart,Holographic Goose,20.0
21150,2010-08-24,Canada,Discount Stickers,Holographic Goose,800.0
21155,2010-08-24,Canada,Stickers for Less,Holographic Goose,800.0
21160,2010-08-24,Canada,Premium Sticker Mart,Holographic Goose,800.0
21195,2010-08-24,Kenya,Discount Stickers,Holographic Goose,20.0
21200,2010-08-24,Kenya,Stickers for Less,Holographic Goose,20.0
21205,2010-08-24,Kenya,Premium Sticker Mart,Holographic Goose,20.0
21240,2010-08-25,Canada,Discount Stickers,Holographic Goose,800.0
21245,2010-08-25,Canada,Stickers for Less,Holographic Goose,800.0
21285,2010-08-25,Kenya,Discount Stickers,Holographic Goose,20.0
21290,2010-08-25,Kenya,Stickers for Less,Holographic Goose,20.0
21295,2010-08-25,Kenya,Premium Sticker Mart,Holographic Goose,20.0
21330,2010-08-26,Canada,Discount Stickers,Holographic Goose,800.0
21335,2010-08-26,Canada,Stickers for Less,Holographic Goose,800.0
21375,2010-08-26,Kenya,Discount Stickers,Holographic Goose,20.0
21380,2010-08-26,Kenya,Stickers for Less,Holographic Goose,20.0
21385,2010-08-26,Kenya,Premium Sticker Mart,Holographic Goose,20.0
21420,2010-08-27,Canada,Discount Stickers,Holographic Goose,800.0
21425,2010-08-27,Canada,Stickers for Less,Holographic Goose,800.0
21465,2010-08-27,Kenya,Discount Stickers,Holographic Goose,20.0
21470,2010-08-27,Kenya,Stickers for Less,Holographic Goose,20.0
21475,2010-08-27,Kenya,Premium Sticker Mart,Holographic Goose,20.0
21510,2010-08-28,Canada,Discount Stickers,Holographic Goose,800.0
21515,2010-08-28,Canada,Stickers for Less,Holographic Goose,800.0
21555,2010-08-28,Kenya,Discount Stickers,Holographic Goose,20.0
21560,2010-08-28,Kenya,Stickers for Less,Holographic Goose,20.0
21565,2010-08-28,Kenya,Premium Sticker Mart,Holographic Goose,20.0
21600,2010-08-29,Canada,Discount Stickers,Holographic Goose,800.0
21645,2010-08-29,Kenya,Discount Stickers,Holographic Goose,20.0
21650,2010-08-29,Kenya,Stickers for Less,Holographic Goose,20.0
21655,2010-08-29,Kenya,Premium Sticker Mart,Holographic Goose,20.0
21690,2010-08-30,Canada,Discount Stickers,Holographic Goose,800.0
21695,2010-08-30,Canada,Stickers for Less,Holographic Goose,800.0
21735,2010-08-30,Kenya,Discount Stickers,Holographic Goose,20.0
21740,2010-08-30,Kenya,Stickers for Less,Holographic Goose,20.0
21745,2010-08-30,Kenya,Premium Sticker Mart,Holographic Goose,20.0
21780,2010-08-31,Canada,Discount Stickers,Holographic Goose,800.0
21785,2010-08-31,Canada,Stickers for Less,Holographic Goose,800.0
21825,2010-08-31,Kenya,Discount Stickers,Holographic Goose,20.0
21830,2010-08-31,Kenya,Stickers for Less,Holographic Goose,20.0
21835,2010-08-31,Kenya,Premium Sticker Mart,Holographic Goose,20.0
21870,2010-09-01,Canada,Discount Stickers,Holographic Goose,800.0
21875,2010-09-01,Canada,Stickers for Less,Holographic Goose,800.0
21915,2010-09-01,Kenya,Discount Stickers,Holographic Goose,20.0
21920,2010-09-01,Kenya,Stickers for Less,Holographic Goose,20.0
21925,2010-09-01,Kenya,Premium Sticker Mart,Holographic Goose,20.0
21960,2010-09-02,Canada,Discount Stickers,Holographic Goose,800.0
21965,2010-09-02,Canada,Stickers for Less,Holographic Goose,800.0
22005,2010-09-02,Kenya,Discount Stickers,Holographic Goose,20.0
22010,2010-09-02,Kenya,Stickers for Less,Holographic Goose,20.0
22015,2010-09-02,Kenya,Premium Sticker Mart,Holographic Goose,20.0
22050,2010-09-03,Canada,Discount Stickers,Holographic Goose,800.0
22055,2010-09-03,Canada,Stickers for Less,Holographic Goose,800.0
22060,2010-09-03,Canada,Premium Sticker Mart,Holographic Goose,800.0
22095,2010-09-03,Kenya,Discount Stickers,Holographic Goose,20.0
22100,2010-09-03,Kenya,Stickers for Less,Holographic Goose,20.0
22105,2010-09-03,Kenya,Premium Sticker Mart,Holographic Goose,20.0
22140,2010-09-04,Canada,Discount Stickers,Holographic Goose,800.0
22185,2010-09-04,Kenya,Discount Stickers,Holographic Goose,20.0
22190,2010-09-04,Kenya,Stickers for Less,Holographic Goose,20.0
22195,2010-09-04,Kenya,Premium Sticker Mart,Holographic Goose,20.0
22230,2010-09-05,Canada,Discount Stickers,Holographic Goose,800.0
22275,2010-09-05,Kenya,Discount Stickers,Holographic Goose,20.0
22280,2010-09-05,Kenya,Stickers for Less,Holographic Goose,20.0
22285,2010-09-05,Kenya,Premium Sticker Mart,Holographic Goose,20.0
22320,2010-09-06,Canada,Discount Stickers,Holographic Goose,800.0
22325,2010-09-06,Canada,Stickers for Less,Holographic Goose,800.0
22365,2010-09-06,Kenya,Discount Stickers,Holographic Goose,20.0
22370,2010-09-06,Kenya,Stickers for Less,Holographic Goose,20.0
22375,2010-09-06,Kenya,Premium Sticker Mart,Holographic Goose,20.0
22410,2010-09-07,Canada,Discount Stickers,Holographic Goose,800.0
22415,2010-09-07,Canada,Stickers for Less,Holographic Goose,800.0
22455,2010-09-07,Kenya,Discount Stickers,Holographic Goose,20.0
22460,2010-09-07,Kenya,Stickers for Less,Holographic Goose,20.0
22465,2010-09-07,Kenya,Premium Sticker Mart,Holographic Goose,20.0
22500,2010-09-08,Canada,Discount Stickers,Holographic Goose,800.0
22505,2010-09-08,Canada,Stickers for Less,Holographic Goose,800.0
22510,2010-09-08,Canada,Premium Sticker Mart,Holographic Goose,800.0
22545,2010-09-08,Kenya,Discount Stickers,Holographic Goose,20.0
22550,2010-09-08,Kenya,Stickers for Less,Holographic Goose,20.0
22555,2010-09-08,Kenya,Premium Sticker Mart,Holographic Goose,20.0
22590,2010-09-09,Canada,Discount Stickers,Holographic Goose,800.0
22595,2010-09-09,Canada,Stickers for Less,Holographic Goose,800.0
22635,2010-09-09,Kenya,Discount Stickers,Holographic Goose,20.0
22640,2010-09-09,Kenya,Stickers for Less,Holographic Goose,20.0
22645,2010-09-09,Kenya,Premium Sticker Mart,Holographic Goose,20.0
22680,2010-09-10,Canada,Discount Stickers,Holographic Goose,800.0
22725,2010-09-10,Kenya,Discount Stickers,Holographic Goose,20.0
22730,2010-09-10,Kenya,Stickers for Less,Holographic Goose,20.0
22735,2010-09-10,Kenya,Premium Sticker Mart,Holographic Goose,20.0
22770,2010-09-11,Canada,Discount Stickers,Holographic Goose,800.0
22815,2010-09-11,Kenya,Discount Stickers,Holographic Goose,20.0
22820,2010-09-11,Kenya,Stickers for Less,Holographic Goose,20.0
22825,2010-09-11,Kenya,Premium Sticker Mart,Holographic Goose,20.0
22860,2010-09-12,Canada,Discount Stickers,Holographic Goose,800.0
22905,2010-09-12,Kenya,Discount Stickers,Holographic Goose,20.0
22910,2010-09-12,Kenya,Stickers for Less,Holographic Goose,20.0
22950,2010-09-13,Canada,Discount Stickers,Holographic Goose,800.0
22955,2010-09-13,Canada,Stickers for Less,Holographic Goose,800.0
22995,2010-09-13,Kenya,Discount Stickers,Holographic Goose,20.0
23000,2010-09-13,Kenya,Stickers for Less,Holographic Goose,20.0
23005,2010-09-13,Kenya,Premium Sticker Mart,Holographic Goose,20.0
23040,2010-09-14,Canada,Discount Stickers,Holographic Goose,800.0
23045,2010-09-14,Canada,Stickers for Less,Holographic Goose,800.0
23085,2010-09-14,Kenya,Discount Stickers,Holographic Goose,20.0
23090,2010-09-14,Kenya,Stickers for Less,Holographic Goose,20.0
23095,2010-09-14,Kenya,Premium Sticker Mart,Holographic Goose,20.0
23130,2010-09-15,Canada,Discount Stickers,Holographic Goose,800.0
23135,2010-09-15,Canada,Stickers for Less,Holographic Goose,800.0
23175,2010-09-15,Kenya,Discount Stickers,Holographic Goose,20.0
23180,2010-09-15,Kenya,Stickers for Less,Holographic Goose,20.0
23185,2010-09-15,Kenya,Premium Sticker Mart,Holographic Goose,20.0
23220,2010-09-16,Canada,Discount Stickers,Holographic Goose,800.0
23225,2010-09-16,Canada,Stickers for Less,Holographic Goose,800.0
23230,2010-09-16,Canada,Premium Sticker Mart,Holographic Goose,800.0
23265,2010-09-16,Kenya,Discount Stickers,Holographic Goose,20.0
23270,2010-09-16,Kenya,Stickers for Less,Holographic Goose,20.0
23275,2010-09-16,Kenya,Premium Sticker Mart,Holographic Goose,20.0
23310,2010-09-17,Canada,Discount Stickers,Holographic Goose,800.0
23315,2010-09-17,Canada,Stickers for Less,Holographic Goose,800.0
23355,2010-09-17,Kenya,Discount Stickers,Holographic Goose,20.0
23360,2010-09-17,Kenya,Stickers for Less,Holographic Goose,20.0
23365,2010-09-17,Kenya,Premium Sticker Mart,Holographic Goose,20.0
23400,2010-09-18,Canada,Discount Stickers,Holographic Goose,800.0
23445,2010-09-18,Kenya,Discount Stickers,Holographic Goose,20.0
23450,2010-09-18,Kenya,Stickers for Less,Holographic Goose,20.0
23490,2010-09-19,Canada,Discount Stickers,Holographic Goose,800.0
23535,2010-09-19,Kenya,Discount Stickers,Holographic Goose,20.0
23540,2010-09-19,Kenya,Stickers for Less,Holographic Goose,20.0
23580,2010-09-20,Canada,Discount Stickers,Holographic Goose,800.0
23585,2010-09-20,Canada,Stickers for Less,Holographic Goose,800.0
23625,2010-09-20,Kenya,Discount Stickers,Holographic Goose,20.0
23630,2010-09-20,Kenya,Stickers for Less,Holographic Goose,20.0
23635,2010-09-20,Kenya,Premium Sticker Mart,Holographic Goose,20.0
23670,2010-09-21,Canada,Discount Stickers,Holographic Goose,800.0
23675,2010-09-21,Canada,Stickers for Less,Holographic Goose,800.0
23715,2010-09-21,Kenya,Discount Stickers,Holographic Goose,20.0
23719,2010-09-21,Kenya,Discount Stickers,Kerneler Dark Mode,20.0
23720,2010-09-21,Kenya,Stickers for Less,Holographic Goose,20.0
23725,2010-09-21,Kenya,Premium Sticker Mart,Holographic Goose,20.0
23760,2010-09-22,Canada,Discount Stickers,Holographic Goose,800.0
23765,2010-09-22,Canada,Stickers for Less,Holographic Goose,800.0
23805,2010-09-22,Kenya,Discount Stickers,Holographic Goose,20.0
23810,2010-09-22,Kenya,Stickers for Less,Holographic Goose,20.0
23815,2010-09-22,Kenya,Premium Sticker Mart,Holographic Goose,20.0
23850,2010-09-23,Canada,Discount Stickers,Holographic Goose,800.0
23855,2010-09-23,Canada,Stickers for Less,Holographic Goose,800.0
23860,2010-09-23,Canada,Premium Sticker Mart,Holographic Goose,800.0
23895,2010-09-23,Kenya,Discount Stickers,Holographic Goose,20.0
23900,2010-09-23,Kenya,Stickers for Less,Holographic Goose,20.0
23905,2010-09-23,Kenya,Premium Sticker Mart,Holographic Goose,20.0
23940,2010-09-24,Canada,Discount Stickers,Holographic Goose,800.0
23945,2010-09-24,Canada,Stickers for Less,Holographic Goose,800.0
23985,2010-09-24,Kenya,Discount Stickers,Holographic Goose,20.0
23990,2010-09-24,Kenya,Stickers for Less,Holographic Goose,20.0
23995,2010-09-24,Kenya,Premium Sticker Mart,Holographic Goose,20.0
24030,2010-09-25,Canada,Discount Stickers,Holographic Goose,800.0
24035,2010-09-25,Canada,Stickers for Less,Holographic Goose,800.0
24075,2010-09-25,Kenya,Discount Stickers,Holographic Goose,20.0
24080,2010-09-25,Kenya,Stickers for Less,Holographic Goose,20.0
24120,2010-09-26,Canada,Discount Stickers,Holographic Goose,800.0
24165,2010-09-26,Kenya,Discount Stickers,Holographic Goose,20.0
24170,2010-09-26,Kenya,Stickers for Less,Holographic Goose,20.0
24210,2010-09-27,Canada,Discount Stickers,Holographic Goose,800.0
24215,2010-09-27,Canada,Stickers for Less,Holographic Goose,800.0
24255,2010-09-27,Kenya,Discount Stickers,Holographic Goose,20.0
24260,2010-09-27,Kenya,Stickers for Less,Holographic Goose,20.0
24265,2010-09-27,Kenya,Premium Sticker Mart,Holographic Goose,20.0
24300,2010-09-28,Canada,Discount Stickers,Holographic Goose,800.0
24305,2010-09-28,Canada,Stickers for Less,Holographic Goose,800.0
24310,2010-09-28,Canada,Premium Sticker Mart,Holographic Goose,800.0
24345,2010-09-28,Kenya,Discount Stickers,Holographic Goose,20.0
24350,2010-09-28,Kenya,Stickers for Less,Holographic Goose,20.0
24355,2010-09-28,Kenya,Premium Sticker Mart,Holographic Goose,20.0
24390,2010-09-29,Canada,Discount Stickers,Holographic Goose,800.0
24395,2010-09-29,Canada,Stickers for Less,Holographic Goose,800.0
24435,2010-09-29,Kenya,Discount Stickers,Holographic Goose,20.0
24440,2010-09-29,Kenya,Stickers for Less,Holographic Goose,20.0
24445,2010-09-29,Kenya,Premium Sticker Mart,Holographic Goose,20.0
24480,2010-09-30,Canada,Discount Stickers,Holographic Goose,800.0
24485,2010-09-30,Canada,Stickers for Less,Holographic Goose,800.0
24525,2010-09-30,Kenya,Discount Stickers,Holographic Goose,20.0
24530,2010-09-30,Kenya,Stickers for Less,Holographic Goose,20.0
24535,2010-09-30,Kenya,Premium Sticker Mart,Holographic Goose,20.0
24570,2010-10-01,Canada,Discount Stickers,Holographic Goose,800.0
24575,2010-10-01,Canada,Stickers for Less,Holographic Goose,800.0
24615,2010-10-01,Kenya,Discount Stickers,Holographic Goose,20.0
24620,2010-10-01,Kenya,Stickers for Less,Holographic Goose,20.0
24625,2010-10-01,Kenya,Premium Sticker Mart,Holographic Goose,20.0
24660,2010-10-02,Canada,Discount Stickers,Holographic Goose,800.0
24705,2010-10-02,Kenya,Discount Stickers,Holographic Goose,20.0
24710,2010-10-02,Kenya,Stickers for Less,Holographic Goose,20.0
24715,2010-10-02,Kenya,Premium Sticker Mart,Holographic Goose,20.0
24750,2010-10-03,Canada,Discount Stickers,Holographic Goose,800.0
24795,2010-10-03,Kenya,Discount Stickers,Holographic Goose,20.0
24800,2010-10-03,Kenya,Stickers for Less,Holographic Goose,20.0
24840,2010-10-04,Canada,Discount Stickers,Holographic Goose,800.0
24845,2010-10-04,Canada,Stickers for Less,Holographic Goose,800.0
24885,2010-10-04,Kenya,Discount Stickers,Holographic Goose,20.0
24890,2010-10-04,Kenya,Stickers for Less,Holographic Goose,20.0
24895,2010-10-04,Kenya,Premium Sticker Mart,Holographic Goose,20.0
24930,2010-10-05,Canada,Discount Stickers,Holographic Goose,800.0
24940,2010-10-05,Canada,Premium Sticker Mart,Holographic Goose,800.0
24975,2010-10-05,Kenya,Discount Stickers,Holographic Goose,20.0
24980,2010-10-05,Kenya,Stickers for Less,Holographic Goose,20.0
24985,2010-10-05,Kenya,Premium Sticker Mart,Holographic Goose,20.0
25020,2010-10-06,Canada,Discount Stickers,Holographic Goose,800.0
25025,2010-10-06,Canada,Stickers for Less,Holographic Goose,800.0
25065,2010-10-06,Kenya,Discount Stickers,Holographic Goose,20.0
25070,2010-10-06,Kenya,Stickers for Less,Holographic Goose,20.0
25075,2010-10-06,Kenya,Premium Sticker Mart,Holographic Goose,20.0
25110,2010-10-07,Canada,Discount Stickers,Holographic Goose,800.0
25115,2010-10-07,Canada,Stickers for Less,Holographic Goose,800.0
25155,2010-10-07,Kenya,Discount Stickers,Holographic Goose,20.0
25160,2010-10-07,Kenya,Stickers for Less,Holographic Goose,20.0
25165,2010-10-07,Kenya,Premium Sticker Mart,Holographic Goose,20.0
25200,2010-10-08,Canada,Discount Stickers,Holographic Goose,800.0
25205,2010-10-08,Canada,Stickers for Less,Holographic Goose,800.0
25245,2010-10-08,Kenya,Discount Stickers,Holographic Goose,20.0
25250,2010-10-08,Kenya,Stickers for Less,Holographic Goose,20.0
25255,2010-10-08,Kenya,Premium Sticker Mart,Holographic Goose,20.0
25290,2010-10-09,Canada,Discount Stickers,Holographic Goose,800.0
25335,2010-10-09,Kenya,Discount Stickers,Holographic Goose,20.0
25340,2010-10-09,Kenya,Stickers for Less,Holographic Goose,20.0
25345,2010-10-09,Kenya,Premium Sticker Mart,Holographic Goose,20.0
25380,2010-10-10,Canada,Discount Stickers,Holographic Goose,800.0
25425,2010-10-10,Kenya,Discount Stickers,Holographic Goose,20.0
25430,2010-10-10,Kenya,Stickers for Less,Holographic Goose,20.0
25470,2010-10-11,Canada,Discount Stickers,Holographic Goose,800.0
25475,2010-10-11,Canada,Stickers for Less,Holographic Goose,800.0
25515,2010-10-11,Kenya,Discount Stickers,Holographic Goose,20.0
25520,2010-10-11,Kenya,Stickers for Less,Holographic Goose,20.0
25525,2010-10-11,Kenya,Premium Sticker Mart,Holographic Goose,20.0
25560,2010-10-12,Canada,Discount Stickers,Holographic Goose,800.0
25565,2010-10-12,Canada,Stickers for Less,Holographic Goose,800.0
25605,2010-10-12,Kenya,Discount Stickers,Holographic Goose,20.0
25610,2010-10-12,Kenya,Stickers for Less,Holographic Goose,20.0
25615,2010-10-12,Kenya,Premium Sticker Mart,Holographic Goose,20.0
25650,2010-10-13,Canada,Discount Stickers,Holographic Goose,800.0
25655,2010-10-13,Canada,Stickers for Less,Holographic Goose,800.0
25695,2010-10-13,Kenya,Discount Stickers,Holographic Goose,20.0
25700,2010-10-13,Kenya,Stickers for Less,Holographic Goose,20.0
25740,2010-10-14,Canada,Discount Stickers,Holographic Goose,800.0
25745,2010-10-14,Canada,Stickers for Less,Holographic Goose,800.0
25785,2010-10-14,Kenya,Discount Stickers,Holographic Goose,20.0
25790,2010-10-14,Kenya,Stickers for Less,Holographic Goose,20.0
25795,2010-10-14,Kenya,Premium Sticker Mart,Holographic Goose,20.0
25830,2010-10-15,Canada,Discount Stickers,Holographic Goose,800.0
25835,2010-10-15,Canada,Stickers for Less,Holographic Goose,800.0
25875,2010-10-15,Kenya,Discount Stickers,Holographic Goose,20.0
25880,2010-10-15,Kenya,Stickers for Less,Holographic Goose,20.0
25920,2010-10-16,Canada,Discount Stickers,Holographic Goose,800.0
25965,2010-10-16,Kenya,Discount Stickers,Holographic Goose,20.0
25970,2010-10-16,Kenya,Stickers for Less,Holographic Goose,20.0
26010,2010-10-17,Canada,Discount Stickers,Holographic Goose,800.0
26055,2010-10-17,Kenya,Discount Stickers,Holographic Goose,20.0
26060,2010-10-17,Kenya,Stickers for Less,Holographic Goose,20.0
26100,2010-10-18,Canada,Discount Stickers,Holographic Goose,800.0
26105,2010-10-18,Canada,Stickers for Less,Holographic Goose,800.0
26145,2010-10-18,Kenya,Discount Stickers,Holographic Goose,20.0
26150,2010-10-18,Kenya,Stickers for Less,Holographic Goose,20.0
26155,2010-10-18,Kenya,Premium Sticker Mart,Holographic Goose,20.0
26190,2010-10-19,Canada,Discount Stickers,Holographic Goose,800.0
26195,2010-10-19,Canada,Stickers for Less,Holographic Goose,800.0
26235,2010-10-19,Kenya,Discount Stickers,Holographic Goose,20.0
26240,2010-10-19,Kenya,Stickers for Less,Holographic Goose,20.0
26245,2010-10-19,Kenya,Premium Sticker Mart,Holographic Goose,20.0
26280,2010-10-20,Canada,Discount Stickers,Holographic Goose,800.0
26285,2010-10-20,Canada,Stickers for Less,Holographic Goose,800.0
26325,2010-10-20,Kenya,Discount Stickers,Holographic Goose,20.0
26330,2010-10-20,Kenya,Stickers for Less,Holographic Goose,20.0
26335,2010-10-20,Kenya,Premium Sticker Mart,Holographic Goose,20.0
26370,2010-10-21,Canada,Discount Stickers,Holographic Goose,800.0
26415,2010-10-21,Kenya,Discount Stickers,Holographic Goose,20.0
26420,2010-10-21,Kenya,Stickers for Less,Holographic Goose,20.0
26425,2010-10-21,Kenya,Premium Sticker Mart,Holographic Goose,20.0
26460,2010-10-22,Canada,Discount Stickers,Holographic Goose,800.0
26505,2010-10-22,Kenya,Discount Stickers,Holographic Goose,20.0
26510,2010-10-22,Kenya,Stickers for Less,Holographic Goose,20.0
26515,2010-10-22,Kenya,Premium Sticker Mart,Holographic Goose,20.0
26550,2010-10-23,Canada,Discount Stickers,Holographic Goose,800.0
26595,2010-10-23,Kenya,Discount Stickers,Holographic Goose,20.0
26600,2010-10-23,Kenya,Stickers for Less,Holographic Goose,20.0
26640,2010-10-24,Canada,Discount Stickers,Holographic Goose,800.0
26685,2010-10-24,Kenya,Discount Stickers,Holographic Goose,20.0
26730,2010-10-25,Canada,Discount Stickers,Holographic Goose,800.0
26735,2010-10-25,Canada,Stickers for Less,Holographic Goose,800.0
26775,2010-10-25,Kenya,Discount Stickers,Holographic Goose,20.0
26780,2010-10-25,Kenya,Stickers for Less,Holographic Goose,20.0
26785,2010-10-25,Kenya,Premium Sticker Mart,Holographic Goose,20.0
26820,2010-10-26,Canada,Discount Stickers,Holographic Goose,800.0
26825,2010-10-26,Canada,Stickers for Less,Holographic Goose,800.0
26865,2010-10-26,Kenya,Discount Stickers,Holographic Goose,20.0
26870,2010-10-26,Kenya,Stickers for Less,Holographic Goose,20.0
26875,2010-10-26,Kenya,Premium Sticker Mart,Holographic Goose,20.0
26910,2010-10-27,Canada,Discount Stickers,Holographic Goose,800.0
26915,2010-10-27,Canada,Stickers for Less,Holographic Goose,800.0
26955,2010-10-27,Kenya,Discount Stickers,Holographic Goose,20.0
26960,2010-10-27,Kenya,Stickers for Less,Holographic Goose,20.0
26965,2010-10-27,Kenya,Premium Sticker Mart,Holographic Goose,20.0
27000,2010-10-28,Canada,Discount Stickers,Holographic Goose,800.0
27005,2010-10-28,Canada,Stickers for Less,Holographic Goose,800.0
27045,2010-10-28,Kenya,Discount Stickers,Holographic Goose,20.0
27050,2010-10-28,Kenya,Stickers for Less,Holographic Goose,20.0
27055,2010-10-28,Kenya,Premium Sticker Mart,Holographic Goose,20.0
27090,2010-10-29,Canada,Discount Stickers,Holographic Goose,800.0
27095,2010-10-29,Canada,Stickers for Less,Holographic Goose,800.0
27135,2010-10-29,Kenya,Discount Stickers,Holographic Goose,20.0
27140,2010-10-29,Kenya,Stickers for Less,Holographic Goose,20.0
27145,2010-10-29,Kenya,Premium Sticker Mart,Holographic Goose,20.0
27180,2010-10-30,Canada,Discount Stickers,Holographic Goose,800.0
27225,2010-10-30,Kenya,Discount Stickers,Holographic Goose,20.0
27230,2010-10-30,Kenya,Stickers for Less,Holographic Goose,20.0
27270,2010-10-31,Canada,Discount Stickers,Holographic Goose,800.0
27315,2010-10-31,Kenya,Discount Stickers,Holographic Goose,20.0
27320,2010-10-31,Kenya,Stickers for Less,Holographic Goose,20.0
27360,2010-11-01,Canada,Discount Stickers,Holographic Goose,800.0
27365,2010-11-01,Canada,Stickers for Less,Holographic Goose,800.0
27405,2010-11-01,Kenya,Discount Stickers,Holographic Goose,20.0
27410,2010-11-01,Kenya,Stickers for Less,Holographic Goose,20.0
27415,2010-11-01,Kenya,Premium Sticker Mart,Holographic Goose,20.0
27450,2010-11-02,Canada,Discount Stickers,Holographic Goose,800.0
27495,2010-11-02,Kenya,Discount Stickers,Holographic Goose,20.0
27500,2010-11-02,Kenya,Stickers for Less,Holographic Goose,20.0
27505,2010-11-02,Kenya,Premium Sticker Mart,Holographic Goose,20.0
27540,2010-11-03,Canada,Discount Stickers,Holographic Goose,800.0
27585,2010-11-03,Kenya,Discount Stickers,Holographic Goose,20.0
27590,2010-11-03,Kenya,Stickers for Less,Holographic Goose,20.0
27595,2010-11-03,Kenya,Premium Sticker Mart,Holographic Goose,20.0
27630,2010-11-04,Canada,Discount Stickers,Holographic Goose,800.0
27675,2010-11-04,Kenya,Discount Stickers,Holographic Goose,20.0
27680,2010-11-04,Kenya,Stickers for Less,Holographic Goose,20.0
27685,2010-11-04,Kenya,Premium Sticker Mart,Holographic Goose,20.0
27720,2010-11-05,Canada,Discount Stickers,Holographic Goose,800.0
27765,2010-11-05,Kenya,Discount Stickers,Holographic Goose,20.0
27770,2010-11-05,Kenya,Stickers for Less,Holographic Goose,20.0
27775,2010-11-05,Kenya,Premium Sticker Mart,Holographic Goose,20.0
27810,2010-11-06,Canada,Discount Stickers,Holographic Goose,800.0
27855,2010-11-06,Kenya,Discount Stickers,Holographic Goose,20.0
27860,2010-11-06,Kenya,Stickers for Less,Holographic Goose,20.0
27900,2010-11-07,Canada,Discount Stickers,Holographic Goose,800.0
27945,2010-11-07,Kenya,Discount Stickers,Holographic Goose,20.0
27950,2010-11-07,Kenya,Stickers for Less,Holographic Goose,20.0
27990,2010-11-08,Canada,Discount Stickers,Holographic Goose,800.0
27995,2010-11-08,Canada,Stickers for Less,Holographic Goose,800.0
28035,2010-11-08,Kenya,Discount Stickers,Holographic Goose,20.0
28040,2010-11-08,Kenya,Stickers for Less,Holographic Goose,20.0
28045,2010-11-08,Kenya,Premium Sticker Mart,Holographic Goose,20.0
28080,2010-11-09,Canada,Discount Stickers,Holographic Goose,800.0
28125,2010-11-09,Kenya,Discount Stickers,Holographic Goose,20.0
28130,2010-11-09,Kenya,Stickers for Less,Holographic Goose,20.0
28135,2010-11-09,Kenya,Premium Sticker Mart,Holographic Goose,20.0
28170,2010-11-10,Canada,Discount Stickers,Holographic Goose,800.0
28175,2010-11-10,Canada,Stickers for Less,Holographic Goose,800.0
28215,2010-11-10,Kenya,Discount Stickers,Holographic Goose,20.0
28220,2010-11-10,Kenya,Stickers for Less,Holographic Goose,20.0
28225,2010-11-10,Kenya,Premium Sticker Mart,Holographic Goose,20.0
28260,2010-11-11,Canada,Discount Stickers,Holographic Goose,800.0
28305,2010-11-11,Kenya,Discount Stickers,Holographic Goose,20.0
28310,2010-11-11,Kenya,Stickers for Less,Holographic Goose,20.0
28315,2010-11-11,Kenya,Premium Sticker Mart,Holographic Goose,20.0
28350,2010-11-12,Canada,Discount Stickers,Holographic Goose,800.0
28395,2010-11-12,Kenya,Discount Stickers,Holographic Goose,20.0
28400,2010-11-12,Kenya,Stickers for Less,Holographic Goose,20.0
28440,2010-11-13,Canada,Discount Stickers,Holographic Goose,800.0
28485,2010-11-13,Kenya,Discount Stickers,Holographic Goose,20.0
28490,2010-11-13,Kenya,Stickers for Less,Holographic Goose,20.0
28530,2010-11-14,Canada,Discount Stickers,Holographic Goose,800.0
28575,2010-11-14,Kenya,Discount Stickers,Holographic Goose,20.0
28620,2010-11-15,Canada,Discount Stickers,Holographic Goose,800.0
28665,2010-11-15,Kenya,Discount Stickers,Holographic Goose,20.0
28670,2010-11-15,Kenya,Stickers for Less,Holographic Goose,20.0
28675,2010-11-15,Kenya,Premium Sticker Mart,Holographic Goose,20.0
28710,2010-11-16,Canada,Discount Stickers,Holographic Goose,800.0
28755,2010-11-16,Kenya,Discount Stickers,Holographic Goose,20.0
28760,2010-11-16,Kenya,Stickers for Less,Holographic Goose,20.0
28765,2010-11-16,Kenya,Premium Sticker Mart,Holographic Goose,20.0
28800,2010-11-17,Canada,Discount Stickers,Holographic Goose,800.0
28845,2010-11-17,Kenya,Discount Stickers,Holographic Goose,20.0
28850,2010-11-17,Kenya,Stickers for Less,Holographic Goose,20.0
28855,2010-11-17,Kenya,Premium Sticker Mart,Holographic Goose,20.0
28890,2010-11-18,Canada,Discount Stickers,Holographic Goose,800.0
28935,2010-11-18,Kenya,Discount Stickers,Holographic Goose,20.0
28940,2010-11-18,Kenya,Stickers for Less,Holographic Goose,20.0
28980,2010-11-19,Canada,Discount Stickers,Holographic Goose,800.0
28985,2010-11-19,Canada,Stickers for Less,Holographic Goose,800.0
29025,2010-11-19,Kenya,Discount Stickers,Holographic Goose,20.0
29030,2010-11-19,Kenya,Stickers for Less,Holographic Goose,20.0
29070,2010-11-20,Canada,Discount Stickers,Holographic Goose,800.0
29115,2010-11-20,Kenya,Discount Stickers,Holographic Goose,20.0
29120,2010-11-20,Kenya,Stickers for Less,Holographic Goose,20.0
29160,2010-11-21,Canada,Discount Stickers,Holographic Goose,800.0
29205,2010-11-21,Kenya,Discount Stickers,Holographic Goose,20.0
29250,2010-11-22,Canada,Discount Stickers,Holographic Goose,800.0
29255,2010-11-22,Canada,Stickers for Less,Holographic Goose,800.0
29295,2010-11-22,Kenya,Discount Stickers,Holographic Goose,20.0
29340,2010-11-23,Canada,Discount Stickers,Holographic Goose,800.0
29345,2010-11-23,Canada,Stickers for Less,Holographic Goose,800.0
29385,2010-11-23,Kenya,Discount Stickers,Holographic Goose,20.0
29390,2010-11-23,Kenya,Stickers for Less,Holographic Goose,20.0
29430,2010-11-24,Canada,Discount Stickers,Holographic Goose,800.0
29435,2010-11-24,Canada,Stickers for Less,Holographic Goose,800.0
29475,2010-11-24,Kenya,Discount Stickers,Holographic Goose,20.0
29480,2010-11-24,Kenya,Stickers for Less,Holographic Goose,20.0
29520,2010-11-25,Canada,Discount Stickers,Holographic Goose,800.0
29565,2010-11-25,Kenya,Discount Stickers,Holographic Goose,20.0
29570,2010-11-25,Kenya,Stickers for Less,Holographic Goose,20.0
29575,2010-11-25,Kenya,Premium Sticker Mart,Holographic Goose,20.0
29610,2010-11-26,Canada,Discount Stickers,Holographic Goose,800.0
29655,2010-11-26,Kenya,Discount Stickers,Holographic Goose,20.0
29660,2010-11-26,Kenya,Stickers for Less,Holographic Goose,20.0
29700,2010-11-27,Canada,Discount Stickers,Holographic Goose,800.0
29745,2010-11-27,Kenya,Discount Stickers,Holographic Goose,20.0
29750,2010-11-27,Kenya,Stickers for Less,Holographic Goose,20.0
29790,2010-11-28,Canada,Discount Stickers,Holographic Goose,800.0
29835,2010-11-28,Kenya,Discount Stickers,Holographic Goose,20.0
29880,2010-11-29,Canada,Discount Stickers,Holographic Goose,800.0
29925,2010-11-29,Kenya,Discount Stickers,Holographic Goose,20.0
29930,2010-11-29,Kenya,Stickers for Less,Holographic Goose,20.0
29935,2010-11-29,Kenya,Premium Sticker Mart,Holographic Goose,20.0
29970,2010-11-30,Canada,Discount Stickers,Holographic Goose,800.0
30015,2010-11-30,Kenya,Discount Stickers,Holographic Goose,20.0
30020,2010-11-30,Kenya,Stickers for Less,Holographic Goose,20.0
30025,2010-11-30,Kenya,Premium Sticker Mart,Holographic Goose,20.0
30060,2010-12-01,Canada,Discount Stickers,Holographic Goose,800.0
30105,2010-12-01,Kenya,Discount Stickers,Holographic Goose,20.0
30110,2010-12-01,Kenya,Stickers for Less,Holographic Goose,20.0
30115,2010-12-01,Kenya,Premium Sticker Mart,Holographic Goose,20.0
30150,2010-12-02,Canada,Discount Stickers,Holographic Goose,800.0
30195,2010-12-02,Kenya,Discount Stickers,Holographic Goose,20.0
30200,2010-12-02,Kenya,Stickers for Less,Holographic Goose,20.0
30205,2010-12-02,Kenya,Premium Sticker Mart,Holographic Goose,20.0
30240,2010-12-03,Canada,Discount Stickers,Holographic Goose,800.0
30285,2010-12-03,Kenya,Discount Stickers,Holographic Goose,20.0
30290,2010-12-03,Kenya,Stickers for Less,Holographic Goose,20.0
30330,2010-12-04,Canada,Discount Stickers,Holographic Goose,800.0
30375,2010-12-04,Kenya,Discount Stickers,Holographic Goose,20.0
30380,2010-12-04,Kenya,Stickers for Less,Holographic Goose,20.0
30420,2010-12-05,Canada,Discount Stickers,Holographic Goose,800.0
30465,2010-12-05,Kenya,Discount Stickers,Holographic Goose,20.0
30470,2010-12-05,Kenya,Stickers for Less,Holographic Goose,20.0
30510,2010-12-06,Canada,Discount Stickers,Holographic Goose,800.0
30515,2010-12-06,Canada,Stickers for Less,Holographic Goose,800.0
30555,2010-12-06,Kenya,Discount Stickers,Holographic Goose,20.0
30560,2010-12-06,Kenya,Stickers for Less,Holographic Goose,20.0
30565,2010-12-06,Kenya,Premium Sticker Mart,Holographic Goose,20.0
30600,2010-12-07,Canada,Discount Stickers,Holographic Goose,800.0
30645,2010-12-07,Kenya,Discount Stickers,Holographic Goose,20.0
30650,2010-12-07,Kenya,Stickers for Less,Holographic Goose,20.0
30655,2010-12-07,Kenya,Premium Sticker Mart,Holographic Goose,20.0
30690,2010-12-08,Canada,Discount Stickers,Holographic Goose,800.0
30735,2010-12-08,Kenya,Discount Stickers,Holographic Goose,20.0
30740,2010-12-08,Kenya,Stickers for Less,Holographic Goose,20.0
30745,2010-12-08,Kenya,Premium Sticker Mart,Holographic Goose,20.0
30780,2010-12-09,Canada,Discount Stickers,Holographic Goose,800.0
30825,2010-12-09,Kenya,Discount Stickers,Holographic Goose,20.0
30830,2010-12-09,Kenya,Stickers for Less,Holographic Goose,20.0
30835,2010-12-09,Kenya,Premium Sticker Mart,Holographic Goose,20.0
30870,2010-12-10,Canada,Discount Stickers,Holographic Goose,800.0
30915,2010-12-10,Kenya,Discount Stickers,Holographic Goose,20.0
30920,2010-12-10,Kenya,Stickers for Less,Holographic Goose,20.0
30960,2010-12-11,Canada,Discount Stickers,Holographic Goose,800.0
31005,2010-12-11,Kenya,Discount Stickers,Holographic Goose,20.0
31010,2010-12-11,Kenya,Stickers for Less,Holographic Goose,20.0
31050,2010-12-12,Canada,Discount Stickers,Holographic Goose,800.0
31095,2010-12-12,Kenya,Discount Stickers,Holographic Goose,20.0
31140,2010-12-13,Canada,Discount Stickers,Holographic Goose,800.0
31185,2010-12-13,Kenya,Discount Stickers,Holographic Goose,20.0
31190,2010-12-13,Kenya,Stickers for Less,Holographic Goose,20.0
31195,2010-12-13,Kenya,Premium Sticker Mart,Holographic Goose,20.0
31230,2010-12-14,Canada,Discount Stickers,Holographic Goose,800.0
31275,2010-12-14,Kenya,Discount Stickers,Holographic Goose,20.0
31280,2010-12-14,Kenya,Stickers for Less,Holographic Goose,20.0
31320,2010-12-15,Canada,Discount Stickers,Holographic Goose,800.0
31325,2010-12-15,Canada,Stickers for Less,Holographic Goose,800.0
31365,2010-12-15,Kenya,Discount Stickers,Holographic Goose,20.0
31370,2010-12-15,Kenya,Stickers for Less,Holographic Goose,20.0
31410,2010-12-16,Canada,Discount Stickers,Holographic Goose,800.0
31455,2010-12-16,Kenya,Discount Stickers,Holographic Goose,20.0
31460,2010-12-16,Kenya,Stickers for Less,Holographic Goose,20.0
31500,2010-12-17,Canada,Discount Stickers,Holographic Goose,800.0
31545,2010-12-17,Kenya,Discount Stickers,Holographic Goose,20.0
31590,2010-12-18,Canada,Discount Stickers,Holographic Goose,800.0
31635,2010-12-18,Kenya,Discount Stickers,Holographic Goose,20.0
31680,2010-12-19,Canada,Discount Stickers,Holographic Goose,800.0
31725,2010-12-19,Kenya,Discount Stickers,Holographic Goose,20.0
31770,2010-12-20,Canada,Discount Stickers,Holographic Goose,800.0
31815,2010-12-20,Kenya,Discount Stickers,Holographic Goose,20.0
31820,2010-12-20,Kenya,Stickers for Less,Holographic Goose,20.0
31860,2010-12-21,Canada,Discount Stickers,Holographic Goose,800.0
31905,2010-12-21,Kenya,Discount Stickers,Holographic Goose,20.0
31910,2010-12-21,Kenya,Stickers for Less,Holographic Goose,20.0
31950,2010-12-22,Canada,Discount Stickers,Holographic Goose,800.0
31995,2010-12-22,Kenya,Discount Stickers,Holographic Goose,20.0
32000,2010-12-22,Kenya,Stickers for Less,Holographic Goose,20.0
32040,2010-12-23,Canada,Discount Stickers,Holographic Goose,800.0
32085,2010-12-23,Kenya,Discount Stickers,Holographic Goose,20.0
32090,2010-12-23,Kenya,Stickers for Less,Holographic Goose,20.0
32130,2010-12-24,Canada,Discount Stickers,Holographic Goose,800.0
32175,2010-12-24,Kenya,Discount Stickers,Holographic Goose,20.0
32180,2010-12-24,Kenya,Stickers for Less,Holographic Goose,20.0
32185,2010-12-24,Kenya,Premium Sticker Mart,Holographic Goose,20.0
32220,2010-12-25,Canada,Discount Stickers,Holographic Goose,800.0
32265,2010-12-25,Kenya,Discount Stickers,Holographic Goose,20.0
32270,2010-12-25,Kenya,Stickers for Less,Holographic Goose,20.0
32310,2010-12-26,Canada,Discount Stickers,Holographic Goose,800.0
32355,2010-12-26,Kenya,Discount Stickers,Holographic Goose,20.0
32400,2010-12-27,Canada,Discount Stickers,Holographic Goose,800.0
32445,2010-12-27,Kenya,Discount Stickers,Holographic Goose,20.0
32490,2010-12-28,Canada,Discount Stickers,Holographic Goose,800.0
32535,2010-12-28,Kenya,Discount Stickers,Holographic Goose,20.0
32580,2010-12-29,Canada,Discount Stickers,Holographic Goose,800.0
32625,2010-12-29,Kenya,Discount Stickers,Holographic Goose,20.0
32670,2010-12-30,Canada,Discount Stickers,Holographic Goose,800.0
32715,2010-12-30,Kenya,Discount Stickers,Holographic Goose,20.0
32760,2010-12-31,Canada,Discount Stickers,Holographic Goose,800.0
32805,2010-12-31,Kenya,Discount Stickers,Holographic Goose,20.0
32850,2011-01-01,Canada,Discount Stickers,Holographic Goose,800.0
32895,2011-01-01,Kenya,Discount Stickers,Holographic Goose,20.0
32940,2011-01-02,Canada,Discount Stickers,Holographic Goose,800.0
32985,2011-01-02,Kenya,Discount Stickers,Holographic Goose,20.0
33030,2011-01-03,Canada,Discount Stickers,Holographic Goose,800.0
33075,2011-01-03,Kenya,Discount Stickers,Holographic Goose,20.0
33120,2011-01-04,Canada,Discount Stickers,Holographic Goose,800.0
33165,2011-01-04,Kenya,Discount Stickers,Holographic Goose,20.0
33210,2011-01-05,Canada,Discount Stickers,Holographic Goose,800.0
33255,2011-01-05,Kenya,Discount Stickers,Holographic Goose,20.0
33260,2011-01-05,Kenya,Stickers for Less,Holographic Goose,20.0
33300,2011-01-06,Canada,Discount Stickers,Holographic Goose,800.0
33345,2011-01-06,Kenya,Discount Stickers,Holographic Goose,20.0
33390,2011-01-07,Canada,Discount Stickers,Holographic Goose,800.0
33435,2011-01-07,Kenya,Discount Stickers,Holographic Goose,20.0
33440,2011-01-07,Kenya,Stickers for Less,Holographic Goose,20.0
33480,2011-01-08,Canada,Discount Stickers,Holographic Goose,800.0
33525,2011-01-08,Kenya,Discount Stickers,Holographic Goose,20.0
33570,2011-01-09,Canada,Discount Stickers,Holographic Goose,800.0
33615,2011-01-09,Kenya,Discount Stickers,Holographic Goose,20.0
33660,2011-01-10,Canada,Discount Stickers,Holographic Goose,800.0
33705,2011-01-10,Kenya,Discount Stickers,Holographic Goose,20.0
33710,2011-01-10,Kenya,Stickers for Less,Holographic Goose,20.0
33750,2011-01-11,Canada,Discount Stickers,Holographic Goose,800.0
33795,2011-01-11,Kenya,Discount Stickers,Holographic Goose,20.0
33800,2011-01-11,Kenya,Stickers for Less,Holographic Goose,20.0
33840,2011-01-12,Canada,Discount Stickers,Holographic Goose,800.0
33885,2011-01-12,Kenya,Discount Stickers,Holographic Goose,20.0
33890,2011-01-12,Kenya,Stickers for Less,Holographic Goose,20.0
33930,2011-01-13,Canada,Discount Stickers,Holographic Goose,800.0
33975,2011-01-13,Kenya,Discount Stickers,Holographic Goose,20.0
33980,2011-01-13,Kenya,Stickers for Less,Holographic Goose,20.0
33985,2011-01-13,Kenya,Premium Sticker Mart,Holographic Goose,20.0
34020,2011-01-14,Canada,Discount Stickers,Holographic Goose,800.0
34065,2011-01-14,Kenya,Discount Stickers,Holographic Goose,20.0
34070,2011-01-14,Kenya,Stickers for Less,Holographic Goose,20.0
34110,2011-01-15,Canada,Discount Stickers,Holographic Goose,800.0
34155,2011-01-15,Kenya,Discount Stickers,Holographic Goose,20.0
34160,2011-01-15,Kenya,Stickers for Less,Holographic Goose,20.0
34200,2011-01-16,Canada,Discount Stickers,Holographic Goose,800.0
34245,2011-01-16,Kenya,Discount Stickers,Holographic Goose,20.0
34290,2011-01-17,Canada,Discount Stickers,Holographic Goose,800.0
34335,2011-01-17,Kenya,Discount Stickers,Holographic Goose,20.0
34340,2011-01-17,Kenya,Stickers for Less,Holographic Goose,20.0
34380,2011-01-18,Canada,Discount Stickers,Holographic Goose,800.0
34385,2011-01-18,Canada,Stickers for Less,Holographic Goose,800.0
34425,2011-01-18,Kenya,Discount Stickers,Holographic Goose,20.0
34430,2011-01-18,Kenya,Stickers for Less,Holographic Goose,20.0
34435,2011-01-18,Kenya,Premium Sticker Mart,Holographic Goose,20.0
34470,2011-01-19,Canada,Discount Stickers,Holographic Goose,800.0
34515,2011-01-19,Kenya,Discount Stickers,Holographic Goose,20.0
34520,2011-01-19,Kenya,Stickers for Less,Holographic Goose,20.0
34525,2011-01-19,Kenya,Premium Sticker Mart,Holographic Goose,20.0
34560,2011-01-20,Canada,Discount Stickers,Holographic Goose,800.0
34605,2011-01-20,Kenya,Discount Stickers,Holographic Goose,20.0
34610,2011-01-20,Kenya,Stickers for Less,Holographic Goose,20.0
34650,2011-01-21,Canada,Discount Stickers,Holographic Goose,800.0
34695,2011-01-21,Kenya,Discount Stickers,Holographic Goose,20.0
34700,2011-01-21,Kenya,Stickers for Less,Holographic Goose,20.0
34740,2011-01-22,Canada,Discount Stickers,Holographic Goose,800.0
34785,2011-01-22,Kenya,Discount Stickers,Holographic Goose,20.0
34790,2011-01-22,Kenya,Stickers for Less,Holographic Goose,20.0
34830,2011-01-23,Canada,Discount Stickers,Holographic Goose,800.0
34875,2011-01-23,Kenya,Discount Stickers,Holographic Goose,20.0
34920,2011-01-24,Canada,Discount Stickers,Holographic Goose,800.0
34965,2011-01-24,Kenya,Discount Stickers,Holographic Goose,20.0
34970,2011-01-24,Kenya,Stickers for Less,Holographic Goose,20.0
34975,2011-01-24,Kenya,Premium Sticker Mart,Holographic Goose,20.0
35010,2011-01-25,Canada,Discount Stickers,Holographic Goose,800.0
35055,2011-01-25,Kenya,Discount Stickers,Holographic Goose,20.0
35060,2011-01-25,Kenya,Stickers for Less,Holographic Goose,20.0
35100,2011-01-26,Canada,Discount Stickers,Holographic Goose,800.0
35145,2011-01-26,Kenya,Discount Stickers,Holographic Goose,20.0
35150,2011-01-26,Kenya,Stickers for Less,Holographic Goose,20.0
35190,2011-01-27,Canada,Discount Stickers,Holographic Goose,800.0
35235,2011-01-27,Kenya,Discount Stickers,Holographic Goose,20.0
35240,2011-01-27,Kenya,Stickers for Less,Holographic Goose,20.0
35280,2011-01-28,Canada,Discount Stickers,Holographic Goose,800.0
35325,2011-01-28,Kenya,Discount Stickers,Holographic Goose,20.0
35330,2011-01-28,Kenya,Stickers for Less,Holographic Goose,20.0
35370,2011-01-29,Canada,Discount Stickers,Holographic Goose,800.0
35415,2011-01-29,Kenya,Discount Stickers,Holographic Goose,20.0
35420,2011-01-29,Kenya,Stickers for Less,Holographic Goose,20.0
35460,2011-01-30,Canada,Discount Stickers,Holographic Goose,800.0
35505,2011-01-30,Kenya,Discount Stickers,Holographic Goose,20.0
35550,2011-01-31,Canada,Discount Stickers,Holographic Goose,800.0
35595,2011-01-31,Kenya,Discount Stickers,Holographic Goose,20.0
35600,2011-01-31,Kenya,Stickers for Less,Holographic Goose,20.0
35605,2011-01-31,Kenya,Premium Sticker Mart,Holographic Goose,20.0
35640,2011-02-01,Canada,Discount Stickers,Holographic Goose,800.0
35685,2011-02-01,Kenya,Discount Stickers,Holographic Goose,20.0
35690,2011-02-01,Kenya,Stickers for Less,Holographic Goose,20.0
35730,2011-02-02,Canada,Discount Stickers,Holographic Goose,800.0
35775,2011-02-02,Kenya,Discount Stickers,Holographic Goose,20.0
35778,2011-02-02,Kenya,Discount Stickers,Kerneler,20.0
35780,2011-02-02,Kenya,Stickers for Less,Holographic Goose,20.0
35820,2011-02-03,Canada,Discount Stickers,Holographic Goose,800.0
35865,2011-02-03,Kenya,Discount Stickers,Holographic Goose,20.0
35870,2011-02-03,Kenya,Stickers for Less,Holographic Goose,20.0
35910,2011-02-04,Canada,Discount Stickers,Holographic Goose,800.0
35955,2011-02-04,Kenya,Discount Stickers,Holographic Goose,20.0
35960,2011-02-04,Kenya,Stickers for Less,Holographic Goose,20.0
36000,2011-02-05,Canada,Discount Stickers,Holographic Goose,800.0
36045,2011-02-05,Kenya,Discount Stickers,Holographic Goose,20.0
36090,2011-02-06,Canada,Discount Stickers,Holographic Goose,800.0
36135,2011-02-06,Kenya,Discount Stickers,Holographic Goose,20.0
36180,2011-02-07,Canada,Discount Stickers,Holographic Goose,800.0
36225,2011-02-07,Kenya,Discount Stickers,Holographic Goose,20.0
36230,2011-02-07,Kenya,Stickers for Less,Holographic Goose,20.0
36270,2011-02-08,Canada,Discount Stickers,Holographic Goose,800.0
36315,2011-02-08,Kenya,Discount Stickers,Holographic Goose,20.0
36320,2011-02-08,Kenya,Stickers for Less,Holographic Goose,20.0
36360,2011-02-09,Canada,Discount Stickers,Holographic Goose,800.0
36405,2011-02-09,Kenya,Discount Stickers,Holographic Goose,20.0
36410,2011-02-09,Kenya,Stickers for Less,Holographic Goose,20.0
36450,2011-02-10,Canada,Discount Stickers,Holographic Goose,800.0
36495,2011-02-10,Kenya,Discount Stickers,Holographic Goose,20.0
36500,2011-02-10,Kenya,Stickers for Less,Holographic Goose,20.0
36505,2011-02-10,Kenya,Premium Sticker Mart,Holographic Goose,20.0
36540,2011-02-11,Canada,Discount Stickers,Holographic Goose,800.0
36585,2011-02-11,Kenya,Discount Stickers,Holographic Goose,20.0
36590,2011-02-11,Kenya,Stickers for Less,Holographic Goose,20.0
36630,2011-02-12,Canada,Discount Stickers,Holographic Goose,800.0
36675,2011-02-12,Kenya,Discount Stickers,Holographic Goose,20.0
36680,2011-02-12,Kenya,Stickers for Less,Holographic Goose,20.0
36720,2011-02-13,Canada,Discount Stickers,Holographic Goose,800.0
36765,2011-02-13,Kenya,Discount Stickers,Holographic Goose,20.0
36810,2011-02-14,Canada,Discount Stickers,Holographic Goose,800.0
36855,2011-02-14,Kenya,Discount Stickers,Holographic Goose,20.0
36860,2011-02-14,Kenya,Stickers for Less,Holographic Goose,20.0
36865,2011-02-14,Kenya,Premium Sticker Mart,Holographic Goose,20.0
36900,2011-02-15,Canada,Discount Stickers,Holographic Goose,800.0
36945,2011-02-15,Kenya,Discount Stickers,Holographic Goose,20.0
36948,2011-02-15,Kenya,Discount Stickers,Kerneler,20.0
36950,2011-02-15,Kenya,Stickers for Less,Holographic Goose,20.0
36990,2011-02-16,Canada,Discount Stickers,Holographic Goose,800.0
37035,2011-02-16,Kenya,Discount Stickers,Holographic Goose,20.0
37040,2011-02-16,Kenya,Stickers for Less,Holographic Goose,20.0
37080,2011-02-17,Canada,Discount Stickers,Holographic Goose,800.0
37125,2011-02-17,Kenya,Discount Stickers,Holographic Goose,20.0
37130,2011-02-17,Kenya,Stickers for Less,Holographic Goose,20.0
37170,2011-02-18,Canada,Discount Stickers,Holographic Goose,800.0
37215,2011-02-18,Kenya,Discount Stickers,Holographic Goose,20.0
37220,2011-02-18,Kenya,Stickers for Less,Holographic Goose,20.0
37260,2011-02-19,Canada,Discount Stickers,Holographic Goose,800.0
37305,2011-02-19,Kenya,Discount Stickers,Holographic Goose,20.0
37310,2011-02-19,Kenya,Stickers for Less,Holographic Goose,20.0
37350,2011-02-20,Canada,Discount Stickers,Holographic Goose,800.0
37395,2011-02-20,Kenya,Discount Stickers,Holographic Goose,20.0
37440,2011-02-21,Canada,Discount Stickers,Holographic Goose,800.0
37485,2011-02-21,Kenya,Discount Stickers,Holographic Goose,20.0
37490,2011-02-21,Kenya,Stickers for Less,Holographic Goose,20.0
37495,2011-02-21,Kenya,Premium Sticker Mart,Holographic Goose,20.0
37530,2011-02-22,Canada,Discount Stickers,Holographic Goose,800.0
37575,2011-02-22,Kenya,Discount Stickers,Holographic Goose,20.0
37580,2011-02-22,Kenya,Stickers for Less,Holographic Goose,20.0
37620,2011-02-23,Canada,Discount Stickers,Holographic Goose,800.0
37665,2011-02-23,Kenya,Discount Stickers,Holographic Goose,20.0
37670,2011-02-23,Kenya,Stickers for Less,Holographic Goose,20.0
37675,2011-02-23,Kenya,Premium Sticker Mart,Holographic Goose,20.0
37710,2011-02-24,Canada,Discount Stickers,Holographic Goose,800.0
37755,2011-02-24,Kenya,Discount Stickers,Holographic Goose,20.0
37760,2011-02-24,Kenya,Stickers for Less,Holographic Goose,20.0
37765,2011-02-24,Kenya,Premium Sticker Mart,Holographic Goose,20.0
37800,2011-02-25,Canada,Discount Stickers,Holographic Goose,800.0
37845,2011-02-25,Kenya,Discount Stickers,Holographic Goose,20.0
37850,2011-02-25,Kenya,Stickers for Less,Holographic Goose,20.0
37890,2011-02-26,Canada,Discount Stickers,Holographic Goose,800.0
37935,2011-02-26,Kenya,Discount Stickers,Holographic Goose,20.0
37940,2011-02-26,Kenya,Stickers for Less,Holographic Goose,20.0
37980,2011-02-27,Canada,Discount Stickers,Holographic Goose,800.0
38025,2011-02-27,Kenya,Discount Stickers,Holographic Goose,20.0
38030,2011-02-27,Kenya,Stickers for Less,Holographic Goose,20.0
38070,2011-02-28,Canada,Discount Stickers,Holographic Goose,800.0
38115,2011-02-28,Kenya,Discount Stickers,Holographic Goose,20.0
38120,2011-02-28,Kenya,Stickers for Less,Holographic Goose,20.0
38125,2011-02-28,Kenya,Premium Sticker Mart,Holographic Goose,20.0
38160,2011-03-01,Canada,Discount Stickers,Holographic Goose,800.0
38205,2011-03-01,Kenya,Discount Stickers,Holographic Goose,20.0
38210,2011-03-01,Kenya,Stickers for Less,Holographic Goose,20.0
38215,2011-03-01,Kenya,Premium Sticker Mart,Holographic Goose,20.0
38250,2011-03-02,Canada,Discount Stickers,Holographic Goose,800.0
38295,2011-03-02,Kenya,Discount Stickers,Holographic Goose,20.0
38298,2011-03-02,Kenya,Discount Stickers,Kerneler,20.0
38300,2011-03-02,Kenya,Stickers for Less,Holographic Goose,20.0
38340,2011-03-03,Canada,Discount Stickers,Holographic Goose,800.0
38385,2011-03-03,Kenya,Discount Stickers,Holographic Goose,20.0
38388,2011-03-03,Kenya,Discount Stickers,Kerneler,20.0
38390,2011-03-03,Kenya,Stickers for Less,Holographic Goose,20.0
38395,2011-03-03,Kenya,Premium Sticker Mart,Holographic Goose,20.0
38430,2011-03-04,Canada,Discount Stickers,Holographic Goose,800.0
38475,2011-03-04,Kenya,Discount Stickers,Holographic Goose,20.0
38480,2011-03-04,Kenya,Stickers for Less,Holographic Goose,20.0
38520,2011-03-05,Canada,Discount Stickers,Holographic Goose,800.0
38565,2011-03-05,Kenya,Discount Stickers,Holographic Goose,20.0
38610,2011-03-06,Canada,Discount Stickers,Holographic Goose,800.0
38655,2011-03-06,Kenya,Discount Stickers,Holographic Goose,20.0
38700,2011-03-07,Canada,Discount Stickers,Holographic Goose,800.0
38745,2011-03-07,Kenya,Discount Stickers,Holographic Goose,20.0
38750,2011-03-07,Kenya,Stickers for Less,Holographic Goose,20.0
38755,2011-03-07,Kenya,Premium Sticker Mart,Holographic Goose,20.0
38790,2011-03-08,Canada,Discount Stickers,Holographic Goose,800.0
38835,2011-03-08,Kenya,Discount Stickers,Holographic Goose,20.0
38840,2011-03-08,Kenya,Stickers for Less,Holographic Goose,20.0
38845,2011-03-08,Kenya,Premium Sticker Mart,Holographic Goose,20.0
38880,2011-03-09,Canada,Discount Stickers,Holographic Goose,800.0
38925,2011-03-09,Kenya,Discount Stickers,Holographic Goose,20.0
38928,2011-03-09,Kenya,Discount Stickers,Kerneler,20.0
38930,2011-03-09,Kenya,Stickers for Less,Holographic Goose,20.0
38935,2011-03-09,Kenya,Premium Sticker Mart,Holographic Goose,20.0
38970,2011-03-10,Canada,Discount Stickers,Holographic Goose,800.0
39015,2011-03-10,Kenya,Discount Stickers,Holographic Goose,20.0
39018,2011-03-10,Kenya,Discount Stickers,Kerneler,20.0
39020,2011-03-10,Kenya,Stickers for Less,Holographic Goose,20.0
39025,2011-03-10,Kenya,Premium Sticker Mart,Holographic Goose,20.0
39060,2011-03-11,Canada,Discount Stickers,Holographic Goose,800.0
39105,2011-03-11,Kenya,Discount Stickers,Holographic Goose,20.0
39110,2011-03-11,Kenya,Stickers for Less,Holographic Goose,20.0
39115,2011-03-11,Kenya,Premium Sticker Mart,Holographic Goose,20.0
39150,2011-03-12,Canada,Discount Stickers,Holographic Goose,800.0
39195,2011-03-12,Kenya,Discount Stickers,Holographic Goose,20.0
39200,2011-03-12,Kenya,Stickers for Less,Holographic Goose,20.0
39240,2011-03-13,Canada,Discount Stickers,Holographic Goose,800.0
39285,2011-03-13,Kenya,Discount Stickers,Holographic Goose,20.0
39330,2011-03-14,Canada,Discount Stickers,Holographic Goose,800.0
39375,2011-03-14,Kenya,Discount Stickers,Holographic Goose,20.0
39378,2011-03-14,Kenya,Discount Stickers,Kerneler,20.0
39380,2011-03-14,Kenya,Stickers for Less,Holographic Goose,20.0
39385,2011-03-14,Kenya,Premium Sticker Mart,Holographic Goose,20.0
39420,2011-03-15,Canada,Discount Stickers,Holographic Goose,800.0
39465,2011-03-15,Kenya,Discount Stickers,Holographic Goose,20.0
39470,2011-03-15,Kenya,Stickers for Less,Holographic Goose,20.0
39475,2011-03-15,Kenya,Premium Sticker Mart,Holographic Goose,20.0
39510,2011-03-16,Canada,Discount Stickers,Holographic Goose,800.0
39555,2011-03-16,Kenya,Discount Stickers,Holographic Goose,20.0
39558,2011-03-16,Kenya,Discount Stickers,Kerneler,20.0
39560,2011-03-16,Kenya,Stickers for Less,Holographic Goose,20.0
39565,2011-03-16,Kenya,Premium Sticker Mart,Holographic Goose,20.0
39600,2011-03-17,Canada,Discount Stickers,Holographic Goose,800.0
39645,2011-03-17,Kenya,Discount Stickers,Holographic Goose,20.0
39650,2011-03-17,Kenya,Stickers for Less,Holographic Goose,20.0
39655,2011-03-17,Kenya,Premium Sticker Mart,Holographic Goose,20.0
39690,2011-03-18,Canada,Discount Stickers,Holographic Goose,800.0
39735,2011-03-18,Kenya,Discount Stickers,Holographic Goose,20.0
39740,2011-03-18,Kenya,Stickers for Less,Holographic Goose,20.0
39745,2011-03-18,Kenya,Premium Sticker Mart,Holographic Goose,20.0
39780,2011-03-19,Canada,Discount Stickers,Holographic Goose,800.0
39825,2011-03-19,Kenya,Discount Stickers,Holographic Goose,20.0
39830,2011-03-19,Kenya,Stickers for Less,Holographic Goose,20.0
39870,2011-03-20,Canada,Discount Stickers,Holographic Goose,800.0
39915,2011-03-20,Kenya,Discount Stickers,Holographic Goose,20.0
39960,2011-03-21,Canada,Discount Stickers,Holographic Goose,800.0
40005,2011-03-21,Kenya,Discount Stickers,Holographic Goose,20.0
40010,2011-03-21,Kenya,Stickers for Less,Holographic Goose,20.0
40050,2011-03-22,Canada,Discount Stickers,Holographic Goose,800.0
40095,2011-03-22,Kenya,Discount Stickers,Holographic Goose,20.0
40098,2011-03-22,Kenya,Discount Stickers,Kerneler,20.0
40100,2011-03-22,Kenya,Stickers for Less,Holographic Goose,20.0
40105,2011-03-22,Kenya,Premium Sticker Mart,Holographic Goose,20.0
40140,2011-03-23,Canada,Discount Stickers,Holographic Goose,800.0
40185,2011-03-23,Kenya,Discount Stickers,Holographic Goose,20.0
40190,2011-03-23,Kenya,Stickers for Less,Holographic Goose,20.0
40195,2011-03-23,Kenya,Premium Sticker Mart,Holographic Goose,20.0
40230,2011-03-24,Canada,Discount Stickers,Holographic Goose,800.0
40275,2011-03-24,Kenya,Discount Stickers,Holographic Goose,20.0
40278,2011-03-24,Kenya,Discount Stickers,Kerneler,20.0
40280,2011-03-24,Kenya,Stickers for Less,Holographic Goose,20.0
40285,2011-03-24,Kenya,Premium Sticker Mart,Holographic Goose,20.0
40320,2011-03-25,Canada,Discount Stickers,Holographic Goose,800.0
40365,2011-03-25,Kenya,Discount Stickers,Holographic Goose,20.0
40370,2011-03-25,Kenya,Stickers for Less,Holographic Goose,20.0
40410,2011-03-26,Canada,Discount Stickers,Holographic Goose,800.0
40455,2011-03-26,Kenya,Discount Stickers,Holographic Goose,20.0
40460,2011-03-26,Kenya,Stickers for Less,Holographic Goose,20.0
40500,2011-03-27,Canada,Discount Stickers,Holographic Goose,800.0
40545,2011-03-27,Kenya,Discount Stickers,Holographic Goose,20.0
40590,2011-03-28,Canada,Discount Stickers,Holographic Goose,800.0
40635,2011-03-28,Kenya,Discount Stickers,Holographic Goose,20.0
40638,2011-03-28,Kenya,Discount Stickers,Kerneler,20.0
40640,2011-03-28,Kenya,Stickers for Less,Holographic Goose,20.0
40645,2011-03-28,Kenya,Premium Sticker Mart,Holographic Goose,20.0
40680,2011-03-29,Canada,Discount Stickers,Holographic Goose,800.0
40725,2011-03-29,Kenya,Discount Stickers,Holographic Goose,20.0
40728,2011-03-29,Kenya,Discount Stickers,Kerneler,20.0
40730,2011-03-29,Kenya,Stickers for Less,Holographic Goose,20.0
40735,2011-03-29,Kenya,Premium Sticker Mart,Holographic Goose,20.0
40770,2011-03-30,Canada,Discount Stickers,Holographic Goose,800.0
40815,2011-03-30,Kenya,Discount Stickers,Holographic Goose,20.0
40818,2011-03-30,Kenya,Discount Stickers,Kerneler,20.0
40820,2011-03-30,Kenya,Stickers for Less,Holographic Goose,20.0
40825,2011-03-30,Kenya,Premium Sticker Mart,Holographic Goose,20.0
40860,2011-03-31,Canada,Discount Stickers,Holographic Goose,800.0
40905,2011-03-31,Kenya,Discount Stickers,Holographic Goose,20.0
40910,2011-03-31,Kenya,Stickers for Less,Holographic Goose,20.0
40915,2011-03-31,Kenya,Premium Sticker Mart,Holographic Goose,20.0
40950,2011-04-01,Canada,Discount Stickers,Holographic Goose,800.0
40995,2011-04-01,Kenya,Discount Stickers,Holographic Goose,20.0
41000,2011-04-01,Kenya,Stickers for Less,Holographic Goose,20.0
41005,2011-04-01,Kenya,Premium Sticker Mart,Holographic Goose,20.0
41040,2011-04-02,Canada,Discount Stickers,Holographic Goose,800.0
41085,2011-04-02,Kenya,Discount Stickers,Holographic Goose,20.0
41090,2011-04-02,Kenya,Stickers for Less,Holographic Goose,20.0
41130,2011-04-03,Canada,Discount Stickers,Holographic Goose,800.0
41175,2011-04-03,Kenya,Discount Stickers,Holographic Goose,20.0
41180,2011-04-03,Kenya,Stickers for Less,Holographic Goose,20.0
41220,2011-04-04,Canada,Discount Stickers,Holographic Goose,800.0
41265,2011-04-04,Kenya,Discount Stickers,Holographic Goose,20.0
41270,2011-04-04,Kenya,Stickers for Less,Holographic Goose,20.0
41275,2011-04-04,Kenya,Premium Sticker Mart,Holographic Goose,20.0
41310,2011-04-05,Canada,Discount Stickers,Holographic Goose,800.0
41355,2011-04-05,Kenya,Discount Stickers,Holographic Goose,20.0
41360,2011-04-05,Kenya,Stickers for Less,Holographic Goose,20.0
41365,2011-04-05,Kenya,Premium Sticker Mart,Holographic Goose,20.0
41400,2011-04-06,Canada,Discount Stickers,Holographic Goose,800.0
41445,2011-04-06,Kenya,Discount Stickers,Holographic Goose,20.0
41450,2011-04-06,Kenya,Stickers for Less,Holographic Goose,20.0
41455,2011-04-06,Kenya,Premium Sticker Mart,Holographic Goose,20.0
41490,2011-04-07,Canada,Discount Stickers,Holographic Goose,800.0
41535,2011-04-07,Kenya,Discount Stickers,Holographic Goose,20.0
41540,2011-04-07,Kenya,Stickers for Less,Holographic Goose,20.0
41545,2011-04-07,Kenya,Premium Sticker Mart,Holographic Goose,20.0
41580,2011-04-08,Canada,Discount Stickers,Holographic Goose,800.0
41625,2011-04-08,Kenya,Discount Stickers,Holographic Goose,20.0
41630,2011-04-08,Kenya,Stickers for Less,Holographic Goose,20.0
41635,2011-04-08,Kenya,Premium Sticker Mart,Holographic Goose,20.0
41670,2011-04-09,Canada,Discount Stickers,Holographic Goose,800.0
41715,2011-04-09,Kenya,Discount Stickers,Holographic Goose,20.0
41720,2011-04-09,Kenya,Stickers for Less,Holographic Goose,20.0
41760,2011-04-10,Canada,Discount Stickers,Holographic Goose,800.0
41805,2011-04-10,Kenya,Discount Stickers,Holographic Goose,20.0
41810,2011-04-10,Kenya,Stickers for Less,Holographic Goose,20.0
41850,2011-04-11,Canada,Discount Stickers,Holographic Goose,800.0
41855,2011-04-11,Canada,Stickers for Less,Holographic Goose,800.0
41895,2011-04-11,Kenya,Discount Stickers,Holographic Goose,20.0
41900,2011-04-11,Kenya,Stickers for Less,Holographic Goose,20.0
41905,2011-04-11,Kenya,Premium Sticker Mart,Holographic Goose,20.0
41940,2011-04-12,Canada,Discount Stickers,Holographic Goose,800.0
41985,2011-04-12,Kenya,Discount Stickers,Holographic Goose,20.0
41988,2011-04-12,Kenya,Discount Stickers,Kerneler,20.0
41990,2011-04-12,Kenya,Stickers for Less,Holographic Goose,20.0
41995,2011-04-12,Kenya,Premium Sticker Mart,Holographic Goose,20.0
42030,2011-04-13,Canada,Discount Stickers,Holographic Goose,800.0
42035,2011-04-13,Canada,Stickers for Less,Holographic Goose,800.0
42075,2011-04-13,Kenya,Discount Stickers,Holographic Goose,20.0
42078,2011-04-13,Kenya,Discount Stickers,Kerneler,20.0
42080,2011-04-13,Kenya,Stickers for Less,Holographic Goose,20.0
42085,2011-04-13,Kenya,Premium Sticker Mart,Holographic Goose,20.0
42120,2011-04-14,Canada,Discount Stickers,Holographic Goose,800.0
42125,2011-04-14,Canada,Stickers for Less,Holographic Goose,800.0
42165,2011-04-14,Kenya,Discount Stickers,Holographic Goose,20.0
42170,2011-04-14,Kenya,Stickers for Less,Holographic Goose,20.0
42175,2011-04-14,Kenya,Premium Sticker Mart,Holographic Goose,20.0
42210,2011-04-15,Canada,Discount Stickers,Holographic Goose,800.0
42255,2011-04-15,Kenya,Discount Stickers,Holographic Goose,20.0
42260,2011-04-15,Kenya,Stickers for Less,Holographic Goose,20.0
42265,2011-04-15,Kenya,Premium Sticker Mart,Holographic Goose,20.0
42300,2011-04-16,Canada,Discount Stickers,Holographic Goose,800.0
42345,2011-04-16,Kenya,Discount Stickers,Holographic Goose,20.0
42350,2011-04-16,Kenya,Stickers for Less,Holographic Goose,20.0
42355,2011-04-16,Kenya,Premium Sticker Mart,Holographic Goose,20.0
42390,2011-04-17,Canada,Discount Stickers,Holographic Goose,800.0
42435,2011-04-17,Kenya,Discount Stickers,Holographic Goose,20.0
42440,2011-04-17,Kenya,Stickers for Less,Holographic Goose,20.0
42480,2011-04-18,Canada,Discount Stickers,Holographic Goose,800.0
42525,2011-04-18,Kenya,Discount Stickers,Holographic Goose,20.0
42530,2011-04-18,Kenya,Stickers for Less,Holographic Goose,20.0
42535,2011-04-18,Kenya,Premium Sticker Mart,Holographic Goose,20.0
42570,2011-04-19,Canada,Discount Stickers,Holographic Goose,800.0
42615,2011-04-19,Kenya,Discount Stickers,Holographic Goose,20.0
42620,2011-04-19,Kenya,Stickers for Less,Holographic Goose,20.0
42625,2011-04-19,Kenya,Premium Sticker Mart,Holographic Goose,20.0
42660,2011-04-20,Canada,Discount Stickers,Holographic Goose,800.0
42705,2011-04-20,Kenya,Discount Stickers,Holographic Goose,20.0
42708,2011-04-20,Kenya,Discount Stickers,Kerneler,20.0
42710,2011-04-20,Kenya,Stickers for Less,Holographic Goose,20.0
42715,2011-04-20,Kenya,Premium Sticker Mart,Holographic Goose,20.0
42750,2011-04-21,Canada,Discount Stickers,Holographic Goose,800.0
42755,2011-04-21,Canada,Stickers for Less,Holographic Goose,800.0
42795,2011-04-21,Kenya,Discount Stickers,Holographic Goose,20.0
42800,2011-04-21,Kenya,Stickers for Less,Holographic Goose,20.0
42805,2011-04-21,Kenya,Premium Sticker Mart,Holographic Goose,20.0
42840,2011-04-22,Canada,Discount Stickers,Holographic Goose,800.0
42885,2011-04-22,Kenya,Discount Stickers,Holographic Goose,20.0
42890,2011-04-22,Kenya,Stickers for Less,Holographic Goose,20.0
42895,2011-04-22,Kenya,Premium Sticker Mart,Holographic Goose,20.0
42930,2011-04-23,Canada,Discount Stickers,Holographic Goose,800.0
42975,2011-04-23,Kenya,Discount Stickers,Holographic Goose,20.0
42980,2011-04-23,Kenya,Stickers for Less,Holographic Goose,20.0
43020,2011-04-24,Canada,Discount Stickers,Holographic Goose,800.0
43065,2011-04-24,Kenya,Discount Stickers,Holographic Goose,20.0
43070,2011-04-24,Kenya,Stickers for Less,Holographic Goose,20.0
43110,2011-04-25,Canada,Discount Stickers,Holographic Goose,800.0
43115,2011-04-25,Canada,Stickers for Less,Holographic Goose,800.0
43155,2011-04-25,Kenya,Discount Stickers,Holographic Goose,20.0
43160,2011-04-25,Kenya,Stickers for Less,Holographic Goose,20.0
43165,2011-04-25,Kenya,Premium Sticker Mart,Holographic Goose,20.0
43200,2011-04-26,Canada,Discount Stickers,Holographic Goose,800.0
43205,2011-04-26,Canada,Stickers for Less,Holographic Goose,800.0
43245,2011-04-26,Kenya,Discount Stickers,Holographic Goose,20.0
43250,2011-04-26,Kenya,Stickers for Less,Holographic Goose,20.0
43255,2011-04-26,Kenya,Premium Sticker Mart,Holographic Goose,20.0
43290,2011-04-27,Canada,Discount Stickers,Holographic Goose,800.0
43295,2011-04-27,Canada,Stickers for Less,Holographic Goose,800.0
43335,2011-04-27,Kenya,Discount Stickers,Holographic Goose,20.0
43340,2011-04-27,Kenya,Stickers for Less,Holographic Goose,20.0
43345,2011-04-27,Kenya,Premium Sticker Mart,Holographic Goose,20.0
43380,2011-04-28,Canada,Discount Stickers,Holographic Goose,800.0
43385,2011-04-28,Canada,Stickers for Less,Holographic Goose,800.0
43425,2011-04-28,Kenya,Discount Stickers,Holographic Goose,20.0
43430,2011-04-28,Kenya,Stickers for Less,Holographic Goose,20.0
43435,2011-04-28,Kenya,Premium Sticker Mart,Holographic Goose,20.0
43470,2011-04-29,Canada,Discount Stickers,Holographic Goose,800.0
43515,2011-04-29,Kenya,Discount Stickers,Holographic Goose,20.0
43520,2011-04-29,Kenya,Stickers for Less,Holographic Goose,20.0
43560,2011-04-30,Canada,Discount Stickers,Holographic Goose,800.0
43605,2011-04-30,Kenya,Discount Stickers,Holographic Goose,20.0
43610,2011-04-30,Kenya,Stickers for Less,Holographic Goose,20.0
43650,2011-05-01,Canada,Discount Stickers,Holographic Goose,800.0
43695,2011-05-01,Kenya,Discount Stickers,Holographic Goose,20.0
43740,2011-05-02,Canada,Discount Stickers,Holographic Goose,800.0
43785,2011-05-02,Kenya,Discount Stickers,Holographic Goose,20.0
43790,2011-05-02,Kenya,Stickers for Less,Holographic Goose,20.0
43795,2011-05-02,Kenya,Premium Sticker Mart,Holographic Goose,20.0
43830,2011-05-03,Canada,Discount Stickers,Holographic Goose,800.0
43835,2011-05-03,Canada,Stickers for Less,Holographic Goose,800.0
43875,2011-05-03,Kenya,Discount Stickers,Holographic Goose,20.0
43880,2011-05-03,Kenya,Stickers for Less,Holographic Goose,20.0
43885,2011-05-03,Kenya,Premium Sticker Mart,Holographic Goose,20.0
43920,2011-05-04,Canada,Discount Stickers,Holographic Goose,800.0
43925,2011-05-04,Canada,Stickers for Less,Holographic Goose,800.0
43965,2011-05-04,Kenya,Discount Stickers,Holographic Goose,20.0
43970,2011-05-04,Kenya,Stickers for Less,Holographic Goose,20.0
43975,2011-05-04,Kenya,Premium Sticker Mart,Holographic Goose,20.0
44010,2011-05-05,Canada,Discount Stickers,Holographic Goose,800.0
44015,2011-05-05,Canada,Stickers for Less,Holographic Goose,800.0
44055,2011-05-05,Kenya,Discount Stickers,Holographic Goose,20.0
44060,2011-05-05,Kenya,Stickers for Less,Holographic Goose,20.0
44065,2011-05-05,Kenya,Premium Sticker Mart,Holographic Goose,20.0
44100,2011-05-06,Canada,Discount Stickers,Holographic Goose,800.0
44105,2011-05-06,Canada,Stickers for Less,Holographic Goose,800.0
44145,2011-05-06,Kenya,Discount Stickers,Holographic Goose,20.0
44150,2011-05-06,Kenya,Stickers for Less,Holographic Goose,20.0
44190,2011-05-07,Canada,Discount Stickers,Holographic Goose,800.0
44235,2011-05-07,Kenya,Discount Stickers,Holographic Goose,20.0
44240,2011-05-07,Kenya,Stickers for Less,Holographic Goose,20.0
44280,2011-05-08,Canada,Discount Stickers,Holographic Goose,800.0
44325,2011-05-08,Kenya,Discount Stickers,Holographic Goose,20.0
44370,2011-05-09,Canada,Discount Stickers,Holographic Goose,800.0
44415,2011-05-09,Kenya,Discount Stickers,Holographic Goose,20.0
44420,2011-05-09,Kenya,Stickers for Less,Holographic Goose,20.0
44425,2011-05-09,Kenya,Premium Sticker Mart,Holographic Goose,20.0
44460,2011-05-10,Canada,Discount Stickers,Holographic Goose,800.0
44505,2011-05-10,Kenya,Discount Stickers,Holographic Goose,20.0
44510,2011-05-10,Kenya,Stickers for Less,Holographic Goose,20.0
44515,2011-05-10,Kenya,Premium Sticker Mart,Holographic Goose,20.0
44550,2011-05-11,Canada,Discount Stickers,Holographic Goose,800.0
44555,2011-05-11,Canada,Stickers for Less,Holographic Goose,800.0
44595,2011-05-11,Kenya,Discount Stickers,Holographic Goose,20.0
44600,2011-05-11,Kenya,Stickers for Less,Holographic Goose,20.0
44605,2011-05-11,Kenya,Premium Sticker Mart,Holographic Goose,20.0
44640,2011-05-12,Canada,Discount Stickers,Holographic Goose,800.0
44645,2011-05-12,Canada,Stickers for Less,Holographic Goose,800.0
44685,2011-05-12,Kenya,Discount Stickers,Holographic Goose,20.0
44690,2011-05-12,Kenya,Stickers for Less,Holographic Goose,20.0
44695,2011-05-12,Kenya,Premium Sticker Mart,Holographic Goose,20.0
44730,2011-05-13,Canada,Discount Stickers,Holographic Goose,800.0
44735,2011-05-13,Canada,Stickers for Less,Holographic Goose,800.0
44775,2011-05-13,Kenya,Discount Stickers,Holographic Goose,20.0
44780,2011-05-13,Kenya,Stickers for Less,Holographic Goose,20.0
44785,2011-05-13,Kenya,Premium Sticker Mart,Holographic Goose,20.0
44820,2011-05-14,Canada,Discount Stickers,Holographic Goose,800.0
44865,2011-05-14,Kenya,Discount Stickers,Holographic Goose,20.0
44870,2011-05-14,Kenya,Stickers for Less,Holographic Goose,20.0
44875,2011-05-14,Kenya,Premium Sticker Mart,Holographic Goose,20.0
44910,2011-05-15,Canada,Discount Stickers,Holographic Goose,800.0
44955,2011-05-15,Kenya,Discount Stickers,Holographic Goose,20.0
44960,2011-05-15,Kenya,Stickers for Less,Holographic Goose,20.0
44965,2011-05-15,Kenya,Premium Sticker Mart,Holographic Goose,20.0
45000,2011-05-16,Canada,Discount Stickers,Holographic Goose,800.0
45005,2011-05-16,Canada,Stickers for Less,Holographic Goose,800.0
45045,2011-05-16,Kenya,Discount Stickers,Holographic Goose,20.0
45048,2011-05-16,Kenya,Discount Stickers,Kerneler,20.0
45050,2011-05-16,Kenya,Stickers for Less,Holographic Goose,20.0
45055,2011-05-16,Kenya,Premium Sticker Mart,Holographic Goose,20.0
45090,2011-05-17,Canada,Discount Stickers,Holographic Goose,800.0
45095,2011-05-17,Canada,Stickers for Less,Holographic Goose,800.0
45135,2011-05-17,Kenya,Discount Stickers,Holographic Goose,20.0
45140,2011-05-17,Kenya,Stickers for Less,Holographic Goose,20.0
45145,2011-05-17,Kenya,Premium Sticker Mart,Holographic Goose,20.0
45180,2011-05-18,Canada,Discount Stickers,Holographic Goose,800.0
45185,2011-05-18,Canada,Stickers for Less,Holographic Goose,800.0
45225,2011-05-18,Kenya,Discount Stickers,Holographic Goose,20.0
45230,2011-05-18,Kenya,Stickers for Less,Holographic Goose,20.0
45235,2011-05-18,Kenya,Premium Sticker Mart,Holographic Goose,20.0
45270,2011-05-19,Canada,Discount Stickers,Holographic Goose,800.0
45275,2011-05-19,Canada,Stickers for Less,Holographic Goose,800.0
45315,2011-05-19,Kenya,Discount Stickers,Holographic Goose,20.0
45320,2011-05-19,Kenya,Stickers for Less,Holographic Goose,20.0
45325,2011-05-19,Kenya,Premium Sticker Mart,Holographic Goose,20.0
45360,2011-05-20,Canada,Discount Stickers,Holographic Goose,800.0
45405,2011-05-20,Kenya,Discount Stickers,Holographic Goose,20.0
45410,2011-05-20,Kenya,Stickers for Less,Holographic Goose,20.0
45415,2011-05-20,Kenya,Premium Sticker Mart,Holographic Goose,20.0
45450,2011-05-21,Canada,Discount Stickers,Holographic Goose,800.0
45455,2011-05-21,Canada,Stickers for Less,Holographic Goose,800.0
45495,2011-05-21,Kenya,Discount Stickers,Holographic Goose,20.0
45500,2011-05-21,Kenya,Stickers for Less,Holographic Goose,20.0
45505,2011-05-21,Kenya,Premium Sticker Mart,Holographic Goose,20.0
45540,2011-05-22,Canada,Discount Stickers,Holographic Goose,800.0
45585,2011-05-22,Kenya,Discount Stickers,Holographic Goose,20.0
45590,2011-05-22,Kenya,Stickers for Less,Holographic Goose,20.0
45630,2011-05-23,Canada,Discount Stickers,Holographic Goose,800.0
45635,2011-05-23,Canada,Stickers for Less,Holographic Goose,800.0
45675,2011-05-23,Kenya,Discount Stickers,Holographic Goose,20.0
45680,2011-05-23,Kenya,Stickers for Less,Holographic Goose,20.0
45685,2011-05-23,Kenya,Premium Sticker Mart,Holographic Goose,20.0
45720,2011-05-24,Canada,Discount Stickers,Holographic Goose,800.0
45725,2011-05-24,Canada,Stickers for Less,Holographic Goose,800.0
45765,2011-05-24,Kenya,Discount Stickers,Holographic Goose,20.0
45770,2011-05-24,Kenya,Stickers for Less,Holographic Goose,20.0
45775,2011-05-24,Kenya,Premium Sticker Mart,Holographic Goose,20.0
45810,2011-05-25,Canada,Discount Stickers,Holographic Goose,800.0
45815,2011-05-25,Canada,Stickers for Less,Holographic Goose,800.0
45855,2011-05-25,Kenya,Discount Stickers,Holographic Goose,20.0
45860,2011-05-25,Kenya,Stickers for Less,Holographic Goose,20.0
45865,2011-05-25,Kenya,Premium Sticker Mart,Holographic Goose,20.0
45900,2011-05-26,Canada,Discount Stickers,Holographic Goose,800.0
45905,2011-05-26,Canada,Stickers for Less,Holographic Goose,800.0
45945,2011-05-26,Kenya,Discount Stickers,Holographic Goose,20.0
45950,2011-05-26,Kenya,Stickers for Less,Holographic Goose,20.0
45955,2011-05-26,Kenya,Premium Sticker Mart,Holographic Goose,20.0
45990,2011-05-27,Canada,Discount Stickers,Holographic Goose,800.0
45995,2011-05-27,Canada,Stickers for Less,Holographic Goose,800.0
46035,2011-05-27,Kenya,Discount Stickers,Holographic Goose,20.0
46040,2011-05-27,Kenya,Stickers for Less,Holographic Goose,20.0
46045,2011-05-27,Kenya,Premium Sticker Mart,Holographic Goose,20.0
46080,2011-05-28,Canada,Discount Stickers,Holographic Goose,800.0
46085,2011-05-28,Canada,Stickers for Less,Holographic Goose,800.0
46125,2011-05-28,Kenya,Discount Stickers,Holographic Goose,20.0
46130,2011-05-28,Kenya,Stickers for Less,Holographic Goose,20.0
46135,2011-05-28,Kenya,Premium Sticker Mart,Holographic Goose,20.0
46170,2011-05-29,Canada,Discount Stickers,Holographic Goose,800.0
46215,2011-05-29,Kenya,Discount Stickers,Holographic Goose,20.0
46220,2011-05-29,Kenya,Stickers for Less,Holographic Goose,20.0
46225,2011-05-29,Kenya,Premium Sticker Mart,Holographic Goose,20.0
46260,2011-05-30,Canada,Discount Stickers,Holographic Goose,800.0
46265,2011-05-30,Canada,Stickers for Less,Holographic Goose,800.0
46305,2011-05-30,Kenya,Discount Stickers,Holographic Goose,20.0
46310,2011-05-30,Kenya,Stickers for Less,Holographic Goose,20.0
46315,2011-05-30,Kenya,Premium Sticker Mart,Holographic Goose,20.0
46350,2011-05-31,Canada,Discount Stickers,Holographic Goose,800.0
46355,2011-05-31,Canada,Stickers for Less,Holographic Goose,800.0
46395,2011-05-31,Kenya,Discount Stickers,Holographic Goose,20.0
46400,2011-05-31,Kenya,Stickers for Less,Holographic Goose,20.0
46405,2011-05-31,Kenya,Premium Sticker Mart,Holographic Goose,20.0
46440,2011-06-01,Canada,Discount Stickers,Holographic Goose,800.0
46445,2011-06-01,Canada,Stickers for Less,Holographic Goose,800.0
46485,2011-06-01,Kenya,Discount Stickers,Holographic Goose,20.0
46490,2011-06-01,Kenya,Stickers for Less,Holographic Goose,20.0
46495,2011-06-01,Kenya,Premium Sticker Mart,Holographic Goose,20.0
46530,2011-06-02,Canada,Discount Stickers,Holographic Goose,800.0
46535,2011-06-02,Canada,Stickers for Less,Holographic Goose,800.0
46575,2011-06-02,Kenya,Discount Stickers,Holographic Goose,20.0
46580,2011-06-02,Kenya,Stickers for Less,Holographic Goose,20.0
46585,2011-06-02,Kenya,Premium Sticker Mart,Holographic Goose,20.0
46620,2011-06-03,Canada,Discount Stickers,Holographic Goose,800.0
46625,2011-06-03,Canada,Stickers for Less,Holographic Goose,800.0
46665,2011-06-03,Kenya,Discount Stickers,Holographic Goose,20.0
46670,2011-06-03,Kenya,Stickers for Less,Holographic Goose,20.0
46675,2011-06-03,Kenya,Premium Sticker Mart,Holographic Goose,20.0
46710,2011-06-04,Canada,Discount Stickers,Holographic Goose,800.0
46715,2011-06-04,Canada,Stickers for Less,Holographic Goose,800.0
46755,2011-06-04,Kenya,Discount Stickers,Holographic Goose,20.0
46760,2011-06-04,Kenya,Stickers for Less,Holographic Goose,20.0
46765,2011-06-04,Kenya,Premium Sticker Mart,Holographic Goose,20.0
46800,2011-06-05,Canada,Discount Stickers,Holographic Goose,800.0
46845,2011-06-05,Kenya,Discount Stickers,Holographic Goose,20.0
46850,2011-06-05,Kenya,Stickers for Less,Holographic Goose,20.0
46890,2011-06-06,Canada,Discount Stickers,Holographic Goose,800.0
46895,2011-06-06,Canada,Stickers for Less,Holographic Goose,800.0
46935,2011-06-06,Kenya,Discount Stickers,Holographic Goose,20.0
46940,2011-06-06,Kenya,Stickers for Less,Holographic Goose,20.0
46945,2011-06-06,Kenya,Premium Sticker Mart,Holographic Goose,20.0
46980,2011-06-07,Canada,Discount Stickers,Holographic Goose,800.0
46985,2011-06-07,Canada,Stickers for Less,Holographic Goose,800.0
47025,2011-06-07,Kenya,Discount Stickers,Holographic Goose,20.0
47030,2011-06-07,Kenya,Stickers for Less,Holographic Goose,20.0
47035,2011-06-07,Kenya,Premium Sticker Mart,Holographic Goose,20.0
47070,2011-06-08,Canada,Discount Stickers,Holographic Goose,800.0
47075,2011-06-08,Canada,Stickers for Less,Holographic Goose,800.0
47115,2011-06-08,Kenya,Discount Stickers,Holographic Goose,20.0
47120,2011-06-08,Kenya,Stickers for Less,Holographic Goose,20.0
47125,2011-06-08,Kenya,Premium Sticker Mart,Holographic Goose,20.0
47160,2011-06-09,Canada,Discount Stickers,Holographic Goose,800.0
47165,2011-06-09,Canada,Stickers for Less,Holographic Goose,800.0
47205,2011-06-09,Kenya,Discount Stickers,Holographic Goose,20.0
47210,2011-06-09,Kenya,Stickers for Less,Holographic Goose,20.0
47215,2011-06-09,Kenya,Premium Sticker Mart,Holographic Goose,20.0
47250,2011-06-10,Canada,Discount Stickers,Holographic Goose,800.0
47295,2011-06-10,Kenya,Discount Stickers,Holographic Goose,20.0
47300,2011-06-10,Kenya,Stickers for Less,Holographic Goose,20.0
47305,2011-06-10,Kenya,Premium Sticker Mart,Holographic Goose,20.0
47340,2011-06-11,Canada,Discount Stickers,Holographic Goose,800.0
47345,2011-06-11,Canada,Stickers for Less,Holographic Goose,800.0
47385,2011-06-11,Kenya,Discount Stickers,Holographic Goose,20.0
47390,2011-06-11,Kenya,Stickers for Less,Holographic Goose,20.0
47395,2011-06-11,Kenya,Premium Sticker Mart,Holographic Goose,20.0
47430,2011-06-12,Canada,Discount Stickers,Holographic Goose,800.0
47475,2011-06-12,Kenya,Discount Stickers,Holographic Goose,20.0
47480,2011-06-12,Kenya,Stickers for Less,Holographic Goose,20.0
47485,2011-06-12,Kenya,Premium Sticker Mart,Holographic Goose,20.0
47520,2011-06-13,Canada,Discount Stickers,Holographic Goose,800.0
47525,2011-06-13,Canada,Stickers for Less,Holographic Goose,800.0
47565,2011-06-13,Kenya,Discount Stickers,Holographic Goose,20.0
47570,2011-06-13,Kenya,Stickers for Less,Holographic Goose,20.0
47575,2011-06-13,Kenya,Premium Sticker Mart,Holographic Goose,20.0
47610,2011-06-14,Canada,Discount Stickers,Holographic Goose,800.0
47615,2011-06-14,Canada,Stickers for Less,Holographic Goose,800.0
47620,2011-06-14,Canada,Premium Sticker Mart,Holographic Goose,800.0
47655,2011-06-14,Kenya,Discount Stickers,Holographic Goose,20.0
47660,2011-06-14,Kenya,Stickers for Less,Holographic Goose,20.0
47665,2011-06-14,Kenya,Premium Sticker Mart,Holographic Goose,20.0
47700,2011-06-15,Canada,Discount Stickers,Holographic Goose,800.0
47705,2011-06-15,Canada,Stickers for Less,Holographic Goose,800.0
47710,2011-06-15,Canada,Premium Sticker Mart,Holographic Goose,800.0
47745,2011-06-15,Kenya,Discount Stickers,Holographic Goose,20.0
47750,2011-06-15,Kenya,Stickers for Less,Holographic Goose,20.0
47755,2011-06-15,Kenya,Premium Sticker Mart,Holographic Goose,20.0
47790,2011-06-16,Canada,Discount Stickers,Holographic Goose,800.0
47795,2011-06-16,Canada,Stickers for Less,Holographic Goose,800.0
47835,2011-06-16,Kenya,Discount Stickers,Holographic Goose,20.0
47840,2011-06-16,Kenya,Stickers for Less,Holographic Goose,20.0
47845,2011-06-16,Kenya,Premium Sticker Mart,Holographic Goose,20.0
47880,2011-06-17,Canada,Discount Stickers,Holographic Goose,800.0
47885,2011-06-17,Canada,Stickers for Less,Holographic Goose,800.0
47925,2011-06-17,Kenya,Discount Stickers,Holographic Goose,20.0
47930,2011-06-17,Kenya,Stickers for Less,Holographic Goose,20.0
47935,2011-06-17,Kenya,Premium Sticker Mart,Holographic Goose,20.0
47970,2011-06-18,Canada,Discount Stickers,Holographic Goose,800.0
48015,2011-06-18,Kenya,Discount Stickers,Holographic Goose,20.0
48020,2011-06-18,Kenya,Stickers for Less,Holographic Goose,20.0
48025,2011-06-18,Kenya,Premium Sticker Mart,Holographic Goose,20.0
48060,2011-06-19,Canada,Discount Stickers,Holographic Goose,800.0
48105,2011-06-19,Kenya,Discount Stickers,Holographic Goose,20.0
48110,2011-06-19,Kenya,Stickers for Less,Holographic Goose,20.0
48115,2011-06-19,Kenya,Premium Sticker Mart,Holographic Goose,20.0
48150,2011-06-20,Canada,Discount Stickers,Holographic Goose,800.0
48155,2011-06-20,Canada,Stickers for Less,Holographic Goose,800.0
48195,2011-06-20,Kenya,Discount Stickers,Holographic Goose,20.0
48200,2011-06-20,Kenya,Stickers for Less,Holographic Goose,20.0
48205,2011-06-20,Kenya,Premium Sticker Mart,Holographic Goose,20.0
48240,2011-06-21,Canada,Discount Stickers,Holographic Goose,800.0
48245,2011-06-21,Canada,Stickers for Less,Holographic Goose,800.0
48285,2011-06-21,Kenya,Discount Stickers,Holographic Goose,20.0
48290,2011-06-21,Kenya,Stickers for Less,Holographic Goose,20.0
48295,2011-06-21,Kenya,Premium Sticker Mart,Holographic Goose,20.0
48330,2011-06-22,Canada,Discount Stickers,Holographic Goose,800.0
48335,2011-06-22,Canada,Stickers for Less,Holographic Goose,800.0
48375,2011-06-22,Kenya,Discount Stickers,Holographic Goose,20.0
48380,2011-06-22,Kenya,Stickers for Less,Holographic Goose,20.0
48385,2011-06-22,Kenya,Premium Sticker Mart,Holographic Goose,20.0
48420,2011-06-23,Canada,Discount Stickers,Holographic Goose,800.0
48425,2011-06-23,Canada,Stickers for Less,Holographic Goose,800.0
48430,2011-06-23,Canada,Premium Sticker Mart,Holographic Goose,800.0
48465,2011-06-23,Kenya,Discount Stickers,Holographic Goose,20.0
48470,2011-06-23,Kenya,Stickers for Less,Holographic Goose,20.0
48475,2011-06-23,Kenya,Premium Sticker Mart,Holographic Goose,20.0
48510,2011-06-24,Canada,Discount Stickers,Holographic Goose,800.0
48515,2011-06-24,Canada,Stickers for Less,Holographic Goose,800.0
48555,2011-06-24,Kenya,Discount Stickers,Holographic Goose,20.0
48560,2011-06-24,Kenya,Stickers for Less,Holographic Goose,20.0
48565,2011-06-24,Kenya,Premium Sticker Mart,Holographic Goose,20.0
48600,2011-06-25,Canada,Discount Stickers,Holographic Goose,800.0
48605,2011-06-25,Canada,Stickers for Less,Holographic Goose,800.0
48645,2011-06-25,Kenya,Discount Stickers,Holographic Goose,20.0
48650,2011-06-25,Kenya,Stickers for Less,Holographic Goose,20.0
48655,2011-06-25,Kenya,Premium Sticker Mart,Holographic Goose,20.0
48690,2011-06-26,Canada,Discount Stickers,Holographic Goose,800.0
48735,2011-06-26,Kenya,Discount Stickers,Holographic Goose,20.0
48740,2011-06-26,Kenya,Stickers for Less,Holographic Goose,20.0
48745,2011-06-26,Kenya,Premium Sticker Mart,Holographic Goose,20.0
48780,2011-06-27,Canada,Discount Stickers,Holographic Goose,800.0
48785,2011-06-27,Canada,Stickers for Less,Holographic Goose,800.0
48825,2011-06-27,Kenya,Discount Stickers,Holographic Goose,20.0
48830,2011-06-27,Kenya,Stickers for Less,Holographic Goose,20.0
48835,2011-06-27,Kenya,Premium Sticker Mart,Holographic Goose,20.0
48870,2011-06-28,Canada,Discount Stickers,Holographic Goose,800.0
48875,2011-06-28,Canada,Stickers for Less,Holographic Goose,800.0
48915,2011-06-28,Kenya,Discount Stickers,Holographic Goose,20.0
48920,2011-06-28,Kenya,Stickers for Less,Holographic Goose,20.0
48925,2011-06-28,Kenya,Premium Sticker Mart,Holographic Goose,20.0
48960,2011-06-29,Canada,Discount Stickers,Holographic Goose,800.0
48965,2011-06-29,Canada,Stickers for Less,Holographic Goose,800.0
49005,2011-06-29,Kenya,Discount Stickers,Holographic Goose,20.0
49010,2011-06-29,Kenya,Stickers for Less,Holographic Goose,20.0
49015,2011-06-29,Kenya,Premium Sticker Mart,Holographic Goose,20.0
49050,2011-06-30,Canada,Discount Stickers,Holographic Goose,800.0
49055,2011-06-30,Canada,Stickers for Less,Holographic Goose,800.0
49095,2011-06-30,Kenya,Discount Stickers,Holographic Goose,20.0
49100,2011-06-30,Kenya,Stickers for Less,Holographic Goose,20.0
49105,2011-06-30,Kenya,Premium Sticker Mart,Holographic Goose,20.0
49140,2011-07-01,Canada,Discount Stickers,Holographic Goose,800.0
49145,2011-07-01,Canada,Stickers for Less,Holographic Goose,800.0
49185,2011-07-01,Kenya,Discount Stickers,Holographic Goose,20.0
49190,2011-07-01,Kenya,Stickers for Less,Holographic Goose,20.0
49195,2011-07-01,Kenya,Premium Sticker Mart,Holographic Goose,20.0
49230,2011-07-02,Canada,Discount Stickers,Holographic Goose,800.0
49275,2011-07-02,Kenya,Discount Stickers,Holographic Goose,20.0
49280,2011-07-02,Kenya,Stickers for Less,Holographic Goose,20.0
49285,2011-07-02,Kenya,Premium Sticker Mart,Holographic Goose,20.0
49320,2011-07-03,Canada,Discount Stickers,Holographic Goose,800.0
49365,2011-07-03,Kenya,Discount Stickers,Holographic Goose,20.0
49370,2011-07-03,Kenya,Stickers for Less,Holographic Goose,20.0
49375,2011-07-03,Kenya,Premium Sticker Mart,Holographic Goose,20.0
49410,2011-07-04,Canada,Discount Stickers,Holographic Goose,800.0
49415,2011-07-04,Canada,Stickers for Less,Holographic Goose,800.0
49455,2011-07-04,Kenya,Discount Stickers,Holographic Goose,20.0
49460,2011-07-04,Kenya,Stickers for Less,Holographic Goose,20.0
49465,2011-07-04,Kenya,Premium Sticker Mart,Holographic Goose,20.0
49500,2011-07-05,Canada,Discount Stickers,Holographic Goose,800.0
49505,2011-07-05,Canada,Stickers for Less,Holographic Goose,800.0
49545,2011-07-05,Kenya,Discount Stickers,Holographic Goose,20.0
49550,2011-07-05,Kenya,Stickers for Less,Holographic Goose,20.0
49555,2011-07-05,Kenya,Premium Sticker Mart,Holographic Goose,20.0
49590,2011-07-06,Canada,Discount Stickers,Holographic Goose,800.0
49595,2011-07-06,Canada,Stickers for Less,Holographic Goose,800.0
49635,2011-07-06,Kenya,Discount Stickers,Holographic Goose,20.0
49640,2011-07-06,Kenya,Stickers for Less,Holographic Goose,20.0
49645,2011-07-06,Kenya,Premium Sticker Mart,Holographic Goose,20.0
49680,2011-07-07,Canada,Discount Stickers,Holographic Goose,800.0
49685,2011-07-07,Canada,Stickers for Less,Holographic Goose,800.0
49725,2011-07-07,Kenya,Discount Stickers,Holographic Goose,20.0
49730,2011-07-07,Kenya,Stickers for Less,Holographic Goose,20.0
49735,2011-07-07,Kenya,Premium Sticker Mart,Holographic Goose,20.0
49770,2011-07-08,Canada,Discount Stickers,Holographic Goose,800.0
49775,2011-07-08,Canada,Stickers for Less,Holographic Goose,800.0
49815,2011-07-08,Kenya,Discount Stickers,Holographic Goose,20.0
49820,2011-07-08,Kenya,Stickers for Less,Holographic Goose,20.0
49825,2011-07-08,Kenya,Premium Sticker Mart,Holographic Goose,20.0
49860,2011-07-09,Canada,Discount Stickers,Holographic Goose,800.0
49865,2011-07-09,Canada,Stickers for Less,Holographic Goose,800.0
49905,2011-07-09,Kenya,Discount Stickers,Holographic Goose,20.0
49910,2011-07-09,Kenya,Stickers for Less,Holographic Goose,20.0
49915,2011-07-09,Kenya,Premium Sticker Mart,Holographic Goose,20.0
49950,2011-07-10,Canada,Discount Stickers,Holographic Goose,800.0
49995,2011-07-10,Kenya,Discount Stickers,Holographic Goose,20.0
50000,2011-07-10,Kenya,Stickers for Less,Holographic Goose,20.0
50040,2011-07-11,Canada,Discount Stickers,Holographic Goose,800.0
50045,2011-07-11,Canada,Stickers for Less,Holographic Goose,800.0
50085,2011-07-11,Kenya,Discount Stickers,Holographic Goose,20.0
50090,2011-07-11,Kenya,Stickers for Less,Holographic Goose,20.0
50095,2011-07-11,Kenya,Premium Sticker Mart,Holographic Goose,20.0
50130,2011-07-12,Canada,Discount Stickers,Holographic Goose,800.0
50135,2011-07-12,Canada,Stickers for Less,Holographic Goose,800.0
50175,2011-07-12,Kenya,Discount Stickers,Holographic Goose,20.0
50180,2011-07-12,Kenya,Stickers for Less,Holographic Goose,20.0
50185,2011-07-12,Kenya,Premium Sticker Mart,Holographic Goose,20.0
50220,2011-07-13,Canada,Discount Stickers,Holographic Goose,800.0
50225,2011-07-13,Canada,Stickers for Less,Holographic Goose,800.0
50265,2011-07-13,Kenya,Discount Stickers,Holographic Goose,20.0
50270,2011-07-13,Kenya,Stickers for Less,Holographic Goose,20.0
50275,2011-07-13,Kenya,Premium Sticker Mart,Holographic Goose,20.0
50310,2011-07-14,Canada,Discount Stickers,Holographic Goose,800.0
50315,2011-07-14,Canada,Stickers for Less,Holographic Goose,800.0
50355,2011-07-14,Kenya,Discount Stickers,Holographic Goose,20.0
50360,2011-07-14,Kenya,Stickers for Less,Holographic Goose,20.0
50365,2011-07-14,Kenya,Premium Sticker Mart,Holographic Goose,20.0
50400,2011-07-15,Canada,Discount Stickers,Holographic Goose,800.0
50445,2011-07-15,Kenya,Discount Stickers,Holographic Goose,20.0
50450,2011-07-15,Kenya,Stickers for Less,Holographic Goose,20.0
50455,2011-07-15,Kenya,Premium Sticker Mart,Holographic Goose,20.0
50490,2011-07-16,Canada,Discount Stickers,Holographic Goose,800.0
50495,2011-07-16,Canada,Stickers for Less,Holographic Goose,800.0
50535,2011-07-16,Kenya,Discount Stickers,Holographic Goose,20.0
50540,2011-07-16,Kenya,Stickers for Less,Holographic Goose,20.0
50545,2011-07-16,Kenya,Premium Sticker Mart,Holographic Goose,20.0
50580,2011-07-17,Canada,Discount Stickers,Holographic Goose,800.0
50625,2011-07-17,Kenya,Discount Stickers,Holographic Goose,20.0
50630,2011-07-17,Kenya,Stickers for Less,Holographic Goose,20.0
50670,2011-07-18,Canada,Discount Stickers,Holographic Goose,800.0
50675,2011-07-18,Canada,Stickers for Less,Holographic Goose,800.0
50715,2011-07-18,Kenya,Discount Stickers,Holographic Goose,20.0
50720,2011-07-18,Kenya,Stickers for Less,Holographic Goose,20.0
50725,2011-07-18,Kenya,Premium Sticker Mart,Holographic Goose,20.0
50760,2011-07-19,Canada,Discount Stickers,Holographic Goose,800.0
50765,2011-07-19,Canada,Stickers for Less,Holographic Goose,800.0
50805,2011-07-19,Kenya,Discount Stickers,Holographic Goose,20.0
50810,2011-07-19,Kenya,Stickers for Less,Holographic Goose,20.0
50815,2011-07-19,Kenya,Premium Sticker Mart,Holographic Goose,20.0
50850,2011-07-20,Canada,Discount Stickers,Holographic Goose,800.0
50855,2011-07-20,Canada,Stickers for Less,Holographic Goose,800.0
50895,2011-07-20,Kenya,Discount Stickers,Holographic Goose,20.0
50900,2011-07-20,Kenya,Stickers for Less,Holographic Goose,20.0
50905,2011-07-20,Kenya,Premium Sticker Mart,Holographic Goose,20.0
50940,2011-07-21,Canada,Discount Stickers,Holographic Goose,800.0
50945,2011-07-21,Canada,Stickers for Less,Holographic Goose,800.0
50985,2011-07-21,Kenya,Discount Stickers,Holographic Goose,20.0
50990,2011-07-21,Kenya,Stickers for Less,Holographic Goose,20.0
50995,2011-07-21,Kenya,Premium Sticker Mart,Holographic Goose,20.0
51030,2011-07-22,Canada,Discount Stickers,Holographic Goose,800.0
51075,2011-07-22,Kenya,Discount Stickers,Holographic Goose,20.0
51080,2011-07-22,Kenya,Stickers for Less,Holographic Goose,20.0
51085,2011-07-22,Kenya,Premium Sticker Mart,Holographic Goose,20.0
51120,2011-07-23,Canada,Discount Stickers,Holographic Goose,800.0
51165,2011-07-23,Kenya,Discount Stickers,Holographic Goose,20.0
51170,2011-07-23,Kenya,Stickers for Less,Holographic Goose,20.0
51175,2011-07-23,Kenya,Premium Sticker Mart,Holographic Goose,20.0
51210,2011-07-24,Canada,Discount Stickers,Holographic Goose,800.0
51255,2011-07-24,Kenya,Discount Stickers,Holographic Goose,20.0
51260,2011-07-24,Kenya,Stickers for Less,Holographic Goose,20.0
51300,2011-07-25,Canada,Discount Stickers,Holographic Goose,800.0
51305,2011-07-25,Canada,Stickers for Less,Holographic Goose,800.0
51345,2011-07-25,Kenya,Discount Stickers,Holographic Goose,20.0
51350,2011-07-25,Kenya,Stickers for Less,Holographic Goose,20.0
51355,2011-07-25,Kenya,Premium Sticker Mart,Holographic Goose,20.0
51390,2011-07-26,Canada,Discount Stickers,Holographic Goose,800.0
51395,2011-07-26,Canada,Stickers for Less,Holographic Goose,800.0
51435,2011-07-26,Kenya,Discount Stickers,Holographic Goose,20.0
51440,2011-07-26,Kenya,Stickers for Less,Holographic Goose,20.0
51445,2011-07-26,Kenya,Premium Sticker Mart,Holographic Goose,20.0
51480,2011-07-27,Canada,Discount Stickers,Holographic Goose,800.0
51485,2011-07-27,Canada,Stickers for Less,Holographic Goose,800.0
51525,2011-07-27,Kenya,Discount Stickers,Holographic Goose,20.0
51530,2011-07-27,Kenya,Stickers for Less,Holographic Goose,20.0
51535,2011-07-27,Kenya,Premium Sticker Mart,Holographic Goose,20.0
51570,2011-07-28,Canada,Discount Stickers,Holographic Goose,800.0
51575,2011-07-28,Canada,Stickers for Less,Holographic Goose,800.0
51615,2011-07-28,Kenya,Discount Stickers,Holographic Goose,20.0
51620,2011-07-28,Kenya,Stickers for Less,Holographic Goose,20.0
51625,2011-07-28,Kenya,Premium Sticker Mart,Holographic Goose,20.0
51660,2011-07-29,Canada,Discount Stickers,Holographic Goose,800.0
51705,2011-07-29,Kenya,Discount Stickers,Holographic Goose,20.0
51710,2011-07-29,Kenya,Stickers for Less,Holographic Goose,20.0
51715,2011-07-29,Kenya,Premium Sticker Mart,Holographic Goose,20.0
51750,2011-07-30,Canada,Discount Stickers,Holographic Goose,800.0
51795,2011-07-30,Kenya,Discount Stickers,Holographic Goose,20.0
51800,2011-07-30,Kenya,Stickers for Less,Holographic Goose,20.0
51805,2011-07-30,Kenya,Premium Sticker Mart,Holographic Goose,20.0
51840,2011-07-31,Canada,Discount Stickers,Holographic Goose,800.0
51885,2011-07-31,Kenya,Discount Stickers,Holographic Goose,20.0
51890,2011-07-31,Kenya,Stickers for Less,Holographic Goose,20.0
51930,2011-08-01,Canada,Discount Stickers,Holographic Goose,800.0
51935,2011-08-01,Canada,Stickers for Less,Holographic Goose,800.0
51975,2011-08-01,Kenya,Discount Stickers,Holographic Goose,20.0
51980,2011-08-01,Kenya,Stickers for Less,Holographic Goose,20.0
51985,2011-08-01,Kenya,Premium Sticker Mart,Holographic Goose,20.0
52020,2011-08-02,Canada,Discount Stickers,Holographic Goose,800.0
52025,2011-08-02,Canada,Stickers for Less,Holographic Goose,800.0
52065,2011-08-02,Kenya,Discount Stickers,Holographic Goose,20.0
52070,2011-08-02,Kenya,Stickers for Less,Holographic Goose,20.0
52075,2011-08-02,Kenya,Premium Sticker Mart,Holographic Goose,20.0
52110,2011-08-03,Canada,Discount Stickers,Holographic Goose,800.0
52115,2011-08-03,Canada,Stickers for Less,Holographic Goose,800.0
52155,2011-08-03,Kenya,Discount Stickers,Holographic Goose,20.0
52160,2011-08-03,Kenya,Stickers for Less,Holographic Goose,20.0
52165,2011-08-03,Kenya,Premium Sticker Mart,Holographic Goose,20.0
52200,2011-08-04,Canada,Discount Stickers,Holographic Goose,800.0
52205,2011-08-04,Canada,Stickers for Less,Holographic Goose,800.0
52245,2011-08-04,Kenya,Discount Stickers,Holographic Goose,20.0
52250,2011-08-04,Kenya,Stickers for Less,Holographic Goose,20.0
52255,2011-08-04,Kenya,Premium Sticker Mart,Holographic Goose,20.0
52290,2011-08-05,Canada,Discount Stickers,Holographic Goose,800.0
52295,2011-08-05,Canada,Stickers for Less,Holographic Goose,800.0
52335,2011-08-05,Kenya,Discount Stickers,Holographic Goose,20.0
52340,2011-08-05,Kenya,Stickers for Less,Holographic Goose,20.0
52345,2011-08-05,Kenya,Premium Sticker Mart,Holographic Goose,20.0
52380,2011-08-06,Canada,Discount Stickers,Holographic Goose,800.0
52425,2011-08-06,Kenya,Discount Stickers,Holographic Goose,20.0
52430,2011-08-06,Kenya,Stickers for Less,Holographic Goose,20.0
52435,2011-08-06,Kenya,Premium Sticker Mart,Holographic Goose,20.0
52470,2011-08-07,Canada,Discount Stickers,Holographic Goose,800.0
52515,2011-08-07,Kenya,Discount Stickers,Holographic Goose,20.0
52520,2011-08-07,Kenya,Stickers for Less,Holographic Goose,20.0
52560,2011-08-08,Canada,Discount Stickers,Holographic Goose,800.0
52565,2011-08-08,Canada,Stickers for Less,Holographic Goose,800.0
52605,2011-08-08,Kenya,Discount Stickers,Holographic Goose,20.0
52610,2011-08-08,Kenya,Stickers for Less,Holographic Goose,20.0
52615,2011-08-08,Kenya,Premium Sticker Mart,Holographic Goose,20.0
52650,2011-08-09,Canada,Discount Stickers,Holographic Goose,800.0
52655,2011-08-09,Canada,Stickers for Less,Holographic Goose,800.0
52695,2011-08-09,Kenya,Discount Stickers,Holographic Goose,20.0
52700,2011-08-09,Kenya,Stickers for Less,Holographic Goose,20.0
52705,2011-08-09,Kenya,Premium Sticker Mart,Holographic Goose,20.0
52740,2011-08-10,Canada,Discount Stickers,Holographic Goose,800.0
52745,2011-08-10,Canada,Stickers for Less,Holographic Goose,800.0
52785,2011-08-10,Kenya,Discount Stickers,Holographic Goose,20.0
52790,2011-08-10,Kenya,Stickers for Less,Holographic Goose,20.0
52795,2011-08-10,Kenya,Premium Sticker Mart,Holographic Goose,20.0
52830,2011-08-11,Canada,Discount Stickers,Holographic Goose,800.0
52835,2011-08-11,Canada,Stickers for Less,Holographic Goose,800.0
52875,2011-08-11,Kenya,Discount Stickers,Holographic Goose,20.0
52880,2011-08-11,Kenya,Stickers for Less,Holographic Goose,20.0
52885,2011-08-11,Kenya,Premium Sticker Mart,Holographic Goose,20.0
52920,2011-08-12,Canada,Discount Stickers,Holographic Goose,800.0
52965,2011-08-12,Kenya,Discount Stickers,Holographic Goose,20.0
52970,2011-08-12,Kenya,Stickers for Less,Holographic Goose,20.0
52975,2011-08-12,Kenya,Premium Sticker Mart,Holographic Goose,20.0
53010,2011-08-13,Canada,Discount Stickers,Holographic Goose,800.0
53015,2011-08-13,Canada,Stickers for Less,Holographic Goose,800.0
53055,2011-08-13,Kenya,Discount Stickers,Holographic Goose,20.0
53060,2011-08-13,Kenya,Stickers for Less,Holographic Goose,20.0
53065,2011-08-13,Kenya,Premium Sticker Mart,Holographic Goose,20.0
53100,2011-08-14,Canada,Discount Stickers,Holographic Goose,800.0
53145,2011-08-14,Kenya,Discount Stickers,Holographic Goose,20.0
53150,2011-08-14,Kenya,Stickers for Less,Holographic Goose,20.0
53155,2011-08-14,Kenya,Premium Sticker Mart,Holographic Goose,20.0
53190,2011-08-15,Canada,Discount Stickers,Holographic Goose,800.0
53195,2011-08-15,Canada,Stickers for Less,Holographic Goose,800.0
53235,2011-08-15,Kenya,Discount Stickers,Holographic Goose,20.0
53240,2011-08-15,Kenya,Stickers for Less,Holographic Goose,20.0
53245,2011-08-15,Kenya,Premium Sticker Mart,Holographic Goose,20.0
53280,2011-08-16,Canada,Discount Stickers,Holographic Goose,800.0
53285,2011-08-16,Canada,Stickers for Less,Holographic Goose,800.0
53325,2011-08-16,Kenya,Discount Stickers,Holographic Goose,20.0
53330,2011-08-16,Kenya,Stickers for Less,Holographic Goose,20.0
53335,2011-08-16,Kenya,Premium Sticker Mart,Holographic Goose,20.0
53370,2011-08-17,Canada,Discount Stickers,Holographic Goose,800.0
53375,2011-08-17,Canada,Stickers for Less,Holographic Goose,800.0
53415,2011-08-17,Kenya,Discount Stickers,Holographic Goose,20.0
53420,2011-08-17,Kenya,Stickers for Less,Holographic Goose,20.0
53425,2011-08-17,Kenya,Premium Sticker Mart,Holographic Goose,20.0
53460,2011-08-18,Canada,Discount Stickers,Holographic Goose,800.0
53465,2011-08-18,Canada,Stickers for Less,Holographic Goose,800.0
53505,2011-08-18,Kenya,Discount Stickers,Holographic Goose,20.0
53510,2011-08-18,Kenya,Stickers for Less,Holographic Goose,20.0
53515,2011-08-18,Kenya,Premium Sticker Mart,Holographic Goose,20.0
53550,2011-08-19,Canada,Discount Stickers,Holographic Goose,800.0
53555,2011-08-19,Canada,Stickers for Less,Holographic Goose,800.0
53595,2011-08-19,Kenya,Discount Stickers,Holographic Goose,20.0
53600,2011-08-19,Kenya,Stickers for Less,Holographic Goose,20.0
53605,2011-08-19,Kenya,Premium Sticker Mart,Holographic Goose,20.0
53640,2011-08-20,Canada,Discount Stickers,Holographic Goose,800.0
53685,2011-08-20,Kenya,Discount Stickers,Holographic Goose,20.0
53690,2011-08-20,Kenya,Stickers for Less,Holographic Goose,20.0
53695,2011-08-20,Kenya,Premium Sticker Mart,Holographic Goose,20.0
53730,2011-08-21,Canada,Discount Stickers,Holographic Goose,800.0
53775,2011-08-21,Kenya,Discount Stickers,Holographic Goose,20.0
53780,2011-08-21,Kenya,Stickers for Less,Holographic Goose,20.0
53785,2011-08-21,Kenya,Premium Sticker Mart,Holographic Goose,20.0
53820,2011-08-22,Canada,Discount Stickers,Holographic Goose,800.0
53865,2011-08-22,Kenya,Discount Stickers,Holographic Goose,20.0
53870,2011-08-22,Kenya,Stickers for Less,Holographic Goose,20.0
53875,2011-08-22,Kenya,Premium Sticker Mart,Holographic Goose,20.0
53910,2011-08-23,Canada,Discount Stickers,Holographic Goose,800.0
53915,2011-08-23,Canada,Stickers for Less,Holographic Goose,800.0
53955,2011-08-23,Kenya,Discount Stickers,Holographic Goose,20.0
53960,2011-08-23,Kenya,Stickers for Less,Holographic Goose,20.0
53965,2011-08-23,Kenya,Premium Sticker Mart,Holographic Goose,20.0
54000,2011-08-24,Canada,Discount Stickers,Holographic Goose,800.0
54005,2011-08-24,Canada,Stickers for Less,Holographic Goose,800.0
54045,2011-08-24,Kenya,Discount Stickers,Holographic Goose,20.0
54050,2011-08-24,Kenya,Stickers for Less,Holographic Goose,20.0
54055,2011-08-24,Kenya,Premium Sticker Mart,Holographic Goose,20.0
54090,2011-08-25,Canada,Discount Stickers,Holographic Goose,800.0
54095,2011-08-25,Canada,Stickers for Less,Holographic Goose,800.0
54135,2011-08-25,Kenya,Discount Stickers,Holographic Goose,20.0
54140,2011-08-25,Kenya,Stickers for Less,Holographic Goose,20.0
54145,2011-08-25,Kenya,Premium Sticker Mart,Holographic Goose,20.0
54180,2011-08-26,Canada,Discount Stickers,Holographic Goose,800.0
54225,2011-08-26,Kenya,Discount Stickers,Holographic Goose,20.0
54230,2011-08-26,Kenya,Stickers for Less,Holographic Goose,20.0
54235,2011-08-26,Kenya,Premium Sticker Mart,Holographic Goose,20.0
54270,2011-08-27,Canada,Discount Stickers,Holographic Goose,800.0
54315,2011-08-27,Kenya,Discount Stickers,Holographic Goose,20.0
54320,2011-08-27,Kenya,Stickers for Less,Holographic Goose,20.0
54325,2011-08-27,Kenya,Premium Sticker Mart,Holographic Goose,20.0
54360,2011-08-28,Canada,Discount Stickers,Holographic Goose,800.0
54405,2011-08-28,Kenya,Discount Stickers,Holographic Goose,20.0
54410,2011-08-28,Kenya,Stickers for Less,Holographic Goose,20.0
54450,2011-08-29,Canada,Discount Stickers,Holographic Goose,800.0
54455,2011-08-29,Canada,Stickers for Less,Holographic Goose,800.0
54495,2011-08-29,Kenya,Discount Stickers,Holographic Goose,20.0
54500,2011-08-29,Kenya,Stickers for Less,Holographic Goose,20.0
54505,2011-08-29,Kenya,Premium Sticker Mart,Holographic Goose,20.0
54540,2011-08-30,Canada,Discount Stickers,Holographic Goose,800.0
54545,2011-08-30,Canada,Stickers for Less,Holographic Goose,800.0
54585,2011-08-30,Kenya,Discount Stickers,Holographic Goose,20.0
54590,2011-08-30,Kenya,Stickers for Less,Holographic Goose,20.0
54595,2011-08-30,Kenya,Premium Sticker Mart,Holographic Goose,20.0
54630,2011-08-31,Canada,Discount Stickers,Holographic Goose,800.0
54635,2011-08-31,Canada,Stickers for Less,Holographic Goose,800.0
54675,2011-08-31,Kenya,Discount Stickers,Holographic Goose,20.0
54680,2011-08-31,Kenya,Stickers for Less,Holographic Goose,20.0
54685,2011-08-31,Kenya,Premium Sticker Mart,Holographic Goose,20.0
54720,2011-09-01,Canada,Discount Stickers,Holographic Goose,800.0
54725,2011-09-01,Canada,Stickers for Less,Holographic Goose,800.0
54765,2011-09-01,Kenya,Discount Stickers,Holographic Goose,20.0
54770,2011-09-01,Kenya,Stickers for Less,Holographic Goose,20.0
54775,2011-09-01,Kenya,Premium Sticker Mart,Holographic Goose,20.0
54810,2011-09-02,Canada,Discount Stickers,Holographic Goose,800.0
54855,2011-09-02,Kenya,Discount Stickers,Holographic Goose,20.0
54860,2011-09-02,Kenya,Stickers for Less,Holographic Goose,20.0
54865,2011-09-02,Kenya,Premium Sticker Mart,Holographic Goose,20.0
54900,2011-09-03,Canada,Discount Stickers,Holographic Goose,800.0
54945,2011-09-03,Kenya,Discount Stickers,Holographic Goose,20.0
54950,2011-09-03,Kenya,Stickers for Less,Holographic Goose,20.0
54990,2011-09-04,Canada,Discount Stickers,Holographic Goose,800.0
55035,2011-09-04,Kenya,Discount Stickers,Holographic Goose,20.0
55040,2011-09-04,Kenya,Stickers for Less,Holographic Goose,20.0
55080,2011-09-05,Canada,Discount Stickers,Holographic Goose,800.0
55085,2011-09-05,Canada,Stickers for Less,Holographic Goose,800.0
55125,2011-09-05,Kenya,Discount Stickers,Holographic Goose,20.0
55130,2011-09-05,Kenya,Stickers for Less,Holographic Goose,20.0
55135,2011-09-05,Kenya,Premium Sticker Mart,Holographic Goose,20.0
55170,2011-09-06,Canada,Discount Stickers,Holographic Goose,800.0
55215,2011-09-06,Kenya,Discount Stickers,Holographic Goose,20.0
55220,2011-09-06,Kenya,Stickers for Less,Holographic Goose,20.0
55225,2011-09-06,Kenya,Premium Sticker Mart,Holographic Goose,20.0
55260,2011-09-07,Canada,Discount Stickers,Holographic Goose,800.0
55305,2011-09-07,Kenya,Discount Stickers,Holographic Goose,20.0
55310,2011-09-07,Kenya,Stickers for Less,Holographic Goose,20.0
55315,2011-09-07,Kenya,Premium Sticker Mart,Holographic Goose,20.0
55350,2011-09-08,Canada,Discount Stickers,Holographic Goose,800.0
55355,2011-09-08,Canada,Stickers for Less,Holographic Goose,800.0
55395,2011-09-08,Kenya,Discount Stickers,Holographic Goose,20.0
55400,2011-09-08,Kenya,Stickers for Less,Holographic Goose,20.0
55405,2011-09-08,Kenya,Premium Sticker Mart,Holographic Goose,20.0
55440,2011-09-09,Canada,Discount Stickers,Holographic Goose,800.0
55485,2011-09-09,Kenya,Discount Stickers,Holographic Goose,20.0
55490,2011-09-09,Kenya,Stickers for Less,Holographic Goose,20.0
55495,2011-09-09,Kenya,Premium Sticker Mart,Holographic Goose,20.0
55530,2011-09-10,Canada,Discount Stickers,Holographic Goose,800.0
55575,2011-09-10,Kenya,Discount Stickers,Holographic Goose,20.0
55580,2011-09-10,Kenya,Stickers for Less,Holographic Goose,20.0
55620,2011-09-11,Canada,Discount Stickers,Holographic Goose,800.0
55665,2011-09-11,Kenya,Discount Stickers,Holographic Goose,20.0
55670,2011-09-11,Kenya,Stickers for Less,Holographic Goose,20.0
55710,2011-09-12,Canada,Discount Stickers,Holographic Goose,800.0
55755,2011-09-12,Kenya,Discount Stickers,Holographic Goose,20.0
55760,2011-09-12,Kenya,Stickers for Less,Holographic Goose,20.0
55765,2011-09-12,Kenya,Premium Sticker Mart,Holographic Goose,20.0
55800,2011-09-13,Canada,Discount Stickers,Holographic Goose,800.0
55845,2011-09-13,Kenya,Discount Stickers,Holographic Goose,20.0
55850,2011-09-13,Kenya,Stickers for Less,Holographic Goose,20.0
55855,2011-09-13,Kenya,Premium Sticker Mart,Holographic Goose,20.0
55890,2011-09-14,Canada,Discount Stickers,Holographic Goose,800.0
55935,2011-09-14,Kenya,Discount Stickers,Holographic Goose,20.0
55940,2011-09-14,Kenya,Stickers for Less,Holographic Goose,20.0
55945,2011-09-14,Kenya,Premium Sticker Mart,Holographic Goose,20.0
55980,2011-09-15,Canada,Discount Stickers,Holographic Goose,800.0
55985,2011-09-15,Canada,Stickers for Less,Holographic Goose,800.0
56025,2011-09-15,Kenya,Discount Stickers,Holographic Goose,20.0
56030,2011-09-15,Kenya,Stickers for Less,Holographic Goose,20.0
56035,2011-09-15,Kenya,Premium Sticker Mart,Holographic Goose,20.0
56070,2011-09-16,Canada,Discount Stickers,Holographic Goose,800.0
56115,2011-09-16,Kenya,Discount Stickers,Holographic Goose,20.0
56120,2011-09-16,Kenya,Stickers for Less,Holographic Goose,20.0
56125,2011-09-16,Kenya,Premium Sticker Mart,Holographic Goose,20.0
56160,2011-09-17,Canada,Discount Stickers,Holographic Goose,800.0
56205,2011-09-17,Kenya,Discount Stickers,Holographic Goose,20.0
56210,2011-09-17,Kenya,Stickers for Less,Holographic Goose,20.0
56215,2011-09-17,Kenya,Premium Sticker Mart,Holographic Goose,20.0
56250,2011-09-18,Canada,Discount Stickers,Holographic Goose,800.0
56295,2011-09-18,Kenya,Discount Stickers,Holographic Goose,20.0
56300,2011-09-18,Kenya,Stickers for Less,Holographic Goose,20.0
56340,2011-09-19,Canada,Discount Stickers,Holographic Goose,800.0
56345,2011-09-19,Canada,Stickers for Less,Holographic Goose,800.0
56385,2011-09-19,Kenya,Discount Stickers,Holographic Goose,20.0
56390,2011-09-19,Kenya,Stickers for Less,Holographic Goose,20.0
56395,2011-09-19,Kenya,Premium Sticker Mart,Holographic Goose,20.0
56430,2011-09-20,Canada,Discount Stickers,Holographic Goose,800.0
56435,2011-09-20,Canada,Stickers for Less,Holographic Goose,800.0
56475,2011-09-20,Kenya,Discount Stickers,Holographic Goose,20.0
56480,2011-09-20,Kenya,Stickers for Less,Holographic Goose,20.0
56485,2011-09-20,Kenya,Premium Sticker Mart,Holographic Goose,20.0
56520,2011-09-21,Canada,Discount Stickers,Holographic Goose,800.0
56565,2011-09-21,Kenya,Discount Stickers,Holographic Goose,20.0
56570,2011-09-21,Kenya,Stickers for Less,Holographic Goose,20.0
56575,2011-09-21,Kenya,Premium Sticker Mart,Holographic Goose,20.0
56610,2011-09-22,Canada,Discount Stickers,Holographic Goose,800.0
56615,2011-09-22,Canada,Stickers for Less,Holographic Goose,800.0
56655,2011-09-22,Kenya,Discount Stickers,Holographic Goose,20.0
56660,2011-09-22,Kenya,Stickers for Less,Holographic Goose,20.0
56665,2011-09-22,Kenya,Premium Sticker Mart,Holographic Goose,20.0
56700,2011-09-23,Canada,Discount Stickers,Holographic Goose,800.0
56705,2011-09-23,Canada,Stickers for Less,Holographic Goose,800.0
56745,2011-09-23,Kenya,Discount Stickers,Holographic Goose,20.0
56750,2011-09-23,Kenya,Stickers for Less,Holographic Goose,20.0
56755,2011-09-23,Kenya,Premium Sticker Mart,Holographic Goose,20.0
56790,2011-09-24,Canada,Discount Stickers,Holographic Goose,800.0
56835,2011-09-24,Kenya,Discount Stickers,Holographic Goose,20.0
56840,2011-09-24,Kenya,Stickers for Less,Holographic Goose,20.0
56880,2011-09-25,Canada,Discount Stickers,Holographic Goose,800.0
56925,2011-09-25,Kenya,Discount Stickers,Holographic Goose,20.0
56930,2011-09-25,Kenya,Stickers for Less,Holographic Goose,20.0
56970,2011-09-26,Canada,Discount Stickers,Holographic Goose,800.0
57015,2011-09-26,Kenya,Discount Stickers,Holographic Goose,20.0
57020,2011-09-26,Kenya,Stickers for Less,Holographic Goose,20.0
57025,2011-09-26,Kenya,Premium Sticker Mart,Holographic Goose,20.0
57060,2011-09-27,Canada,Discount Stickers,Holographic Goose,800.0
57065,2011-09-27,Canada,Stickers for Less,Holographic Goose,800.0
57105,2011-09-27,Kenya,Discount Stickers,Holographic Goose,20.0
57110,2011-09-27,Kenya,Stickers for Less,Holographic Goose,20.0
57115,2011-09-27,Kenya,Premium Sticker Mart,Holographic Goose,20.0
57150,2011-09-28,Canada,Discount Stickers,Holographic Goose,800.0
57155,2011-09-28,Canada,Stickers for Less,Holographic Goose,800.0
57195,2011-09-28,Kenya,Discount Stickers,Holographic Goose,20.0
57200,2011-09-28,Kenya,Stickers for Less,Holographic Goose,20.0
57205,2011-09-28,Kenya,Premium Sticker Mart,Holographic Goose,20.0
57240,2011-09-29,Canada,Discount Stickers,Holographic Goose,800.0
57285,2011-09-29,Kenya,Discount Stickers,Holographic Goose,20.0
57290,2011-09-29,Kenya,Stickers for Less,Holographic Goose,20.0
57295,2011-09-29,Kenya,Premium Sticker Mart,Holographic Goose,20.0
57330,2011-09-30,Canada,Discount Stickers,Holographic Goose,800.0
57375,2011-09-30,Kenya,Discount Stickers,Holographic Goose,20.0
57380,2011-09-30,Kenya,Stickers for Less,Holographic Goose,20.0
57385,2011-09-30,Kenya,Premium Sticker Mart,Holographic Goose,20.0
57420,2011-10-01,Canada,Discount Stickers,Holographic Goose,800.0
57465,2011-10-01,Kenya,Discount Stickers,Holographic Goose,20.0
57470,2011-10-01,Kenya,Stickers for Less,Holographic Goose,20.0
57475,2011-10-01,Kenya,Premium Sticker Mart,Holographic Goose,20.0
57510,2011-10-02,Canada,Discount Stickers,Holographic Goose,800.0
57555,2011-10-02,Kenya,Discount Stickers,Holographic Goose,20.0
57560,2011-10-02,Kenya,Stickers for Less,Holographic Goose,20.0
57600,2011-10-03,Canada,Discount Stickers,Holographic Goose,800.0
57645,2011-10-03,Kenya,Discount Stickers,Holographic Goose,20.0
57650,2011-10-03,Kenya,Stickers for Less,Holographic Goose,20.0
57655,2011-10-03,Kenya,Premium Sticker Mart,Holographic Goose,20.0
57690,2011-10-04,Canada,Discount Stickers,Holographic Goose,800.0
57735,2011-10-04,Kenya,Discount Stickers,Holographic Goose,20.0
57740,2011-10-04,Kenya,Stickers for Less,Holographic Goose,20.0
57745,2011-10-04,Kenya,Premium Sticker Mart,Holographic Goose,20.0
57780,2011-10-05,Canada,Discount Stickers,Holographic Goose,800.0
57825,2011-10-05,Kenya,Discount Stickers,Holographic Goose,20.0
57830,2011-10-05,Kenya,Stickers for Less,Holographic Goose,20.0
57835,2011-10-05,Kenya,Premium Sticker Mart,Holographic Goose,20.0
57870,2011-10-06,Canada,Discount Stickers,Holographic Goose,800.0
57915,2011-10-06,Kenya,Discount Stickers,Holographic Goose,20.0
57920,2011-10-06,Kenya,Stickers for Less,Holographic Goose,20.0
57960,2011-10-07,Canada,Discount Stickers,Holographic Goose,800.0
58005,2011-10-07,Kenya,Discount Stickers,Holographic Goose,20.0
58010,2011-10-07,Kenya,Stickers for Less,Holographic Goose,20.0
58050,2011-10-08,Canada,Discount Stickers,Holographic Goose,800.0
58095,2011-10-08,Kenya,Discount Stickers,Holographic Goose,20.0
58100,2011-10-08,Kenya,Stickers for Less,Holographic Goose,20.0
58105,2011-10-08,Kenya,Premium Sticker Mart,Holographic Goose,20.0
58140,2011-10-09,Canada,Discount Stickers,Holographic Goose,800.0
58185,2011-10-09,Kenya,Discount Stickers,Holographic Goose,20.0
58190,2011-10-09,Kenya,Stickers for Less,Holographic Goose,20.0
58230,2011-10-10,Canada,Discount Stickers,Holographic Goose,800.0
58275,2011-10-10,Kenya,Discount Stickers,Holographic Goose,20.0
58280,2011-10-10,Kenya,Stickers for Less,Holographic Goose,20.0
58285,2011-10-10,Kenya,Premium Sticker Mart,Holographic Goose,20.0
58320,2011-10-11,Canada,Discount Stickers,Holographic Goose,800.0
58365,2011-10-11,Kenya,Discount Stickers,Holographic Goose,20.0
58370,2011-10-11,Kenya,Stickers for Less,Holographic Goose,20.0
58375,2011-10-11,Kenya,Premium Sticker Mart,Holographic Goose,20.0
58410,2011-10-12,Canada,Discount Stickers,Holographic Goose,800.0
58455,2011-10-12,Kenya,Discount Stickers,Holographic Goose,20.0
58460,2011-10-12,Kenya,Stickers for Less,Holographic Goose,20.0
58465,2011-10-12,Kenya,Premium Sticker Mart,Holographic Goose,20.0
58500,2011-10-13,Canada,Discount Stickers,Holographic Goose,800.0
58505,2011-10-13,Canada,Stickers for Less,Holographic Goose,800.0
58545,2011-10-13,Kenya,Discount Stickers,Holographic Goose,20.0
58550,2011-10-13,Kenya,Stickers for Less,Holographic Goose,20.0
58590,2011-10-14,Canada,Discount Stickers,Holographic Goose,800.0
58635,2011-10-14,Kenya,Discount Stickers,Holographic Goose,20.0
58640,2011-10-14,Kenya,Stickers for Less,Holographic Goose,20.0
58680,2011-10-15,Canada,Discount Stickers,Holographic Goose,800.0
58725,2011-10-15,Kenya,Discount Stickers,Holographic Goose,20.0
58730,2011-10-15,Kenya,Stickers for Less,Holographic Goose,20.0
58770,2011-10-16,Canada,Discount Stickers,Holographic Goose,800.0
58815,2011-10-16,Kenya,Discount Stickers,Holographic Goose,20.0
58860,2011-10-17,Canada,Discount Stickers,Holographic Goose,800.0
58905,2011-10-17,Kenya,Discount Stickers,Holographic Goose,20.0
58910,2011-10-17,Kenya,Stickers for Less,Holographic Goose,20.0
58915,2011-10-17,Kenya,Premium Sticker Mart,Holographic Goose,20.0
58950,2011-10-18,Canada,Discount Stickers,Holographic Goose,800.0
58955,2011-10-18,Canada,Stickers for Less,Holographic Goose,800.0
58995,2011-10-18,Kenya,Discount Stickers,Holographic Goose,20.0
59000,2011-10-18,Kenya,Stickers for Less,Holographic Goose,20.0
59005,2011-10-18,Kenya,Premium Sticker Mart,Holographic Goose,20.0
59040,2011-10-19,Canada,Discount Stickers,Holographic Goose,800.0
59045,2011-10-19,Canada,Stickers for Less,Holographic Goose,800.0
59085,2011-10-19,Kenya,Discount Stickers,Holographic Goose,20.0
59090,2011-10-19,Kenya,Stickers for Less,Holographic Goose,20.0
59130,2011-10-20,Canada,Discount Stickers,Holographic Goose,800.0
59175,2011-10-20,Kenya,Discount Stickers,Holographic Goose,20.0
59180,2011-10-20,Kenya,Stickers for Less,Holographic Goose,20.0
59185,2011-10-20,Kenya,Premium Sticker Mart,Holographic Goose,20.0
59220,2011-10-21,Canada,Discount Stickers,Holographic Goose,800.0
59265,2011-10-21,Kenya,Discount Stickers,Holographic Goose,20.0
59270,2011-10-21,Kenya,Stickers for Less,Holographic Goose,20.0
59310,2011-10-22,Canada,Discount Stickers,Holographic Goose,800.0
59355,2011-10-22,Kenya,Discount Stickers,Holographic Goose,20.0
59360,2011-10-22,Kenya,Stickers for Less,Holographic Goose,20.0
59400,2011-10-23,Canada,Discount Stickers,Holographic Goose,800.0
59445,2011-10-23,Kenya,Discount Stickers,Holographic Goose,20.0
59450,2011-10-23,Kenya,Stickers for Less,Holographic Goose,20.0
59490,2011-10-24,Canada,Discount Stickers,Holographic Goose,800.0
59535,2011-10-24,Kenya,Discount Stickers,Holographic Goose,20.0
59540,2011-10-24,Kenya,Stickers for Less,Holographic Goose,20.0
59580,2011-10-25,Canada,Discount Stickers,Holographic Goose,800.0
59625,2011-10-25,Kenya,Discount Stickers,Holographic Goose,20.0
59630,2011-10-25,Kenya,Stickers for Less,Holographic Goose,20.0
59635,2011-10-25,Kenya,Premium Sticker Mart,Holographic Goose,20.0
59670,2011-10-26,Canada,Discount Stickers,Holographic Goose,800.0
59715,2011-10-26,Kenya,Discount Stickers,Holographic Goose,20.0
59720,2011-10-26,Kenya,Stickers for Less,Holographic Goose,20.0
59760,2011-10-27,Canada,Discount Stickers,Holographic Goose,800.0
59805,2011-10-27,Kenya,Discount Stickers,Holographic Goose,20.0
59810,2011-10-27,Kenya,Stickers for Less,Holographic Goose,20.0
59815,2011-10-27,Kenya,Premium Sticker Mart,Holographic Goose,20.0
59850,2011-10-28,Canada,Discount Stickers,Holographic Goose,800.0
59895,2011-10-28,Kenya,Discount Stickers,Holographic Goose,20.0
59900,2011-10-28,Kenya,Stickers for Less,Holographic Goose,20.0
59940,2011-10-29,Canada,Discount Stickers,Holographic Goose,800.0
59985,2011-10-29,Kenya,Discount Stickers,Holographic Goose,20.0
59990,2011-10-29,Kenya,Stickers for Less,Holographic Goose,20.0
59995,2011-10-29,Kenya,Premium Sticker Mart,Holographic Goose,20.0
60030,2011-10-30,Canada,Discount Stickers,Holographic Goose,800.0
60075,2011-10-30,Kenya,Discount Stickers,Holographic Goose,20.0
60080,2011-10-30,Kenya,Stickers for Less,Holographic Goose,20.0
60120,2011-10-31,Canada,Discount Stickers,Holographic Goose,800.0
60165,2011-10-31,Kenya,Discount Stickers,Holographic Goose,20.0
60170,2011-10-31,Kenya,Stickers for Less,Holographic Goose,20.0
60175,2011-10-31,Kenya,Premium Sticker Mart,Holographic Goose,20.0
60210,2011-11-01,Canada,Discount Stickers,Holographic Goose,800.0
60255,2011-11-01,Kenya,Discount Stickers,Holographic Goose,20.0
60260,2011-11-01,Kenya,Stickers for Less,Holographic Goose,20.0
60265,2011-11-01,Kenya,Premium Sticker Mart,Holographic Goose,20.0
60300,2011-11-02,Canada,Discount Stickers,Holographic Goose,800.0
60345,2011-11-02,Kenya,Discount Stickers,Holographic Goose,20.0
60350,2011-11-02,Kenya,Stickers for Less,Holographic Goose,20.0
60390,2011-11-03,Canada,Discount Stickers,Holographic Goose,800.0
60435,2011-11-03,Kenya,Discount Stickers,Holographic Goose,20.0
60440,2011-11-03,Kenya,Stickers for Less,Holographic Goose,20.0
60445,2011-11-03,Kenya,Premium Sticker Mart,Holographic Goose,20.0
60480,2011-11-04,Canada,Discount Stickers,Holographic Goose,800.0
60525,2011-11-04,Kenya,Discount Stickers,Holographic Goose,20.0
60530,2011-11-04,Kenya,Stickers for Less,Holographic Goose,20.0
60535,2011-11-04,Kenya,Premium Sticker Mart,Holographic Goose,20.0
60570,2011-11-05,Canada,Discount Stickers,Holographic Goose,800.0
60615,2011-11-05,Kenya,Discount Stickers,Holographic Goose,20.0
60620,2011-11-05,Kenya,Stickers for Less,Holographic Goose,20.0
60660,2011-11-06,Canada,Discount Stickers,Holographic Goose,800.0
60705,2011-11-06,Kenya,Discount Stickers,Holographic Goose,20.0
60710,2011-11-06,Kenya,Stickers for Less,Holographic Goose,20.0
60750,2011-11-07,Canada,Discount Stickers,Holographic Goose,800.0
60795,2011-11-07,Kenya,Discount Stickers,Holographic Goose,20.0
60800,2011-11-07,Kenya,Stickers for Less,Holographic Goose,20.0
60805,2011-11-07,Kenya,Premium Sticker Mart,Holographic Goose,20.0
60840,2011-11-08,Canada,Discount Stickers,Holographic Goose,800.0
60885,2011-11-08,Kenya,Discount Stickers,Holographic Goose,20.0
60890,2011-11-08,Kenya,Stickers for Less,Holographic Goose,20.0
60930,2011-11-09,Canada,Discount Stickers,Holographic Goose,800.0
60975,2011-11-09,Kenya,Discount Stickers,Holographic Goose,20.0
60980,2011-11-09,Kenya,Stickers for Less,Holographic Goose,20.0
61020,2011-11-10,Canada,Discount Stickers,Holographic Goose,800.0
61065,2011-11-10,Kenya,Discount Stickers,Holographic Goose,20.0
61070,2011-11-10,Kenya,Stickers for Less,Holographic Goose,20.0
61110,2011-11-11,Canada,Discount Stickers,Holographic Goose,800.0
61155,2011-11-11,Kenya,Discount Stickers,Holographic Goose,20.0
61160,2011-11-11,Kenya,Stickers for Less,Holographic Goose,20.0
61200,2011-11-12,Canada,Discount Stickers,Holographic Goose,800.0
61245,2011-11-12,Kenya,Discount Stickers,Holographic Goose,20.0
61250,2011-11-12,Kenya,Stickers for Less,Holographic Goose,20.0
61290,2011-11-13,Canada,Discount Stickers,Holographic Goose,800.0
61335,2011-11-13,Kenya,Discount Stickers,Holographic Goose,20.0
61380,2011-11-14,Canada,Discount Stickers,Holographic Goose,800.0
61425,2011-11-14,Kenya,Discount Stickers,Holographic Goose,20.0
61430,2011-11-14,Kenya,Stickers for Less,Holographic Goose,20.0
61470,2011-11-15,Canada,Discount Stickers,Holographic Goose,800.0
61515,2011-11-15,Kenya,Discount Stickers,Holographic Goose,20.0
61520,2011-11-15,Kenya,Stickers for Less,Holographic Goose,20.0
61525,2011-11-15,Kenya,Premium Sticker Mart,Holographic Goose,20.0
61560,2011-11-16,Canada,Discount Stickers,Holographic Goose,800.0
61605,2011-11-16,Kenya,Discount Stickers,Holographic Goose,20.0
61610,2011-11-16,Kenya,Stickers for Less,Holographic Goose,20.0
61615,2011-11-16,Kenya,Premium Sticker Mart,Holographic Goose,20.0
61650,2011-11-17,Canada,Discount Stickers,Holographic Goose,800.0
61695,2011-11-17,Kenya,Discount Stickers,Holographic Goose,20.0
61700,2011-11-17,Kenya,Stickers for Less,Holographic Goose,20.0
61705,2011-11-17,Kenya,Premium Sticker Mart,Holographic Goose,20.0
61740,2011-11-18,Canada,Discount Stickers,Holographic Goose,800.0
61785,2011-11-18,Kenya,Discount Stickers,Holographic Goose,20.0
61790,2011-11-18,Kenya,Stickers for Less,Holographic Goose,20.0
61830,2011-11-19,Canada,Discount Stickers,Holographic Goose,800.0
61875,2011-11-19,Kenya,Discount Stickers,Holographic Goose,20.0
61880,2011-11-19,Kenya,Stickers for Less,Holographic Goose,20.0
61920,2011-11-20,Canada,Discount Stickers,Holographic Goose,800.0
61965,2011-11-20,Kenya,Discount Stickers,Holographic Goose,20.0
62010,2011-11-21,Canada,Discount Stickers,Holographic Goose,800.0
62055,2011-11-21,Kenya,Discount Stickers,Holographic Goose,20.0
62060,2011-11-21,Kenya,Stickers for Less,Holographic Goose,20.0
62065,2011-11-21,Kenya,Premium Sticker Mart,Holographic Goose,20.0
62100,2011-11-22,Canada,Discount Stickers,Holographic Goose,800.0
62145,2011-11-22,Kenya,Discount Stickers,Holographic Goose,20.0
62150,2011-11-22,Kenya,Stickers for Less,Holographic Goose,20.0
62190,2011-11-23,Canada,Discount Stickers,Holographic Goose,800.0
62235,2011-11-23,Kenya,Discount Stickers,Holographic Goose,20.0
62240,2011-11-23,Kenya,Stickers for Less,Holographic Goose,20.0
62245,2011-11-23,Kenya,Premium Sticker Mart,Holographic Goose,20.0
62280,2011-11-24,Canada,Discount Stickers,Holographic Goose,800.0
62325,2011-11-24,Kenya,Discount Stickers,Holographic Goose,20.0
62330,2011-11-24,Kenya,Stickers for Less,Holographic Goose,20.0
62335,2011-11-24,Kenya,Premium Sticker Mart,Holographic Goose,20.0
62370,2011-11-25,Canada,Discount Stickers,Holographic Goose,800.0
62415,2011-11-25,Kenya,Discount Stickers,Holographic Goose,20.0
62420,2011-11-25,Kenya,Stickers for Less,Holographic Goose,20.0
62460,2011-11-26,Canada,Discount Stickers,Holographic Goose,800.0
62505,2011-11-26,Kenya,Discount Stickers,Holographic Goose,20.0
62510,2011-11-26,Kenya,Stickers for Less,Holographic Goose,20.0
62550,2011-11-27,Canada,Discount Stickers,Holographic Goose,800.0
62595,2011-11-27,Kenya,Discount Stickers,Holographic Goose,20.0
62640,2011-11-28,Canada,Discount Stickers,Holographic Goose,800.0
62685,2011-11-28,Kenya,Discount Stickers,Holographic Goose,20.0
62690,2011-11-28,Kenya,Stickers for Less,Holographic Goose,20.0
62695,2011-11-28,Kenya,Premium Sticker Mart,Holographic Goose,20.0
62730,2011-11-29,Canada,Discount Stickers,Holographic Goose,800.0
62775,2011-11-29,Kenya,Discount Stickers,Holographic Goose,20.0
62780,2011-11-29,Kenya,Stickers for Less,Holographic Goose,20.0
62785,2011-11-29,Kenya,Premium Sticker Mart,Holographic Goose,20.0
62820,2011-11-30,Canada,Discount Stickers,Holographic Goose,800.0
62865,2011-11-30,Kenya,Discount Stickers,Holographic Goose,20.0
62870,2011-11-30,Kenya,Stickers for Less,Holographic Goose,20.0
62910,2011-12-01,Canada,Discount Stickers,Holographic Goose,800.0
62955,2011-12-01,Kenya,Discount Stickers,Holographic Goose,20.0
62960,2011-12-01,Kenya,Stickers for Less,Holographic Goose,20.0
63000,2011-12-02,Canada,Discount Stickers,Holographic Goose,800.0
63045,2011-12-02,Kenya,Discount Stickers,Holographic Goose,20.0
63050,2011-12-02,Kenya,Stickers for Less,Holographic Goose,20.0
63090,2011-12-03,Canada,Discount Stickers,Holographic Goose,800.0
63135,2011-12-03,Kenya,Discount Stickers,Holographic Goose,20.0
63140,2011-12-03,Kenya,Stickers for Less,Holographic Goose,20.0
63180,2011-12-04,Canada,Discount Stickers,Holographic Goose,800.0
63225,2011-12-04,Kenya,Discount Stickers,Holographic Goose,20.0
63230,2011-12-04,Kenya,Stickers for Less,Holographic Goose,20.0
63270,2011-12-05,Canada,Discount Stickers,Holographic Goose,800.0
63315,2011-12-05,Kenya,Discount Stickers,Holographic Goose,20.0
63320,2011-12-05,Kenya,Stickers for Less,Holographic Goose,20.0
63360,2011-12-06,Canada,Discount Stickers,Holographic Goose,800.0
63405,2011-12-06,Kenya,Discount Stickers,Holographic Goose,20.0
63410,2011-12-06,Kenya,Stickers for Less,Holographic Goose,20.0
63415,2011-12-06,Kenya,Premium Sticker Mart,Holographic Goose,20.0
63450,2011-12-07,Canada,Discount Stickers,Holographic Goose,800.0
63495,2011-12-07,Kenya,Discount Stickers,Holographic Goose,20.0
63500,2011-12-07,Kenya,Stickers for Less,Holographic Goose,20.0
63540,2011-12-08,Canada,Discount Stickers,Holographic Goose,800.0
63585,2011-12-08,Kenya,Discount Stickers,Holographic Goose,20.0
63590,2011-12-08,Kenya,Stickers for Less,Holographic Goose,20.0
63630,2011-12-09,Canada,Discount Stickers,Holographic Goose,800.0
63675,2011-12-09,Kenya,Discount Stickers,Holographic Goose,20.0
63680,2011-12-09,Kenya,Stickers for Less,Holographic Goose,20.0
63720,2011-12-10,Canada,Discount Stickers,Holographic Goose,800.0
63765,2011-12-10,Kenya,Discount Stickers,Holographic Goose,20.0
63770,2011-12-10,Kenya,Stickers for Less,Holographic Goose,20.0
63810,2011-12-11,Canada,Discount Stickers,Holographic Goose,800.0
63855,2011-12-11,Kenya,Discount Stickers,Holographic Goose,20.0
63860,2011-12-11,Kenya,Stickers for Less,Holographic Goose,20.0
63900,2011-12-12,Canada,Discount Stickers,Holographic Goose,800.0
63945,2011-12-12,Kenya,Discount Stickers,Holographic Goose,20.0
63950,2011-12-12,Kenya,Stickers for Less,Holographic Goose,20.0
63955,2011-12-12,Kenya,Premium Sticker Mart,Holographic Goose,20.0
63990,2011-12-13,Canada,Discount Stickers,Holographic Goose,800.0
64035,2011-12-13,Kenya,Discount Stickers,Holographic Goose,20.0
64040,2011-12-13,Kenya,Stickers for Less,Holographic Goose,20.0
64080,2011-12-14,Canada,Discount Stickers,Holographic Goose,800.0
64125,2011-12-14,Kenya,Discount Stickers,Holographic Goose,20.0
64130,2011-12-14,Kenya,Stickers for Less,Holographic Goose,20.0
64170,2011-12-15,Canada,Discount Stickers,Holographic Goose,800.0
64215,2011-12-15,Kenya,Discount Stickers,Holographic Goose,20.0
64220,2011-12-15,Kenya,Stickers for Less,Holographic Goose,20.0
64260,2011-12-16,Canada,Discount Stickers,Holographic Goose,800.0
64305,2011-12-16,Kenya,Discount Stickers,Holographic Goose,20.0
64350,2011-12-17,Canada,Discount Stickers,Holographic Goose,800.0
64395,2011-12-17,Kenya,Discount Stickers,Holographic Goose,20.0
64440,2011-12-18,Canada,Discount Stickers,Holographic Goose,800.0
64485,2011-12-18,Kenya,Discount Stickers,Holographic Goose,20.0
64530,2011-12-19,Canada,Discount Stickers,Holographic Goose,800.0
64575,2011-12-19,Kenya,Discount Stickers,Holographic Goose,20.0
64580,2011-12-19,Kenya,Stickers for Less,Holographic Goose,20.0
64585,2011-12-19,Kenya,Premium Sticker Mart,Holographic Goose,20.0
64620,2011-12-20,Canada,Discount Stickers,Holographic Goose,800.0
64665,2011-12-20,Kenya,Discount Stickers,Holographic Goose,20.0
64670,2011-12-20,Kenya,Stickers for Less,Holographic Goose,20.0
64675,2011-12-20,Kenya,Premium Sticker Mart,Holographic Goose,20.0
64710,2011-12-21,Canada,Discount Stickers,Holographic Goose,800.0
64755,2011-12-21,Kenya,Discount Stickers,Holographic Goose,20.0
64760,2011-12-21,Kenya,Stickers for Less,Holographic Goose,20.0
64800,2011-12-22,Canada,Discount Stickers,Holographic Goose,800.0
64845,2011-12-22,Kenya,Discount Stickers,Holographic Goose,20.0
64850,2011-12-22,Kenya,Stickers for Less,Holographic Goose,20.0
64855,2011-12-22,Kenya,Premium Sticker Mart,Holographic Goose,20.0
64890,2011-12-23,Canada,Discount Stickers,Holographic Goose,800.0
64935,2011-12-23,Kenya,Discount Stickers,Holographic Goose,20.0
64940,2011-12-23,Kenya,Stickers for Less,Holographic Goose,20.0
64980,2011-12-24,Canada,Discount Stickers,Holographic Goose,800.0
65025,2011-12-24,Kenya,Discount Stickers,Holographic Goose,20.0
65030,2011-12-24,Kenya,Stickers for Less,Holographic Goose,20.0
65070,2011-12-25,Canada,Discount Stickers,Holographic Goose,800.0
65115,2011-12-25,Kenya,Discount Stickers,Holographic Goose,20.0
65160,2011-12-26,Canada,Discount Stickers,Holographic Goose,800.0
65205,2011-12-26,Kenya,Discount Stickers,Holographic Goose,20.0
65210,2011-12-26,Kenya,Stickers for Less,Holographic Goose,20.0
65250,2011-12-27,Canada,Discount Stickers,Holographic Goose,800.0
65295,2011-12-27,Kenya,Discount Stickers,Holographic Goose,20.0
65340,2011-12-28,Canada,Discount Stickers,Holographic Goose,800.0
65385,2011-12-28,Kenya,Discount Stickers,Holographic Goose,20.0
65430,2011-12-29,Canada,Discount Stickers,Holographic Goose,800.0
65475,2011-12-29,Kenya,Discount Stickers,Holographic Goose,20.0
65520,2011-12-30,Canada,Discount Stickers,Holographic Goose,800.0
65565,2011-12-30,Kenya,Discount Stickers,Holographic Goose,20.0
65610,2011-12-31,Canada,Discount Stickers,Holographic Goose,800.0
65655,2011-12-31,Kenya,Discount Stickers,Holographic Goose,20.0
65700,2012-01-01,Canada,Discount Stickers,Holographic Goose,800.0
65745,2012-01-01,Kenya,Discount Stickers,Holographic Goose,20.0
65790,2012-01-02,Canada,Discount Stickers,Holographic Goose,800.0
65835,2012-01-02,Kenya,Discount Stickers,Holographic Goose,20.0
65880,2012-01-03,Canada,Discount Stickers,Holographic Goose,800.0
65925,2012-01-03,Kenya,Discount Stickers,Holographic Goose,20.0
65970,2012-01-04,Canada,Discount Stickers,Holographic Goose,800.0
66015,2012-01-04,Kenya,Discount Stickers,Holographic Goose,20.0
66060,2012-01-05,Canada,Discount Stickers,Holographic Goose,800.0
66105,2012-01-05,Kenya,Discount Stickers,Holographic Goose,20.0
66150,2012-01-06,Canada,Discount Stickers,Holographic Goose,800.0
66195,2012-01-06,Kenya,Discount Stickers,Holographic Goose,20.0
66240,2012-01-07,Canada,Discount Stickers,Holographic Goose,800.0
66285,2012-01-07,Kenya,Discount Stickers,Holographic Goose,20.0
66330,2012-01-08,Canada,Discount Stickers,Holographic Goose,800.0
66375,2012-01-08,Kenya,Discount Stickers,Holographic Goose,20.0
66420,2012-01-09,Canada,Discount Stickers,Holographic Goose,800.0
66465,2012-01-09,Kenya,Discount Stickers,Holographic Goose,20.0
66510,2012-01-10,Canada,Discount Stickers,Holographic Goose,800.0
66555,2012-01-10,Kenya,Discount Stickers,Holographic Goose,20.0
66560,2012-01-10,Kenya,Stickers for Less,Holographic Goose,20.0
66600,2012-01-11,Canada,Discount Stickers,Holographic Goose,800.0
66645,2012-01-11,Kenya,Discount Stickers,Holographic Goose,20.0
66690,2012-01-12,Canada,Discount Stickers,Holographic Goose,800.0
66735,2012-01-12,Kenya,Discount Stickers,Holographic Goose,20.0
66780,2012-01-13,Canada,Discount Stickers,Holographic Goose,800.0
66825,2012-01-13,Kenya,Discount Stickers,Holographic Goose,20.0
66830,2012-01-13,Kenya,Stickers for Less,Holographic Goose,20.0
66870,2012-01-14,Canada,Discount Stickers,Holographic Goose,800.0
66915,2012-01-14,Kenya,Discount Stickers,Holographic Goose,20.0
66960,2012-01-15,Canada,Discount Stickers,Holographic Goose,800.0
67005,2012-01-15,Kenya,Discount Stickers,Holographic Goose,20.0
67050,2012-01-16,Canada,Discount Stickers,Holographic Goose,800.0
67095,2012-01-16,Kenya,Discount Stickers,Holographic Goose,20.0
67140,2012-01-17,Canada,Discount Stickers,Holographic Goose,800.0
67185,2012-01-17,Kenya,Discount Stickers,Holographic Goose,20.0
67230,2012-01-18,Canada,Discount Stickers,Holographic Goose,800.0
67275,2012-01-18,Kenya,Discount Stickers,Holographic Goose,20.0
67280,2012-01-18,Kenya,Stickers for Less,Holographic Goose,20.0
67320,2012-01-19,Canada,Discount Stickers,Holographic Goose,800.0
67365,2012-01-19,Kenya,Discount Stickers,Holographic Goose,20.0
67410,2012-01-20,Canada,Discount Stickers,Holographic Goose,800.0
67455,2012-01-20,Kenya,Discount Stickers,Holographic Goose,20.0
67460,2012-01-20,Kenya,Stickers for Less,Holographic Goose,20.0
67500,2012-01-21,Canada,Discount Stickers,Holographic Goose,800.0
67545,2012-01-21,Kenya,Discount Stickers,Holographic Goose,20.0
67590,2012-01-22,Canada,Discount Stickers,Holographic Goose,800.0
67635,2012-01-22,Kenya,Discount Stickers,Holographic Goose,20.0
67680,2012-01-23,Canada,Discount Stickers,Holographic Goose,800.0
67725,2012-01-23,Kenya,Discount Stickers,Holographic Goose,20.0
67770,2012-01-24,Canada,Discount Stickers,Holographic Goose,800.0
67815,2012-01-24,Kenya,Discount Stickers,Holographic Goose,20.0
67860,2012-01-25,Canada,Discount Stickers,Holographic Goose,800.0
67905,2012-01-25,Kenya,Discount Stickers,Holographic Goose,20.0
67950,2012-01-26,Canada,Discount Stickers,Holographic Goose,800.0
67995,2012-01-26,Kenya,Discount Stickers,Holographic Goose,20.0
68040,2012-01-27,Canada,Discount Stickers,Holographic Goose,800.0
68085,2012-01-27,Kenya,Discount Stickers,Holographic Goose,20.0
68090,2012-01-27,Kenya,Stickers for Less,Holographic Goose,20.0
68130,2012-01-28,Canada,Discount Stickers,Holographic Goose,800.0
68175,2012-01-28,Kenya,Discount Stickers,Holographic Goose,20.0
68220,2012-01-29,Canada,Discount Stickers,Holographic Goose,800.0
68265,2012-01-29,Kenya,Discount Stickers,Holographic Goose,20.0
68310,2012-01-30,Canada,Discount Stickers,Holographic Goose,800.0
68315,2012-01-30,Canada,Stickers for Less,Holographic Goose,800.0
68355,2012-01-30,Kenya,Discount Stickers,Holographic Goose,20.0
68360,2012-01-30,Kenya,Stickers for Less,Holographic Goose,20.0
68400,2012-01-31,Canada,Discount Stickers,Holographic Goose,800.0
68445,2012-01-31,Kenya,Discount Stickers,Holographic Goose,20.0
68490,2012-02-01,Canada,Discount Stickers,Holographic Goose,800.0
68535,2012-02-01,Kenya,Discount Stickers,Holographic Goose,20.0
68580,2012-02-02,Canada,Discount Stickers,Holographic Goose,800.0
68625,2012-02-02,Kenya,Discount Stickers,Holographic Goose,20.0
68630,2012-02-02,Kenya,Stickers for Less,Holographic Goose,20.0
68670,2012-02-03,Canada,Discount Stickers,Holographic Goose,800.0
68715,2012-02-03,Kenya,Discount Stickers,Holographic Goose,20.0
68760,2012-02-04,Canada,Discount Stickers,Holographic Goose,800.0
68805,2012-02-04,Kenya,Discount Stickers,Holographic Goose,20.0
68850,2012-02-05,Canada,Discount Stickers,Holographic Goose,800.0
68895,2012-02-05,Kenya,Discount Stickers,Holographic Goose,20.0
68940,2012-02-06,Canada,Discount Stickers,Holographic Goose,800.0
68985,2012-02-06,Kenya,Discount Stickers,Holographic Goose,20.0
68990,2012-02-06,Kenya,Stickers for Less,Holographic Goose,20.0
69030,2012-02-07,Canada,Discount Stickers,Holographic Goose,800.0
69075,2012-02-07,Kenya,Discount Stickers,Holographic Goose,20.0
69080,2012-02-07,Kenya,Stickers for Less,Holographic Goose,20.0
69120,2012-02-08,Canada,Discount Stickers,Holographic Goose,800.0
69165,2012-02-08,Kenya,Discount Stickers,Holographic Goose,20.0
69170,2012-02-08,Kenya,Stickers for Less,Holographic Goose,20.0
69210,2012-02-09,Canada,Discount Stickers,Holographic Goose,800.0
69255,2012-02-09,Kenya,Discount Stickers,Holographic Goose,20.0
69260,2012-02-09,Kenya,Stickers for Less,Holographic Goose,20.0
69300,2012-02-10,Canada,Discount Stickers,Holographic Goose,800.0
69345,2012-02-10,Kenya,Discount Stickers,Holographic Goose,20.0
69390,2012-02-11,Canada,Discount Stickers,Holographic Goose,800.0
69435,2012-02-11,Kenya,Discount Stickers,Holographic Goose,20.0
69480,2012-02-12,Canada,Discount Stickers,Holographic Goose,800.0
69525,2012-02-12,Kenya,Discount Stickers,Holographic Goose,20.0
69570,2012-02-13,Canada,Discount Stickers,Holographic Goose,800.0
69615,2012-02-13,Kenya,Discount Stickers,Holographic Goose,20.0
69620,2012-02-13,Kenya,Stickers for Less,Holographic Goose,20.0
69660,2012-02-14,Canada,Discount Stickers,Holographic Goose,800.0
69705,2012-02-14,Kenya,Discount Stickers,Holographic Goose,20.0
69710,2012-02-14,Kenya,Stickers for Less,Holographic Goose,20.0
69750,2012-02-15,Canada,Discount Stickers,Holographic Goose,800.0
69795,2012-02-15,Kenya,Discount Stickers,Holographic Goose,20.0
69840,2012-02-16,Canada,Discount Stickers,Holographic Goose,800.0
69885,2012-02-16,Kenya,Discount Stickers,Holographic Goose,20.0
69890,2012-02-16,Kenya,Stickers for Less,Holographic Goose,20.0
69930,2012-02-17,Canada,Discount Stickers,Holographic Goose,800.0
69975,2012-02-17,Kenya,Discount Stickers,Holographic Goose,20.0
70020,2012-02-18,Canada,Discount Stickers,Holographic Goose,800.0
70065,2012-02-18,Kenya,Discount Stickers,Holographic Goose,20.0
70110,2012-02-19,Canada,Discount Stickers,Holographic Goose,800.0
70155,2012-02-19,Kenya,Discount Stickers,Holographic Goose,20.0
70200,2012-02-20,Canada,Discount Stickers,Holographic Goose,800.0
70245,2012-02-20,Kenya,Discount Stickers,Holographic Goose,20.0
70250,2012-02-20,Kenya,Stickers for Less,Holographic Goose,20.0
70290,2012-02-21,Canada,Discount Stickers,Holographic Goose,800.0
70335,2012-02-21,Kenya,Discount Stickers,Holographic Goose,20.0
70340,2012-02-21,Kenya,Stickers for Less,Holographic Goose,20.0
70380,2012-02-22,Canada,Discount Stickers,Holographic Goose,800.0
70425,2012-02-22,Kenya,Discount Stickers,Holographic Goose,20.0
70430,2012-02-22,Kenya,Stickers for Less,Holographic Goose,20.0
70435,2012-02-22,Kenya,Premium Sticker Mart,Holographic Goose,20.0
70470,2012-02-23,Canada,Discount Stickers,Holographic Goose,800.0
70515,2012-02-23,Kenya,Discount Stickers,Holographic Goose,20.0
70520,2012-02-23,Kenya,Stickers for Less,Holographic Goose,20.0
70560,2012-02-24,Canada,Discount Stickers,Holographic Goose,800.0
70605,2012-02-24,Kenya,Discount Stickers,Holographic Goose,20.0
70650,2012-02-25,Canada,Discount Stickers,Holographic Goose,800.0
70695,2012-02-25,Kenya,Discount Stickers,Holographic Goose,20.0
70700,2012-02-25,Kenya,Stickers for Less,Holographic Goose,20.0
70740,2012-02-26,Canada,Discount Stickers,Holographic Goose,800.0
70785,2012-02-26,Kenya,Discount Stickers,Holographic Goose,20.0
70830,2012-02-27,Canada,Discount Stickers,Holographic Goose,800.0
70875,2012-02-27,Kenya,Discount Stickers,Holographic Goose,20.0
70880,2012-02-27,Kenya,Stickers for Less,Holographic Goose,20.0
70920,2012-02-28,Canada,Discount Stickers,Holographic Goose,800.0
70965,2012-02-28,Kenya,Discount Stickers,Holographic Goose,20.0
70970,2012-02-28,Kenya,Stickers for Less,Holographic Goose,20.0
71010,2012-02-29,Canada,Discount Stickers,Holographic Goose,800.0
71055,2012-02-29,Kenya,Discount Stickers,Holographic Goose,20.0
71060,2012-02-29,Kenya,Stickers for Less,Holographic Goose,20.0
71100,2012-03-01,Canada,Discount Stickers,Holographic Goose,800.0
71145,2012-03-01,Kenya,Discount Stickers,Holographic Goose,20.0
71150,2012-03-01,Kenya,Stickers for Less,Holographic Goose,20.0
71190,2012-03-02,Canada,Discount Stickers,Holographic Goose,800.0
71235,2012-03-02,Kenya,Discount Stickers,Holographic Goose,20.0
71280,2012-03-03,Canada,Discount Stickers,Holographic Goose,800.0
71325,2012-03-03,Kenya,Discount Stickers,Holographic Goose,20.0
71370,2012-03-04,Canada,Discount Stickers,Holographic Goose,800.0
71415,2012-03-04,Kenya,Discount Stickers,Holographic Goose,20.0
71460,2012-03-05,Canada,Discount Stickers,Holographic Goose,800.0
71505,2012-03-05,Kenya,Discount Stickers,Holographic Goose,20.0
71510,2012-03-05,Kenya,Stickers for Less,Holographic Goose,20.0
71550,2012-03-06,Canada,Discount Stickers,Holographic Goose,800.0
71595,2012-03-06,Kenya,Discount Stickers,Holographic Goose,20.0
71600,2012-03-06,Kenya,Stickers for Less,Holographic Goose,20.0
71640,2012-03-07,Canada,Discount Stickers,Holographic Goose,800.0
71685,2012-03-07,Kenya,Discount Stickers,Holographic Goose,20.0
71690,2012-03-07,Kenya,Stickers for Less,Holographic Goose,20.0
71730,2012-03-08,Canada,Discount Stickers,Holographic Goose,800.0
71775,2012-03-08,Kenya,Discount Stickers,Holographic Goose,20.0
71780,2012-03-08,Kenya,Stickers for Less,Holographic Goose,20.0
71785,2012-03-08,Kenya,Premium Sticker Mart,Holographic Goose,20.0
71820,2012-03-09,Canada,Discount Stickers,Holographic Goose,800.0
71865,2012-03-09,Kenya,Discount Stickers,Holographic Goose,20.0
71870,2012-03-09,Kenya,Stickers for Less,Holographic Goose,20.0
71910,2012-03-10,Canada,Discount Stickers,Holographic Goose,800.0
71955,2012-03-10,Kenya,Discount Stickers,Holographic Goose,20.0
72000,2012-03-11,Canada,Discount Stickers,Holographic Goose,800.0
72045,2012-03-11,Kenya,Discount Stickers,Holographic Goose,20.0
72090,2012-03-12,Canada,Discount Stickers,Holographic Goose,800.0
72095,2012-03-12,Canada,Stickers for Less,Holographic Goose,800.0
72135,2012-03-12,Kenya,Discount Stickers,Holographic Goose,20.0
72140,2012-03-12,Kenya,Stickers for Less,Holographic Goose,20.0
72180,2012-03-13,Canada,Discount Stickers,Holographic Goose,800.0
72225,2012-03-13,Kenya,Discount Stickers,Holographic Goose,20.0
72230,2012-03-13,Kenya,Stickers for Less,Holographic Goose,20.0
72270,2012-03-14,Canada,Discount Stickers,Holographic Goose,800.0
72275,2012-03-14,Canada,Stickers for Less,Holographic Goose,800.0
72315,2012-03-14,Kenya,Discount Stickers,Holographic Goose,20.0
72360,2012-03-15,Canada,Discount Stickers,Holographic Goose,800.0
72405,2012-03-15,Kenya,Discount Stickers,Holographic Goose,20.0
72410,2012-03-15,Kenya,Stickers for Less,Holographic Goose,20.0
72450,2012-03-16,Canada,Discount Stickers,Holographic Goose,800.0
72495,2012-03-16,Kenya,Discount Stickers,Holographic Goose,20.0
72500,2012-03-16,Kenya,Stickers for Less,Holographic Goose,20.0
72540,2012-03-17,Canada,Discount Stickers,Holographic Goose,800.0
72585,2012-03-17,Kenya,Discount Stickers,Holographic Goose,20.0
72590,2012-03-17,Kenya,Stickers for Less,Holographic Goose,20.0
72630,2012-03-18,Canada,Discount Stickers,Holographic Goose,800.0
72675,2012-03-18,Kenya,Discount Stickers,Holographic Goose,20.0
72720,2012-03-19,Canada,Discount Stickers,Holographic Goose,800.0
72765,2012-03-19,Kenya,Discount Stickers,Holographic Goose,20.0
72770,2012-03-19,Kenya,Stickers for Less,Holographic Goose,20.0
72810,2012-03-20,Canada,Discount Stickers,Holographic Goose,800.0
72855,2012-03-20,Kenya,Discount Stickers,Holographic Goose,20.0
72860,2012-03-20,Kenya,Stickers for Less,Holographic Goose,20.0
72900,2012-03-21,Canada,Discount Stickers,Holographic Goose,800.0
72945,2012-03-21,Kenya,Discount Stickers,Holographic Goose,20.0
72950,2012-03-21,Kenya,Stickers for Less,Holographic Goose,20.0
72990,2012-03-22,Canada,Discount Stickers,Holographic Goose,800.0
73035,2012-03-22,Kenya,Discount Stickers,Holographic Goose,20.0
73040,2012-03-22,Kenya,Stickers for Less,Holographic Goose,20.0
73080,2012-03-23,Canada,Discount Stickers,Holographic Goose,800.0
73125,2012-03-23,Kenya,Discount Stickers,Holographic Goose,20.0
73130,2012-03-23,Kenya,Stickers for Less,Holographic Goose,20.0
73170,2012-03-24,Canada,Discount Stickers,Holographic Goose,800.0
73215,2012-03-24,Kenya,Discount Stickers,Holographic Goose,20.0
73220,2012-03-24,Kenya,Stickers for Less,Holographic Goose,20.0
73260,2012-03-25,Canada,Discount Stickers,Holographic Goose,800.0
73305,2012-03-25,Kenya,Discount Stickers,Holographic Goose,20.0
73350,2012-03-26,Canada,Discount Stickers,Holographic Goose,800.0
73355,2012-03-26,Canada,Stickers for Less,Holographic Goose,800.0
73395,2012-03-26,Kenya,Discount Stickers,Holographic Goose,20.0
73400,2012-03-26,Kenya,Stickers for Less,Holographic Goose,20.0
73440,2012-03-27,Canada,Discount Stickers,Holographic Goose,800.0
73485,2012-03-27,Kenya,Discount Stickers,Holographic Goose,20.0
73490,2012-03-27,Kenya,Stickers for Less,Holographic Goose,20.0
73495,2012-03-27,Kenya,Premium Sticker Mart,Holographic Goose,20.0
73530,2012-03-28,Canada,Discount Stickers,Holographic Goose,800.0
73575,2012-03-28,Kenya,Discount Stickers,Holographic Goose,20.0
73580,2012-03-28,Kenya,Stickers for Less,Holographic Goose,20.0
73620,2012-03-29,Canada,Discount Stickers,Holographic Goose,800.0
73665,2012-03-29,Kenya,Discount Stickers,Holographic Goose,20.0
73670,2012-03-29,Kenya,Stickers for Less,Holographic Goose,20.0
73710,2012-03-30,Canada,Discount Stickers,Holographic Goose,800.0
73755,2012-03-30,Kenya,Discount Stickers,Holographic Goose,20.0
73760,2012-03-30,Kenya,Stickers for Less,Holographic Goose,20.0
73800,2012-03-31,Canada,Discount Stickers,Holographic Goose,800.0
73845,2012-03-31,Kenya,Discount Stickers,Holographic Goose,20.0
73890,2012-04-01,Canada,Discount Stickers,Holographic Goose,800.0
73935,2012-04-01,Kenya,Discount Stickers,Holographic Goose,20.0
73980,2012-04-02,Canada,Discount Stickers,Holographic Goose,800.0
73985,2012-04-02,Canada,Stickers for Less,Holographic Goose,800.0
74025,2012-04-02,Kenya,Discount Stickers,Holographic Goose,20.0
74030,2012-04-02,Kenya,Stickers for Less,Holographic Goose,20.0
74070,2012-04-03,Canada,Discount Stickers,Holographic Goose,800.0
74075,2012-04-03,Canada,Stickers for Less,Holographic Goose,800.0
74115,2012-04-03,Kenya,Discount Stickers,Holographic Goose,20.0
74120,2012-04-03,Kenya,Stickers for Less,Holographic Goose,20.0
74160,2012-04-04,Canada,Discount Stickers,Holographic Goose,800.0
74165,2012-04-04,Canada,Stickers for Less,Holographic Goose,800.0
74205,2012-04-04,Kenya,Discount Stickers,Holographic Goose,20.0
74210,2012-04-04,Kenya,Stickers for Less,Holographic Goose,20.0
74215,2012-04-04,Kenya,Premium Sticker Mart,Holographic Goose,20.0
74250,2012-04-05,Canada,Discount Stickers,Holographic Goose,800.0
74255,2012-04-05,Canada,Stickers for Less,Holographic Goose,800.0
74295,2012-04-05,Kenya,Discount Stickers,Holographic Goose,20.0
74300,2012-04-05,Kenya,Stickers for Less,Holographic Goose,20.0
74340,2012-04-06,Canada,Discount Stickers,Holographic Goose,800.0
74385,2012-04-06,Kenya,Discount Stickers,Holographic Goose,20.0
74390,2012-04-06,Kenya,Stickers for Less,Holographic Goose,20.0
74430,2012-04-07,Canada,Discount Stickers,Holographic Goose,800.0
74475,2012-04-07,Kenya,Discount Stickers,Holographic Goose,20.0
74520,2012-04-08,Canada,Discount Stickers,Holographic Goose,800.0
74565,2012-04-08,Kenya,Discount Stickers,Holographic Goose,20.0
74610,2012-04-09,Canada,Discount Stickers,Holographic Goose,800.0
74655,2012-04-09,Kenya,Discount Stickers,Holographic Goose,20.0
74660,2012-04-09,Kenya,Stickers for Less,Holographic Goose,20.0
74700,2012-04-10,Canada,Discount Stickers,Holographic Goose,800.0
74705,2012-04-10,Canada,Stickers for Less,Holographic Goose,800.0
74745,2012-04-10,Kenya,Discount Stickers,Holographic Goose,20.0
74750,2012-04-10,Kenya,Stickers for Less,Holographic Goose,20.0
74790,2012-04-11,Canada,Discount Stickers,Holographic Goose,800.0
74835,2012-04-11,Kenya,Discount Stickers,Holographic Goose,20.0
74880,2012-04-12,Canada,Discount Stickers,Holographic Goose,800.0
74885,2012-04-12,Canada,Stickers for Less,Holographic Goose,800.0
74925,2012-04-12,Kenya,Discount Stickers,Holographic Goose,20.0
74930,2012-04-12,Kenya,Stickers for Less,Holographic Goose,20.0
74970,2012-04-13,Canada,Discount Stickers,Holographic Goose,800.0
75015,2012-04-13,Kenya,Discount Stickers,Holographic Goose,20.0
75020,2012-04-13,Kenya,Stickers for Less,Holographic Goose,20.0
75060,2012-04-14,Canada,Discount Stickers,Holographic Goose,800.0
75105,2012-04-14,Kenya,Discount Stickers,Holographic Goose,20.0
75150,2012-04-15,Canada,Discount Stickers,Holographic Goose,800.0
75195,2012-04-15,Kenya,Discount Stickers,Holographic Goose,20.0
75240,2012-04-16,Canada,Discount Stickers,Holographic Goose,800.0
75245,2012-04-16,Canada,Stickers for Less,Holographic Goose,800.0
75285,2012-04-16,Kenya,Discount Stickers,Holographic Goose,20.0
75290,2012-04-16,Kenya,Stickers for Less,Holographic Goose,20.0
75330,2012-04-17,Canada,Discount Stickers,Holographic Goose,800.0
75335,2012-04-17,Canada,Stickers for Less,Holographic Goose,800.0
75375,2012-04-17,Kenya,Discount Stickers,Holographic Goose,20.0
75380,2012-04-17,Kenya,Stickers for Less,Holographic Goose,20.0
75420,2012-04-18,Canada,Discount Stickers,Holographic Goose,800.0
75425,2012-04-18,Canada,Stickers for Less,Holographic Goose,800.0
75465,2012-04-18,Kenya,Discount Stickers,Holographic Goose,20.0
75470,2012-04-18,Kenya,Stickers for Less,Holographic Goose,20.0
75510,2012-04-19,Canada,Discount Stickers,Holographic Goose,800.0
75515,2012-04-19,Canada,Stickers for Less,Holographic Goose,800.0
75555,2012-04-19,Kenya,Discount Stickers,Holographic Goose,20.0
75560,2012-04-19,Kenya,Stickers for Less,Holographic Goose,20.0
75600,2012-04-20,Canada,Discount Stickers,Holographic Goose,800.0
75605,2012-04-20,Canada,Stickers for Less,Holographic Goose,800.0
75645,2012-04-20,Kenya,Discount Stickers,Holographic Goose,20.0
75650,2012-04-20,Kenya,Stickers for Less,Holographic Goose,20.0
75690,2012-04-21,Canada,Discount Stickers,Holographic Goose,800.0
75735,2012-04-21,Kenya,Discount Stickers,Holographic Goose,20.0
75740,2012-04-21,Kenya,Stickers for Less,Holographic Goose,20.0
75780,2012-04-22,Canada,Discount Stickers,Holographic Goose,800.0
75825,2012-04-22,Kenya,Discount Stickers,Holographic Goose,20.0
75870,2012-04-23,Canada,Discount Stickers,Holographic Goose,800.0
75875,2012-04-23,Canada,Stickers for Less,Holographic Goose,800.0
75915,2012-04-23,Kenya,Discount Stickers,Holographic Goose,20.0
75920,2012-04-23,Kenya,Stickers for Less,Holographic Goose,20.0
75925,2012-04-23,Kenya,Premium Sticker Mart,Holographic Goose,20.0
75960,2012-04-24,Canada,Discount Stickers,Holographic Goose,800.0
75965,2012-04-24,Canada,Stickers for Less,Holographic Goose,800.0
76005,2012-04-24,Kenya,Discount Stickers,Holographic Goose,20.0
76010,2012-04-24,Kenya,Stickers for Less,Holographic Goose,20.0
76015,2012-04-24,Kenya,Premium Sticker Mart,Holographic Goose,20.0
76050,2012-04-25,Canada,Discount Stickers,Holographic Goose,800.0
76055,2012-04-25,Canada,Stickers for Less,Holographic Goose,800.0
76095,2012-04-25,Kenya,Discount Stickers,Holographic Goose,20.0
76100,2012-04-25,Kenya,Stickers for Less,Holographic Goose,20.0
76105,2012-04-25,Kenya,Premium Sticker Mart,Holographic Goose,20.0
76140,2012-04-26,Canada,Discount Stickers,Holographic Goose,800.0
76145,2012-04-26,Canada,Stickers for Less,Holographic Goose,800.0
76185,2012-04-26,Kenya,Discount Stickers,Holographic Goose,20.0
76190,2012-04-26,Kenya,Stickers for Less,Holographic Goose,20.0
76195,2012-04-26,Kenya,Premium Sticker Mart,Holographic Goose,20.0
76230,2012-04-27,Canada,Discount Stickers,Holographic Goose,800.0
76235,2012-04-27,Canada,Stickers for Less,Holographic Goose,800.0
76275,2012-04-27,Kenya,Discount Stickers,Holographic Goose,20.0
76280,2012-04-27,Kenya,Stickers for Less,Holographic Goose,20.0
76320,2012-04-28,Canada,Discount Stickers,Holographic Goose,800.0
76365,2012-04-28,Kenya,Discount Stickers,Holographic Goose,20.0
76370,2012-04-28,Kenya,Stickers for Less,Holographic Goose,20.0
76410,2012-04-29,Canada,Discount Stickers,Holographic Goose,800.0
76455,2012-04-29,Kenya,Discount Stickers,Holographic Goose,20.0
76500,2012-04-30,Canada,Discount Stickers,Holographic Goose,800.0
76505,2012-04-30,Canada,Stickers for Less,Holographic Goose,800.0
76545,2012-04-30,Kenya,Discount Stickers,Holographic Goose,20.0
76550,2012-04-30,Kenya,Stickers for Less,Holographic Goose,20.0
76590,2012-05-01,Canada,Discount Stickers,Holographic Goose,800.0
76635,2012-05-01,Kenya,Discount Stickers,Holographic Goose,20.0
76640,2012-05-01,Kenya,Stickers for Less,Holographic Goose,20.0
76645,2012-05-01,Kenya,Premium Sticker Mart,Holographic Goose,20.0
76680,2012-05-02,Canada,Discount Stickers,Holographic Goose,800.0
76685,2012-05-02,Canada,Stickers for Less,Holographic Goose,800.0
76725,2012-05-02,Kenya,Discount Stickers,Holographic Goose,20.0
76730,2012-05-02,Kenya,Stickers for Less,Holographic Goose,20.0
76770,2012-05-03,Canada,Discount Stickers,Holographic Goose,800.0
76775,2012-05-03,Canada,Stickers for Less,Holographic Goose,800.0
76815,2012-05-03,Kenya,Discount Stickers,Holographic Goose,20.0
76820,2012-05-03,Kenya,Stickers for Less,Holographic Goose,20.0
76825,2012-05-03,Kenya,Premium Sticker Mart,Holographic Goose,20.0
76860,2012-05-04,Canada,Discount Stickers,Holographic Goose,800.0
76865,2012-05-04,Canada,Stickers for Less,Holographic Goose,800.0
76905,2012-05-04,Kenya,Discount Stickers,Holographic Goose,20.0
76910,2012-05-04,Kenya,Stickers for Less,Holographic Goose,20.0
76950,2012-05-05,Canada,Discount Stickers,Holographic Goose,800.0
76995,2012-05-05,Kenya,Discount Stickers,Holographic Goose,20.0
77000,2012-05-05,Kenya,Stickers for Less,Holographic Goose,20.0
77040,2012-05-06,Canada,Discount Stickers,Holographic Goose,800.0
77085,2012-05-06,Kenya,Discount Stickers,Holographic Goose,20.0
77130,2012-05-07,Canada,Discount Stickers,Holographic Goose,800.0
77175,2012-05-07,Kenya,Discount Stickers,Holographic Goose,20.0
77180,2012-05-07,Kenya,Stickers for Less,Holographic Goose,20.0
77220,2012-05-08,Canada,Discount Stickers,Holographic Goose,800.0
77225,2012-05-08,Canada,Stickers for Less,Holographic Goose,800.0
77265,2012-05-08,Kenya,Discount Stickers,Holographic Goose,20.0
77270,2012-05-08,Kenya,Stickers for Less,Holographic Goose,20.0
77310,2012-05-09,Canada,Discount Stickers,Holographic Goose,800.0
77315,2012-05-09,Canada,Stickers for Less,Holographic Goose,800.0
77355,2012-05-09,Kenya,Discount Stickers,Holographic Goose,20.0
77360,2012-05-09,Kenya,Stickers for Less,Holographic Goose,20.0
77365,2012-05-09,Kenya,Premium Sticker Mart,Holographic Goose,20.0
77400,2012-05-10,Canada,Discount Stickers,Holographic Goose,800.0
77405,2012-05-10,Canada,Stickers for Less,Holographic Goose,800.0
77445,2012-05-10,Kenya,Discount Stickers,Holographic Goose,20.0
77450,2012-05-10,Kenya,Stickers for Less,Holographic Goose,20.0
77455,2012-05-10,Kenya,Premium Sticker Mart,Holographic Goose,20.0
77490,2012-05-11,Canada,Discount Stickers,Holographic Goose,800.0
77535,2012-05-11,Kenya,Discount Stickers,Holographic Goose,20.0
77540,2012-05-11,Kenya,Stickers for Less,Holographic Goose,20.0
77545,2012-05-11,Kenya,Premium Sticker Mart,Holographic Goose,20.0
77580,2012-05-12,Canada,Discount Stickers,Holographic Goose,800.0
77625,2012-05-12,Kenya,Discount Stickers,Holographic Goose,20.0
77630,2012-05-12,Kenya,Stickers for Less,Holographic Goose,20.0
77635,2012-05-12,Kenya,Premium Sticker Mart,Holographic Goose,20.0
77670,2012-05-13,Canada,Discount Stickers,Holographic Goose,800.0
77715,2012-05-13,Kenya,Discount Stickers,Holographic Goose,20.0
77720,2012-05-13,Kenya,Stickers for Less,Holographic Goose,20.0
77760,2012-05-14,Canada,Discount Stickers,Holographic Goose,800.0
77765,2012-05-14,Canada,Stickers for Less,Holographic Goose,800.0
77805,2012-05-14,Kenya,Discount Stickers,Holographic Goose,20.0
77810,2012-05-14,Kenya,Stickers for Less,Holographic Goose,20.0
77815,2012-05-14,Kenya,Premium Sticker Mart,Holographic Goose,20.0
77850,2012-05-15,Canada,Discount Stickers,Holographic Goose,800.0
77855,2012-05-15,Canada,Stickers for Less,Holographic Goose,800.0
77895,2012-05-15,Kenya,Discount Stickers,Holographic Goose,20.0
77900,2012-05-15,Kenya,Stickers for Less,Holographic Goose,20.0
77940,2012-05-16,Canada,Discount Stickers,Holographic Goose,800.0
77945,2012-05-16,Canada,Stickers for Less,Holographic Goose,800.0
77985,2012-05-16,Kenya,Discount Stickers,Holographic Goose,20.0
77990,2012-05-16,Kenya,Stickers for Less,Holographic Goose,20.0
77995,2012-05-16,Kenya,Premium Sticker Mart,Holographic Goose,20.0
78030,2012-05-17,Canada,Discount Stickers,Holographic Goose,800.0
78035,2012-05-17,Canada,Stickers for Less,Holographic Goose,800.0
78075,2012-05-17,Kenya,Discount Stickers,Holographic Goose,20.0
78080,2012-05-17,Kenya,Stickers for Less,Holographic Goose,20.0
78085,2012-05-17,Kenya,Premium Sticker Mart,Holographic Goose,20.0
78120,2012-05-18,Canada,Discount Stickers,Holographic Goose,800.0
78165,2012-05-18,Kenya,Discount Stickers,Holographic Goose,20.0
78170,2012-05-18,Kenya,Stickers for Less,Holographic Goose,20.0
78210,2012-05-19,Canada,Discount Stickers,Holographic Goose,800.0
78255,2012-05-19,Kenya,Discount Stickers,Holographic Goose,20.0
78260,2012-05-19,Kenya,Stickers for Less,Holographic Goose,20.0
78300,2012-05-20,Canada,Discount Stickers,Holographic Goose,800.0
78345,2012-05-20,Kenya,Discount Stickers,Holographic Goose,20.0
78350,2012-05-20,Kenya,Stickers for Less,Holographic Goose,20.0
78390,2012-05-21,Canada,Discount Stickers,Holographic Goose,800.0
78395,2012-05-21,Canada,Stickers for Less,Holographic Goose,800.0
78400,2012-05-21,Canada,Premium Sticker Mart,Holographic Goose,800.0
78435,2012-05-21,Kenya,Discount Stickers,Holographic Goose,20.0
78440,2012-05-21,Kenya,Stickers for Less,Holographic Goose,20.0
78445,2012-05-21,Kenya,Premium Sticker Mart,Holographic Goose,20.0
78480,2012-05-22,Canada,Discount Stickers,Holographic Goose,800.0
78485,2012-05-22,Canada,Stickers for Less,Holographic Goose,800.0
78525,2012-05-22,Kenya,Discount Stickers,Holographic Goose,20.0
78530,2012-05-22,Kenya,Stickers for Less,Holographic Goose,20.0
78535,2012-05-22,Kenya,Premium Sticker Mart,Holographic Goose,20.0
78570,2012-05-23,Canada,Discount Stickers,Holographic Goose,800.0
78575,2012-05-23,Canada,Stickers for Less,Holographic Goose,800.0
78615,2012-05-23,Kenya,Discount Stickers,Holographic Goose,20.0
78620,2012-05-23,Kenya,Stickers for Less,Holographic Goose,20.0
78625,2012-05-23,Kenya,Premium Sticker Mart,Holographic Goose,20.0
78660,2012-05-24,Canada,Discount Stickers,Holographic Goose,800.0
78665,2012-05-24,Canada,Stickers for Less,Holographic Goose,800.0
78705,2012-05-24,Kenya,Discount Stickers,Holographic Goose,20.0
78710,2012-05-24,Kenya,Stickers for Less,Holographic Goose,20.0
78715,2012-05-24,Kenya,Premium Sticker Mart,Holographic Goose,20.0
78750,2012-05-25,Canada,Discount Stickers,Holographic Goose,800.0
78755,2012-05-25,Canada,Stickers for Less,Holographic Goose,800.0
78795,2012-05-25,Kenya,Discount Stickers,Holographic Goose,20.0
78800,2012-05-25,Kenya,Stickers for Less,Holographic Goose,20.0
78840,2012-05-26,Canada,Discount Stickers,Holographic Goose,800.0
78885,2012-05-26,Kenya,Discount Stickers,Holographic Goose,20.0
78890,2012-05-26,Kenya,Stickers for Less,Holographic Goose,20.0
78895,2012-05-26,Kenya,Premium Sticker Mart,Holographic Goose,20.0
78930,2012-05-27,Canada,Discount Stickers,Holographic Goose,800.0
78975,2012-05-27,Kenya,Discount Stickers,Holographic Goose,20.0
78980,2012-05-27,Kenya,Stickers for Less,Holographic Goose,20.0
79020,2012-05-28,Canada,Discount Stickers,Holographic Goose,800.0
79025,2012-05-28,Canada,Stickers for Less,Holographic Goose,800.0
79065,2012-05-28,Kenya,Discount Stickers,Holographic Goose,20.0
79070,2012-05-28,Kenya,Stickers for Less,Holographic Goose,20.0
79075,2012-05-28,Kenya,Premium Sticker Mart,Holographic Goose,20.0
79110,2012-05-29,Canada,Discount Stickers,Holographic Goose,800.0
79115,2012-05-29,Canada,Stickers for Less,Holographic Goose,800.0
79155,2012-05-29,Kenya,Discount Stickers,Holographic Goose,20.0
79160,2012-05-29,Kenya,Stickers for Less,Holographic Goose,20.0
79165,2012-05-29,Kenya,Premium Sticker Mart,Holographic Goose,20.0
79200,2012-05-30,Canada,Discount Stickers,Holographic Goose,800.0
79205,2012-05-30,Canada,Stickers for Less,Holographic Goose,800.0
79245,2012-05-30,Kenya,Discount Stickers,Holographic Goose,20.0
79250,2012-05-30,Kenya,Stickers for Less,Holographic Goose,20.0
79290,2012-05-31,Canada,Discount Stickers,Holographic Goose,800.0
79295,2012-05-31,Canada,Stickers for Less,Holographic Goose,800.0
79335,2012-05-31,Kenya,Discount Stickers,Holographic Goose,20.0
79340,2012-05-31,Kenya,Stickers for Less,Holographic Goose,20.0
79345,2012-05-31,Kenya,Premium Sticker Mart,Holographic Goose,20.0
79380,2012-06-01,Canada,Discount Stickers,Holographic Goose,800.0
79385,2012-06-01,Canada,Stickers for Less,Holographic Goose,800.0
79425,2012-06-01,Kenya,Discount Stickers,Holographic Goose,20.0
79430,2012-06-01,Kenya,Stickers for Less,Holographic Goose,20.0
79470,2012-06-02,Canada,Discount Stickers,Holographic Goose,800.0
79515,2012-06-02,Kenya,Discount Stickers,Holographic Goose,20.0
79520,2012-06-02,Kenya,Stickers for Less,Holographic Goose,20.0
79560,2012-06-03,Canada,Discount Stickers,Holographic Goose,800.0
79605,2012-06-03,Kenya,Discount Stickers,Holographic Goose,20.0
79650,2012-06-04,Canada,Discount Stickers,Holographic Goose,800.0
79655,2012-06-04,Canada,Stickers for Less,Holographic Goose,800.0
79660,2012-06-04,Canada,Premium Sticker Mart,Holographic Goose,800.0
79695,2012-06-04,Kenya,Discount Stickers,Holographic Goose,20.0
79700,2012-06-04,Kenya,Stickers for Less,Holographic Goose,20.0
79740,2012-06-05,Canada,Discount Stickers,Holographic Goose,800.0
79745,2012-06-05,Canada,Stickers for Less,Holographic Goose,800.0
79785,2012-06-05,Kenya,Discount Stickers,Holographic Goose,20.0
79790,2012-06-05,Kenya,Stickers for Less,Holographic Goose,20.0
79830,2012-06-06,Canada,Discount Stickers,Holographic Goose,800.0
79835,2012-06-06,Canada,Stickers for Less,Holographic Goose,800.0
79875,2012-06-06,Kenya,Discount Stickers,Holographic Goose,20.0
79880,2012-06-06,Kenya,Stickers for Less,Holographic Goose,20.0
79885,2012-06-06,Kenya,Premium Sticker Mart,Holographic Goose,20.0
79920,2012-06-07,Canada,Discount Stickers,Holographic Goose,800.0
79925,2012-06-07,Canada,Stickers for Less,Holographic Goose,800.0
79965,2012-06-07,Kenya,Discount Stickers,Holographic Goose,20.0
79970,2012-06-07,Kenya,Stickers for Less,Holographic Goose,20.0
79975,2012-06-07,Kenya,Premium Sticker Mart,Holographic Goose,20.0
80010,2012-06-08,Canada,Discount Stickers,Holographic Goose,800.0
80015,2012-06-08,Canada,Stickers for Less,Holographic Goose,800.0
80055,2012-06-08,Kenya,Discount Stickers,Holographic Goose,20.0
80060,2012-06-08,Kenya,Stickers for Less,Holographic Goose,20.0
80100,2012-06-09,Canada,Discount Stickers,Holographic Goose,800.0
80105,2012-06-09,Canada,Stickers for Less,Holographic Goose,800.0
80145,2012-06-09,Kenya,Discount Stickers,Holographic Goose,20.0
80150,2012-06-09,Kenya,Stickers for Less,Holographic Goose,20.0
80155,2012-06-09,Kenya,Premium Sticker Mart,Holographic Goose,20.0
80190,2012-06-10,Canada,Discount Stickers,Holographic Goose,800.0
80235,2012-06-10,Kenya,Discount Stickers,Holographic Goose,20.0
80240,2012-06-10,Kenya,Stickers for Less,Holographic Goose,20.0
80280,2012-06-11,Canada,Discount Stickers,Holographic Goose,800.0
80285,2012-06-11,Canada,Stickers for Less,Holographic Goose,800.0
80290,2012-06-11,Canada,Premium Sticker Mart,Holographic Goose,800.0
80325,2012-06-11,Kenya,Discount Stickers,Holographic Goose,20.0
80330,2012-06-11,Kenya,Stickers for Less,Holographic Goose,20.0
80335,2012-06-11,Kenya,Premium Sticker Mart,Holographic Goose,20.0
80370,2012-06-12,Canada,Discount Stickers,Holographic Goose,800.0
80375,2012-06-12,Canada,Stickers for Less,Holographic Goose,800.0
80415,2012-06-12,Kenya,Discount Stickers,Holographic Goose,20.0
80420,2012-06-12,Kenya,Stickers for Less,Holographic Goose,20.0
80425,2012-06-12,Kenya,Premium Sticker Mart,Holographic Goose,20.0
80460,2012-06-13,Canada,Discount Stickers,Holographic Goose,800.0
80465,2012-06-13,Canada,Stickers for Less,Holographic Goose,800.0
80505,2012-06-13,Kenya,Discount Stickers,Holographic Goose,20.0
80510,2012-06-13,Kenya,Stickers for Less,Holographic Goose,20.0
80515,2012-06-13,Kenya,Premium Sticker Mart,Holographic Goose,20.0
80550,2012-06-14,Canada,Discount Stickers,Holographic Goose,800.0
80555,2012-06-14,Canada,Stickers for Less,Holographic Goose,800.0
80595,2012-06-14,Kenya,Discount Stickers,Holographic Goose,20.0
80600,2012-06-14,Kenya,Stickers for Less,Holographic Goose,20.0
80605,2012-06-14,Kenya,Premium Sticker Mart,Holographic Goose,20.0
80640,2012-06-15,Canada,Discount Stickers,Holographic Goose,800.0
80645,2012-06-15,Canada,Stickers for Less,Holographic Goose,800.0
80685,2012-06-15,Kenya,Discount Stickers,Holographic Goose,20.0
80690,2012-06-15,Kenya,Stickers for Less,Holographic Goose,20.0
80695,2012-06-15,Kenya,Premium Sticker Mart,Holographic Goose,20.0
80730,2012-06-16,Canada,Discount Stickers,Holographic Goose,800.0
80775,2012-06-16,Kenya,Discount Stickers,Holographic Goose,20.0
80780,2012-06-16,Kenya,Stickers for Less,Holographic Goose,20.0
80820,2012-06-17,Canada,Discount Stickers,Holographic Goose,800.0
80865,2012-06-17,Kenya,Discount Stickers,Holographic Goose,20.0
80870,2012-06-17,Kenya,Stickers for Less,Holographic Goose,20.0
80910,2012-06-18,Canada,Discount Stickers,Holographic Goose,800.0
80915,2012-06-18,Canada,Stickers for Less,Holographic Goose,800.0
80920,2012-06-18,Canada,Premium Sticker Mart,Holographic Goose,800.0
80955,2012-06-18,Kenya,Discount Stickers,Holographic Goose,20.0
80960,2012-06-18,Kenya,Stickers for Less,Holographic Goose,20.0
80965,2012-06-18,Kenya,Premium Sticker Mart,Holographic Goose,20.0
81000,2012-06-19,Canada,Discount Stickers,Holographic Goose,800.0
81005,2012-06-19,Canada,Stickers for Less,Holographic Goose,800.0
81045,2012-06-19,Kenya,Discount Stickers,Holographic Goose,20.0
81050,2012-06-19,Kenya,Stickers for Less,Holographic Goose,20.0
81055,2012-06-19,Kenya,Premium Sticker Mart,Holographic Goose,20.0
81090,2012-06-20,Canada,Discount Stickers,Holographic Goose,800.0
81095,2012-06-20,Canada,Stickers for Less,Holographic Goose,800.0
81135,2012-06-20,Kenya,Discount Stickers,Holographic Goose,20.0
81140,2012-06-20,Kenya,Stickers for Less,Holographic Goose,20.0
81145,2012-06-20,Kenya,Premium Sticker Mart,Holographic Goose,20.0
81180,2012-06-21,Canada,Discount Stickers,Holographic Goose,800.0
81185,2012-06-21,Canada,Stickers for Less,Holographic Goose,800.0
81190,2012-06-21,Canada,Premium Sticker Mart,Holographic Goose,800.0
81225,2012-06-21,Kenya,Discount Stickers,Holographic Goose,20.0
81230,2012-06-21,Kenya,Stickers for Less,Holographic Goose,20.0
81235,2012-06-21,Kenya,Premium Sticker Mart,Holographic Goose,20.0
81270,2012-06-22,Canada,Discount Stickers,Holographic Goose,800.0
81275,2012-06-22,Canada,Stickers for Less,Holographic Goose,800.0
81315,2012-06-22,Kenya,Discount Stickers,Holographic Goose,20.0
81320,2012-06-22,Kenya,Stickers for Less,Holographic Goose,20.0
81325,2012-06-22,Kenya,Premium Sticker Mart,Holographic Goose,20.0
81360,2012-06-23,Canada,Discount Stickers,Holographic Goose,800.0
81405,2012-06-23,Kenya,Discount Stickers,Holographic Goose,20.0
81410,2012-06-23,Kenya,Stickers for Less,Holographic Goose,20.0
81450,2012-06-24,Canada,Discount Stickers,Holographic Goose,800.0
81495,2012-06-24,Kenya,Discount Stickers,Holographic Goose,20.0
81500,2012-06-24,Kenya,Stickers for Less,Holographic Goose,20.0
81540,2012-06-25,Canada,Discount Stickers,Holographic Goose,800.0
81545,2012-06-25,Canada,Stickers for Less,Holographic Goose,800.0
81585,2012-06-25,Kenya,Discount Stickers,Holographic Goose,20.0
81590,2012-06-25,Kenya,Stickers for Less,Holographic Goose,20.0
81595,2012-06-25,Kenya,Premium Sticker Mart,Holographic Goose,20.0
81630,2012-06-26,Canada,Discount Stickers,Holographic Goose,800.0
81635,2012-06-26,Canada,Stickers for Less,Holographic Goose,800.0
81675,2012-06-26,Kenya,Discount Stickers,Holographic Goose,20.0
81680,2012-06-26,Kenya,Stickers for Less,Holographic Goose,20.0
81685,2012-06-26,Kenya,Premium Sticker Mart,Holographic Goose,20.0
81720,2012-06-27,Canada,Discount Stickers,Holographic Goose,800.0
81725,2012-06-27,Canada,Stickers for Less,Holographic Goose,800.0
81765,2012-06-27,Kenya,Discount Stickers,Holographic Goose,20.0
81770,2012-06-27,Kenya,Stickers for Less,Holographic Goose,20.0
81775,2012-06-27,Kenya,Premium Sticker Mart,Holographic Goose,20.0
81810,2012-06-28,Canada,Discount Stickers,Holographic Goose,800.0
81815,2012-06-28,Canada,Stickers for Less,Holographic Goose,800.0
81855,2012-06-28,Kenya,Discount Stickers,Holographic Goose,20.0
81860,2012-06-28,Kenya,Stickers for Less,Holographic Goose,20.0
81865,2012-06-28,Kenya,Premium Sticker Mart,Holographic Goose,20.0
81900,2012-06-29,Canada,Discount Stickers,Holographic Goose,800.0
81905,2012-06-29,Canada,Stickers for Less,Holographic Goose,800.0
81945,2012-06-29,Kenya,Discount Stickers,Holographic Goose,20.0
81950,2012-06-29,Kenya,Stickers for Less,Holographic Goose,20.0
81990,2012-06-30,Canada,Discount Stickers,Holographic Goose,800.0
82035,2012-06-30,Kenya,Discount Stickers,Holographic Goose,20.0
82040,2012-06-30,Kenya,Stickers for Less,Holographic Goose,20.0
82080,2012-07-01,Canada,Discount Stickers,Holographic Goose,800.0
82125,2012-07-01,Kenya,Discount Stickers,Holographic Goose,20.0
82130,2012-07-01,Kenya,Stickers for Less,Holographic Goose,20.0
82170,2012-07-02,Canada,Discount Stickers,Holographic Goose,800.0
82175,2012-07-02,Canada,Stickers for Less,Holographic Goose,800.0
82215,2012-07-02,Kenya,Discount Stickers,Holographic Goose,20.0
82220,2012-07-02,Kenya,Stickers for Less,Holographic Goose,20.0
82225,2012-07-02,Kenya,Premium Sticker Mart,Holographic Goose,20.0
82260,2012-07-03,Canada,Discount Stickers,Holographic Goose,800.0
82265,2012-07-03,Canada,Stickers for Less,Holographic Goose,800.0
82305,2012-07-03,Kenya,Discount Stickers,Holographic Goose,20.0
82310,2012-07-03,Kenya,Stickers for Less,Holographic Goose,20.0
82315,2012-07-03,Kenya,Premium Sticker Mart,Holographic Goose,20.0
82350,2012-07-04,Canada,Discount Stickers,Holographic Goose,800.0
82355,2012-07-04,Canada,Stickers for Less,Holographic Goose,800.0
82395,2012-07-04,Kenya,Discount Stickers,Holographic Goose,20.0
82400,2012-07-04,Kenya,Stickers for Less,Holographic Goose,20.0
82405,2012-07-04,Kenya,Premium Sticker Mart,Holographic Goose,20.0
82440,2012-07-05,Canada,Discount Stickers,Holographic Goose,800.0
82485,2012-07-05,Kenya,Discount Stickers,Holographic Goose,20.0
82490,2012-07-05,Kenya,Stickers for Less,Holographic Goose,20.0
82495,2012-07-05,Kenya,Premium Sticker Mart,Holographic Goose,20.0
82530,2012-07-06,Canada,Discount Stickers,Holographic Goose,800.0
82575,2012-07-06,Kenya,Discount Stickers,Holographic Goose,20.0
82580,2012-07-06,Kenya,Stickers for Less,Holographic Goose,20.0
82620,2012-07-07,Canada,Discount Stickers,Holographic Goose,800.0
82625,2012-07-07,Canada,Stickers for Less,Holographic Goose,800.0
82665,2012-07-07,Kenya,Discount Stickers,Holographic Goose,20.0
82670,2012-07-07,Kenya,Stickers for Less,Holographic Goose,20.0
82710,2012-07-08,Canada,Discount Stickers,Holographic Goose,800.0
82755,2012-07-08,Kenya,Discount Stickers,Holographic Goose,20.0
82760,2012-07-08,Kenya,Stickers for Less,Holographic Goose,20.0
82800,2012-07-09,Canada,Discount Stickers,Holographic Goose,800.0
82805,2012-07-09,Canada,Stickers for Less,Holographic Goose,800.0
82845,2012-07-09,Kenya,Discount Stickers,Holographic Goose,20.0
82850,2012-07-09,Kenya,Stickers for Less,Holographic Goose,20.0
82855,2012-07-09,Kenya,Premium Sticker Mart,Holographic Goose,20.0
82890,2012-07-10,Canada,Discount Stickers,Holographic Goose,800.0
82895,2012-07-10,Canada,Stickers for Less,Holographic Goose,800.0
82935,2012-07-10,Kenya,Discount Stickers,Holographic Goose,20.0
82940,2012-07-10,Kenya,Stickers for Less,Holographic Goose,20.0
82945,2012-07-10,Kenya,Premium Sticker Mart,Holographic Goose,20.0
82980,2012-07-11,Canada,Discount Stickers,Holographic Goose,800.0
82985,2012-07-11,Canada,Stickers for Less,Holographic Goose,800.0
83025,2012-07-11,Kenya,Discount Stickers,Holographic Goose,20.0
83030,2012-07-11,Kenya,Stickers for Less,Holographic Goose,20.0
83035,2012-07-11,Kenya,Premium Sticker Mart,Holographic Goose,20.0
83070,2012-07-12,Canada,Discount Stickers,Holographic Goose,800.0
83075,2012-07-12,Canada,Stickers for Less,Holographic Goose,800.0
83115,2012-07-12,Kenya,Discount Stickers,Holographic Goose,20.0
83120,2012-07-12,Kenya,Stickers for Less,Holographic Goose,20.0
83125,2012-07-12,Kenya,Premium Sticker Mart,Holographic Goose,20.0
83160,2012-07-13,Canada,Discount Stickers,Holographic Goose,800.0
83165,2012-07-13,Canada,Stickers for Less,Holographic Goose,800.0
83205,2012-07-13,Kenya,Discount Stickers,Holographic Goose,20.0
83210,2012-07-13,Kenya,Stickers for Less,Holographic Goose,20.0
83215,2012-07-13,Kenya,Premium Sticker Mart,Holographic Goose,20.0
83250,2012-07-14,Canada,Discount Stickers,Holographic Goose,800.0
83255,2012-07-14,Canada,Stickers for Less,Holographic Goose,800.0
83295,2012-07-14,Kenya,Discount Stickers,Holographic Goose,20.0
83300,2012-07-14,Kenya,Stickers for Less,Holographic Goose,20.0
83340,2012-07-15,Canada,Discount Stickers,Holographic Goose,800.0
83385,2012-07-15,Kenya,Discount Stickers,Holographic Goose,20.0
83390,2012-07-15,Kenya,Stickers for Less,Holographic Goose,20.0
83430,2012-07-16,Canada,Discount Stickers,Holographic Goose,800.0
83435,2012-07-16,Canada,Stickers for Less,Holographic Goose,800.0
83440,2012-07-16,Canada,Premium Sticker Mart,Holographic Goose,800.0
83475,2012-07-16,Kenya,Discount Stickers,Holographic Goose,20.0
83480,2012-07-16,Kenya,Stickers for Less,Holographic Goose,20.0
83485,2012-07-16,Kenya,Premium Sticker Mart,Holographic Goose,20.0
83520,2012-07-17,Canada,Discount Stickers,Holographic Goose,800.0
83525,2012-07-17,Canada,Stickers for Less,Holographic Goose,800.0
83565,2012-07-17,Kenya,Discount Stickers,Holographic Goose,20.0
83570,2012-07-17,Kenya,Stickers for Less,Holographic Goose,20.0
83575,2012-07-17,Kenya,Premium Sticker Mart,Holographic Goose,20.0
83610,2012-07-18,Canada,Discount Stickers,Holographic Goose,800.0
83615,2012-07-18,Canada,Stickers for Less,Holographic Goose,800.0
83655,2012-07-18,Kenya,Discount Stickers,Holographic Goose,20.0
83660,2012-07-18,Kenya,Stickers for Less,Holographic Goose,20.0
83665,2012-07-18,Kenya,Premium Sticker Mart,Holographic Goose,20.0
83700,2012-07-19,Canada,Discount Stickers,Holographic Goose,800.0
83705,2012-07-19,Canada,Stickers for Less,Holographic Goose,800.0
83745,2012-07-19,Kenya,Discount Stickers,Holographic Goose,20.0
83750,2012-07-19,Kenya,Stickers for Less,Holographic Goose,20.0
83755,2012-07-19,Kenya,Premium Sticker Mart,Holographic Goose,20.0
83790,2012-07-20,Canada,Discount Stickers,Holographic Goose,800.0
83795,2012-07-20,Canada,Stickers for Less,Holographic Goose,800.0
83835,2012-07-20,Kenya,Discount Stickers,Holographic Goose,20.0
83840,2012-07-20,Kenya,Stickers for Less,Holographic Goose,20.0
83845,2012-07-20,Kenya,Premium Sticker Mart,Holographic Goose,20.0
83880,2012-07-21,Canada,Discount Stickers,Holographic Goose,800.0
83885,2012-07-21,Canada,Stickers for Less,Holographic Goose,800.0
83925,2012-07-21,Kenya,Discount Stickers,Holographic Goose,20.0
83930,2012-07-21,Kenya,Stickers for Less,Holographic Goose,20.0
83970,2012-07-22,Canada,Discount Stickers,Holographic Goose,800.0
84015,2012-07-22,Kenya,Discount Stickers,Holographic Goose,20.0
84020,2012-07-22,Kenya,Stickers for Less,Holographic Goose,20.0
84060,2012-07-23,Canada,Discount Stickers,Holographic Goose,800.0
84065,2012-07-23,Canada,Stickers for Less,Holographic Goose,800.0
84070,2012-07-23,Canada,Premium Sticker Mart,Holographic Goose,800.0
84105,2012-07-23,Kenya,Discount Stickers,Holographic Goose,20.0
84110,2012-07-23,Kenya,Stickers for Less,Holographic Goose,20.0
84115,2012-07-23,Kenya,Premium Sticker Mart,Holographic Goose,20.0
84150,2012-07-24,Canada,Discount Stickers,Holographic Goose,800.0
84155,2012-07-24,Canada,Stickers for Less,Holographic Goose,800.0
84195,2012-07-24,Kenya,Discount Stickers,Holographic Goose,20.0
84200,2012-07-24,Kenya,Stickers for Less,Holographic Goose,20.0
84205,2012-07-24,Kenya,Premium Sticker Mart,Holographic Goose,20.0
84240,2012-07-25,Canada,Discount Stickers,Holographic Goose,800.0
84245,2012-07-25,Canada,Stickers for Less,Holographic Goose,800.0
84250,2012-07-25,Canada,Premium Sticker Mart,Holographic Goose,800.0
84285,2012-07-25,Kenya,Discount Stickers,Holographic Goose,20.0
84290,2012-07-25,Kenya,Stickers for Less,Holographic Goose,20.0
84295,2012-07-25,Kenya,Premium Sticker Mart,Holographic Goose,20.0
84330,2012-07-26,Canada,Discount Stickers,Holographic Goose,800.0
84335,2012-07-26,Canada,Stickers for Less,Holographic Goose,800.0
84375,2012-07-26,Kenya,Discount Stickers,Holographic Goose,20.0
84380,2012-07-26,Kenya,Stickers for Less,Holographic Goose,20.0
84385,2012-07-26,Kenya,Premium Sticker Mart,Holographic Goose,20.0
84420,2012-07-27,Canada,Discount Stickers,Holographic Goose,800.0
84425,2012-07-27,Canada,Stickers for Less,Holographic Goose,800.0
84465,2012-07-27,Kenya,Discount Stickers,Holographic Goose,20.0
84470,2012-07-27,Kenya,Stickers for Less,Holographic Goose,20.0
84475,2012-07-27,Kenya,Premium Sticker Mart,Holographic Goose,20.0
84510,2012-07-28,Canada,Discount Stickers,Holographic Goose,800.0
84555,2012-07-28,Kenya,Discount Stickers,Holographic Goose,20.0
84560,2012-07-28,Kenya,Stickers for Less,Holographic Goose,20.0
84600,2012-07-29,Canada,Discount Stickers,Holographic Goose,800.0
84645,2012-07-29,Kenya,Discount Stickers,Holographic Goose,20.0
84650,2012-07-29,Kenya,Stickers for Less,Holographic Goose,20.0
84690,2012-07-30,Canada,Discount Stickers,Holographic Goose,800.0
84695,2012-07-30,Canada,Stickers for Less,Holographic Goose,800.0
84700,2012-07-30,Canada,Premium Sticker Mart,Holographic Goose,800.0
84735,2012-07-30,Kenya,Discount Stickers,Holographic Goose,20.0
84740,2012-07-30,Kenya,Stickers for Less,Holographic Goose,20.0
84745,2012-07-30,Kenya,Premium Sticker Mart,Holographic Goose,20.0
84780,2012-07-31,Canada,Discount Stickers,Holographic Goose,800.0
84785,2012-07-31,Canada,Stickers for Less,Holographic Goose,800.0
84825,2012-07-31,Kenya,Discount Stickers,Holographic Goose,20.0
84830,2012-07-31,Kenya,Stickers for Less,Holographic Goose,20.0
84835,2012-07-31,Kenya,Premium Sticker Mart,Holographic Goose,20.0
84870,2012-08-01,Canada,Discount Stickers,Holographic Goose,800.0
84875,2012-08-01,Canada,Stickers for Less,Holographic Goose,800.0
84915,2012-08-01,Kenya,Discount Stickers,Holographic Goose,20.0
84920,2012-08-01,Kenya,Stickers for Less,Holographic Goose,20.0
84925,2012-08-01,Kenya,Premium Sticker Mart,Holographic Goose,20.0
84960,2012-08-02,Canada,Discount Stickers,Holographic Goose,800.0
84965,2012-08-02,Canada,Stickers for Less,Holographic Goose,800.0
84970,2012-08-02,Canada,Premium Sticker Mart,Holographic Goose,800.0
85005,2012-08-02,Kenya,Discount Stickers,Holographic Goose,20.0
85010,2012-08-02,Kenya,Stickers for Less,Holographic Goose,20.0
85015,2012-08-02,Kenya,Premium Sticker Mart,Holographic Goose,20.0
85050,2012-08-03,Canada,Discount Stickers,Holographic Goose,800.0
85095,2012-08-03,Kenya,Discount Stickers,Holographic Goose,20.0
85100,2012-08-03,Kenya,Stickers for Less,Holographic Goose,20.0
85105,2012-08-03,Kenya,Premium Sticker Mart,Holographic Goose,20.0
85140,2012-08-04,Canada,Discount Stickers,Holographic Goose,800.0
85145,2012-08-04,Canada,Stickers for Less,Holographic Goose,800.0
85185,2012-08-04,Kenya,Discount Stickers,Holographic Goose,20.0
85190,2012-08-04,Kenya,Stickers for Less,Holographic Goose,20.0
85230,2012-08-05,Canada,Discount Stickers,Holographic Goose,800.0
85275,2012-08-05,Kenya,Discount Stickers,Holographic Goose,20.0
85280,2012-08-05,Kenya,Stickers for Less,Holographic Goose,20.0
85320,2012-08-06,Canada,Discount Stickers,Holographic Goose,800.0
85325,2012-08-06,Canada,Stickers for Less,Holographic Goose,800.0
85365,2012-08-06,Kenya,Discount Stickers,Holographic Goose,20.0
85370,2012-08-06,Kenya,Stickers for Less,Holographic Goose,20.0
85375,2012-08-06,Kenya,Premium Sticker Mart,Holographic Goose,20.0
85410,2012-08-07,Canada,Discount Stickers,Holographic Goose,800.0
85415,2012-08-07,Canada,Stickers for Less,Holographic Goose,800.0
85455,2012-08-07,Kenya,Discount Stickers,Holographic Goose,20.0
85460,2012-08-07,Kenya,Stickers for Less,Holographic Goose,20.0
85465,2012-08-07,Kenya,Premium Sticker Mart,Holographic Goose,20.0
85500,2012-08-08,Canada,Discount Stickers,Holographic Goose,800.0
85505,2012-08-08,Canada,Stickers for Less,Holographic Goose,800.0
85545,2012-08-08,Kenya,Discount Stickers,Holographic Goose,20.0
85550,2012-08-08,Kenya,Stickers for Less,Holographic Goose,20.0
85590,2012-08-09,Canada,Discount Stickers,Holographic Goose,800.0
85595,2012-08-09,Canada,Stickers for Less,Holographic Goose,800.0
85635,2012-08-09,Kenya,Discount Stickers,Holographic Goose,20.0
85640,2012-08-09,Kenya,Stickers for Less,Holographic Goose,20.0
85645,2012-08-09,Kenya,Premium Sticker Mart,Holographic Goose,20.0
85680,2012-08-10,Canada,Discount Stickers,Holographic Goose,800.0
85685,2012-08-10,Canada,Stickers for Less,Holographic Goose,800.0
85725,2012-08-10,Kenya,Discount Stickers,Holographic Goose,20.0
85730,2012-08-10,Kenya,Stickers for Less,Holographic Goose,20.0
85735,2012-08-10,Kenya,Premium Sticker Mart,Holographic Goose,20.0
85770,2012-08-11,Canada,Discount Stickers,Holographic Goose,800.0
85775,2012-08-11,Canada,Stickers for Less,Holographic Goose,800.0
85815,2012-08-11,Kenya,Discount Stickers,Holographic Goose,20.0
85820,2012-08-11,Kenya,Stickers for Less,Holographic Goose,20.0
85860,2012-08-12,Canada,Discount Stickers,Holographic Goose,800.0
85905,2012-08-12,Kenya,Discount Stickers,Holographic Goose,20.0
85910,2012-08-12,Kenya,Stickers for Less,Holographic Goose,20.0
85950,2012-08-13,Canada,Discount Stickers,Holographic Goose,800.0
85955,2012-08-13,Canada,Stickers for Less,Holographic Goose,800.0
85995,2012-08-13,Kenya,Discount Stickers,Holographic Goose,20.0
86000,2012-08-13,Kenya,Stickers for Less,Holographic Goose,20.0
86005,2012-08-13,Kenya,Premium Sticker Mart,Holographic Goose,20.0
86040,2012-08-14,Canada,Discount Stickers,Holographic Goose,800.0
86085,2012-08-14,Kenya,Discount Stickers,Holographic Goose,20.0
86090,2012-08-14,Kenya,Stickers for Less,Holographic Goose,20.0
86095,2012-08-14,Kenya,Premium Sticker Mart,Holographic Goose,20.0
86130,2012-08-15,Canada,Discount Stickers,Holographic Goose,800.0
86135,2012-08-15,Canada,Stickers for Less,Holographic Goose,800.0
86175,2012-08-15,Kenya,Discount Stickers,Holographic Goose,20.0
86180,2012-08-15,Kenya,Stickers for Less,Holographic Goose,20.0
86185,2012-08-15,Kenya,Premium Sticker Mart,Holographic Goose,20.0
86220,2012-08-16,Canada,Discount Stickers,Holographic Goose,800.0
86225,2012-08-16,Canada,Stickers for Less,Holographic Goose,800.0
86265,2012-08-16,Kenya,Discount Stickers,Holographic Goose,20.0
86270,2012-08-16,Kenya,Stickers for Less,Holographic Goose,20.0
86275,2012-08-16,Kenya,Premium Sticker Mart,Holographic Goose,20.0
86310,2012-08-17,Canada,Discount Stickers,Holographic Goose,800.0
86315,2012-08-17,Canada,Stickers for Less,Holographic Goose,800.0
86355,2012-08-17,Kenya,Discount Stickers,Holographic Goose,20.0
86360,2012-08-17,Kenya,Stickers for Less,Holographic Goose,20.0
86400,2012-08-18,Canada,Discount Stickers,Holographic Goose,800.0
86445,2012-08-18,Kenya,Discount Stickers,Holographic Goose,20.0
86450,2012-08-18,Kenya,Stickers for Less,Holographic Goose,20.0
86455,2012-08-18,Kenya,Premium Sticker Mart,Holographic Goose,20.0
86490,2012-08-19,Canada,Discount Stickers,Holographic Goose,800.0
86535,2012-08-19,Kenya,Discount Stickers,Holographic Goose,20.0
86580,2012-08-20,Canada,Discount Stickers,Holographic Goose,800.0
86585,2012-08-20,Canada,Stickers for Less,Holographic Goose,800.0
86625,2012-08-20,Kenya,Discount Stickers,Holographic Goose,20.0
86630,2012-08-20,Kenya,Stickers for Less,Holographic Goose,20.0
86670,2012-08-21,Canada,Discount Stickers,Holographic Goose,800.0
86715,2012-08-21,Kenya,Discount Stickers,Holographic Goose,20.0
86720,2012-08-21,Kenya,Stickers for Less,Holographic Goose,20.0
86725,2012-08-21,Kenya,Premium Sticker Mart,Holographic Goose,20.0
86760,2012-08-22,Canada,Discount Stickers,Holographic Goose,800.0
86765,2012-08-22,Canada,Stickers for Less,Holographic Goose,800.0
86805,2012-08-22,Kenya,Discount Stickers,Holographic Goose,20.0
86810,2012-08-22,Kenya,Stickers for Less,Holographic Goose,20.0
86850,2012-08-23,Canada,Discount Stickers,Holographic Goose,800.0
86855,2012-08-23,Canada,Stickers for Less,Holographic Goose,800.0
86895,2012-08-23,Kenya,Discount Stickers,Holographic Goose,20.0
86900,2012-08-23,Kenya,Stickers for Less,Holographic Goose,20.0
86905,2012-08-23,Kenya,Premium Sticker Mart,Holographic Goose,20.0
86940,2012-08-24,Canada,Discount Stickers,Holographic Goose,800.0
86985,2012-08-24,Kenya,Discount Stickers,Holographic Goose,20.0
86990,2012-08-24,Kenya,Stickers for Less,Holographic Goose,20.0
87030,2012-08-25,Canada,Discount Stickers,Holographic Goose,800.0
87035,2012-08-25,Canada,Stickers for Less,Holographic Goose,800.0
87075,2012-08-25,Kenya,Discount Stickers,Holographic Goose,20.0
87080,2012-08-25,Kenya,Stickers for Less,Holographic Goose,20.0
87120,2012-08-26,Canada,Discount Stickers,Holographic Goose,800.0
87165,2012-08-26,Kenya,Discount Stickers,Holographic Goose,20.0
87210,2012-08-27,Canada,Discount Stickers,Holographic Goose,800.0
87215,2012-08-27,Canada,Stickers for Less,Holographic Goose,800.0
87220,2012-08-27,Canada,Premium Sticker Mart,Holographic Goose,800.0
87255,2012-08-27,Kenya,Discount Stickers,Holographic Goose,20.0
87260,2012-08-27,Kenya,Stickers for Less,Holographic Goose,20.0
87265,2012-08-27,Kenya,Premium Sticker Mart,Holographic Goose,20.0
87300,2012-08-28,Canada,Discount Stickers,Holographic Goose,800.0
87305,2012-08-28,Canada,Stickers for Less,Holographic Goose,800.0
87345,2012-08-28,Kenya,Discount Stickers,Holographic Goose,20.0
87350,2012-08-28,Kenya,Stickers for Less,Holographic Goose,20.0
87355,2012-08-28,Kenya,Premium Sticker Mart,Holographic Goose,20.0
87390,2012-08-29,Canada,Discount Stickers,Holographic Goose,800.0
87395,2012-08-29,Canada,Stickers for Less,Holographic Goose,800.0
87435,2012-08-29,Kenya,Discount Stickers,Holographic Goose,20.0
87440,2012-08-29,Kenya,Stickers for Less,Holographic Goose,20.0
87445,2012-08-29,Kenya,Premium Sticker Mart,Holographic Goose,20.0
87480,2012-08-30,Canada,Discount Stickers,Holographic Goose,800.0
87485,2012-08-30,Canada,Stickers for Less,Holographic Goose,800.0
87490,2012-08-30,Canada,Premium Sticker Mart,Holographic Goose,800.0
87525,2012-08-30,Kenya,Discount Stickers,Holographic Goose,20.0
87530,2012-08-30,Kenya,Stickers for Less,Holographic Goose,20.0
87535,2012-08-30,Kenya,Premium Sticker Mart,Holographic Goose,20.0
87570,2012-08-31,Canada,Discount Stickers,Holographic Goose,800.0
87615,2012-08-31,Kenya,Discount Stickers,Holographic Goose,20.0
87620,2012-08-31,Kenya,Stickers for Less,Holographic Goose,20.0
87660,2012-09-01,Canada,Discount Stickers,Holographic Goose,800.0
87705,2012-09-01,Kenya,Discount Stickers,Holographic Goose,20.0
87710,2012-09-01,Kenya,Stickers for Less,Holographic Goose,20.0
87750,2012-09-02,Canada,Discount Stickers,Holographic Goose,800.0
87795,2012-09-02,Kenya,Discount Stickers,Holographic Goose,20.0
87840,2012-09-03,Canada,Discount Stickers,Holographic Goose,800.0
87845,2012-09-03,Canada,Stickers for Less,Holographic Goose,800.0
87885,2012-09-03,Kenya,Discount Stickers,Holographic Goose,20.0
87890,2012-09-03,Kenya,Stickers for Less,Holographic Goose,20.0
87895,2012-09-03,Kenya,Premium Sticker Mart,Holographic Goose,20.0
87930,2012-09-04,Canada,Discount Stickers,Holographic Goose,800.0
87935,2012-09-04,Canada,Stickers for Less,Holographic Goose,800.0
87975,2012-09-04,Kenya,Discount Stickers,Holographic Goose,20.0
87980,2012-09-04,Kenya,Stickers for Less,Holographic Goose,20.0
88020,2012-09-05,Canada,Discount Stickers,Holographic Goose,800.0
88065,2012-09-05,Kenya,Discount Stickers,Holographic Goose,20.0
88070,2012-09-05,Kenya,Stickers for Less,Holographic Goose,20.0
88110,2012-09-06,Canada,Discount Stickers,Holographic Goose,800.0
88155,2012-09-06,Kenya,Discount Stickers,Holographic Goose,20.0
88160,2012-09-06,Kenya,Stickers for Less,Holographic Goose,20.0
88165,2012-09-06,Kenya,Premium Sticker Mart,Holographic Goose,20.0
88200,2012-09-07,Canada,Discount Stickers,Holographic Goose,800.0
88245,2012-09-07,Kenya,Discount Stickers,Holographic Goose,20.0
88250,2012-09-07,Kenya,Stickers for Less,Holographic Goose,20.0
88290,2012-09-08,Canada,Discount Stickers,Holographic Goose,800.0
88335,2012-09-08,Kenya,Discount Stickers,Holographic Goose,20.0
88340,2012-09-08,Kenya,Stickers for Less,Holographic Goose,20.0
88380,2012-09-09,Canada,Discount Stickers,Holographic Goose,800.0
88425,2012-09-09,Kenya,Discount Stickers,Holographic Goose,20.0
88430,2012-09-09,Kenya,Stickers for Less,Holographic Goose,20.0
88470,2012-09-10,Canada,Discount Stickers,Holographic Goose,800.0
88475,2012-09-10,Canada,Stickers for Less,Holographic Goose,800.0
88515,2012-09-10,Kenya,Discount Stickers,Holographic Goose,20.0
88520,2012-09-10,Kenya,Stickers for Less,Holographic Goose,20.0
88560,2012-09-11,Canada,Discount Stickers,Holographic Goose,800.0
88565,2012-09-11,Canada,Stickers for Less,Holographic Goose,800.0
88605,2012-09-11,Kenya,Discount Stickers,Holographic Goose,20.0
88610,2012-09-11,Kenya,Stickers for Less,Holographic Goose,20.0
88615,2012-09-11,Kenya,Premium Sticker Mart,Holographic Goose,20.0
88650,2012-09-12,Canada,Discount Stickers,Holographic Goose,800.0
88655,2012-09-12,Canada,Stickers for Less,Holographic Goose,800.0
88695,2012-09-12,Kenya,Discount Stickers,Holographic Goose,20.0
88700,2012-09-12,Kenya,Stickers for Less,Holographic Goose,20.0
88705,2012-09-12,Kenya,Premium Sticker Mart,Holographic Goose,20.0
88740,2012-09-13,Canada,Discount Stickers,Holographic Goose,800.0
88745,2012-09-13,Canada,Stickers for Less,Holographic Goose,800.0
88785,2012-09-13,Kenya,Discount Stickers,Holographic Goose,20.0
88790,2012-09-13,Kenya,Stickers for Less,Holographic Goose,20.0
88795,2012-09-13,Kenya,Premium Sticker Mart,Holographic Goose,20.0
88830,2012-09-14,Canada,Discount Stickers,Holographic Goose,800.0
88875,2012-09-14,Kenya,Discount Stickers,Holographic Goose,20.0
88880,2012-09-14,Kenya,Stickers for Less,Holographic Goose,20.0
88920,2012-09-15,Canada,Discount Stickers,Holographic Goose,800.0
88965,2012-09-15,Kenya,Discount Stickers,Holographic Goose,20.0
88970,2012-09-15,Kenya,Stickers for Less,Holographic Goose,20.0
89010,2012-09-16,Canada,Discount Stickers,Holographic Goose,800.0
89055,2012-09-16,Kenya,Discount Stickers,Holographic Goose,20.0
89100,2012-09-17,Canada,Discount Stickers,Holographic Goose,800.0
89105,2012-09-17,Canada,Stickers for Less,Holographic Goose,800.0
89145,2012-09-17,Kenya,Discount Stickers,Holographic Goose,20.0
89150,2012-09-17,Kenya,Stickers for Less,Holographic Goose,20.0
89155,2012-09-17,Kenya,Premium Sticker Mart,Holographic Goose,20.0
89190,2012-09-18,Canada,Discount Stickers,Holographic Goose,800.0
89235,2012-09-18,Kenya,Discount Stickers,Holographic Goose,20.0
89240,2012-09-18,Kenya,Stickers for Less,Holographic Goose,20.0
89280,2012-09-19,Canada,Discount Stickers,Holographic Goose,800.0
89325,2012-09-19,Kenya,Discount Stickers,Holographic Goose,20.0
89330,2012-09-19,Kenya,Stickers for Less,Holographic Goose,20.0
89335,2012-09-19,Kenya,Premium Sticker Mart,Holographic Goose,20.0
89370,2012-09-20,Canada,Discount Stickers,Holographic Goose,800.0
89415,2012-09-20,Kenya,Discount Stickers,Holographic Goose,20.0
89420,2012-09-20,Kenya,Stickers for Less,Holographic Goose,20.0
89460,2012-09-21,Canada,Discount Stickers,Holographic Goose,800.0
89505,2012-09-21,Kenya,Discount Stickers,Holographic Goose,20.0
89510,2012-09-21,Kenya,Stickers for Less,Holographic Goose,20.0
89550,2012-09-22,Canada,Discount Stickers,Holographic Goose,800.0
89595,2012-09-22,Kenya,Discount Stickers,Holographic Goose,20.0
89600,2012-09-22,Kenya,Stickers for Less,Holographic Goose,20.0
89640,2012-09-23,Canada,Discount Stickers,Holographic Goose,800.0
89685,2012-09-23,Kenya,Discount Stickers,Holographic Goose,20.0
89730,2012-09-24,Canada,Discount Stickers,Holographic Goose,800.0
89735,2012-09-24,Canada,Stickers for Less,Holographic Goose,800.0
89775,2012-09-24,Kenya,Discount Stickers,Holographic Goose,20.0
89780,2012-09-24,Kenya,Stickers for Less,Holographic Goose,20.0
89785,2012-09-24,Kenya,Premium Sticker Mart,Holographic Goose,20.0
89820,2012-09-25,Canada,Discount Stickers,Holographic Goose,800.0
89825,2012-09-25,Canada,Stickers for Less,Holographic Goose,800.0
89865,2012-09-25,Kenya,Discount Stickers,Holographic Goose,20.0
89870,2012-09-25,Kenya,Stickers for Less,Holographic Goose,20.0
89910,2012-09-26,Canada,Discount Stickers,Holographic Goose,800.0
89915,2012-09-26,Canada,Stickers for Less,Holographic Goose,800.0
89955,2012-09-26,Kenya,Discount Stickers,Holographic Goose,20.0
89960,2012-09-26,Kenya,Stickers for Less,Holographic Goose,20.0
90000,2012-09-27,Canada,Discount Stickers,Holographic Goose,800.0
90005,2012-09-27,Canada,Stickers for Less,Holographic Goose,800.0
90045,2012-09-27,Kenya,Discount Stickers,Holographic Goose,20.0
90050,2012-09-27,Kenya,Stickers for Less,Holographic Goose,20.0
90055,2012-09-27,Kenya,Premium Sticker Mart,Holographic Goose,20.0
90090,2012-09-28,Canada,Discount Stickers,Holographic Goose,800.0
90135,2012-09-28,Kenya,Discount Stickers,Holographic Goose,20.0
90140,2012-09-28,Kenya,Stickers for Less,Holographic Goose,20.0
90180,2012-09-29,Canada,Discount Stickers,Holographic Goose,800.0
90225,2012-09-29,Kenya,Discount Stickers,Holographic Goose,20.0
90230,2012-09-29,Kenya,Stickers for Less,Holographic Goose,20.0
90270,2012-09-30,Canada,Discount Stickers,Holographic Goose,800.0
90315,2012-09-30,Kenya,Discount Stickers,Holographic Goose,20.0
90360,2012-10-01,Canada,Discount Stickers,Holographic Goose,800.0
90365,2012-10-01,Canada,Stickers for Less,Holographic Goose,800.0
90405,2012-10-01,Kenya,Discount Stickers,Holographic Goose,20.0
90410,2012-10-01,Kenya,Stickers for Less,Holographic Goose,20.0
90450,2012-10-02,Canada,Discount Stickers,Holographic Goose,800.0
90455,2012-10-02,Canada,Stickers for Less,Holographic Goose,800.0
90495,2012-10-02,Kenya,Discount Stickers,Holographic Goose,20.0
90500,2012-10-02,Kenya,Stickers for Less,Holographic Goose,20.0
90540,2012-10-03,Canada,Discount Stickers,Holographic Goose,800.0
90585,2012-10-03,Kenya,Discount Stickers,Holographic Goose,20.0
90590,2012-10-03,Kenya,Stickers for Less,Holographic Goose,20.0
90630,2012-10-04,Canada,Discount Stickers,Holographic Goose,800.0
90675,2012-10-04,Kenya,Discount Stickers,Holographic Goose,20.0
90680,2012-10-04,Kenya,Stickers for Less,Holographic Goose,20.0
90685,2012-10-04,Kenya,Premium Sticker Mart,Holographic Goose,20.0
90720,2012-10-05,Canada,Discount Stickers,Holographic Goose,800.0
90765,2012-10-05,Kenya,Discount Stickers,Holographic Goose,20.0
90770,2012-10-05,Kenya,Stickers for Less,Holographic Goose,20.0
90810,2012-10-06,Canada,Discount Stickers,Holographic Goose,800.0
90855,2012-10-06,Kenya,Discount Stickers,Holographic Goose,20.0
90860,2012-10-06,Kenya,Stickers for Less,Holographic Goose,20.0
90900,2012-10-07,Canada,Discount Stickers,Holographic Goose,800.0
90945,2012-10-07,Kenya,Discount Stickers,Holographic Goose,20.0
90990,2012-10-08,Canada,Discount Stickers,Holographic Goose,800.0
91035,2012-10-08,Kenya,Discount Stickers,Holographic Goose,20.0
91040,2012-10-08,Kenya,Stickers for Less,Holographic Goose,20.0
91080,2012-10-09,Canada,Discount Stickers,Holographic Goose,800.0
91125,2012-10-09,Kenya,Discount Stickers,Holographic Goose,20.0
91130,2012-10-09,Kenya,Stickers for Less,Holographic Goose,20.0
91170,2012-10-10,Canada,Discount Stickers,Holographic Goose,800.0
91215,2012-10-10,Kenya,Discount Stickers,Holographic Goose,20.0
91220,2012-10-10,Kenya,Stickers for Less,Holographic Goose,20.0
91260,2012-10-11,Canada,Discount Stickers,Holographic Goose,800.0
91305,2012-10-11,Kenya,Discount Stickers,Holographic Goose,20.0
91310,2012-10-11,Kenya,Stickers for Less,Holographic Goose,20.0
91350,2012-10-12,Canada,Discount Stickers,Holographic Goose,800.0
91395,2012-10-12,Kenya,Discount Stickers,Holographic Goose,20.0
91440,2012-10-13,Canada,Discount Stickers,Holographic Goose,800.0
91485,2012-10-13,Kenya,Discount Stickers,Holographic Goose,20.0
91530,2012-10-14,Canada,Discount Stickers,Holographic Goose,800.0
91575,2012-10-14,Kenya,Discount Stickers,Holographic Goose,20.0
91620,2012-10-15,Canada,Discount Stickers,Holographic Goose,800.0
91665,2012-10-15,Kenya,Discount Stickers,Holographic Goose,20.0
91670,2012-10-15,Kenya,Stickers for Less,Holographic Goose,20.0
91710,2012-10-16,Canada,Discount Stickers,Holographic Goose,800.0
91715,2012-10-16,Canada,Stickers for Less,Holographic Goose,800.0
91755,2012-10-16,Kenya,Discount Stickers,Holographic Goose,20.0
91800,2012-10-17,Canada,Discount Stickers,Holographic Goose,800.0
91845,2012-10-17,Kenya,Discount Stickers,Holographic Goose,20.0
91850,2012-10-17,Kenya,Stickers for Less,Holographic Goose,20.0
91890,2012-10-18,Canada,Discount Stickers,Holographic Goose,800.0
91935,2012-10-18,Kenya,Discount Stickers,Holographic Goose,20.0
91940,2012-10-18,Kenya,Stickers for Less,Holographic Goose,20.0
91980,2012-10-19,Canada,Discount Stickers,Holographic Goose,800.0
92025,2012-10-19,Kenya,Discount Stickers,Holographic Goose,20.0
92030,2012-10-19,Kenya,Stickers for Less,Holographic Goose,20.0
92070,2012-10-20,Canada,Discount Stickers,Holographic Goose,800.0
92115,2012-10-20,Kenya,Discount Stickers,Holographic Goose,20.0
92160,2012-10-21,Canada,Discount Stickers,Holographic Goose,800.0
92205,2012-10-21,Kenya,Discount Stickers,Holographic Goose,20.0
92250,2012-10-22,Canada,Discount Stickers,Holographic Goose,800.0
92295,2012-10-22,Kenya,Discount Stickers,Holographic Goose,20.0
92300,2012-10-22,Kenya,Stickers for Less,Holographic Goose,20.0
92340,2012-10-23,Canada,Discount Stickers,Holographic Goose,800.0
92385,2012-10-23,Kenya,Discount Stickers,Holographic Goose,20.0
92390,2012-10-23,Kenya,Stickers for Less,Holographic Goose,20.0
92430,2012-10-24,Canada,Discount Stickers,Holographic Goose,800.0
92475,2012-10-24,Kenya,Discount Stickers,Holographic Goose,20.0
92480,2012-10-24,Kenya,Stickers for Less,Holographic Goose,20.0
92520,2012-10-25,Canada,Discount Stickers,Holographic Goose,800.0
92565,2012-10-25,Kenya,Discount Stickers,Holographic Goose,20.0
92570,2012-10-25,Kenya,Stickers for Less,Holographic Goose,20.0
92610,2012-10-26,Canada,Discount Stickers,Holographic Goose,800.0
92655,2012-10-26,Kenya,Discount Stickers,Holographic Goose,20.0
92700,2012-10-27,Canada,Discount Stickers,Holographic Goose,800.0
92745,2012-10-27,Kenya,Discount Stickers,Holographic Goose,20.0
92750,2012-10-27,Kenya,Stickers for Less,Holographic Goose,20.0
92790,2012-10-28,Canada,Discount Stickers,Holographic Goose,800.0
92835,2012-10-28,Kenya,Discount Stickers,Holographic Goose,20.0
92880,2012-10-29,Canada,Discount Stickers,Holographic Goose,800.0
92925,2012-10-29,Kenya,Discount Stickers,Holographic Goose,20.0
92930,2012-10-29,Kenya,Stickers for Less,Holographic Goose,20.0
92970,2012-10-30,Canada,Discount Stickers,Holographic Goose,800.0
93015,2012-10-30,Kenya,Discount Stickers,Holographic Goose,20.0
93060,2012-10-31,Canada,Discount Stickers,Holographic Goose,800.0
93105,2012-10-31,Kenya,Discount Stickers,Holographic Goose,20.0
93110,2012-10-31,Kenya,Stickers for Less,Holographic Goose,20.0
93150,2012-11-01,Canada,Discount Stickers,Holographic Goose,800.0
93195,2012-11-01,Kenya,Discount Stickers,Holographic Goose,20.0
93240,2012-11-02,Canada,Discount Stickers,Holographic Goose,800.0
93285,2012-11-02,Kenya,Discount Stickers,Holographic Goose,20.0
93290,2012-11-02,Kenya,Stickers for Less,Holographic Goose,20.0
93330,2012-11-03,Canada,Discount Stickers,Holographic Goose,800.0
93375,2012-11-03,Kenya,Discount Stickers,Holographic Goose,20.0
93420,2012-11-04,Canada,Discount Stickers,Holographic Goose,800.0
93465,2012-11-04,Kenya,Discount Stickers,Holographic Goose,20.0
93510,2012-11-05,Canada,Discount Stickers,Holographic Goose,800.0
93555,2012-11-05,Kenya,Discount Stickers,Holographic Goose,20.0
93560,2012-11-05,Kenya,Stickers for Less,Holographic Goose,20.0
93600,2012-11-06,Canada,Discount Stickers,Holographic Goose,800.0
93645,2012-11-06,Kenya,Discount Stickers,Holographic Goose,20.0
93650,2012-11-06,Kenya,Stickers for Less,Holographic Goose,20.0
93690,2012-11-07,Canada,Discount Stickers,Holographic Goose,800.0
93735,2012-11-07,Kenya,Discount Stickers,Holographic Goose,20.0
93740,2012-11-07,Kenya,Stickers for Less,Holographic Goose,20.0
93780,2012-11-08,Canada,Discount Stickers,Holographic Goose,800.0
93825,2012-11-08,Kenya,Discount Stickers,Holographic Goose,20.0
93830,2012-11-08,Kenya,Stickers for Less,Holographic Goose,20.0
93870,2012-11-09,Canada,Discount Stickers,Holographic Goose,800.0
93915,2012-11-09,Kenya,Discount Stickers,Holographic Goose,20.0
93920,2012-11-09,Kenya,Stickers for Less,Holographic Goose,20.0
93960,2012-11-10,Canada,Discount Stickers,Holographic Goose,800.0
94005,2012-11-10,Kenya,Discount Stickers,Holographic Goose,20.0
94050,2012-11-11,Canada,Discount Stickers,Holographic Goose,800.0
94095,2012-11-11,Kenya,Discount Stickers,Holographic Goose,20.0
94140,2012-11-12,Canada,Discount Stickers,Holographic Goose,800.0
94185,2012-11-12,Kenya,Discount Stickers,Holographic Goose,20.0
94190,2012-11-12,Kenya,Stickers for Less,Holographic Goose,20.0
94230,2012-11-13,Canada,Discount Stickers,Holographic Goose,800.0
94275,2012-11-13,Kenya,Discount Stickers,Holographic Goose,20.0
94280,2012-11-13,Kenya,Stickers for Less,Holographic Goose,20.0
94320,2012-11-14,Canada,Discount Stickers,Holographic Goose,800.0
94365,2012-11-14,Kenya,Discount Stickers,Holographic Goose,20.0
94370,2012-11-14,Kenya,Stickers for Less,Holographic Goose,20.0
94410,2012-11-15,Canada,Discount Stickers,Holographic Goose,800.0
94455,2012-11-15,Kenya,Discount Stickers,Holographic Goose,20.0
94460,2012-11-15,Kenya,Stickers for Less,Holographic Goose,20.0
94500,2012-11-16,Canada,Discount Stickers,Holographic Goose,800.0
94545,2012-11-16,Kenya,Discount Stickers,Holographic Goose,20.0
94550,2012-11-16,Kenya,Stickers for Less,Holographic Goose,20.0
94590,2012-11-17,Canada,Discount Stickers,Holographic Goose,800.0
94635,2012-11-17,Kenya,Discount Stickers,Holographic Goose,20.0
94680,2012-11-18,Canada,Discount Stickers,Holographic Goose,800.0
94725,2012-11-18,Kenya,Discount Stickers,Holographic Goose,20.0
94770,2012-11-19,Canada,Discount Stickers,Holographic Goose,800.0
94815,2012-11-19,Kenya,Discount Stickers,Holographic Goose,20.0
94820,2012-11-19,Kenya,Stickers for Less,Holographic Goose,20.0
94860,2012-11-20,Canada,Discount Stickers,Holographic Goose,800.0
94905,2012-11-20,Kenya,Discount Stickers,Holographic Goose,20.0
94910,2012-11-20,Kenya,Stickers for Less,Holographic Goose,20.0
94950,2012-11-21,Canada,Discount Stickers,Holographic Goose,800.0
94995,2012-11-21,Kenya,Discount Stickers,Holographic Goose,20.0
95000,2012-11-21,Kenya,Stickers for Less,Holographic Goose,20.0
95040,2012-11-22,Canada,Discount Stickers,Holographic Goose,800.0
95085,2012-11-22,Kenya,Discount Stickers,Holographic Goose,20.0
95090,2012-11-22,Kenya,Stickers for Less,Holographic Goose,20.0
95130,2012-11-23,Canada,Discount Stickers,Holographic Goose,800.0
95175,2012-11-23,Kenya,Discount Stickers,Holographic Goose,20.0
95180,2012-11-23,Kenya,Stickers for Less,Holographic Goose,20.0
95220,2012-11-24,Canada,Discount Stickers,Holographic Goose,800.0
95265,2012-11-24,Kenya,Discount Stickers,Holographic Goose,20.0
95310,2012-11-25,Canada,Discount Stickers,Holographic Goose,800.0
95355,2012-11-25,Kenya,Discount Stickers,Holographic Goose,20.0
95400,2012-11-26,Canada,Discount Stickers,Holographic Goose,800.0
95445,2012-11-26,Kenya,Discount Stickers,Holographic Goose,20.0
95450,2012-11-26,Kenya,Stickers for Less,Holographic Goose,20.0
95490,2012-11-27,Canada,Discount Stickers,Holographic Goose,800.0
95535,2012-11-27,Kenya,Discount Stickers,Holographic Goose,20.0
95540,2012-11-27,Kenya,Stickers for Less,Holographic Goose,20.0
95580,2012-11-28,Canada,Discount Stickers,Holographic Goose,800.0
95625,2012-11-28,Kenya,Discount Stickers,Holographic Goose,20.0
95630,2012-11-28,Kenya,Stickers for Less,Holographic Goose,20.0
95670,2012-11-29,Canada,Discount Stickers,Holographic Goose,800.0
95715,2012-11-29,Kenya,Discount Stickers,Holographic Goose,20.0
95720,2012-11-29,Kenya,Stickers for Less,Holographic Goose,20.0
95760,2012-11-30,Canada,Discount Stickers,Holographic Goose,800.0
95805,2012-11-30,Kenya,Discount Stickers,Holographic Goose,20.0
95810,2012-11-30,Kenya,Stickers for Less,Holographic Goose,20.0
95850,2012-12-01,Canada,Discount Stickers,Holographic Goose,800.0
95895,2012-12-01,Kenya,Discount Stickers,Holographic Goose,20.0
95940,2012-12-02,Canada,Discount Stickers,Holographic Goose,800.0
95985,2012-12-02,Kenya,Discount Stickers,Holographic Goose,20.0
96030,2012-12-03,Canada,Discount Stickers,Holographic Goose,800.0
96075,2012-12-03,Kenya,Discount Stickers,Holographic Goose,20.0
96120,2012-12-04,Canada,Discount Stickers,Holographic Goose,800.0
96165,2012-12-04,Kenya,Discount Stickers,Holographic Goose,20.0
96170,2012-12-04,Kenya,Stickers for Less,Holographic Goose,20.0
96210,2012-12-05,Canada,Discount Stickers,Holographic Goose,800.0
96255,2012-12-05,Kenya,Discount Stickers,Holographic Goose,20.0
96260,2012-12-05,Kenya,Stickers for Less,Holographic Goose,20.0
96265,2012-12-05,Kenya,Premium Sticker Mart,Holographic Goose,20.0
96300,2012-12-06,Canada,Discount Stickers,Holographic Goose,800.0
96345,2012-12-06,Kenya,Discount Stickers,Holographic Goose,20.0
96350,2012-12-06,Kenya,Stickers for Less,Holographic Goose,20.0
96390,2012-12-07,Canada,Discount Stickers,Holographic Goose,800.0
96435,2012-12-07,Kenya,Discount Stickers,Holographic Goose,20.0
96480,2012-12-08,Canada,Discount Stickers,Holographic Goose,800.0
96525,2012-12-08,Kenya,Discount Stickers,Holographic Goose,20.0
96570,2012-12-09,Canada,Discount Stickers,Holographic Goose,800.0
96615,2012-12-09,Kenya,Discount Stickers,Holographic Goose,20.0
96660,2012-12-10,Canada,Discount Stickers,Holographic Goose,800.0
96705,2012-12-10,Kenya,Discount Stickers,Holographic Goose,20.0
96710,2012-12-10,Kenya,Stickers for Less,Holographic Goose,20.0
96750,2012-12-11,Canada,Discount Stickers,Holographic Goose,800.0
96795,2012-12-11,Kenya,Discount Stickers,Holographic Goose,20.0
96800,2012-12-11,Kenya,Stickers for Less,Holographic Goose,20.0
96840,2012-12-12,Canada,Discount Stickers,Holographic Goose,800.0
96885,2012-12-12,Kenya,Discount Stickers,Holographic Goose,20.0
96890,2012-12-12,Kenya,Stickers for Less,Holographic Goose,20.0
96930,2012-12-13,Canada,Discount Stickers,Holographic Goose,800.0
96975,2012-12-13,Kenya,Discount Stickers,Holographic Goose,20.0
96980,2012-12-13,Kenya,Stickers for Less,Holographic Goose,20.0
97020,2012-12-14,Canada,Discount Stickers,Holographic Goose,800.0
97065,2012-12-14,Kenya,Discount Stickers,Holographic Goose,20.0
97070,2012-12-14,Kenya,Stickers for Less,Holographic Goose,20.0
97110,2012-12-15,Canada,Discount Stickers,Holographic Goose,800.0
97155,2012-12-15,Kenya,Discount Stickers,Holographic Goose,20.0
97200,2012-12-16,Canada,Discount Stickers,Holographic Goose,800.0
97245,2012-12-16,Kenya,Discount Stickers,Holographic Goose,20.0
97290,2012-12-17,Canada,Discount Stickers,Holographic Goose,800.0
97335,2012-12-17,Kenya,Discount Stickers,Holographic Goose,20.0
97380,2012-12-18,Canada,Discount Stickers,Holographic Goose,800.0
97425,2012-12-18,Kenya,Discount Stickers,Holographic Goose,20.0
97470,2012-12-19,Canada,Discount Stickers,Holographic Goose,800.0
97515,2012-12-19,Kenya,Discount Stickers,Holographic Goose,20.0
97520,2012-12-19,Kenya,Stickers for Less,Holographic Goose,20.0
97560,2012-12-20,Canada,Discount Stickers,Holographic Goose,800.0
97605,2012-12-20,Kenya,Discount Stickers,Holographic Goose,20.0
97610,2012-12-20,Kenya,Stickers for Less,Holographic Goose,20.0
97650,2012-12-21,Canada,Discount Stickers,Holographic Goose,800.0
97695,2012-12-21,Kenya,Discount Stickers,Holographic Goose,20.0
97700,2012-12-21,Kenya,Stickers for Less,Holographic Goose,20.0
97740,2012-12-22,Canada,Discount Stickers,Holographic Goose,800.0
97785,2012-12-22,Kenya,Discount Stickers,Holographic Goose,20.0
97830,2012-12-23,Canada,Discount Stickers,Holographic Goose,800.0
97875,2012-12-23,Kenya,Discount Stickers,Holographic Goose,20.0
97920,2012-12-24,Canada,Discount Stickers,Holographic Goose,800.0
97965,2012-12-24,Kenya,Discount Stickers,Holographic Goose,20.0
98010,2012-12-25,Canada,Discount Stickers,Holographic Goose,800.0
98055,2012-12-25,Kenya,Discount Stickers,Holographic Goose,20.0
98100,2012-12-26,Canada,Discount Stickers,Holographic Goose,800.0
98145,2012-12-26,Kenya,Discount Stickers,Holographic Goose,20.0
98150,2012-12-26,Kenya,Stickers for Less,Holographic Goose,20.0
98190,2012-12-27,Canada,Discount Stickers,Holographic Goose,800.0
98235,2012-12-27,Kenya,Discount Stickers,Holographic Goose,20.0
98280,2012-12-28,Canada,Discount Stickers,Holographic Goose,800.0
98325,2012-12-28,Kenya,Discount Stickers,Holographic Goose,20.0
98370,2012-12-29,Canada,Discount Stickers,Holographic Goose,800.0
98415,2012-12-29,Kenya,Discount Stickers,Holographic Goose,20.0
98460,2012-12-30,Canada,Discount Stickers,Holographic Goose,800.0
98505,2012-12-30,Kenya,Discount Stickers,Holographic Goose,20.0
98550,2012-12-31,Canada,Discount Stickers,Holographic Goose,800.0
98595,2012-12-31,Kenya,Discount Stickers,Holographic Goose,20.0
98640,2013-01-01,Canada,Discount Stickers,Holographic Goose,800.0
98685,2013-01-01,Kenya,Discount Stickers,Holographic Goose,20.0
98730,2013-01-02,Canada,Discount Stickers,Holographic Goose,800.0
98775,2013-01-02,Kenya,Discount Stickers,Holographic Goose,20.0
98820,2013-01-03,Canada,Discount Stickers,Holographic Goose,800.0
98865,2013-01-03,Kenya,Discount Stickers,Holographic Goose,20.0
98910,2013-01-04,Canada,Discount Stickers,Holographic Goose,800.0
98955,2013-01-04,Kenya,Discount Stickers,Holographic Goose,20.0
99000,2013-01-05,Canada,Discount Stickers,Holographic Goose,800.0
99045,2013-01-05,Kenya,Discount Stickers,Holographic Goose,20.0
99090,2013-01-06,Canada,Discount Stickers,Holographic Goose,800.0
99135,2013-01-06,Kenya,Discount Stickers,Holographic Goose,20.0
99180,2013-01-07,Canada,Discount Stickers,Holographic Goose,800.0
99225,2013-01-07,Kenya,Discount Stickers,Holographic Goose,20.0
99270,2013-01-08,Canada,Discount Stickers,Holographic Goose,800.0
99315,2013-01-08,Kenya,Discount Stickers,Holographic Goose,20.0
99360,2013-01-09,Canada,Discount Stickers,Holographic Goose,800.0
99405,2013-01-09,Kenya,Discount Stickers,Holographic Goose,20.0
99450,2013-01-10,Canada,Discount Stickers,Holographic Goose,800.0
99495,2013-01-10,Kenya,Discount Stickers,Holographic Goose,20.0
99540,2013-01-11,Canada,Discount Stickers,Holographic Goose,800.0
99585,2013-01-11,Kenya,Discount Stickers,Holographic Goose,20.0
99630,2013-01-12,Canada,Discount Stickers,Holographic Goose,800.0
99675,2013-01-12,Kenya,Discount Stickers,Holographic Goose,20.0
99720,2013-01-13,Canada,Discount Stickers,Holographic Goose,800.0
99765,2013-01-13,Kenya,Discount Stickers,Holographic Goose,20.0
99810,2013-01-14,Canada,Discount Stickers,Holographic Goose,800.0
99855,2013-01-14,Kenya,Discount Stickers,Holographic Goose,20.0
99900,2013-01-15,Canada,Discount Stickers,Holographic Goose,800.0
99945,2013-01-15,Kenya,Discount Stickers,Holographic Goose,20.0
99990,2013-01-16,Canada,Discount Stickers,Holographic Goose,800.0
100035,2013-01-16,Kenya,Discount Stickers,Holographic Goose,20.0
100080,2013-01-17,Canada,Discount Stickers,Holographic Goose,800.0
100085,2013-01-17,Canada,Stickers for Less,Holographic Goose,800.0
100125,2013-01-17,Kenya,Discount Stickers,Holographic Goose,20.0
100130,2013-01-17,Kenya,Stickers for Less,Holographic Goose,20.0
100170,2013-01-18,Canada,Discount Stickers,Holographic Goose,800.0
100215,2013-01-18,Kenya,Discount Stickers,Holographic Goose,20.0
100260,2013-01-19,Canada,Discount Stickers,Holographic Goose,800.0
100305,2013-01-19,Kenya,Discount Stickers,Holographic Goose,20.0
100350,2013-01-20,Canada,Discount Stickers,Holographic Goose,800.0
100395,2013-01-20,Kenya,Discount Stickers,Holographic Goose,20.0
100440,2013-01-21,Canada,Discount Stickers,Holographic Goose,800.0
100485,2013-01-21,Kenya,Discount Stickers,Holographic Goose,20.0
100530,2013-01-22,Canada,Discount Stickers,Holographic Goose,800.0
100575,2013-01-22,Kenya,Discount Stickers,Holographic Goose,20.0
100620,2013-01-23,Canada,Discount Stickers,Holographic Goose,800.0
100665,2013-01-23,Kenya,Discount Stickers,Holographic Goose,20.0
100710,2013-01-24,Canada,Discount Stickers,Holographic Goose,800.0
100755,2013-01-24,Kenya,Discount Stickers,Holographic Goose,20.0
100760,2013-01-24,Kenya,Stickers for Less,Holographic Goose,20.0
100800,2013-01-25,Canada,Discount Stickers,Holographic Goose,800.0
100845,2013-01-25,Kenya,Discount Stickers,Holographic Goose,20.0
100890,2013-01-26,Canada,Discount Stickers,Holographic Goose,800.0
100935,2013-01-26,Kenya,Discount Stickers,Holographic Goose,20.0
100980,2013-01-27,Canada,Discount Stickers,Holographic Goose,800.0
101025,2013-01-27,Kenya,Discount Stickers,Holographic Goose,20.0
101070,2013-01-28,Canada,Discount Stickers,Holographic Goose,800.0
101075,2013-01-28,Canada,Stickers for Less,Holographic Goose,800.0
101115,2013-01-28,Kenya,Discount Stickers,Holographic Goose,20.0
101160,2013-01-29,Canada,Discount Stickers,Holographic Goose,800.0
101205,2013-01-29,Kenya,Discount Stickers,Holographic Goose,20.0
101250,2013-01-30,Canada,Discount Stickers,Holographic Goose,800.0
101295,2013-01-30,Kenya,Discount Stickers,Holographic Goose,20.0
101300,2013-01-30,Kenya,Stickers for Less,Holographic Goose,20.0
101340,2013-01-31,Canada,Discount Stickers,Holographic Goose,800.0
101385,2013-01-31,Kenya,Discount Stickers,Holographic Goose,20.0
101390,2013-01-31,Kenya,Stickers for Less,Holographic Goose,20.0
101430,2013-02-01,Canada,Discount Stickers,Holographic Goose,800.0
101475,2013-02-01,Kenya,Discount Stickers,Holographic Goose,20.0
101520,2013-02-02,Canada,Discount Stickers,Holographic Goose,800.0
101565,2013-02-02,Kenya,Discount Stickers,Holographic Goose,20.0
101610,2013-02-03,Canada,Discount Stickers,Holographic Goose,800.0
101655,2013-02-03,Kenya,Discount Stickers,Holographic Goose,20.0
101700,2013-02-04,Canada,Discount Stickers,Holographic Goose,800.0
101745,2013-02-04,Kenya,Discount Stickers,Holographic Goose,20.0
101750,2013-02-04,Kenya,Stickers for Less,Holographic Goose,20.0
101790,2013-02-05,Canada,Discount Stickers,Holographic Goose,800.0
101835,2013-02-05,Kenya,Discount Stickers,Holographic Goose,20.0
101880,2013-02-06,Canada,Discount Stickers,Holographic Goose,800.0
101925,2013-02-06,Kenya,Discount Stickers,Holographic Goose,20.0
101930,2013-02-06,Kenya,Stickers for Less,Holographic Goose,20.0
101970,2013-02-07,Canada,Discount Stickers,Holographic Goose,800.0
102015,2013-02-07,Kenya,Discount Stickers,Holographic Goose,20.0
102060,2013-02-08,Canada,Discount Stickers,Holographic Goose,800.0
102105,2013-02-08,Kenya,Discount Stickers,Holographic Goose,20.0
102150,2013-02-09,Canada,Discount Stickers,Holographic Goose,800.0
102195,2013-02-09,Kenya,Discount Stickers,Holographic Goose,20.0
102240,2013-02-10,Canada,Discount Stickers,Holographic Goose,800.0
102285,2013-02-10,Kenya,Discount Stickers,Holographic Goose,20.0
102330,2013-02-11,Canada,Discount Stickers,Holographic Goose,800.0
102335,2013-02-11,Canada,Stickers for Less,Holographic Goose,800.0
102375,2013-02-11,Kenya,Discount Stickers,Holographic Goose,20.0
102420,2013-02-12,Canada,Discount Stickers,Holographic Goose,800.0
102425,2013-02-12,Canada,Stickers for Less,Holographic Goose,800.0
102465,2013-02-12,Kenya,Discount Stickers,Holographic Goose,20.0
102510,2013-02-13,Canada,Discount Stickers,Holographic Goose,800.0
102555,2013-02-13,Kenya,Discount Stickers,Holographic Goose,20.0
102600,2013-02-14,Canada,Discount Stickers,Holographic Goose,800.0
102645,2013-02-14,Kenya,Discount Stickers,Holographic Goose,20.0
102690,2013-02-15,Canada,Discount Stickers,Holographic Goose,800.0
102735,2013-02-15,Kenya,Discount Stickers,Holographic Goose,20.0
102780,2013-02-16,Canada,Discount Stickers,Holographic Goose,800.0
102825,2013-02-16,Kenya,Discount Stickers,Holographic Goose,20.0
102870,2013-02-17,Canada,Discount Stickers,Holographic Goose,800.0
102915,2013-02-17,Kenya,Discount Stickers,Holographic Goose,20.0
102960,2013-02-18,Canada,Discount Stickers,Holographic Goose,800.0
103005,2013-02-18,Kenya,Discount Stickers,Holographic Goose,20.0
103050,2013-02-19,Canada,Discount Stickers,Holographic Goose,800.0
103095,2013-02-19,Kenya,Discount Stickers,Holographic Goose,20.0
103140,2013-02-20,Canada,Discount Stickers,Holographic Goose,800.0
103185,2013-02-20,Kenya,Discount Stickers,Holographic Goose,20.0
103230,2013-02-21,Canada,Discount Stickers,Holographic Goose,800.0
103275,2013-02-21,Kenya,Discount Stickers,Holographic Goose,20.0
103280,2013-02-21,Kenya,Stickers for Less,Holographic Goose,20.0
103320,2013-02-22,Canada,Discount Stickers,Holographic Goose,800.0
103365,2013-02-22,Kenya,Discount Stickers,Holographic Goose,20.0
103410,2013-02-23,Canada,Discount Stickers,Holographic Goose,800.0
103455,2013-02-23,Kenya,Discount Stickers,Holographic Goose,20.0
103500,2013-02-24,Canada,Discount Stickers,Holographic Goose,800.0
103545,2013-02-24,Kenya,Discount Stickers,Holographic Goose,20.0
103590,2013-02-25,Canada,Discount Stickers,Holographic Goose,800.0
103635,2013-02-25,Kenya,Discount Stickers,Holographic Goose,20.0
103640,2013-02-25,Kenya,Stickers for Less,Holographic Goose,20.0
103680,2013-02-26,Canada,Discount Stickers,Holographic Goose,800.0
103725,2013-02-26,Kenya,Discount Stickers,Holographic Goose,20.0
103730,2013-02-26,Kenya,Stickers for Less,Holographic Goose,20.0
103770,2013-02-27,Canada,Discount Stickers,Holographic Goose,800.0
103815,2013-02-27,Kenya,Discount Stickers,Holographic Goose,20.0
103820,2013-02-27,Kenya,Stickers for Less,Holographic Goose,20.0
103860,2013-02-28,Canada,Discount Stickers,Holographic Goose,800.0
103905,2013-02-28,Kenya,Discount Stickers,Holographic Goose,20.0
103950,2013-03-01,Canada,Discount Stickers,Holographic Goose,800.0
103995,2013-03-01,Kenya,Discount Stickers,Holographic Goose,20.0
104000,2013-03-01,Kenya,Stickers for Less,Holographic Goose,20.0
104040,2013-03-02,Canada,Discount Stickers,Holographic Goose,800.0
104085,2013-03-02,Kenya,Discount Stickers,Holographic Goose,20.0
104130,2013-03-03,Canada,Discount Stickers,Holographic Goose,800.0
104175,2013-03-03,Kenya,Discount Stickers,Holographic Goose,20.0
104220,2013-03-04,Canada,Discount Stickers,Holographic Goose,800.0
104265,2013-03-04,Kenya,Discount Stickers,Holographic Goose,20.0
104270,2013-03-04,Kenya,Stickers for Less,Holographic Goose,20.0
104310,2013-03-05,Canada,Discount Stickers,Holographic Goose,800.0
104355,2013-03-05,Kenya,Discount Stickers,Holographic Goose,20.0
104360,2013-03-05,Kenya,Stickers for Less,Holographic Goose,20.0
104400,2013-03-06,Canada,Discount Stickers,Holographic Goose,800.0
104445,2013-03-06,Kenya,Discount Stickers,Holographic Goose,20.0
104490,2013-03-07,Canada,Discount Stickers,Holographic Goose,800.0
104535,2013-03-07,Kenya,Discount Stickers,Holographic Goose,20.0
104580,2013-03-08,Canada,Discount Stickers,Holographic Goose,800.0
104625,2013-03-08,Kenya,Discount Stickers,Holographic Goose,20.0
104630,2013-03-08,Kenya,Stickers for Less,Holographic Goose,20.0
104670,2013-03-09,Canada,Discount Stickers,Holographic Goose,800.0
104715,2013-03-09,Kenya,Discount Stickers,Holographic Goose,20.0
104760,2013-03-10,Canada,Discount Stickers,Holographic Goose,800.0
104805,2013-03-10,Kenya,Discount Stickers,Holographic Goose,20.0
104850,2013-03-11,Canada,Discount Stickers,Holographic Goose,800.0
104895,2013-03-11,Kenya,Discount Stickers,Holographic Goose,20.0
104900,2013-03-11,Kenya,Stickers for Less,Holographic Goose,20.0
104940,2013-03-12,Canada,Discount Stickers,Holographic Goose,800.0
104985,2013-03-12,Kenya,Discount Stickers,Holographic Goose,20.0
104990,2013-03-12,Kenya,Stickers for Less,Holographic Goose,20.0
105030,2013-03-13,Canada,Discount Stickers,Holographic Goose,800.0
105075,2013-03-13,Kenya,Discount Stickers,Holographic Goose,20.0
105080,2013-03-13,Kenya,Stickers for Less,Holographic Goose,20.0
105120,2013-03-14,Canada,Discount Stickers,Holographic Goose,800.0
105165,2013-03-14,Kenya,Discount Stickers,Holographic Goose,20.0
105170,2013-03-14,Kenya,Stickers for Less,Holographic Goose,20.0
105210,2013-03-15,Canada,Discount Stickers,Holographic Goose,800.0
105255,2013-03-15,Kenya,Discount Stickers,Holographic Goose,20.0
105260,2013-03-15,Kenya,Stickers for Less,Holographic Goose,20.0
105300,2013-03-16,Canada,Discount Stickers,Holographic Goose,800.0
105345,2013-03-16,Kenya,Discount Stickers,Holographic Goose,20.0
105390,2013-03-17,Canada,Discount Stickers,Holographic Goose,800.0
105435,2013-03-17,Kenya,Discount Stickers,Holographic Goose,20.0
105480,2013-03-18,Canada,Discount Stickers,Holographic Goose,800.0
105525,2013-03-18,Kenya,Discount Stickers,Holographic Goose,20.0
105530,2013-03-18,Kenya,Stickers for Less,Holographic Goose,20.0
105570,2013-03-19,Canada,Discount Stickers,Holographic Goose,800.0
105615,2013-03-19,Kenya,Discount Stickers,Holographic Goose,20.0
105620,2013-03-19,Kenya,Stickers for Less,Holographic Goose,20.0
105660,2013-03-20,Canada,Discount Stickers,Holographic Goose,800.0
105705,2013-03-20,Kenya,Discount Stickers,Holographic Goose,20.0
105710,2013-03-20,Kenya,Stickers for Less,Holographic Goose,20.0
105750,2013-03-21,Canada,Discount Stickers,Holographic Goose,800.0
105795,2013-03-21,Kenya,Discount Stickers,Holographic Goose,20.0
105800,2013-03-21,Kenya,Stickers for Less,Holographic Goose,20.0
105840,2013-03-22,Canada,Discount Stickers,Holographic Goose,800.0
105885,2013-03-22,Kenya,Discount Stickers,Holographic Goose,20.0
105930,2013-03-23,Canada,Discount Stickers,Holographic Goose,800.0
105975,2013-03-23,Kenya,Discount Stickers,Holographic Goose,20.0
105980,2013-03-23,Kenya,Stickers for Less,Holographic Goose,20.0
106020,2013-03-24,Canada,Discount Stickers,Holographic Goose,800.0
106065,2013-03-24,Kenya,Discount Stickers,Holographic Goose,20.0
106110,2013-03-25,Canada,Discount Stickers,Holographic Goose,800.0
106115,2013-03-25,Canada,Stickers for Less,Holographic Goose,800.0
106155,2013-03-25,Kenya,Discount Stickers,Holographic Goose,20.0
106160,2013-03-25,Kenya,Stickers for Less,Holographic Goose,20.0
106200,2013-03-26,Canada,Discount Stickers,Holographic Goose,800.0
106245,2013-03-26,Kenya,Discount Stickers,Holographic Goose,20.0
106250,2013-03-26,Kenya,Stickers for Less,Holographic Goose,20.0
106290,2013-03-27,Canada,Discount Stickers,Holographic Goose,800.0
106295,2013-03-27,Canada,Stickers for Less,Holographic Goose,800.0
106335,2013-03-27,Kenya,Discount Stickers,Holographic Goose,20.0
106340,2013-03-27,Kenya,Stickers for Less,Holographic Goose,20.0
106345,2013-03-27,Kenya,Premium Sticker Mart,Holographic Goose,20.0
106380,2013-03-28,Canada,Discount Stickers,Holographic Goose,800.0
106385,2013-03-28,Canada,Stickers for Less,Holographic Goose,800.0
106425,2013-03-28,Kenya,Discount Stickers,Holographic Goose,20.0
106430,2013-03-28,Kenya,Stickers for Less,Holographic Goose,20.0
106470,2013-03-29,Canada,Discount Stickers,Holographic Goose,800.0
106515,2013-03-29,Kenya,Discount Stickers,Holographic Goose,20.0
106520,2013-03-29,Kenya,Stickers for Less,Holographic Goose,20.0
106560,2013-03-30,Canada,Discount Stickers,Holographic Goose,800.0
106605,2013-03-30,Kenya,Discount Stickers,Holographic Goose,20.0
106650,2013-03-31,Canada,Discount Stickers,Holographic Goose,800.0
106695,2013-03-31,Kenya,Discount Stickers,Holographic Goose,20.0
106740,2013-04-01,Canada,Discount Stickers,Holographic Goose,800.0
106745,2013-04-01,Canada,Stickers for Less,Holographic Goose,800.0
106785,2013-04-01,Kenya,Discount Stickers,Holographic Goose,20.0
106830,2013-04-02,Canada,Discount Stickers,Holographic Goose,800.0
106835,2013-04-02,Canada,Stickers for Less,Holographic Goose,800.0
106875,2013-04-02,Kenya,Discount Stickers,Holographic Goose,20.0
106880,2013-04-02,Kenya,Stickers for Less,Holographic Goose,20.0
106920,2013-04-03,Canada,Discount Stickers,Holographic Goose,800.0
106965,2013-04-03,Kenya,Discount Stickers,Holographic Goose,20.0
106970,2013-04-03,Kenya,Stickers for Less,Holographic Goose,20.0
107010,2013-04-04,Canada,Discount Stickers,Holographic Goose,800.0
107015,2013-04-04,Canada,Stickers for Less,Holographic Goose,800.0
107055,2013-04-04,Kenya,Discount Stickers,Holographic Goose,20.0
107100,2013-04-05,Canada,Discount Stickers,Holographic Goose,800.0
107145,2013-04-05,Kenya,Discount Stickers,Holographic Goose,20.0
107190,2013-04-06,Canada,Discount Stickers,Holographic Goose,800.0
107235,2013-04-06,Kenya,Discount Stickers,Holographic Goose,20.0
107280,2013-04-07,Canada,Discount Stickers,Holographic Goose,800.0
107325,2013-04-07,Kenya,Discount Stickers,Holographic Goose,20.0
107370,2013-04-08,Canada,Discount Stickers,Holographic Goose,800.0
107375,2013-04-08,Canada,Stickers for Less,Holographic Goose,800.0
107415,2013-04-08,Kenya,Discount Stickers,Holographic Goose,20.0
107420,2013-04-08,Kenya,Stickers for Less,Holographic Goose,20.0
107460,2013-04-09,Canada,Discount Stickers,Holographic Goose,800.0
107505,2013-04-09,Kenya,Discount Stickers,Holographic Goose,20.0
107510,2013-04-09,Kenya,Stickers for Less,Holographic Goose,20.0
107550,2013-04-10,Canada,Discount Stickers,Holographic Goose,800.0
107555,2013-04-10,Canada,Stickers for Less,Holographic Goose,800.0
107595,2013-04-10,Kenya,Discount Stickers,Holographic Goose,20.0
107600,2013-04-10,Kenya,Stickers for Less,Holographic Goose,20.0
107640,2013-04-11,Canada,Discount Stickers,Holographic Goose,800.0
107685,2013-04-11,Kenya,Discount Stickers,Holographic Goose,20.0
107690,2013-04-11,Kenya,Stickers for Less,Holographic Goose,20.0
107730,2013-04-12,Canada,Discount Stickers,Holographic Goose,800.0
107775,2013-04-12,Kenya,Discount Stickers,Holographic Goose,20.0
107780,2013-04-12,Kenya,Stickers for Less,Holographic Goose,20.0
107820,2013-04-13,Canada,Discount Stickers,Holographic Goose,800.0
107865,2013-04-13,Kenya,Discount Stickers,Holographic Goose,20.0
107870,2013-04-13,Kenya,Stickers for Less,Holographic Goose,20.0
107910,2013-04-14,Canada,Discount Stickers,Holographic Goose,800.0
107955,2013-04-14,Kenya,Discount Stickers,Holographic Goose,20.0
108000,2013-04-15,Canada,Discount Stickers,Holographic Goose,800.0
108005,2013-04-15,Canada,Stickers for Less,Holographic Goose,800.0
108045,2013-04-15,Kenya,Discount Stickers,Holographic Goose,20.0
108050,2013-04-15,Kenya,Stickers for Less,Holographic Goose,20.0
108090,2013-04-16,Canada,Discount Stickers,Holographic Goose,800.0
108095,2013-04-16,Canada,Stickers for Less,Holographic Goose,800.0
108135,2013-04-16,Kenya,Discount Stickers,Holographic Goose,20.0
108140,2013-04-16,Kenya,Stickers for Less,Holographic Goose,20.0
108180,2013-04-17,Canada,Discount Stickers,Holographic Goose,800.0
108225,2013-04-17,Kenya,Discount Stickers,Holographic Goose,20.0
108230,2013-04-17,Kenya,Stickers for Less,Holographic Goose,20.0
108270,2013-04-18,Canada,Discount Stickers,Holographic Goose,800.0
108275,2013-04-18,Canada,Stickers for Less,Holographic Goose,800.0
108315,2013-04-18,Kenya,Discount Stickers,Holographic Goose,20.0
108320,2013-04-18,Kenya,Stickers for Less,Holographic Goose,20.0
108360,2013-04-19,Canada,Discount Stickers,Holographic Goose,800.0
108405,2013-04-19,Kenya,Discount Stickers,Holographic Goose,20.0
108410,2013-04-19,Kenya,Stickers for Less,Holographic Goose,20.0
108450,2013-04-20,Canada,Discount Stickers,Holographic Goose,800.0
108495,2013-04-20,Kenya,Discount Stickers,Holographic Goose,20.0
108500,2013-04-20,Kenya,Stickers for Less,Holographic Goose,20.0
108540,2013-04-21,Canada,Discount Stickers,Holographic Goose,800.0
108585,2013-04-21,Kenya,Discount Stickers,Holographic Goose,20.0
108630,2013-04-22,Canada,Discount Stickers,Holographic Goose,800.0
108635,2013-04-22,Canada,Stickers for Less,Holographic Goose,800.0
108675,2013-04-22,Kenya,Discount Stickers,Holographic Goose,20.0
108680,2013-04-22,Kenya,Stickers for Less,Holographic Goose,20.0
108720,2013-04-23,Canada,Discount Stickers,Holographic Goose,800.0
108725,2013-04-23,Canada,Stickers for Less,Holographic Goose,800.0
108765,2013-04-23,Kenya,Discount Stickers,Holographic Goose,20.0
108770,2013-04-23,Kenya,Stickers for Less,Holographic Goose,20.0
108810,2013-04-24,Canada,Discount Stickers,Holographic Goose,800.0
108815,2013-04-24,Canada,Stickers for Less,Holographic Goose,800.0
108855,2013-04-24,Kenya,Discount Stickers,Holographic Goose,20.0
108860,2013-04-24,Kenya,Stickers for Less,Holographic Goose,20.0
108900,2013-04-25,Canada,Discount Stickers,Holographic Goose,800.0
108905,2013-04-25,Canada,Stickers for Less,Holographic Goose,800.0
108945,2013-04-25,Kenya,Discount Stickers,Holographic Goose,20.0
108950,2013-04-25,Kenya,Stickers for Less,Holographic Goose,20.0
108990,2013-04-26,Canada,Discount Stickers,Holographic Goose,800.0
108995,2013-04-26,Canada,Stickers for Less,Holographic Goose,800.0
109035,2013-04-26,Kenya,Discount Stickers,Holographic Goose,20.0
109040,2013-04-26,Kenya,Stickers for Less,Holographic Goose,20.0
109045,2013-04-26,Kenya,Premium Sticker Mart,Holographic Goose,20.0
109080,2013-04-27,Canada,Discount Stickers,Holographic Goose,800.0
109125,2013-04-27,Kenya,Discount Stickers,Holographic Goose,20.0
109130,2013-04-27,Kenya,Stickers for Less,Holographic Goose,20.0
109170,2013-04-28,Canada,Discount Stickers,Holographic Goose,800.0
109215,2013-04-28,Kenya,Discount Stickers,Holographic Goose,20.0
109260,2013-04-29,Canada,Discount Stickers,Holographic Goose,800.0
109265,2013-04-29,Canada,Stickers for Less,Holographic Goose,800.0
109305,2013-04-29,Kenya,Discount Stickers,Holographic Goose,20.0
109310,2013-04-29,Kenya,Stickers for Less,Holographic Goose,20.0
109315,2013-04-29,Kenya,Premium Sticker Mart,Holographic Goose,20.0
109350,2013-04-30,Canada,Discount Stickers,Holographic Goose,800.0
109355,2013-04-30,Canada,Stickers for Less,Holographic Goose,800.0
109395,2013-04-30,Kenya,Discount Stickers,Holographic Goose,20.0
109400,2013-04-30,Kenya,Stickers for Less,Holographic Goose,20.0
109405,2013-04-30,Kenya,Premium Sticker Mart,Holographic Goose,20.0
109440,2013-05-01,Canada,Discount Stickers,Holographic Goose,800.0
109485,2013-05-01,Kenya,Discount Stickers,Holographic Goose,20.0
109490,2013-05-01,Kenya,Stickers for Less,Holographic Goose,20.0
109530,2013-05-02,Canada,Discount Stickers,Holographic Goose,800.0
109535,2013-05-02,Canada,Stickers for Less,Holographic Goose,800.0
109575,2013-05-02,Kenya,Discount Stickers,Holographic Goose,20.0
109580,2013-05-02,Kenya,Stickers for Less,Holographic Goose,20.0
109620,2013-05-03,Canada,Discount Stickers,Holographic Goose,800.0
109665,2013-05-03,Kenya,Discount Stickers,Holographic Goose,20.0
109670,2013-05-03,Kenya,Stickers for Less,Holographic Goose,20.0
109710,2013-05-04,Canada,Discount Stickers,Holographic Goose,800.0
109755,2013-05-04,Kenya,Discount Stickers,Holographic Goose,20.0
109800,2013-05-05,Canada,Discount Stickers,Holographic Goose,800.0
109845,2013-05-05,Kenya,Discount Stickers,Holographic Goose,20.0
109890,2013-05-06,Canada,Discount Stickers,Holographic Goose,800.0
109895,2013-05-06,Canada,Stickers for Less,Holographic Goose,800.0
109935,2013-05-06,Kenya,Discount Stickers,Holographic Goose,20.0
109940,2013-05-06,Kenya,Stickers for Less,Holographic Goose,20.0
109980,2013-05-07,Canada,Discount Stickers,Holographic Goose,800.0
109985,2013-05-07,Canada,Stickers for Less,Holographic Goose,800.0
110025,2013-05-07,Kenya,Discount Stickers,Holographic Goose,20.0
110030,2013-05-07,Kenya,Stickers for Less,Holographic Goose,20.0
110070,2013-05-08,Canada,Discount Stickers,Holographic Goose,800.0
110075,2013-05-08,Canada,Stickers for Less,Holographic Goose,800.0
110115,2013-05-08,Kenya,Discount Stickers,Holographic Goose,20.0
110120,2013-05-08,Kenya,Stickers for Less,Holographic Goose,20.0
110160,2013-05-09,Canada,Discount Stickers,Holographic Goose,800.0
110165,2013-05-09,Canada,Stickers for Less,Holographic Goose,800.0
110205,2013-05-09,Kenya,Discount Stickers,Holographic Goose,20.0
110210,2013-05-09,Kenya,Stickers for Less,Holographic Goose,20.0
110250,2013-05-10,Canada,Discount Stickers,Holographic Goose,800.0
110255,2013-05-10,Canada,Stickers for Less,Holographic Goose,800.0
110295,2013-05-10,Kenya,Discount Stickers,Holographic Goose,20.0
110300,2013-05-10,Kenya,Stickers for Less,Holographic Goose,20.0
110305,2013-05-10,Kenya,Premium Sticker Mart,Holographic Goose,20.0
110340,2013-05-11,Canada,Discount Stickers,Holographic Goose,800.0
110385,2013-05-11,Kenya,Discount Stickers,Holographic Goose,20.0
110390,2013-05-11,Kenya,Stickers for Less,Holographic Goose,20.0
110430,2013-05-12,Canada,Discount Stickers,Holographic Goose,800.0
110475,2013-05-12,Kenya,Discount Stickers,Holographic Goose,20.0
110520,2013-05-13,Canada,Discount Stickers,Holographic Goose,800.0
110525,2013-05-13,Canada,Stickers for Less,Holographic Goose,800.0
110530,2013-05-13,Canada,Premium Sticker Mart,Holographic Goose,800.0
110565,2013-05-13,Kenya,Discount Stickers,Holographic Goose,20.0
110570,2013-05-13,Kenya,Stickers for Less,Holographic Goose,20.0
110610,2013-05-14,Canada,Discount Stickers,Holographic Goose,800.0
110615,2013-05-14,Canada,Stickers for Less,Holographic Goose,800.0
110655,2013-05-14,Kenya,Discount Stickers,Holographic Goose,20.0
110660,2013-05-14,Kenya,Stickers for Less,Holographic Goose,20.0
110700,2013-05-15,Canada,Discount Stickers,Holographic Goose,800.0
110705,2013-05-15,Canada,Stickers for Less,Holographic Goose,800.0
110745,2013-05-15,Kenya,Discount Stickers,Holographic Goose,20.0
110750,2013-05-15,Kenya,Stickers for Less,Holographic Goose,20.0
110790,2013-05-16,Canada,Discount Stickers,Holographic Goose,800.0
110795,2013-05-16,Canada,Stickers for Less,Holographic Goose,800.0
110835,2013-05-16,Kenya,Discount Stickers,Holographic Goose,20.0
110840,2013-05-16,Kenya,Stickers for Less,Holographic Goose,20.0
110880,2013-05-17,Canada,Discount Stickers,Holographic Goose,800.0
110885,2013-05-17,Canada,Stickers for Less,Holographic Goose,800.0
110925,2013-05-17,Kenya,Discount Stickers,Holographic Goose,20.0
110930,2013-05-17,Kenya,Stickers for Less,Holographic Goose,20.0
110970,2013-05-18,Canada,Discount Stickers,Holographic Goose,800.0
111015,2013-05-18,Kenya,Discount Stickers,Holographic Goose,20.0
111060,2013-05-19,Canada,Discount Stickers,Holographic Goose,800.0
111105,2013-05-19,Kenya,Discount Stickers,Holographic Goose,20.0
111150,2013-05-20,Canada,Discount Stickers,Holographic Goose,800.0
111155,2013-05-20,Canada,Stickers for Less,Holographic Goose,800.0
111195,2013-05-20,Kenya,Discount Stickers,Holographic Goose,20.0
111200,2013-05-20,Kenya,Stickers for Less,Holographic Goose,20.0
111205,2013-05-20,Kenya,Premium Sticker Mart,Holographic Goose,20.0
111240,2013-05-21,Canada,Discount Stickers,Holographic Goose,800.0
111245,2013-05-21,Canada,Stickers for Less,Holographic Goose,800.0
111285,2013-05-21,Kenya,Discount Stickers,Holographic Goose,20.0
111290,2013-05-21,Kenya,Stickers for Less,Holographic Goose,20.0
111295,2013-05-21,Kenya,Premium Sticker Mart,Holographic Goose,20.0
111330,2013-05-22,Canada,Discount Stickers,Holographic Goose,800.0
111335,2013-05-22,Canada,Stickers for Less,Holographic Goose,800.0
111375,2013-05-22,Kenya,Discount Stickers,Holographic Goose,20.0
111380,2013-05-22,Kenya,Stickers for Less,Holographic Goose,20.0
111385,2013-05-22,Kenya,Premium Sticker Mart,Holographic Goose,20.0
111420,2013-05-23,Canada,Discount Stickers,Holographic Goose,800.0
111425,2013-05-23,Canada,Stickers for Less,Holographic Goose,800.0
111465,2013-05-23,Kenya,Discount Stickers,Holographic Goose,20.0
111470,2013-05-23,Kenya,Stickers for Less,Holographic Goose,20.0
111475,2013-05-23,Kenya,Premium Sticker Mart,Holographic Goose,20.0
111510,2013-05-24,Canada,Discount Stickers,Holographic Goose,800.0
111515,2013-05-24,Canada,Stickers for Less,Holographic Goose,800.0
111555,2013-05-24,Kenya,Discount Stickers,Holographic Goose,20.0
111560,2013-05-24,Kenya,Stickers for Less,Holographic Goose,20.0
111600,2013-05-25,Canada,Discount Stickers,Holographic Goose,800.0
111605,2013-05-25,Canada,Stickers for Less,Holographic Goose,800.0
111645,2013-05-25,Kenya,Discount Stickers,Holographic Goose,20.0
111650,2013-05-25,Kenya,Stickers for Less,Holographic Goose,20.0
111690,2013-05-26,Canada,Discount Stickers,Holographic Goose,800.0
111735,2013-05-26,Kenya,Discount Stickers,Holographic Goose,20.0
111780,2013-05-27,Canada,Discount Stickers,Holographic Goose,800.0
111785,2013-05-27,Canada,Stickers for Less,Holographic Goose,800.0
111790,2013-05-27,Canada,Premium Sticker Mart,Holographic Goose,800.0
111825,2013-05-27,Kenya,Discount Stickers,Holographic Goose,20.0
111830,2013-05-27,Kenya,Stickers for Less,Holographic Goose,20.0
111870,2013-05-28,Canada,Discount Stickers,Holographic Goose,800.0
111875,2013-05-28,Canada,Stickers for Less,Holographic Goose,800.0
111915,2013-05-28,Kenya,Discount Stickers,Holographic Goose,20.0
111920,2013-05-28,Kenya,Stickers for Less,Holographic Goose,20.0
111960,2013-05-29,Canada,Discount Stickers,Holographic Goose,800.0
111965,2013-05-29,Canada,Stickers for Less,Holographic Goose,800.0
112005,2013-05-29,Kenya,Discount Stickers,Holographic Goose,20.0
112010,2013-05-29,Kenya,Stickers for Less,Holographic Goose,20.0
112015,2013-05-29,Kenya,Premium Sticker Mart,Holographic Goose,20.0
112050,2013-05-30,Canada,Discount Stickers,Holographic Goose,800.0
112055,2013-05-30,Canada,Stickers for Less,Holographic Goose,800.0
112095,2013-05-30,Kenya,Discount Stickers,Holographic Goose,20.0
112100,2013-05-30,Kenya,Stickers for Less,Holographic Goose,20.0
112140,2013-05-31,Canada,Discount Stickers,Holographic Goose,800.0
112145,2013-05-31,Canada,Stickers for Less,Holographic Goose,800.0
112185,2013-05-31,Kenya,Discount Stickers,Holographic Goose,20.0
112190,2013-05-31,Kenya,Stickers for Less,Holographic Goose,20.0
112195,2013-05-31,Kenya,Premium Sticker Mart,Holographic Goose,20.0
112230,2013-06-01,Canada,Discount Stickers,Holographic Goose,800.0
112235,2013-06-01,Canada,Stickers for Less,Holographic Goose,800.0
112275,2013-06-01,Kenya,Discount Stickers,Holographic Goose,20.0
112280,2013-06-01,Kenya,Stickers for Less,Holographic Goose,20.0
112320,2013-06-02,Canada,Discount Stickers,Holographic Goose,800.0
112365,2013-06-02,Kenya,Discount Stickers,Holographic Goose,20.0
112410,2013-06-03,Canada,Discount Stickers,Holographic Goose,800.0
112415,2013-06-03,Canada,Stickers for Less,Holographic Goose,800.0
112455,2013-06-03,Kenya,Discount Stickers,Holographic Goose,20.0
112460,2013-06-03,Kenya,Stickers for Less,Holographic Goose,20.0
112465,2013-06-03,Kenya,Premium Sticker Mart,Holographic Goose,20.0
112500,2013-06-04,Canada,Discount Stickers,Holographic Goose,800.0
112505,2013-06-04,Canada,Stickers for Less,Holographic Goose,800.0
112545,2013-06-04,Kenya,Discount Stickers,Holographic Goose,20.0
112550,2013-06-04,Kenya,Stickers for Less,Holographic Goose,20.0
112590,2013-06-05,Canada,Discount Stickers,Holographic Goose,800.0
112595,2013-06-05,Canada,Stickers for Less,Holographic Goose,800.0
112600,2013-06-05,Canada,Premium Sticker Mart,Holographic Goose,800.0
112635,2013-06-05,Kenya,Discount Stickers,Holographic Goose,20.0
112640,2013-06-05,Kenya,Stickers for Less,Holographic Goose,20.0
112680,2013-06-06,Canada,Discount Stickers,Holographic Goose,800.0
112685,2013-06-06,Canada,Stickers for Less,Holographic Goose,800.0
112690,2013-06-06,Canada,Premium Sticker Mart,Holographic Goose,800.0
112725,2013-06-06,Kenya,Discount Stickers,Holographic Goose,20.0
112730,2013-06-06,Kenya,Stickers for Less,Holographic Goose,20.0
112770,2013-06-07,Canada,Discount Stickers,Holographic Goose,800.0
112775,2013-06-07,Canada,Stickers for Less,Holographic Goose,800.0
112815,2013-06-07,Kenya,Discount Stickers,Holographic Goose,20.0
112820,2013-06-07,Kenya,Stickers for Less,Holographic Goose,20.0
112860,2013-06-08,Canada,Discount Stickers,Holographic Goose,800.0
112905,2013-06-08,Kenya,Discount Stickers,Holographic Goose,20.0
112950,2013-06-09,Canada,Discount Stickers,Holographic Goose,800.0
112995,2013-06-09,Kenya,Discount Stickers,Holographic Goose,20.0
113040,2013-06-10,Canada,Discount Stickers,Holographic Goose,800.0
113045,2013-06-10,Canada,Stickers for Less,Holographic Goose,800.0
113085,2013-06-10,Kenya,Discount Stickers,Holographic Goose,20.0
113090,2013-06-10,Kenya,Stickers for Less,Holographic Goose,20.0
113130,2013-06-11,Canada,Discount Stickers,Holographic Goose,800.0
113135,2013-06-11,Canada,Stickers for Less,Holographic Goose,800.0
113175,2013-06-11,Kenya,Discount Stickers,Holographic Goose,20.0
113180,2013-06-11,Kenya,Stickers for Less,Holographic Goose,20.0
113185,2013-06-11,Kenya,Premium Sticker Mart,Holographic Goose,20.0
113220,2013-06-12,Canada,Discount Stickers,Holographic Goose,800.0
113225,2013-06-12,Canada,Stickers for Less,Holographic Goose,800.0
113230,2013-06-12,Canada,Premium Sticker Mart,Holographic Goose,800.0
113265,2013-06-12,Kenya,Discount Stickers,Holographic Goose,20.0
113270,2013-06-12,Kenya,Stickers for Less,Holographic Goose,20.0
113275,2013-06-12,Kenya,Premium Sticker Mart,Holographic Goose,20.0
113310,2013-06-13,Canada,Discount Stickers,Holographic Goose,800.0
113315,2013-06-13,Canada,Stickers for Less,Holographic Goose,800.0
113355,2013-06-13,Kenya,Discount Stickers,Holographic Goose,20.0
113360,2013-06-13,Kenya,Stickers for Less,Holographic Goose,20.0
113365,2013-06-13,Kenya,Premium Sticker Mart,Holographic Goose,20.0
113400,2013-06-14,Canada,Discount Stickers,Holographic Goose,800.0
113405,2013-06-14,Canada,Stickers for Less,Holographic Goose,800.0
113445,2013-06-14,Kenya,Discount Stickers,Holographic Goose,20.0
113450,2013-06-14,Kenya,Stickers for Less,Holographic Goose,20.0
113490,2013-06-15,Canada,Discount Stickers,Holographic Goose,800.0
113495,2013-06-15,Canada,Stickers for Less,Holographic Goose,800.0
113535,2013-06-15,Kenya,Discount Stickers,Holographic Goose,20.0
113540,2013-06-15,Kenya,Stickers for Less,Holographic Goose,20.0
113580,2013-06-16,Canada,Discount Stickers,Holographic Goose,800.0
113625,2013-06-16,Kenya,Discount Stickers,Holographic Goose,20.0
113670,2013-06-17,Canada,Discount Stickers,Holographic Goose,800.0
113675,2013-06-17,Canada,Stickers for Less,Holographic Goose,800.0
113680,2013-06-17,Canada,Premium Sticker Mart,Holographic Goose,800.0
113715,2013-06-17,Kenya,Discount Stickers,Holographic Goose,20.0
113720,2013-06-17,Kenya,Stickers for Less,Holographic Goose,20.0
113725,2013-06-17,Kenya,Premium Sticker Mart,Holographic Goose,20.0
113760,2013-06-18,Canada,Discount Stickers,Holographic Goose,800.0
113765,2013-06-18,Canada,Stickers for Less,Holographic Goose,800.0
113770,2013-06-18,Canada,Premium Sticker Mart,Holographic Goose,800.0
113805,2013-06-18,Kenya,Discount Stickers,Holographic Goose,20.0
113810,2013-06-18,Kenya,Stickers for Less,Holographic Goose,20.0
113850,2013-06-19,Canada,Discount Stickers,Holographic Goose,800.0
113855,2013-06-19,Canada,Stickers for Less,Holographic Goose,800.0
113895,2013-06-19,Kenya,Discount Stickers,Holographic Goose,20.0
113900,2013-06-19,Kenya,Stickers for Less,Holographic Goose,20.0
113940,2013-06-20,Canada,Discount Stickers,Holographic Goose,800.0
113945,2013-06-20,Canada,Stickers for Less,Holographic Goose,800.0
113950,2013-06-20,Canada,Premium Sticker Mart,Holographic Goose,800.0
113985,2013-06-20,Kenya,Discount Stickers,Holographic Goose,20.0
113990,2013-06-20,Kenya,Stickers for Less,Holographic Goose,20.0
113995,2013-06-20,Kenya,Premium Sticker Mart,Holographic Goose,20.0
114030,2013-06-21,Canada,Discount Stickers,Holographic Goose,800.0
114035,2013-06-21,Canada,Stickers for Less,Holographic Goose,800.0
114075,2013-06-21,Kenya,Discount Stickers,Holographic Goose,20.0
114080,2013-06-21,Kenya,Stickers for Less,Holographic Goose,20.0
114120,2013-06-22,Canada,Discount Stickers,Holographic Goose,800.0
114125,2013-06-22,Canada,Stickers for Less,Holographic Goose,800.0
114165,2013-06-22,Kenya,Discount Stickers,Holographic Goose,20.0
114170,2013-06-22,Kenya,Stickers for Less,Holographic Goose,20.0
114210,2013-06-23,Canada,Discount Stickers,Holographic Goose,800.0
114255,2013-06-23,Kenya,Discount Stickers,Holographic Goose,20.0
114300,2013-06-24,Canada,Discount Stickers,Holographic Goose,800.0
114305,2013-06-24,Canada,Stickers for Less,Holographic Goose,800.0
114345,2013-06-24,Kenya,Discount Stickers,Holographic Goose,20.0
114350,2013-06-24,Kenya,Stickers for Less,Holographic Goose,20.0
114390,2013-06-25,Canada,Discount Stickers,Holographic Goose,800.0
114395,2013-06-25,Canada,Stickers for Less,Holographic Goose,800.0
114435,2013-06-25,Kenya,Discount Stickers,Holographic Goose,20.0
114440,2013-06-25,Kenya,Stickers for Less,Holographic Goose,20.0
114445,2013-06-25,Kenya,Premium Sticker Mart,Holographic Goose,20.0
114480,2013-06-26,Canada,Discount Stickers,Holographic Goose,800.0
114485,2013-06-26,Canada,Stickers for Less,Holographic Goose,800.0
114490,2013-06-26,Canada,Premium Sticker Mart,Holographic Goose,800.0
114525,2013-06-26,Kenya,Discount Stickers,Holographic Goose,20.0
114530,2013-06-26,Kenya,Stickers for Less,Holographic Goose,20.0
114535,2013-06-26,Kenya,Premium Sticker Mart,Holographic Goose,20.0
114570,2013-06-27,Canada,Discount Stickers,Holographic Goose,800.0
114575,2013-06-27,Canada,Stickers for Less,Holographic Goose,800.0
114615,2013-06-27,Kenya,Discount Stickers,Holographic Goose,20.0
114620,2013-06-27,Kenya,Stickers for Less,Holographic Goose,20.0
114625,2013-06-27,Kenya,Premium Sticker Mart,Holographic Goose,20.0
114660,2013-06-28,Canada,Discount Stickers,Holographic Goose,800.0
114665,2013-06-28,Canada,Stickers for Less,Holographic Goose,800.0
114705,2013-06-28,Kenya,Discount Stickers,Holographic Goose,20.0
114710,2013-06-28,Kenya,Stickers for Less,Holographic Goose,20.0
114750,2013-06-29,Canada,Discount Stickers,Holographic Goose,800.0
114755,2013-06-29,Canada,Stickers for Less,Holographic Goose,800.0
114795,2013-06-29,Kenya,Discount Stickers,Holographic Goose,20.0
114800,2013-06-29,Kenya,Stickers for Less,Holographic Goose,20.0
114840,2013-06-30,Canada,Discount Stickers,Holographic Goose,800.0
114885,2013-06-30,Kenya,Discount Stickers,Holographic Goose,20.0
114930,2013-07-01,Canada,Discount Stickers,Holographic Goose,800.0
114935,2013-07-01,Canada,Stickers for Less,Holographic Goose,800.0
114975,2013-07-01,Kenya,Discount Stickers,Holographic Goose,20.0
114980,2013-07-01,Kenya,Stickers for Less,Holographic Goose,20.0
114985,2013-07-01,Kenya,Premium Sticker Mart,Holographic Goose,20.0
115020,2013-07-02,Canada,Discount Stickers,Holographic Goose,800.0
115025,2013-07-02,Canada,Stickers for Less,Holographic Goose,800.0
115065,2013-07-02,Kenya,Discount Stickers,Holographic Goose,20.0
115070,2013-07-02,Kenya,Stickers for Less,Holographic Goose,20.0
115110,2013-07-03,Canada,Discount Stickers,Holographic Goose,800.0
115115,2013-07-03,Canada,Stickers for Less,Holographic Goose,800.0
115155,2013-07-03,Kenya,Discount Stickers,Holographic Goose,20.0
115160,2013-07-03,Kenya,Stickers for Less,Holographic Goose,20.0
115165,2013-07-03,Kenya,Premium Sticker Mart,Holographic Goose,20.0
115200,2013-07-04,Canada,Discount Stickers,Holographic Goose,800.0
115205,2013-07-04,Canada,Stickers for Less,Holographic Goose,800.0
115245,2013-07-04,Kenya,Discount Stickers,Holographic Goose,20.0
115250,2013-07-04,Kenya,Stickers for Less,Holographic Goose,20.0
115255,2013-07-04,Kenya,Premium Sticker Mart,Holographic Goose,20.0
115290,2013-07-05,Canada,Discount Stickers,Holographic Goose,800.0
115295,2013-07-05,Canada,Stickers for Less,Holographic Goose,800.0
115335,2013-07-05,Kenya,Discount Stickers,Holographic Goose,20.0
115340,2013-07-05,Kenya,Stickers for Less,Holographic Goose,20.0
115380,2013-07-06,Canada,Discount Stickers,Holographic Goose,800.0
115385,2013-07-06,Canada,Stickers for Less,Holographic Goose,800.0
115425,2013-07-06,Kenya,Discount Stickers,Holographic Goose,20.0
115430,2013-07-06,Kenya,Stickers for Less,Holographic Goose,20.0
115470,2013-07-07,Canada,Discount Stickers,Holographic Goose,800.0
115515,2013-07-07,Kenya,Discount Stickers,Holographic Goose,20.0
115560,2013-07-08,Canada,Discount Stickers,Holographic Goose,800.0
115565,2013-07-08,Canada,Stickers for Less,Holographic Goose,800.0
115605,2013-07-08,Kenya,Discount Stickers,Holographic Goose,20.0
115610,2013-07-08,Kenya,Stickers for Less,Holographic Goose,20.0
115615,2013-07-08,Kenya,Premium Sticker Mart,Holographic Goose,20.0
115650,2013-07-09,Canada,Discount Stickers,Holographic Goose,800.0
115655,2013-07-09,Canada,Stickers for Less,Holographic Goose,800.0
115660,2013-07-09,Canada,Premium Sticker Mart,Holographic Goose,800.0
115695,2013-07-09,Kenya,Discount Stickers,Holographic Goose,20.0
115700,2013-07-09,Kenya,Stickers for Less,Holographic Goose,20.0
115705,2013-07-09,Kenya,Premium Sticker Mart,Holographic Goose,20.0
115740,2013-07-10,Canada,Discount Stickers,Holographic Goose,800.0
115745,2013-07-10,Canada,Stickers for Less,Holographic Goose,800.0
115785,2013-07-10,Kenya,Discount Stickers,Holographic Goose,20.0
115790,2013-07-10,Kenya,Stickers for Less,Holographic Goose,20.0
115795,2013-07-10,Kenya,Premium Sticker Mart,Holographic Goose,20.0
115830,2013-07-11,Canada,Discount Stickers,Holographic Goose,800.0
115835,2013-07-11,Canada,Stickers for Less,Holographic Goose,800.0
115875,2013-07-11,Kenya,Discount Stickers,Holographic Goose,20.0
115880,2013-07-11,Kenya,Stickers for Less,Holographic Goose,20.0
115885,2013-07-11,Kenya,Premium Sticker Mart,Holographic Goose,20.0
115920,2013-07-12,Canada,Discount Stickers,Holographic Goose,800.0
115925,2013-07-12,Canada,Stickers for Less,Holographic Goose,800.0
115930,2013-07-12,Canada,Premium Sticker Mart,Holographic Goose,800.0
115965,2013-07-12,Kenya,Discount Stickers,Holographic Goose,20.0
115970,2013-07-12,Kenya,Stickers for Less,Holographic Goose,20.0
115975,2013-07-12,Kenya,Premium Sticker Mart,Holographic Goose,20.0
116010,2013-07-13,Canada,Discount Stickers,Holographic Goose,800.0
116015,2013-07-13,Canada,Stickers for Less,Holographic Goose,800.0
116055,2013-07-13,Kenya,Discount Stickers,Holographic Goose,20.0
116060,2013-07-13,Kenya,Stickers for Less,Holographic Goose,20.0
116100,2013-07-14,Canada,Discount Stickers,Holographic Goose,800.0
116145,2013-07-14,Kenya,Discount Stickers,Holographic Goose,20.0
116190,2013-07-15,Canada,Discount Stickers,Holographic Goose,800.0
116195,2013-07-15,Canada,Stickers for Less,Holographic Goose,800.0
116200,2013-07-15,Canada,Premium Sticker Mart,Holographic Goose,800.0
116235,2013-07-15,Kenya,Discount Stickers,Holographic Goose,20.0
116240,2013-07-15,Kenya,Stickers for Less,Holographic Goose,20.0
116245,2013-07-15,Kenya,Premium Sticker Mart,Holographic Goose,20.0
116280,2013-07-16,Canada,Discount Stickers,Holographic Goose,800.0
116285,2013-07-16,Canada,Stickers for Less,Holographic Goose,800.0
116290,2013-07-16,Canada,Premium Sticker Mart,Holographic Goose,800.0
116325,2013-07-16,Kenya,Discount Stickers,Holographic Goose,20.0
116330,2013-07-16,Kenya,Stickers for Less,Holographic Goose,20.0
116335,2013-07-16,Kenya,Premium Sticker Mart,Holographic Goose,20.0
116370,2013-07-17,Canada,Discount Stickers,Holographic Goose,800.0
116375,2013-07-17,Canada,Stickers for Less,Holographic Goose,800.0
116380,2013-07-17,Canada,Premium Sticker Mart,Holographic Goose,800.0
116415,2013-07-17,Kenya,Discount Stickers,Holographic Goose,20.0
116420,2013-07-17,Kenya,Stickers for Less,Holographic Goose,20.0
116460,2013-07-18,Canada,Discount Stickers,Holographic Goose,800.0
116465,2013-07-18,Canada,Stickers for Less,Holographic Goose,800.0
116470,2013-07-18,Canada,Premium Sticker Mart,Holographic Goose,800.0
116505,2013-07-18,Kenya,Discount Stickers,Holographic Goose,20.0
116510,2013-07-18,Kenya,Stickers for Less,Holographic Goose,20.0
116515,2013-07-18,Kenya,Premium Sticker Mart,Holographic Goose,20.0
116550,2013-07-19,Canada,Discount Stickers,Holographic Goose,800.0
116555,2013-07-19,Canada,Stickers for Less,Holographic Goose,800.0
116595,2013-07-19,Kenya,Discount Stickers,Holographic Goose,20.0
116600,2013-07-19,Kenya,Stickers for Less,Holographic Goose,20.0
116640,2013-07-20,Canada,Discount Stickers,Holographic Goose,800.0
116645,2013-07-20,Canada,Stickers for Less,Holographic Goose,800.0
116685,2013-07-20,Kenya,Discount Stickers,Holographic Goose,20.0
116690,2013-07-20,Kenya,Stickers for Less,Holographic Goose,20.0
116730,2013-07-21,Canada,Discount Stickers,Holographic Goose,800.0
116775,2013-07-21,Kenya,Discount Stickers,Holographic Goose,20.0
116780,2013-07-21,Kenya,Stickers for Less,Holographic Goose,20.0
116820,2013-07-22,Canada,Discount Stickers,Holographic Goose,800.0
116825,2013-07-22,Canada,Stickers for Less,Holographic Goose,800.0
116830,2013-07-22,Canada,Premium Sticker Mart,Holographic Goose,800.0
116865,2013-07-22,Kenya,Discount Stickers,Holographic Goose,20.0
116870,2013-07-22,Kenya,Stickers for Less,Holographic Goose,20.0
116875,2013-07-22,Kenya,Premium Sticker Mart,Holographic Goose,20.0
116910,2013-07-23,Canada,Discount Stickers,Holographic Goose,800.0
116915,2013-07-23,Canada,Stickers for Less,Holographic Goose,800.0
116955,2013-07-23,Kenya,Discount Stickers,Holographic Goose,20.0
116960,2013-07-23,Kenya,Stickers for Less,Holographic Goose,20.0
116965,2013-07-23,Kenya,Premium Sticker Mart,Holographic Goose,20.0
117000,2013-07-24,Canada,Discount Stickers,Holographic Goose,800.0
117005,2013-07-24,Canada,Stickers for Less,Holographic Goose,800.0
117045,2013-07-24,Kenya,Discount Stickers,Holographic Goose,20.0
117050,2013-07-24,Kenya,Stickers for Less,Holographic Goose,20.0
117055,2013-07-24,Kenya,Premium Sticker Mart,Holographic Goose,20.0
117090,2013-07-25,Canada,Discount Stickers,Holographic Goose,800.0
117095,2013-07-25,Canada,Stickers for Less,Holographic Goose,800.0
117100,2013-07-25,Canada,Premium Sticker Mart,Holographic Goose,800.0
117135,2013-07-25,Kenya,Discount Stickers,Holographic Goose,20.0
117140,2013-07-25,Kenya,Stickers for Less,Holographic Goose,20.0
117145,2013-07-25,Kenya,Premium Sticker Mart,Holographic Goose,20.0
117180,2013-07-26,Canada,Discount Stickers,Holographic Goose,800.0
117185,2013-07-26,Canada,Stickers for Less,Holographic Goose,800.0
117225,2013-07-26,Kenya,Discount Stickers,Holographic Goose,20.0
117230,2013-07-26,Kenya,Stickers for Less,Holographic Goose,20.0
117235,2013-07-26,Kenya,Premium Sticker Mart,Holographic Goose,20.0
117270,2013-07-27,Canada,Discount Stickers,Holographic Goose,800.0
117275,2013-07-27,Canada,Stickers for Less,Holographic Goose,800.0
117315,2013-07-27,Kenya,Discount Stickers,Holographic Goose,20.0
117320,2013-07-27,Kenya,Stickers for Less,Holographic Goose,20.0
117360,2013-07-28,Canada,Discount Stickers,Holographic Goose,800.0
117405,2013-07-28,Kenya,Discount Stickers,Holographic Goose,20.0
117450,2013-07-29,Canada,Discount Stickers,Holographic Goose,800.0
117455,2013-07-29,Canada,Stickers for Less,Holographic Goose,800.0
117460,2013-07-29,Canada,Premium Sticker Mart,Holographic Goose,800.0
117495,2013-07-29,Kenya,Discount Stickers,Holographic Goose,20.0
117500,2013-07-29,Kenya,Stickers for Less,Holographic Goose,20.0
117505,2013-07-29,Kenya,Premium Sticker Mart,Holographic Goose,20.0
117540,2013-07-30,Canada,Discount Stickers,Holographic Goose,800.0
117545,2013-07-30,Canada,Stickers for Less,Holographic Goose,800.0
117585,2013-07-30,Kenya,Discount Stickers,Holographic Goose,20.0
117590,2013-07-30,Kenya,Stickers for Less,Holographic Goose,20.0
117595,2013-07-30,Kenya,Premium Sticker Mart,Holographic Goose,20.0
117630,2013-07-31,Canada,Discount Stickers,Holographic Goose,800.0
117635,2013-07-31,Canada,Stickers for Less,Holographic Goose,800.0
117675,2013-07-31,Kenya,Discount Stickers,Holographic Goose,20.0
117680,2013-07-31,Kenya,Stickers for Less,Holographic Goose,20.0
117685,2013-07-31,Kenya,Premium Sticker Mart,Holographic Goose,20.0
117720,2013-08-01,Canada,Discount Stickers,Holographic Goose,800.0
117725,2013-08-01,Canada,Stickers for Less,Holographic Goose,800.0
117765,2013-08-01,Kenya,Discount Stickers,Holographic Goose,20.0
117770,2013-08-01,Kenya,Stickers for Less,Holographic Goose,20.0
117775,2013-08-01,Kenya,Premium Sticker Mart,Holographic Goose,20.0
117810,2013-08-02,Canada,Discount Stickers,Holographic Goose,800.0
117820,2013-08-02,Canada,Premium Sticker Mart,Holographic Goose,800.0
117855,2013-08-02,Kenya,Discount Stickers,Holographic Goose,20.0
117860,2013-08-02,Kenya,Stickers for Less,Holographic Goose,20.0
117900,2013-08-03,Canada,Discount Stickers,Holographic Goose,800.0
117905,2013-08-03,Canada,Stickers for Less,Holographic Goose,800.0
117945,2013-08-03,Kenya,Discount Stickers,Holographic Goose,20.0
117950,2013-08-03,Kenya,Stickers for Less,Holographic Goose,20.0
117990,2013-08-04,Canada,Discount Stickers,Holographic Goose,800.0
118035,2013-08-04,Kenya,Discount Stickers,Holographic Goose,20.0
118040,2013-08-04,Kenya,Stickers for Less,Holographic Goose,20.0
118080,2013-08-05,Canada,Discount Stickers,Holographic Goose,800.0
118085,2013-08-05,Canada,Stickers for Less,Holographic Goose,800.0
118125,2013-08-05,Kenya,Discount Stickers,Holographic Goose,20.0
118130,2013-08-05,Kenya,Stickers for Less,Holographic Goose,20.0
118170,2013-08-06,Canada,Discount Stickers,Holographic Goose,800.0
118175,2013-08-06,Canada,Stickers for Less,Holographic Goose,800.0
118215,2013-08-06,Kenya,Discount Stickers,Holographic Goose,20.0
118220,2013-08-06,Kenya,Stickers for Less,Holographic Goose,20.0
118225,2013-08-06,Kenya,Premium Sticker Mart,Holographic Goose,20.0
118260,2013-08-07,Canada,Discount Stickers,Holographic Goose,800.0
118265,2013-08-07,Canada,Stickers for Less,Holographic Goose,800.0
118305,2013-08-07,Kenya,Discount Stickers,Holographic Goose,20.0
118310,2013-08-07,Kenya,Stickers for Less,Holographic Goose,20.0
118315,2013-08-07,Kenya,Premium Sticker Mart,Holographic Goose,20.0
118350,2013-08-08,Canada,Discount Stickers,Holographic Goose,800.0
118355,2013-08-08,Canada,Stickers for Less,Holographic Goose,800.0
118360,2013-08-08,Canada,Premium Sticker Mart,Holographic Goose,800.0
118395,2013-08-08,Kenya,Discount Stickers,Holographic Goose,20.0
118400,2013-08-08,Kenya,Stickers for Less,Holographic Goose,20.0
118440,2013-08-09,Canada,Discount Stickers,Holographic Goose,800.0
118445,2013-08-09,Canada,Stickers for Less,Holographic Goose,800.0
118485,2013-08-09,Kenya,Discount Stickers,Holographic Goose,20.0
118490,2013-08-09,Kenya,Stickers for Less,Holographic Goose,20.0
118530,2013-08-10,Canada,Discount Stickers,Holographic Goose,800.0
118535,2013-08-10,Canada,Stickers for Less,Holographic Goose,800.0
118575,2013-08-10,Kenya,Discount Stickers,Holographic Goose,20.0
118580,2013-08-10,Kenya,Stickers for Less,Holographic Goose,20.0
118620,2013-08-11,Canada,Discount Stickers,Holographic Goose,800.0
118665,2013-08-11,Kenya,Discount Stickers,Holographic Goose,20.0
118710,2013-08-12,Canada,Discount Stickers,Holographic Goose,800.0
118715,2013-08-12,Canada,Stickers for Less,Holographic Goose,800.0
118755,2013-08-12,Kenya,Discount Stickers,Holographic Goose,20.0
118760,2013-08-12,Kenya,Stickers for Less,Holographic Goose,20.0
118765,2013-08-12,Kenya,Premium Sticker Mart,Holographic Goose,20.0
118800,2013-08-13,Canada,Discount Stickers,Holographic Goose,800.0
118805,2013-08-13,Canada,Stickers for Less,Holographic Goose,800.0
118845,2013-08-13,Kenya,Discount Stickers,Holographic Goose,20.0
118850,2013-08-13,Kenya,Stickers for Less,Holographic Goose,20.0
118890,2013-08-14,Canada,Discount Stickers,Holographic Goose,800.0
118895,2013-08-14,Canada,Stickers for Less,Holographic Goose,800.0
118935,2013-08-14,Kenya,Discount Stickers,Holographic Goose,20.0
118940,2013-08-14,Kenya,Stickers for Less,Holographic Goose,20.0
118980,2013-08-15,Canada,Discount Stickers,Holographic Goose,800.0
118985,2013-08-15,Canada,Stickers for Less,Holographic Goose,800.0
119025,2013-08-15,Kenya,Discount Stickers,Holographic Goose,20.0
119030,2013-08-15,Kenya,Stickers for Less,Holographic Goose,20.0
119070,2013-08-16,Canada,Discount Stickers,Holographic Goose,800.0
119075,2013-08-16,Canada,Stickers for Less,Holographic Goose,800.0
119115,2013-08-16,Kenya,Discount Stickers,Holographic Goose,20.0
119120,2013-08-16,Kenya,Stickers for Less,Holographic Goose,20.0
119160,2013-08-17,Canada,Discount Stickers,Holographic Goose,800.0
119165,2013-08-17,Canada,Stickers for Less,Holographic Goose,800.0
119205,2013-08-17,Kenya,Discount Stickers,Holographic Goose,20.0
119210,2013-08-17,Kenya,Stickers for Less,Holographic Goose,20.0
119250,2013-08-18,Canada,Discount Stickers,Holographic Goose,800.0
119295,2013-08-18,Kenya,Discount Stickers,Holographic Goose,20.0
119340,2013-08-19,Canada,Discount Stickers,Holographic Goose,800.0
119385,2013-08-19,Kenya,Discount Stickers,Holographic Goose,20.0
119390,2013-08-19,Kenya,Stickers for Less,Holographic Goose,20.0
119395,2013-08-19,Kenya,Premium Sticker Mart,Holographic Goose,20.0
119430,2013-08-20,Canada,Discount Stickers,Holographic Goose,800.0
119435,2013-08-20,Canada,Stickers for Less,Holographic Goose,800.0
119475,2013-08-20,Kenya,Discount Stickers,Holographic Goose,20.0
119480,2013-08-20,Kenya,Stickers for Less,Holographic Goose,20.0
119520,2013-08-21,Canada,Discount Stickers,Holographic Goose,800.0
119525,2013-08-21,Canada,Stickers for Less,Holographic Goose,800.0
119565,2013-08-21,Kenya,Discount Stickers,Holographic Goose,20.0
119570,2013-08-21,Kenya,Stickers for Less,Holographic Goose,20.0
119610,2013-08-22,Canada,Discount Stickers,Holographic Goose,800.0
119615,2013-08-22,Canada,Stickers for Less,Holographic Goose,800.0
119655,2013-08-22,Kenya,Discount Stickers,Holographic Goose,20.0
119660,2013-08-22,Kenya,Stickers for Less,Holographic Goose,20.0
119700,2013-08-23,Canada,Discount Stickers,Holographic Goose,800.0
119745,2013-08-23,Kenya,Discount Stickers,Holographic Goose,20.0
119750,2013-08-23,Kenya,Stickers for Less,Holographic Goose,20.0
119790,2013-08-24,Canada,Discount Stickers,Holographic Goose,800.0
119835,2013-08-24,Kenya,Discount Stickers,Holographic Goose,20.0
119840,2013-08-24,Kenya,Stickers for Less,Holographic Goose,20.0
119880,2013-08-25,Canada,Discount Stickers,Holographic Goose,800.0
119925,2013-08-25,Kenya,Discount Stickers,Holographic Goose,20.0
119970,2013-08-26,Canada,Discount Stickers,Holographic Goose,800.0
119975,2013-08-26,Canada,Stickers for Less,Holographic Goose,800.0
120015,2013-08-26,Kenya,Discount Stickers,Holographic Goose,20.0
120020,2013-08-26,Kenya,Stickers for Less,Holographic Goose,20.0
120025,2013-08-26,Kenya,Premium Sticker Mart,Holographic Goose,20.0
120060,2013-08-27,Canada,Discount Stickers,Holographic Goose,800.0
120065,2013-08-27,Canada,Stickers for Less,Holographic Goose,800.0
120105,2013-08-27,Kenya,Discount Stickers,Holographic Goose,20.0
120110,2013-08-27,Kenya,Stickers for Less,Holographic Goose,20.0
120150,2013-08-28,Canada,Discount Stickers,Holographic Goose,800.0
120195,2013-08-28,Kenya,Discount Stickers,Holographic Goose,20.0
120200,2013-08-28,Kenya,Stickers for Less,Holographic Goose,20.0
120240,2013-08-29,Canada,Discount Stickers,Holographic Goose,800.0
120245,2013-08-29,Canada,Stickers for Less,Holographic Goose,800.0
120285,2013-08-29,Kenya,Discount Stickers,Holographic Goose,20.0
120290,2013-08-29,Kenya,Stickers for Less,Holographic Goose,20.0
120295,2013-08-29,Kenya,Premium Sticker Mart,Holographic Goose,20.0
120330,2013-08-30,Canada,Discount Stickers,Holographic Goose,800.0
120335,2013-08-30,Canada,Stickers for Less,Holographic Goose,800.0
120375,2013-08-30,Kenya,Discount Stickers,Holographic Goose,20.0
120380,2013-08-30,Kenya,Stickers for Less,Holographic Goose,20.0
120420,2013-08-31,Canada,Discount Stickers,Holographic Goose,800.0
120465,2013-08-31,Kenya,Discount Stickers,Holographic Goose,20.0
120470,2013-08-31,Kenya,Stickers for Less,Holographic Goose,20.0
120510,2013-09-01,Canada,Discount Stickers,Holographic Goose,800.0
120555,2013-09-01,Kenya,Discount Stickers,Holographic Goose,20.0
120560,2013-09-01,Kenya,Stickers for Less,Holographic Goose,20.0
120600,2013-09-02,Canada,Discount Stickers,Holographic Goose,800.0
120605,2013-09-02,Canada,Stickers for Less,Holographic Goose,800.0
120645,2013-09-02,Kenya,Discount Stickers,Holographic Goose,20.0
120650,2013-09-02,Kenya,Stickers for Less,Holographic Goose,20.0
120690,2013-09-03,Canada,Discount Stickers,Holographic Goose,800.0
120695,2013-09-03,Canada,Stickers for Less,Holographic Goose,800.0
120735,2013-09-03,Kenya,Discount Stickers,Holographic Goose,20.0
120740,2013-09-03,Kenya,Stickers for Less,Holographic Goose,20.0
120780,2013-09-04,Canada,Discount Stickers,Holographic Goose,800.0
120785,2013-09-04,Canada,Stickers for Less,Holographic Goose,800.0
120825,2013-09-04,Kenya,Discount Stickers,Holographic Goose,20.0
120830,2013-09-04,Kenya,Stickers for Less,Holographic Goose,20.0
120870,2013-09-05,Canada,Discount Stickers,Holographic Goose,800.0
120915,2013-09-05,Kenya,Discount Stickers,Holographic Goose,20.0
120920,2013-09-05,Kenya,Stickers for Less,Holographic Goose,20.0
120925,2013-09-05,Kenya,Premium Sticker Mart,Holographic Goose,20.0
120960,2013-09-06,Canada,Discount Stickers,Holographic Goose,800.0
121005,2013-09-06,Kenya,Discount Stickers,Holographic Goose,20.0
121010,2013-09-06,Kenya,Stickers for Less,Holographic Goose,20.0
121050,2013-09-07,Canada,Discount Stickers,Holographic Goose,800.0
121095,2013-09-07,Kenya,Discount Stickers,Holographic Goose,20.0
121100,2013-09-07,Kenya,Stickers for Less,Holographic Goose,20.0
121140,2013-09-08,Canada,Discount Stickers,Holographic Goose,800.0
121185,2013-09-08,Kenya,Discount Stickers,Holographic Goose,20.0
121230,2013-09-09,Canada,Discount Stickers,Holographic Goose,800.0
121235,2013-09-09,Canada,Stickers for Less,Holographic Goose,800.0
121275,2013-09-09,Kenya,Discount Stickers,Holographic Goose,20.0
121280,2013-09-09,Kenya,Stickers for Less,Holographic Goose,20.0
121320,2013-09-10,Canada,Discount Stickers,Holographic Goose,800.0
121325,2013-09-10,Canada,Stickers for Less,Holographic Goose,800.0
121365,2013-09-10,Kenya,Discount Stickers,Holographic Goose,20.0
121370,2013-09-10,Kenya,Stickers for Less,Holographic Goose,20.0
121410,2013-09-11,Canada,Discount Stickers,Holographic Goose,800.0
121455,2013-09-11,Kenya,Discount Stickers,Holographic Goose,20.0
121460,2013-09-11,Kenya,Stickers for Less,Holographic Goose,20.0
121500,2013-09-12,Canada,Discount Stickers,Holographic Goose,800.0
121505,2013-09-12,Canada,Stickers for Less,Holographic Goose,800.0
121545,2013-09-12,Kenya,Discount Stickers,Holographic Goose,20.0
121550,2013-09-12,Kenya,Stickers for Less,Holographic Goose,20.0
121555,2013-09-12,Kenya,Premium Sticker Mart,Holographic Goose,20.0
121590,2013-09-13,Canada,Discount Stickers,Holographic Goose,800.0
121635,2013-09-13,Kenya,Discount Stickers,Holographic Goose,20.0
121640,2013-09-13,Kenya,Stickers for Less,Holographic Goose,20.0
121680,2013-09-14,Canada,Discount Stickers,Holographic Goose,800.0
121685,2013-09-14,Canada,Stickers for Less,Holographic Goose,800.0
121725,2013-09-14,Kenya,Discount Stickers,Holographic Goose,20.0
121770,2013-09-15,Canada,Discount Stickers,Holographic Goose,800.0
121815,2013-09-15,Kenya,Discount Stickers,Holographic Goose,20.0
121860,2013-09-16,Canada,Discount Stickers,Holographic Goose,800.0
121865,2013-09-16,Canada,Stickers for Less,Holographic Goose,800.0
121905,2013-09-16,Kenya,Discount Stickers,Holographic Goose,20.0
121910,2013-09-16,Kenya,Stickers for Less,Holographic Goose,20.0
121950,2013-09-17,Canada,Discount Stickers,Holographic Goose,800.0
121995,2013-09-17,Kenya,Discount Stickers,Holographic Goose,20.0
122000,2013-09-17,Kenya,Stickers for Less,Holographic Goose,20.0
122040,2013-09-18,Canada,Discount Stickers,Holographic Goose,800.0
122045,2013-09-18,Canada,Stickers for Less,Holographic Goose,800.0
122085,2013-09-18,Kenya,Discount Stickers,Holographic Goose,20.0
122090,2013-09-18,Kenya,Stickers for Less,Holographic Goose,20.0
122130,2013-09-19,Canada,Discount Stickers,Holographic Goose,800.0
122175,2013-09-19,Kenya,Discount Stickers,Holographic Goose,20.0
122180,2013-09-19,Kenya,Stickers for Less,Holographic Goose,20.0
122220,2013-09-20,Canada,Discount Stickers,Holographic Goose,800.0
122225,2013-09-20,Canada,Stickers for Less,Holographic Goose,800.0
122265,2013-09-20,Kenya,Discount Stickers,Holographic Goose,20.0
122270,2013-09-20,Kenya,Stickers for Less,Holographic Goose,20.0
122310,2013-09-21,Canada,Discount Stickers,Holographic Goose,800.0
122355,2013-09-21,Kenya,Discount Stickers,Holographic Goose,20.0
122400,2013-09-22,Canada,Discount Stickers,Holographic Goose,800.0
122445,2013-09-22,Kenya,Discount Stickers,Holographic Goose,20.0
122490,2013-09-23,Canada,Discount Stickers,Holographic Goose,800.0
122535,2013-09-23,Kenya,Discount Stickers,Holographic Goose,20.0
122540,2013-09-23,Kenya,Stickers for Less,Holographic Goose,20.0
122580,2013-09-24,Canada,Discount Stickers,Holographic Goose,800.0
122625,2013-09-24,Kenya,Discount Stickers,Holographic Goose,20.0
122630,2013-09-24,Kenya,Stickers for Less,Holographic Goose,20.0
122670,2013-09-25,Canada,Discount Stickers,Holographic Goose,800.0
122715,2013-09-25,Kenya,Discount Stickers,Holographic Goose,20.0
122720,2013-09-25,Kenya,Stickers for Less,Holographic Goose,20.0
122760,2013-09-26,Canada,Discount Stickers,Holographic Goose,800.0
122805,2013-09-26,Kenya,Discount Stickers,Holographic Goose,20.0
122810,2013-09-26,Kenya,Stickers for Less,Holographic Goose,20.0
122850,2013-09-27,Canada,Discount Stickers,Holographic Goose,800.0
122895,2013-09-27,Kenya,Discount Stickers,Holographic Goose,20.0
122900,2013-09-27,Kenya,Stickers for Less,Holographic Goose,20.0
122940,2013-09-28,Canada,Discount Stickers,Holographic Goose,800.0
122985,2013-09-28,Kenya,Discount Stickers,Holographic Goose,20.0
123030,2013-09-29,Canada,Discount Stickers,Holographic Goose,800.0
123075,2013-09-29,Kenya,Discount Stickers,Holographic Goose,20.0
123120,2013-09-30,Canada,Discount Stickers,Holographic Goose,800.0
123165,2013-09-30,Kenya,Discount Stickers,Holographic Goose,20.0
123170,2013-09-30,Kenya,Stickers for Less,Holographic Goose,20.0
123210,2013-10-01,Canada,Discount Stickers,Holographic Goose,800.0
123255,2013-10-01,Kenya,Discount Stickers,Holographic Goose,20.0
123260,2013-10-01,Kenya,Stickers for Less,Holographic Goose,20.0
123300,2013-10-02,Canada,Discount Stickers,Holographic Goose,800.0
123305,2013-10-02,Canada,Stickers for Less,Holographic Goose,800.0
123345,2013-10-02,Kenya,Discount Stickers,Holographic Goose,20.0
123350,2013-10-02,Kenya,Stickers for Less,Holographic Goose,20.0
123390,2013-10-03,Canada,Discount Stickers,Holographic Goose,800.0
123435,2013-10-03,Kenya,Discount Stickers,Holographic Goose,20.0
123440,2013-10-03,Kenya,Stickers for Less,Holographic Goose,20.0
123480,2013-10-04,Canada,Discount Stickers,Holographic Goose,800.0
123525,2013-10-04,Kenya,Discount Stickers,Holographic Goose,20.0
123570,2013-10-05,Canada,Discount Stickers,Holographic Goose,800.0
123615,2013-10-05,Kenya,Discount Stickers,Holographic Goose,20.0
123660,2013-10-06,Canada,Discount Stickers,Holographic Goose,800.0
123705,2013-10-06,Kenya,Discount Stickers,Holographic Goose,20.0
123750,2013-10-07,Canada,Discount Stickers,Holographic Goose,800.0
123755,2013-10-07,Canada,Stickers for Less,Holographic Goose,800.0
123795,2013-10-07,Kenya,Discount Stickers,Holographic Goose,20.0
123800,2013-10-07,Kenya,Stickers for Less,Holographic Goose,20.0
123840,2013-10-08,Canada,Discount Stickers,Holographic Goose,800.0
123885,2013-10-08,Kenya,Discount Stickers,Holographic Goose,20.0
123890,2013-10-08,Kenya,Stickers for Less,Holographic Goose,20.0
123930,2013-10-09,Canada,Discount Stickers,Holographic Goose,800.0
123935,2013-10-09,Canada,Stickers for Less,Holographic Goose,800.0
123975,2013-10-09,Kenya,Discount Stickers,Holographic Goose,20.0
123980,2013-10-09,Kenya,Stickers for Less,Holographic Goose,20.0
124020,2013-10-10,Canada,Discount Stickers,Holographic Goose,800.0
124065,2013-10-10,Kenya,Discount Stickers,Holographic Goose,20.0
124070,2013-10-10,Kenya,Stickers for Less,Holographic Goose,20.0
124110,2013-10-11,Canada,Discount Stickers,Holographic Goose,800.0
124155,2013-10-11,Kenya,Discount Stickers,Holographic Goose,20.0
124160,2013-10-11,Kenya,Stickers for Less,Holographic Goose,20.0
124200,2013-10-12,Canada,Discount Stickers,Holographic Goose,800.0
124245,2013-10-12,Kenya,Discount Stickers,Holographic Goose,20.0
124250,2013-10-12,Kenya,Stickers for Less,Holographic Goose,20.0
124290,2013-10-13,Canada,Discount Stickers,Holographic Goose,800.0
124335,2013-10-13,Kenya,Discount Stickers,Holographic Goose,20.0
124380,2013-10-14,Canada,Discount Stickers,Holographic Goose,800.0
124425,2013-10-14,Kenya,Discount Stickers,Holographic Goose,20.0
124470,2013-10-15,Canada,Discount Stickers,Holographic Goose,800.0
124515,2013-10-15,Kenya,Discount Stickers,Holographic Goose,20.0
124560,2013-10-16,Canada,Discount Stickers,Holographic Goose,800.0
124565,2013-10-16,Canada,Stickers for Less,Holographic Goose,800.0
124605,2013-10-16,Kenya,Discount Stickers,Holographic Goose,20.0
124650,2013-10-17,Canada,Discount Stickers,Holographic Goose,800.0
124695,2013-10-17,Kenya,Discount Stickers,Holographic Goose,20.0
124740,2013-10-18,Canada,Discount Stickers,Holographic Goose,800.0
124785,2013-10-18,Kenya,Discount Stickers,Holographic Goose,20.0
124830,2013-10-19,Canada,Discount Stickers,Holographic Goose,800.0
124875,2013-10-19,Kenya,Discount Stickers,Holographic Goose,20.0
124920,2013-10-20,Canada,Discount Stickers,Holographic Goose,800.0
124965,2013-10-20,Kenya,Discount Stickers,Holographic Goose,20.0
125010,2013-10-21,Canada,Discount Stickers,Holographic Goose,800.0
125055,2013-10-21,Kenya,Discount Stickers,Holographic Goose,20.0
125100,2013-10-22,Canada,Discount Stickers,Holographic Goose,800.0
125105,2013-10-22,Canada,Stickers for Less,Holographic Goose,800.0
125145,2013-10-22,Kenya,Discount Stickers,Holographic Goose,20.0
125190,2013-10-23,Canada,Discount Stickers,Holographic Goose,800.0
125235,2013-10-23,Kenya,Discount Stickers,Holographic Goose,20.0
125280,2013-10-24,Canada,Discount Stickers,Holographic Goose,800.0
125325,2013-10-24,Kenya,Discount Stickers,Holographic Goose,20.0
125370,2013-10-25,Canada,Discount Stickers,Holographic Goose,800.0
125415,2013-10-25,Kenya,Discount Stickers,Holographic Goose,20.0
125460,2013-10-26,Canada,Discount Stickers,Holographic Goose,800.0
125505,2013-10-26,Kenya,Discount Stickers,Holographic Goose,20.0
125550,2013-10-27,Canada,Discount Stickers,Holographic Goose,800.0
125595,2013-10-27,Kenya,Discount Stickers,Holographic Goose,20.0
125640,2013-10-28,Canada,Discount Stickers,Holographic Goose,800.0
125685,2013-10-28,Kenya,Discount Stickers,Holographic Goose,20.0
125730,2013-10-29,Canada,Discount Stickers,Holographic Goose,800.0
125775,2013-10-29,Kenya,Discount Stickers,Holographic Goose,20.0
125820,2013-10-30,Canada,Discount Stickers,Holographic Goose,800.0
125865,2013-10-30,Kenya,Discount Stickers,Holographic Goose,20.0
125870,2013-10-30,Kenya,Stickers for Less,Holographic Goose,20.0
125910,2013-10-31,Canada,Discount Stickers,Holographic Goose,800.0
125955,2013-10-31,Kenya,Discount Stickers,Holographic Goose,20.0
125960,2013-10-31,Kenya,Stickers for Less,Holographic Goose,20.0
126000,2013-11-01,Canada,Discount Stickers,Holographic Goose,800.0
126045,2013-11-01,Kenya,Discount Stickers,Holographic Goose,20.0
126090,2013-11-02,Canada,Discount Stickers,Holographic Goose,800.0
126135,2013-11-02,Kenya,Discount Stickers,Holographic Goose,20.0
126180,2013-11-03,Canada,Discount Stickers,Holographic Goose,800.0
126225,2013-11-03,Kenya,Discount Stickers,Holographic Goose,20.0
126270,2013-11-04,Canada,Discount Stickers,Holographic Goose,800.0
126315,2013-11-04,Kenya,Discount Stickers,Holographic Goose,20.0
126360,2013-11-05,Canada,Discount Stickers,Holographic Goose,800.0
126405,2013-11-05,Kenya,Discount Stickers,Holographic Goose,20.0
126410,2013-11-05,Kenya,Stickers for Less,Holographic Goose,20.0
126450,2013-11-06,Canada,Discount Stickers,Holographic Goose,800.0
126495,2013-11-06,Kenya,Discount Stickers,Holographic Goose,20.0
126540,2013-11-07,Canada,Discount Stickers,Holographic Goose,800.0
126585,2013-11-07,Kenya,Discount Stickers,Holographic Goose,20.0
126630,2013-11-08,Canada,Discount Stickers,Holographic Goose,800.0
126675,2013-11-08,Kenya,Discount Stickers,Holographic Goose,20.0
126720,2013-11-09,Canada,Discount Stickers,Holographic Goose,800.0
126765,2013-11-09,Kenya,Discount Stickers,Holographic Goose,20.0
126810,2013-11-10,Canada,Discount Stickers,Holographic Goose,800.0
126855,2013-11-10,Kenya,Discount Stickers,Holographic Goose,20.0
126900,2013-11-11,Canada,Discount Stickers,Holographic Goose,800.0
126945,2013-11-11,Kenya,Discount Stickers,Holographic Goose,20.0
126950,2013-11-11,Kenya,Stickers for Less,Holographic Goose,20.0
126990,2013-11-12,Canada,Discount Stickers,Holographic Goose,800.0
127035,2013-11-12,Kenya,Discount Stickers,Holographic Goose,20.0
127080,2013-11-13,Canada,Discount Stickers,Holographic Goose,800.0
127125,2013-11-13,Kenya,Discount Stickers,Holographic Goose,20.0
127130,2013-11-13,Kenya,Stickers for Less,Holographic Goose,20.0
127170,2013-11-14,Canada,Discount Stickers,Holographic Goose,800.0
127215,2013-11-14,Kenya,Discount Stickers,Holographic Goose,20.0
127260,2013-11-15,Canada,Discount Stickers,Holographic Goose,800.0
127305,2013-11-15,Kenya,Discount Stickers,Holographic Goose,20.0
127350,2013-11-16,Canada,Discount Stickers,Holographic Goose,800.0
127395,2013-11-16,Kenya,Discount Stickers,Holographic Goose,20.0
127440,2013-11-17,Canada,Discount Stickers,Holographic Goose,800.0
127485,2013-11-17,Kenya,Discount Stickers,Holographic Goose,20.0
127530,2013-11-18,Canada,Discount Stickers,Holographic Goose,800.0
127575,2013-11-18,Kenya,Discount Stickers,Holographic Goose,20.0
127620,2013-11-19,Canada,Discount Stickers,Holographic Goose,800.0
127665,2013-11-19,Kenya,Discount Stickers,Holographic Goose,20.0
127670,2013-11-19,Kenya,Stickers for Less,Holographic Goose,20.0
127710,2013-11-20,Canada,Discount Stickers,Holographic Goose,800.0
127755,2013-11-20,Kenya,Discount Stickers,Holographic Goose,20.0
127760,2013-11-20,Kenya,Stickers for Less,Holographic Goose,20.0
127800,2013-11-21,Canada,Discount Stickers,Holographic Goose,800.0
127845,2013-11-21,Kenya,Discount Stickers,Holographic Goose,20.0
127850,2013-11-21,Kenya,Stickers for Less,Holographic Goose,20.0
127890,2013-11-22,Canada,Discount Stickers,Holographic Goose,800.0
127935,2013-11-22,Kenya,Discount Stickers,Holographic Goose,20.0
127980,2013-11-23,Canada,Discount Stickers,Holographic Goose,800.0
128025,2013-11-23,Kenya,Discount Stickers,Holographic Goose,20.0
128070,2013-11-24,Canada,Discount Stickers,Holographic Goose,800.0
128115,2013-11-24,Kenya,Discount Stickers,Holographic Goose,20.0
128160,2013-11-25,Canada,Discount Stickers,Holographic Goose,800.0
128205,2013-11-25,Kenya,Discount Stickers,Holographic Goose,20.0
128210,2013-11-25,Kenya,Stickers for Less,Holographic Goose,20.0
128250,2013-11-26,Canada,Discount Stickers,Holographic Goose,800.0
128295,2013-11-26,Kenya,Discount Stickers,Holographic Goose,20.0
128340,2013-11-27,Canada,Discount Stickers,Holographic Goose,800.0
128385,2013-11-27,Kenya,Discount Stickers,Holographic Goose,20.0
128430,2013-11-28,Canada,Discount Stickers,Holographic Goose,800.0
128475,2013-11-28,Kenya,Discount Stickers,Holographic Goose,20.0
128520,2013-11-29,Canada,Discount Stickers,Holographic Goose,800.0
128565,2013-11-29,Kenya,Discount Stickers,Holographic Goose,20.0
128610,2013-11-30,Canada,Discount Stickers,Holographic Goose,800.0
128655,2013-11-30,Kenya,Discount Stickers,Holographic Goose,20.0
128700,2013-12-01,Canada,Discount Stickers,Holographic Goose,800.0
128745,2013-12-01,Kenya,Discount Stickers,Holographic Goose,20.0
128790,2013-12-02,Canada,Discount Stickers,Holographic Goose,800.0
128835,2013-12-02,Kenya,Discount Stickers,Holographic Goose,20.0
128840,2013-12-02,Kenya,Stickers for Less,Holographic Goose,20.0
128880,2013-12-03,Canada,Discount Stickers,Holographic Goose,800.0
128925,2013-12-03,Kenya,Discount Stickers,Holographic Goose,20.0
128970,2013-12-04,Canada,Discount Stickers,Holographic Goose,800.0
129015,2013-12-04,Kenya,Discount Stickers,Holographic Goose,20.0
129060,2013-12-05,Canada,Discount Stickers,Holographic Goose,800.0
129105,2013-12-05,Kenya,Discount Stickers,Holographic Goose,20.0
129110,2013-12-05,Kenya,Stickers for Less,Holographic Goose,20.0
129150,2013-12-06,Canada,Discount Stickers,Holographic Goose,800.0
129195,2013-12-06,Kenya,Discount Stickers,Holographic Goose,20.0
129240,2013-12-07,Canada,Discount Stickers,Holographic Goose,800.0
129285,2013-12-07,Kenya,Discount Stickers,Holographic Goose,20.0
129330,2013-12-08,Canada,Discount Stickers,Holographic Goose,800.0
129375,2013-12-08,Kenya,Discount Stickers,Holographic Goose,20.0
129420,2013-12-09,Canada,Discount Stickers,Holographic Goose,800.0
129465,2013-12-09,Kenya,Discount Stickers,Holographic Goose,20.0
129510,2013-12-10,Canada,Discount Stickers,Holographic Goose,800.0
129555,2013-12-10,Kenya,Discount Stickers,Holographic Goose,20.0
129600,2013-12-11,Canada,Discount Stickers,Holographic Goose,800.0
129645,2013-12-11,Kenya,Discount Stickers,Holographic Goose,20.0
129690,2013-12-12,Canada,Discount Stickers,Holographic Goose,800.0
129735,2013-12-12,Kenya,Discount Stickers,Holographic Goose,20.0
129780,2013-12-13,Canada,Discount Stickers,Holographic Goose,800.0
129825,2013-12-13,Kenya,Discount Stickers,Holographic Goose,20.0
129870,2013-12-14,Canada,Discount Stickers,Holographic Goose,800.0
129915,2013-12-14,Kenya,Discount Stickers,Holographic Goose,20.0
129960,2013-12-15,Canada,Discount Stickers,Holographic Goose,800.0
130005,2013-12-15,Kenya,Discount Stickers,Holographic Goose,20.0
130050,2013-12-16,Canada,Discount Stickers,Holographic Goose,800.0
130095,2013-12-16,Kenya,Discount Stickers,Holographic Goose,20.0
130140,2013-12-17,Canada,Discount Stickers,Holographic Goose,800.0
130185,2013-12-17,Kenya,Discount Stickers,Holographic Goose,20.0
130230,2013-12-18,Canada,Discount Stickers,Holographic Goose,800.0
130275,2013-12-18,Kenya,Discount Stickers,Holographic Goose,20.0
130320,2013-12-19,Canada,Discount Stickers,Holographic Goose,800.0
130365,2013-12-19,Kenya,Discount Stickers,Holographic Goose,20.0
130410,2013-12-20,Canada,Discount Stickers,Holographic Goose,800.0
130455,2013-12-20,Kenya,Discount Stickers,Holographic Goose,20.0
130500,2013-12-21,Canada,Discount Stickers,Holographic Goose,800.0
130545,2013-12-21,Kenya,Discount Stickers,Holographic Goose,20.0
130590,2013-12-22,Canada,Discount Stickers,Holographic Goose,800.0
130635,2013-12-22,Kenya,Discount Stickers,Holographic Goose,20.0
130680,2013-12-23,Canada,Discount Stickers,Holographic Goose,800.0
130725,2013-12-23,Kenya,Discount Stickers,Holographic Goose,20.0
130730,2013-12-23,Kenya,Stickers for Less,Holographic Goose,20.0
130770,2013-12-24,Canada,Discount Stickers,Holographic Goose,800.0
130815,2013-12-24,Kenya,Discount Stickers,Holographic Goose,20.0
130860,2013-12-25,Canada,Discount Stickers,Holographic Goose,800.0
130905,2013-12-25,Kenya,Discount Stickers,Holographic Goose,20.0
130950,2013-12-26,Canada,Discount Stickers,Holographic Goose,800.0
130995,2013-12-26,Kenya,Discount Stickers,Holographic Goose,20.0
131040,2013-12-27,Canada,Discount Stickers,Holographic Goose,800.0
131085,2013-12-27,Kenya,Discount Stickers,Holographic Goose,20.0
131130,2013-12-28,Canada,Discount Stickers,Holographic Goose,800.0
131175,2013-12-28,Kenya,Discount Stickers,Holographic Goose,20.0
131220,2013-12-29,Canada,Discount Stickers,Holographic Goose,800.0
131265,2013-12-29,Kenya,Discount Stickers,Holographic Goose,20.0
131310,2013-12-30,Canada,Discount Stickers,Holographic Goose,800.0
131355,2013-12-30,Kenya,Discount Stickers,Holographic Goose,20.0
131400,2013-12-31,Canada,Discount Stickers,Holographic Goose,800.0
131445,2013-12-31,Kenya,Discount Stickers,Holographic Goose,20.0
131490,2014-01-01,Canada,Discount Stickers,Holographic Goose,800.0
131535,2014-01-01,Kenya,Discount Stickers,Holographic Goose,20.0
131580,2014-01-02,Canada,Discount Stickers,Holographic Goose,800.0
131625,2014-01-02,Kenya,Discount Stickers,Holographic Goose,20.0
131670,2014-01-03,Canada,Discount Stickers,Holographic Goose,800.0
131715,2014-01-03,Kenya,Discount Stickers,Holographic Goose,20.0
131760,2014-01-04,Canada,Discount Stickers,Holographic Goose,800.0
131805,2014-01-04,Kenya,Discount Stickers,Holographic Goose,20.0
131850,2014-01-05,Canada,Discount Stickers,Holographic Goose,800.0
131895,2014-01-05,Kenya,Discount Stickers,Holographic Goose,20.0
131940,2014-01-06,Canada,Discount Stickers,Holographic Goose,800.0
131985,2014-01-06,Kenya,Discount Stickers,Holographic Goose,20.0
132030,2014-01-07,Canada,Discount Stickers,Holographic Goose,800.0
132075,2014-01-07,Kenya,Discount Stickers,Holographic Goose,20.0
132120,2014-01-08,Canada,Discount Stickers,Holographic Goose,800.0
132165,2014-01-08,Kenya,Discount Stickers,Holographic Goose,20.0
132210,2014-01-09,Canada,Discount Stickers,Holographic Goose,800.0
132255,2014-01-09,Kenya,Discount Stickers,Holographic Goose,20.0
132300,2014-01-10,Canada,Discount Stickers,Holographic Goose,800.0
132345,2014-01-10,Kenya,Discount Stickers,Holographic Goose,20.0
132390,2014-01-11,Canada,Discount Stickers,Holographic Goose,800.0
132435,2014-01-11,Kenya,Discount Stickers,Holographic Goose,20.0
132480,2014-01-12,Canada,Discount Stickers,Holographic Goose,800.0
132525,2014-01-12,Kenya,Discount Stickers,Holographic Goose,20.0
132570,2014-01-13,Canada,Discount Stickers,Holographic Goose,800.0
132615,2014-01-13,Kenya,Discount Stickers,Holographic Goose,20.0
132660,2014-01-14,Canada,Discount Stickers,Holographic Goose,800.0
132705,2014-01-14,Kenya,Discount Stickers,Holographic Goose,20.0
132750,2014-01-15,Canada,Discount Stickers,Holographic Goose,800.0
132795,2014-01-15,Kenya,Discount Stickers,Holographic Goose,20.0
132840,2014-01-16,Canada,Discount Stickers,Holographic Goose,800.0
132885,2014-01-16,Kenya,Discount Stickers,Holographic Goose,20.0
132930,2014-01-17,Canada,Discount Stickers,Holographic Goose,800.0
132975,2014-01-17,Kenya,Discount Stickers,Holographic Goose,20.0
133020,2014-01-18,Canada,Discount Stickers,Holographic Goose,800.0
133065,2014-01-18,Kenya,Discount Stickers,Holographic Goose,20.0
133110,2014-01-19,Canada,Discount Stickers,Holographic Goose,800.0
133155,2014-01-19,Kenya,Discount Stickers,Holographic Goose,20.0
133200,2014-01-20,Canada,Discount Stickers,Holographic Goose,800.0
133245,2014-01-20,Kenya,Discount Stickers,Holographic Goose,20.0
133290,2014-01-21,Canada,Discount Stickers,Holographic Goose,800.0
133335,2014-01-21,Kenya,Discount Stickers,Holographic Goose,20.0
133380,2014-01-22,Canada,Discount Stickers,Holographic Goose,800.0
133425,2014-01-22,Kenya,Discount Stickers,Holographic Goose,20.0
133470,2014-01-23,Canada,Discount Stickers,Holographic Goose,800.0
133475,2014-01-23,Canada,Stickers for Less,Holographic Goose,800.0
133515,2014-01-23,Kenya,Discount Stickers,Holographic Goose,20.0
133560,2014-01-24,Canada,Discount Stickers,Holographic Goose,800.0
133605,2014-01-24,Kenya,Discount Stickers,Holographic Goose,20.0
133650,2014-01-25,Canada,Discount Stickers,Holographic Goose,800.0
133695,2014-01-25,Kenya,Discount Stickers,Holographic Goose,20.0
133740,2014-01-26,Canada,Discount Stickers,Holographic Goose,800.0
133785,2014-01-26,Kenya,Discount Stickers,Holographic Goose,20.0
133830,2014-01-27,Canada,Discount Stickers,Holographic Goose,800.0
133835,2014-01-27,Canada,Stickers for Less,Holographic Goose,800.0
133875,2014-01-27,Kenya,Discount Stickers,Holographic Goose,20.0
133920,2014-01-28,Canada,Discount Stickers,Holographic Goose,800.0
133965,2014-01-28,Kenya,Discount Stickers,Holographic Goose,20.0
134010,2014-01-29,Canada,Discount Stickers,Holographic Goose,800.0
134055,2014-01-29,Kenya,Discount Stickers,Holographic Goose,20.0
134100,2014-01-30,Canada,Discount Stickers,Holographic Goose,800.0
134145,2014-01-30,Kenya,Discount Stickers,Holographic Goose,20.0
134190,2014-01-31,Canada,Discount Stickers,Holographic Goose,800.0
134235,2014-01-31,Kenya,Discount Stickers,Holographic Goose,20.0
134280,2014-02-01,Canada,Discount Stickers,Holographic Goose,800.0
134325,2014-02-01,Kenya,Discount Stickers,Holographic Goose,20.0
134370,2014-02-02,Canada,Discount Stickers,Holographic Goose,800.0
134415,2014-02-02,Kenya,Discount Stickers,Holographic Goose,20.0
134460,2014-02-03,Canada,Discount Stickers,Holographic Goose,800.0
134505,2014-02-03,Kenya,Discount Stickers,Holographic Goose,20.0
134550,2014-02-04,Canada,Discount Stickers,Holographic Goose,800.0
134595,2014-02-04,Kenya,Discount Stickers,Holographic Goose,20.0
134640,2014-02-05,Canada,Discount Stickers,Holographic Goose,800.0
134685,2014-02-05,Kenya,Discount Stickers,Holographic Goose,20.0
134730,2014-02-06,Canada,Discount Stickers,Holographic Goose,800.0
134775,2014-02-06,Kenya,Discount Stickers,Holographic Goose,20.0
134820,2014-02-07,Canada,Discount Stickers,Holographic Goose,800.0
134865,2014-02-07,Kenya,Discount Stickers,Holographic Goose,20.0
134910,2014-02-08,Canada,Discount Stickers,Holographic Goose,800.0
134955,2014-02-08,Kenya,Discount Stickers,Holographic Goose,20.0
135000,2014-02-09,Canada,Discount Stickers,Holographic Goose,800.0
135045,2014-02-09,Kenya,Discount Stickers,Holographic Goose,20.0
135090,2014-02-10,Canada,Discount Stickers,Holographic Goose,800.0
135135,2014-02-10,Kenya,Discount Stickers,Holographic Goose,20.0
135180,2014-02-11,Canada,Discount Stickers,Holographic Goose,800.0
135225,2014-02-11,Kenya,Discount Stickers,Holographic Goose,20.0
135230,2014-02-11,Kenya,Stickers for Less,Holographic Goose,20.0
135270,2014-02-12,Canada,Discount Stickers,Holographic Goose,800.0
135315,2014-02-12,Kenya,Discount Stickers,Holographic Goose,20.0
135360,2014-02-13,Canada,Discount Stickers,Holographic Goose,800.0
135405,2014-02-13,Kenya,Discount Stickers,Holographic Goose,20.0
135450,2014-02-14,Canada,Discount Stickers,Holographic Goose,800.0
135495,2014-02-14,Kenya,Discount Stickers,Holographic Goose,20.0
135540,2014-02-15,Canada,Discount Stickers,Holographic Goose,800.0
135585,2014-02-15,Kenya,Discount Stickers,Holographic Goose,20.0
135630,2014-02-16,Canada,Discount Stickers,Holographic Goose,800.0
135675,2014-02-16,Kenya,Discount Stickers,Holographic Goose,20.0
135720,2014-02-17,Canada,Discount Stickers,Holographic Goose,800.0
135765,2014-02-17,Kenya,Discount Stickers,Holographic Goose,20.0
135810,2014-02-18,Canada,Discount Stickers,Holographic Goose,800.0
135855,2014-02-18,Kenya,Discount Stickers,Holographic Goose,20.0
135900,2014-02-19,Canada,Discount Stickers,Holographic Goose,800.0
135945,2014-02-19,Kenya,Discount Stickers,Holographic Goose,20.0
135990,2014-02-20,Canada,Discount Stickers,Holographic Goose,800.0
136035,2014-02-20,Kenya,Discount Stickers,Holographic Goose,20.0
136080,2014-02-21,Canada,Discount Stickers,Holographic Goose,800.0
136125,2014-02-21,Kenya,Discount Stickers,Holographic Goose,20.0
136170,2014-02-22,Canada,Discount Stickers,Holographic Goose,800.0
136215,2014-02-22,Kenya,Discount Stickers,Holographic Goose,20.0
136260,2014-02-23,Canada,Discount Stickers,Holographic Goose,800.0
136305,2014-02-23,Kenya,Discount Stickers,Holographic Goose,20.0
136350,2014-02-24,Canada,Discount Stickers,Holographic Goose,800.0
136395,2014-02-24,Kenya,Discount Stickers,Holographic Goose,20.0
136440,2014-02-25,Canada,Discount Stickers,Holographic Goose,800.0
136485,2014-02-25,Kenya,Discount Stickers,Holographic Goose,20.0
136530,2014-02-26,Canada,Discount Stickers,Holographic Goose,800.0
136575,2014-02-26,Kenya,Discount Stickers,Holographic Goose,20.0
136620,2014-02-27,Canada,Discount Stickers,Holographic Goose,800.0
136665,2014-02-27,Kenya,Discount Stickers,Holographic Goose,20.0
136710,2014-02-28,Canada,Discount Stickers,Holographic Goose,800.0
136755,2014-02-28,Kenya,Discount Stickers,Holographic Goose,20.0
136800,2014-03-01,Canada,Discount Stickers,Holographic Goose,800.0
136845,2014-03-01,Kenya,Discount Stickers,Holographic Goose,20.0
136890,2014-03-02,Canada,Discount Stickers,Holographic Goose,800.0
136935,2014-03-02,Kenya,Discount Stickers,Holographic Goose,20.0
136980,2014-03-03,Canada,Discount Stickers,Holographic Goose,800.0
137025,2014-03-03,Kenya,Discount Stickers,Holographic Goose,20.0
137070,2014-03-04,Canada,Discount Stickers,Holographic Goose,800.0
137115,2014-03-04,Kenya,Discount Stickers,Holographic Goose,20.0
137160,2014-03-05,Canada,Discount Stickers,Holographic Goose,800.0
137165,2014-03-05,Canada,Stickers for Less,Holographic Goose,800.0
137205,2014-03-05,Kenya,Discount Stickers,Holographic Goose,20.0
137210,2014-03-05,Kenya,Stickers for Less,Holographic Goose,20.0
137250,2014-03-06,Canada,Discount Stickers,Holographic Goose,800.0
137295,2014-03-06,Kenya,Discount Stickers,Holographic Goose,20.0
137300,2014-03-06,Kenya,Stickers for Less,Holographic Goose,20.0
137340,2014-03-07,Canada,Discount Stickers,Holographic Goose,800.0
137385,2014-03-07,Kenya,Discount Stickers,Holographic Goose,20.0
137430,2014-03-08,Canada,Discount Stickers,Holographic Goose,800.0
137475,2014-03-08,Kenya,Discount Stickers,Holographic Goose,20.0
137520,2014-03-09,Canada,Discount Stickers,Holographic Goose,800.0
137565,2014-03-09,Kenya,Discount Stickers,Holographic Goose,20.0
137610,2014-03-10,Canada,Discount Stickers,Holographic Goose,800.0
137655,2014-03-10,Kenya,Discount Stickers,Holographic Goose,20.0
137700,2014-03-11,Canada,Discount Stickers,Holographic Goose,800.0
137745,2014-03-11,Kenya,Discount Stickers,Holographic Goose,20.0
137790,2014-03-12,Canada,Discount Stickers,Holographic Goose,800.0
137835,2014-03-12,Kenya,Discount Stickers,Holographic Goose,20.0
137880,2014-03-13,Canada,Discount Stickers,Holographic Goose,800.0
137925,2014-03-13,Kenya,Discount Stickers,Holographic Goose,20.0
137970,2014-03-14,Canada,Discount Stickers,Holographic Goose,800.0
138015,2014-03-14,Kenya,Discount Stickers,Holographic Goose,20.0
138060,2014-03-15,Canada,Discount Stickers,Holographic Goose,800.0
138105,2014-03-15,Kenya,Discount Stickers,Holographic Goose,20.0
138150,2014-03-16,Canada,Discount Stickers,Holographic Goose,800.0
138195,2014-03-16,Kenya,Discount Stickers,Holographic Goose,20.0
138240,2014-03-17,Canada,Discount Stickers,Holographic Goose,800.0
138245,2014-03-17,Canada,Stickers for Less,Holographic Goose,800.0
138285,2014-03-17,Kenya,Discount Stickers,Holographic Goose,20.0
138330,2014-03-18,Canada,Discount Stickers,Holographic Goose,800.0
138335,2014-03-18,Canada,Stickers for Less,Holographic Goose,800.0
138375,2014-03-18,Kenya,Discount Stickers,Holographic Goose,20.0
138420,2014-03-19,Canada,Discount Stickers,Holographic Goose,800.0
138465,2014-03-19,Kenya,Discount Stickers,Holographic Goose,20.0
138510,2014-03-20,Canada,Discount Stickers,Holographic Goose,800.0
138555,2014-03-20,Kenya,Discount Stickers,Holographic Goose,20.0
138560,2014-03-20,Kenya,Stickers for Less,Holographic Goose,20.0
138600,2014-03-21,Canada,Discount Stickers,Holographic Goose,800.0
138645,2014-03-21,Kenya,Discount Stickers,Holographic Goose,20.0
138690,2014-03-22,Canada,Discount Stickers,Holographic Goose,800.0
138735,2014-03-22,Kenya,Discount Stickers,Holographic Goose,20.0
138780,2014-03-23,Canada,Discount Stickers,Holographic Goose,800.0
138825,2014-03-23,Kenya,Discount Stickers,Holographic Goose,20.0
138870,2014-03-24,Canada,Discount Stickers,Holographic Goose,800.0
138875,2014-03-24,Canada,Stickers for Less,Holographic Goose,800.0
138915,2014-03-24,Kenya,Discount Stickers,Holographic Goose,20.0
138920,2014-03-24,Kenya,Stickers for Less,Holographic Goose,20.0
138960,2014-03-25,Canada,Discount Stickers,Holographic Goose,800.0
138965,2014-03-25,Canada,Stickers for Less,Holographic Goose,800.0
139005,2014-03-25,Kenya,Discount Stickers,Holographic Goose,20.0
139050,2014-03-26,Canada,Discount Stickers,Holographic Goose,800.0
139055,2014-03-26,Canada,Stickers for Less,Holographic Goose,800.0
139095,2014-03-26,Kenya,Discount Stickers,Holographic Goose,20.0
139140,2014-03-27,Canada,Discount Stickers,Holographic Goose,800.0
139145,2014-03-27,Canada,Stickers for Less,Holographic Goose,800.0
139185,2014-03-27,Kenya,Discount Stickers,Holographic Goose,20.0
139190,2014-03-27,Kenya,Stickers for Less,Holographic Goose,20.0
139230,2014-03-28,Canada,Discount Stickers,Holographic Goose,800.0
139235,2014-03-28,Canada,Stickers for Less,Holographic Goose,800.0
139275,2014-03-28,Kenya,Discount Stickers,Holographic Goose,20.0
139320,2014-03-29,Canada,Discount Stickers,Holographic Goose,800.0
139365,2014-03-29,Kenya,Discount Stickers,Holographic Goose,20.0
139410,2014-03-30,Canada,Discount Stickers,Holographic Goose,800.0
139455,2014-03-30,Kenya,Discount Stickers,Holographic Goose,20.0
139500,2014-03-31,Canada,Discount Stickers,Holographic Goose,800.0
139505,2014-03-31,Canada,Stickers for Less,Holographic Goose,800.0
139545,2014-03-31,Kenya,Discount Stickers,Holographic Goose,20.0
139550,2014-03-31,Kenya,Stickers for Less,Holographic Goose,20.0
139590,2014-04-01,Canada,Discount Stickers,Holographic Goose,800.0
139595,2014-04-01,Canada,Stickers for Less,Holographic Goose,800.0
139635,2014-04-01,Kenya,Discount Stickers,Holographic Goose,20.0
139640,2014-04-01,Kenya,Stickers for Less,Holographic Goose,20.0
139680,2014-04-02,Canada,Discount Stickers,Holographic Goose,800.0
139685,2014-04-02,Canada,Stickers for Less,Holographic Goose,800.0
139725,2014-04-02,Kenya,Discount Stickers,Holographic Goose,20.0
139770,2014-04-03,Canada,Discount Stickers,Holographic Goose,800.0
139815,2014-04-03,Kenya,Discount Stickers,Holographic Goose,20.0
139860,2014-04-04,Canada,Discount Stickers,Holographic Goose,800.0
139865,2014-04-04,Canada,Stickers for Less,Holographic Goose,800.0
139905,2014-04-04,Kenya,Discount Stickers,Holographic Goose,20.0
139950,2014-04-05,Canada,Discount Stickers,Holographic Goose,800.0
139995,2014-04-05,Kenya,Discount Stickers,Holographic Goose,20.0
140040,2014-04-06,Canada,Discount Stickers,Holographic Goose,800.0
140085,2014-04-06,Kenya,Discount Stickers,Holographic Goose,20.0
140130,2014-04-07,Canada,Discount Stickers,Holographic Goose,800.0
140135,2014-04-07,Canada,Stickers for Less,Holographic Goose,800.0
140175,2014-04-07,Kenya,Discount Stickers,Holographic Goose,20.0
140180,2014-04-07,Kenya,Stickers for Less,Holographic Goose,20.0
140220,2014-04-08,Canada,Discount Stickers,Holographic Goose,800.0
140225,2014-04-08,Canada,Stickers for Less,Holographic Goose,800.0
140265,2014-04-08,Kenya,Discount Stickers,Holographic Goose,20.0
140270,2014-04-08,Kenya,Stickers for Less,Holographic Goose,20.0
140310,2014-04-09,Canada,Discount Stickers,Holographic Goose,800.0
140315,2014-04-09,Canada,Stickers for Less,Holographic Goose,800.0
140355,2014-04-09,Kenya,Discount Stickers,Holographic Goose,20.0
140360,2014-04-09,Kenya,Stickers for Less,Holographic Goose,20.0
140400,2014-04-10,Canada,Discount Stickers,Holographic Goose,800.0
140445,2014-04-10,Kenya,Discount Stickers,Holographic Goose,20.0
140450,2014-04-10,Kenya,Stickers for Less,Holographic Goose,20.0
140490,2014-04-11,Canada,Discount Stickers,Holographic Goose,800.0
140535,2014-04-11,Kenya,Discount Stickers,Holographic Goose,20.0
140580,2014-04-12,Canada,Discount Stickers,Holographic Goose,800.0
140625,2014-04-12,Kenya,Discount Stickers,Holographic Goose,20.0
140670,2014-04-13,Canada,Discount Stickers,Holographic Goose,800.0
140715,2014-04-13,Kenya,Discount Stickers,Holographic Goose,20.0
140760,2014-04-14,Canada,Discount Stickers,Holographic Goose,800.0
140765,2014-04-14,Canada,Stickers for Less,Holographic Goose,800.0
140805,2014-04-14,Kenya,Discount Stickers,Holographic Goose,20.0
140850,2014-04-15,Canada,Discount Stickers,Holographic Goose,800.0
140855,2014-04-15,Canada,Stickers for Less,Holographic Goose,800.0
140895,2014-04-15,Kenya,Discount Stickers,Holographic Goose,20.0
140940,2014-04-16,Canada,Discount Stickers,Holographic Goose,800.0
140985,2014-04-16,Kenya,Discount Stickers,Holographic Goose,20.0
140990,2014-04-16,Kenya,Stickers for Less,Holographic Goose,20.0
141030,2014-04-17,Canada,Discount Stickers,Holographic Goose,800.0
141035,2014-04-17,Canada,Stickers for Less,Holographic Goose,800.0
141075,2014-04-17,Kenya,Discount Stickers,Holographic Goose,20.0
141120,2014-04-18,Canada,Discount Stickers,Holographic Goose,800.0
141125,2014-04-18,Canada,Stickers for Less,Holographic Goose,800.0
141165,2014-04-18,Kenya,Discount Stickers,Holographic Goose,20.0
141170,2014-04-18,Kenya,Stickers for Less,Holographic Goose,20.0
141210,2014-04-19,Canada,Discount Stickers,Holographic Goose,800.0
141255,2014-04-19,Kenya,Discount Stickers,Holographic Goose,20.0
141300,2014-04-20,Canada,Discount Stickers,Holographic Goose,800.0
141345,2014-04-20,Kenya,Discount Stickers,Holographic Goose,20.0
141390,2014-04-21,Canada,Discount Stickers,Holographic Goose,800.0
141395,2014-04-21,Canada,Stickers for Less,Holographic Goose,800.0
141435,2014-04-21,Kenya,Discount Stickers,Holographic Goose,20.0
141480,2014-04-22,Canada,Discount Stickers,Holographic Goose,800.0
141485,2014-04-22,Canada,Stickers for Less,Holographic Goose,800.0
141525,2014-04-22,Kenya,Discount Stickers,Holographic Goose,20.0
141570,2014-04-23,Canada,Discount Stickers,Holographic Goose,800.0
141575,2014-04-23,Canada,Stickers for Less,Holographic Goose,800.0
141615,2014-04-23,Kenya,Discount Stickers,Holographic Goose,20.0
141620,2014-04-23,Kenya,Stickers for Less,Holographic Goose,20.0
141660,2014-04-24,Canada,Discount Stickers,Holographic Goose,800.0
141705,2014-04-24,Kenya,Discount Stickers,Holographic Goose,20.0
141750,2014-04-25,Canada,Discount Stickers,Holographic Goose,800.0
141795,2014-04-25,Kenya,Discount Stickers,Holographic Goose,20.0
141840,2014-04-26,Canada,Discount Stickers,Holographic Goose,800.0
141885,2014-04-26,Kenya,Discount Stickers,Holographic Goose,20.0
141930,2014-04-27,Canada,Discount Stickers,Holographic Goose,800.0
141975,2014-04-27,Kenya,Discount Stickers,Holographic Goose,20.0
142020,2014-04-28,Canada,Discount Stickers,Holographic Goose,800.0
142065,2014-04-28,Kenya,Discount Stickers,Holographic Goose,20.0
142070,2014-04-28,Kenya,Stickers for Less,Holographic Goose,20.0
142110,2014-04-29,Canada,Discount Stickers,Holographic Goose,800.0
142115,2014-04-29,Canada,Stickers for Less,Holographic Goose,800.0
142120,2014-04-29,Canada,Premium Sticker Mart,Holographic Goose,800.0
142155,2014-04-29,Kenya,Discount Stickers,Holographic Goose,20.0
142160,2014-04-29,Kenya,Stickers for Less,Holographic Goose,20.0
142200,2014-04-30,Canada,Discount Stickers,Holographic Goose,800.0
142205,2014-04-30,Canada,Stickers for Less,Holographic Goose,800.0
142245,2014-04-30,Kenya,Discount Stickers,Holographic Goose,20.0
142250,2014-04-30,Kenya,Stickers for Less,Holographic Goose,20.0
142290,2014-05-01,Canada,Discount Stickers,Holographic Goose,800.0
142295,2014-05-01,Canada,Stickers for Less,Holographic Goose,800.0
142335,2014-05-01,Kenya,Discount Stickers,Holographic Goose,20.0
142340,2014-05-01,Kenya,Stickers for Less,Holographic Goose,20.0
142380,2014-05-02,Canada,Discount Stickers,Holographic Goose,800.0
142385,2014-05-02,Canada,Stickers for Less,Holographic Goose,800.0
142425,2014-05-02,Kenya,Discount Stickers,Holographic Goose,20.0
142470,2014-05-03,Canada,Discount Stickers,Holographic Goose,800.0
142515,2014-05-03,Kenya,Discount Stickers,Holographic Goose,20.0
142560,2014-05-04,Canada,Discount Stickers,Holographic Goose,800.0
142605,2014-05-04,Kenya,Discount Stickers,Holographic Goose,20.0
142650,2014-05-05,Canada,Discount Stickers,Holographic Goose,800.0
142655,2014-05-05,Canada,Stickers for Less,Holographic Goose,800.0
142695,2014-05-05,Kenya,Discount Stickers,Holographic Goose,20.0
142740,2014-05-06,Canada,Discount Stickers,Holographic Goose,800.0
142785,2014-05-06,Kenya,Discount Stickers,Holographic Goose,20.0
142790,2014-05-06,Kenya,Stickers for Less,Holographic Goose,20.0
142830,2014-05-07,Canada,Discount Stickers,Holographic Goose,800.0
142835,2014-05-07,Canada,Stickers for Less,Holographic Goose,800.0
142875,2014-05-07,Kenya,Discount Stickers,Holographic Goose,20.0
142880,2014-05-07,Kenya,Stickers for Less,Holographic Goose,20.0
142920,2014-05-08,Canada,Discount Stickers,Holographic Goose,800.0
142925,2014-05-08,Canada,Stickers for Less,Holographic Goose,800.0
142965,2014-05-08,Kenya,Discount Stickers,Holographic Goose,20.0
143010,2014-05-09,Canada,Discount Stickers,Holographic Goose,800.0
143015,2014-05-09,Canada,Stickers for Less,Holographic Goose,800.0
143055,2014-05-09,Kenya,Discount Stickers,Holographic Goose,20.0
143060,2014-05-09,Kenya,Stickers for Less,Holographic Goose,20.0
143100,2014-05-10,Canada,Discount Stickers,Holographic Goose,800.0
143105,2014-05-10,Canada,Stickers for Less,Holographic Goose,800.0
143145,2014-05-10,Kenya,Discount Stickers,Holographic Goose,20.0
143190,2014-05-11,Canada,Discount Stickers,Holographic Goose,800.0
143235,2014-05-11,Kenya,Discount Stickers,Holographic Goose,20.0
143280,2014-05-12,Canada,Discount Stickers,Holographic Goose,800.0
143285,2014-05-12,Canada,Stickers for Less,Holographic Goose,800.0
143325,2014-05-12,Kenya,Discount Stickers,Holographic Goose,20.0
143330,2014-05-12,Kenya,Stickers for Less,Holographic Goose,20.0
143370,2014-05-13,Canada,Discount Stickers,Holographic Goose,800.0
143375,2014-05-13,Canada,Stickers for Less,Holographic Goose,800.0
143415,2014-05-13,Kenya,Discount Stickers,Holographic Goose,20.0
143420,2014-05-13,Kenya,Stickers for Less,Holographic Goose,20.0
143460,2014-05-14,Canada,Discount Stickers,Holographic Goose,800.0
143465,2014-05-14,Canada,Stickers for Less,Holographic Goose,800.0
143505,2014-05-14,Kenya,Discount Stickers,Holographic Goose,20.0
143550,2014-05-15,Canada,Discount Stickers,Holographic Goose,800.0
143555,2014-05-15,Canada,Stickers for Less,Holographic Goose,800.0
143595,2014-05-15,Kenya,Discount Stickers,Holographic Goose,20.0
143600,2014-05-15,Kenya,Stickers for Less,Holographic Goose,20.0
143640,2014-05-16,Canada,Discount Stickers,Holographic Goose,800.0
143645,2014-05-16,Canada,Stickers for Less,Holographic Goose,800.0
143685,2014-05-16,Kenya,Discount Stickers,Holographic Goose,20.0
143730,2014-05-17,Canada,Discount Stickers,Holographic Goose,800.0
143735,2014-05-17,Canada,Stickers for Less,Holographic Goose,800.0
143775,2014-05-17,Kenya,Discount Stickers,Holographic Goose,20.0
143820,2014-05-18,Canada,Discount Stickers,Holographic Goose,800.0
143865,2014-05-18,Kenya,Discount Stickers,Holographic Goose,20.0
143910,2014-05-19,Canada,Discount Stickers,Holographic Goose,800.0
143915,2014-05-19,Canada,Stickers for Less,Holographic Goose,800.0
143955,2014-05-19,Kenya,Discount Stickers,Holographic Goose,20.0
143960,2014-05-19,Kenya,Stickers for Less,Holographic Goose,20.0
144000,2014-05-20,Canada,Discount Stickers,Holographic Goose,800.0
144005,2014-05-20,Canada,Stickers for Less,Holographic Goose,800.0
144045,2014-05-20,Kenya,Discount Stickers,Holographic Goose,20.0
144050,2014-05-20,Kenya,Stickers for Less,Holographic Goose,20.0
144090,2014-05-21,Canada,Discount Stickers,Holographic Goose,800.0
144095,2014-05-21,Canada,Stickers for Less,Holographic Goose,800.0
144135,2014-05-21,Kenya,Discount Stickers,Holographic Goose,20.0
144140,2014-05-21,Kenya,Stickers for Less,Holographic Goose,20.0
144180,2014-05-22,Canada,Discount Stickers,Holographic Goose,800.0
144185,2014-05-22,Canada,Stickers for Less,Holographic Goose,800.0
144225,2014-05-22,Kenya,Discount Stickers,Holographic Goose,20.0
144230,2014-05-22,Kenya,Stickers for Less,Holographic Goose,20.0
144270,2014-05-23,Canada,Discount Stickers,Holographic Goose,800.0
144275,2014-05-23,Canada,Stickers for Less,Holographic Goose,800.0
144315,2014-05-23,Kenya,Discount Stickers,Holographic Goose,20.0
144360,2014-05-24,Canada,Discount Stickers,Holographic Goose,800.0
144405,2014-05-24,Kenya,Discount Stickers,Holographic Goose,20.0
144450,2014-05-25,Canada,Discount Stickers,Holographic Goose,800.0
144495,2014-05-25,Kenya,Discount Stickers,Holographic Goose,20.0
144540,2014-05-26,Canada,Discount Stickers,Holographic Goose,800.0
144545,2014-05-26,Canada,Stickers for Less,Holographic Goose,800.0
144550,2014-05-26,Canada,Premium Sticker Mart,Holographic Goose,800.0
144585,2014-05-26,Kenya,Discount Stickers,Holographic Goose,20.0
144590,2014-05-26,Kenya,Stickers for Less,Holographic Goose,20.0
144630,2014-05-27,Canada,Discount Stickers,Holographic Goose,800.0
144635,2014-05-27,Canada,Stickers for Less,Holographic Goose,800.0
144675,2014-05-27,Kenya,Discount Stickers,Holographic Goose,20.0
144680,2014-05-27,Kenya,Stickers for Less,Holographic Goose,20.0
144720,2014-05-28,Canada,Discount Stickers,Holographic Goose,800.0
144725,2014-05-28,Canada,Stickers for Less,Holographic Goose,800.0
144765,2014-05-28,Kenya,Discount Stickers,Holographic Goose,20.0
144770,2014-05-28,Kenya,Stickers for Less,Holographic Goose,20.0
144810,2014-05-29,Canada,Discount Stickers,Holographic Goose,800.0
144815,2014-05-29,Canada,Stickers for Less,Holographic Goose,800.0
144855,2014-05-29,Kenya,Discount Stickers,Holographic Goose,20.0
144860,2014-05-29,Kenya,Stickers for Less,Holographic Goose,20.0
144900,2014-05-30,Canada,Discount Stickers,Holographic Goose,800.0
144905,2014-05-30,Canada,Stickers for Less,Holographic Goose,800.0
144945,2014-05-30,Kenya,Discount Stickers,Holographic Goose,20.0
144950,2014-05-30,Kenya,Stickers for Less,Holographic Goose,20.0
144990,2014-05-31,Canada,Discount Stickers,Holographic Goose,800.0
144995,2014-05-31,Canada,Stickers for Less,Holographic Goose,800.0
145035,2014-05-31,Kenya,Discount Stickers,Holographic Goose,20.0
145080,2014-06-01,Canada,Discount Stickers,Holographic Goose,800.0
145125,2014-06-01,Kenya,Discount Stickers,Holographic Goose,20.0
145170,2014-06-02,Canada,Discount Stickers,Holographic Goose,800.0
145175,2014-06-02,Canada,Stickers for Less,Holographic Goose,800.0
145215,2014-06-02,Kenya,Discount Stickers,Holographic Goose,20.0
145220,2014-06-02,Kenya,Stickers for Less,Holographic Goose,20.0
145260,2014-06-03,Canada,Discount Stickers,Holographic Goose,800.0
145265,2014-06-03,Canada,Stickers for Less,Holographic Goose,800.0
145270,2014-06-03,Canada,Premium Sticker Mart,Holographic Goose,800.0
145305,2014-06-03,Kenya,Discount Stickers,Holographic Goose,20.0
145350,2014-06-04,Canada,Discount Stickers,Holographic Goose,800.0
145355,2014-06-04,Canada,Stickers for Less,Holographic Goose,800.0
145395,2014-06-04,Kenya,Discount Stickers,Holographic Goose,20.0
145400,2014-06-04,Kenya,Stickers for Less,Holographic Goose,20.0
145440,2014-06-05,Canada,Discount Stickers,Holographic Goose,800.0
145445,2014-06-05,Canada,Stickers for Less,Holographic Goose,800.0
145485,2014-06-05,Kenya,Discount Stickers,Holographic Goose,20.0
145530,2014-06-06,Canada,Discount Stickers,Holographic Goose,800.0
145535,2014-06-06,Canada,Stickers for Less,Holographic Goose,800.0
145575,2014-06-06,Kenya,Discount Stickers,Holographic Goose,20.0
145580,2014-06-06,Kenya,Stickers for Less,Holographic Goose,20.0
145620,2014-06-07,Canada,Discount Stickers,Holographic Goose,800.0
145625,2014-06-07,Canada,Stickers for Less,Holographic Goose,800.0
145665,2014-06-07,Kenya,Discount Stickers,Holographic Goose,20.0
145710,2014-06-08,Canada,Discount Stickers,Holographic Goose,800.0
145755,2014-06-08,Kenya,Discount Stickers,Holographic Goose,20.0
145800,2014-06-09,Canada,Discount Stickers,Holographic Goose,800.0
145805,2014-06-09,Canada,Stickers for Less,Holographic Goose,800.0
145845,2014-06-09,Kenya,Discount Stickers,Holographic Goose,20.0
145850,2014-06-09,Kenya,Stickers for Less,Holographic Goose,20.0
145890,2014-06-10,Canada,Discount Stickers,Holographic Goose,800.0
145895,2014-06-10,Canada,Stickers for Less,Holographic Goose,800.0
145935,2014-06-10,Kenya,Discount Stickers,Holographic Goose,20.0
145940,2014-06-10,Kenya,Stickers for Less,Holographic Goose,20.0
145980,2014-06-11,Canada,Discount Stickers,Holographic Goose,800.0
145985,2014-06-11,Canada,Stickers for Less,Holographic Goose,800.0
145990,2014-06-11,Canada,Premium Sticker Mart,Holographic Goose,800.0
146025,2014-06-11,Kenya,Discount Stickers,Holographic Goose,20.0
146030,2014-06-11,Kenya,Stickers for Less,Holographic Goose,20.0
146070,2014-06-12,Canada,Discount Stickers,Holographic Goose,800.0
146075,2014-06-12,Canada,Stickers for Less,Holographic Goose,800.0
146115,2014-06-12,Kenya,Discount Stickers,Holographic Goose,20.0
146120,2014-06-12,Kenya,Stickers for Less,Holographic Goose,20.0
146160,2014-06-13,Canada,Discount Stickers,Holographic Goose,800.0
146165,2014-06-13,Canada,Stickers for Less,Holographic Goose,800.0
146205,2014-06-13,Kenya,Discount Stickers,Holographic Goose,20.0
146250,2014-06-14,Canada,Discount Stickers,Holographic Goose,800.0
146255,2014-06-14,Canada,Stickers for Less,Holographic Goose,800.0
146295,2014-06-14,Kenya,Discount Stickers,Holographic Goose,20.0
146340,2014-06-15,Canada,Discount Stickers,Holographic Goose,800.0
146385,2014-06-15,Kenya,Discount Stickers,Holographic Goose,20.0
146430,2014-06-16,Canada,Discount Stickers,Holographic Goose,800.0
146435,2014-06-16,Canada,Stickers for Less,Holographic Goose,800.0
146475,2014-06-16,Kenya,Discount Stickers,Holographic Goose,20.0
146480,2014-06-16,Kenya,Stickers for Less,Holographic Goose,20.0
146485,2014-06-16,Kenya,Premium Sticker Mart,Holographic Goose,20.0
146520,2014-06-17,Canada,Discount Stickers,Holographic Goose,800.0
146525,2014-06-17,Canada,Stickers for Less,Holographic Goose,800.0
146565,2014-06-17,Kenya,Discount Stickers,Holographic Goose,20.0
146570,2014-06-17,Kenya,Stickers for Less,Holographic Goose,20.0
146610,2014-06-18,Canada,Discount Stickers,Holographic Goose,800.0
146615,2014-06-18,Canada,Stickers for Less,Holographic Goose,800.0
146620,2014-06-18,Canada,Premium Sticker Mart,Holographic Goose,800.0
146655,2014-06-18,Kenya,Discount Stickers,Holographic Goose,20.0
146660,2014-06-18,Kenya,Stickers for Less,Holographic Goose,20.0
146700,2014-06-19,Canada,Discount Stickers,Holographic Goose,800.0
146705,2014-06-19,Canada,Stickers for Less,Holographic Goose,800.0
146745,2014-06-19,Kenya,Discount Stickers,Holographic Goose,20.0
146750,2014-06-19,Kenya,Stickers for Less,Holographic Goose,20.0
146790,2014-06-20,Canada,Discount Stickers,Holographic Goose,800.0
146795,2014-06-20,Canada,Stickers for Less,Holographic Goose,800.0
146835,2014-06-20,Kenya,Discount Stickers,Holographic Goose,20.0
146840,2014-06-20,Kenya,Stickers for Less,Holographic Goose,20.0
146880,2014-06-21,Canada,Discount Stickers,Holographic Goose,800.0
146885,2014-06-21,Canada,Stickers for Less,Holographic Goose,800.0
146925,2014-06-21,Kenya,Discount Stickers,Holographic Goose,20.0
146970,2014-06-22,Canada,Discount Stickers,Holographic Goose,800.0
147015,2014-06-22,Kenya,Discount Stickers,Holographic Goose,20.0
147060,2014-06-23,Canada,Discount Stickers,Holographic Goose,800.0
147065,2014-06-23,Canada,Stickers for Less,Holographic Goose,800.0
147105,2014-06-23,Kenya,Discount Stickers,Holographic Goose,20.0
147110,2014-06-23,Kenya,Stickers for Less,Holographic Goose,20.0
147115,2014-06-23,Kenya,Premium Sticker Mart,Holographic Goose,20.0
147150,2014-06-24,Canada,Discount Stickers,Holographic Goose,800.0
147155,2014-06-24,Canada,Stickers for Less,Holographic Goose,800.0
147160,2014-06-24,Canada,Premium Sticker Mart,Holographic Goose,800.0
147195,2014-06-24,Kenya,Discount Stickers,Holographic Goose,20.0
147200,2014-06-24,Kenya,Stickers for Less,Holographic Goose,20.0
147205,2014-06-24,Kenya,Premium Sticker Mart,Holographic Goose,20.0
147240,2014-06-25,Canada,Discount Stickers,Holographic Goose,800.0
147245,2014-06-25,Canada,Stickers for Less,Holographic Goose,800.0
147250,2014-06-25,Canada,Premium Sticker Mart,Holographic Goose,800.0
147285,2014-06-25,Kenya,Discount Stickers,Holographic Goose,20.0
147290,2014-06-25,Kenya,Stickers for Less,Holographic Goose,20.0
147330,2014-06-26,Canada,Discount Stickers,Holographic Goose,800.0
147335,2014-06-26,Canada,Stickers for Less,Holographic Goose,800.0
147340,2014-06-26,Canada,Premium Sticker Mart,Holographic Goose,800.0
147375,2014-06-26,Kenya,Discount Stickers,Holographic Goose,20.0
147380,2014-06-26,Kenya,Stickers for Less,Holographic Goose,20.0
147420,2014-06-27,Canada,Discount Stickers,Holographic Goose,800.0
147425,2014-06-27,Canada,Stickers for Less,Holographic Goose,800.0
147465,2014-06-27,Kenya,Discount Stickers,Holographic Goose,20.0
147470,2014-06-27,Kenya,Stickers for Less,Holographic Goose,20.0
147510,2014-06-28,Canada,Discount Stickers,Holographic Goose,800.0
147515,2014-06-28,Canada,Stickers for Less,Holographic Goose,800.0
147555,2014-06-28,Kenya,Discount Stickers,Holographic Goose,20.0
147560,2014-06-28,Kenya,Stickers for Less,Holographic Goose,20.0
147600,2014-06-29,Canada,Discount Stickers,Holographic Goose,800.0
147645,2014-06-29,Kenya,Discount Stickers,Holographic Goose,20.0
147690,2014-06-30,Canada,Discount Stickers,Holographic Goose,800.0
147695,2014-06-30,Canada,Stickers for Less,Holographic Goose,800.0
147735,2014-06-30,Kenya,Discount Stickers,Holographic Goose,20.0
147740,2014-06-30,Kenya,Stickers for Less,Holographic Goose,20.0
147745,2014-06-30,Kenya,Premium Sticker Mart,Holographic Goose,20.0
147780,2014-07-01,Canada,Discount Stickers,Holographic Goose,800.0
147785,2014-07-01,Canada,Stickers for Less,Holographic Goose,800.0
147790,2014-07-01,Canada,Premium Sticker Mart,Holographic Goose,800.0
147825,2014-07-01,Kenya,Discount Stickers,Holographic Goose,20.0
147830,2014-07-01,Kenya,Stickers for Less,Holographic Goose,20.0
147870,2014-07-02,Canada,Discount Stickers,Holographic Goose,800.0
147875,2014-07-02,Canada,Stickers for Less,Holographic Goose,800.0
147880,2014-07-02,Canada,Premium Sticker Mart,Holographic Goose,800.0
147915,2014-07-02,Kenya,Discount Stickers,Holographic Goose,20.0
147920,2014-07-02,Kenya,Stickers for Less,Holographic Goose,20.0
147960,2014-07-03,Canada,Discount Stickers,Holographic Goose,800.0
147965,2014-07-03,Canada,Stickers for Less,Holographic Goose,800.0
148005,2014-07-03,Kenya,Discount Stickers,Holographic Goose,20.0
148010,2014-07-03,Kenya,Stickers for Less,Holographic Goose,20.0
148015,2014-07-03,Kenya,Premium Sticker Mart,Holographic Goose,20.0
148050,2014-07-04,Canada,Discount Stickers,Holographic Goose,800.0
148055,2014-07-04,Canada,Stickers for Less,Holographic Goose,800.0
148095,2014-07-04,Kenya,Discount Stickers,Holographic Goose,20.0
148100,2014-07-04,Kenya,Stickers for Less,Holographic Goose,20.0
148140,2014-07-05,Canada,Discount Stickers,Holographic Goose,800.0
148185,2014-07-05,Kenya,Discount Stickers,Holographic Goose,20.0
148230,2014-07-06,Canada,Discount Stickers,Holographic Goose,800.0
148275,2014-07-06,Kenya,Discount Stickers,Holographic Goose,20.0
148320,2014-07-07,Canada,Discount Stickers,Holographic Goose,800.0
148325,2014-07-07,Canada,Stickers for Less,Holographic Goose,800.0
148365,2014-07-07,Kenya,Discount Stickers,Holographic Goose,20.0
148370,2014-07-07,Kenya,Stickers for Less,Holographic Goose,20.0
148375,2014-07-07,Kenya,Premium Sticker Mart,Holographic Goose,20.0
148410,2014-07-08,Canada,Discount Stickers,Holographic Goose,800.0
148415,2014-07-08,Canada,Stickers for Less,Holographic Goose,800.0
148455,2014-07-08,Kenya,Discount Stickers,Holographic Goose,20.0
148460,2014-07-08,Kenya,Stickers for Less,Holographic Goose,20.0
148500,2014-07-09,Canada,Discount Stickers,Holographic Goose,800.0
148505,2014-07-09,Canada,Stickers for Less,Holographic Goose,800.0
148545,2014-07-09,Kenya,Discount Stickers,Holographic Goose,20.0
148550,2014-07-09,Kenya,Stickers for Less,Holographic Goose,20.0
148590,2014-07-10,Canada,Discount Stickers,Holographic Goose,800.0
148595,2014-07-10,Canada,Stickers for Less,Holographic Goose,800.0
148600,2014-07-10,Canada,Premium Sticker Mart,Holographic Goose,800.0
148635,2014-07-10,Kenya,Discount Stickers,Holographic Goose,20.0
148640,2014-07-10,Kenya,Stickers for Less,Holographic Goose,20.0
148680,2014-07-11,Canada,Discount Stickers,Holographic Goose,800.0
148685,2014-07-11,Canada,Stickers for Less,Holographic Goose,800.0
148725,2014-07-11,Kenya,Discount Stickers,Holographic Goose,20.0
148730,2014-07-11,Kenya,Stickers for Less,Holographic Goose,20.0
148770,2014-07-12,Canada,Discount Stickers,Holographic Goose,800.0
148815,2014-07-12,Kenya,Discount Stickers,Holographic Goose,20.0
148820,2014-07-12,Kenya,Stickers for Less,Holographic Goose,20.0
148860,2014-07-13,Canada,Discount Stickers,Holographic Goose,800.0
148865,2014-07-13,Canada,Stickers for Less,Holographic Goose,800.0
148905,2014-07-13,Kenya,Discount Stickers,Holographic Goose,20.0
148950,2014-07-14,Canada,Discount Stickers,Holographic Goose,800.0
148955,2014-07-14,Canada,Stickers for Less,Holographic Goose,800.0
148960,2014-07-14,Canada,Premium Sticker Mart,Holographic Goose,800.0
148995,2014-07-14,Kenya,Discount Stickers,Holographic Goose,20.0
149000,2014-07-14,Kenya,Stickers for Less,Holographic Goose,20.0
149005,2014-07-14,Kenya,Premium Sticker Mart,Holographic Goose,20.0
149040,2014-07-15,Canada,Discount Stickers,Holographic Goose,800.0
149045,2014-07-15,Canada,Stickers for Less,Holographic Goose,800.0
149085,2014-07-15,Kenya,Discount Stickers,Holographic Goose,20.0
149090,2014-07-15,Kenya,Stickers for Less,Holographic Goose,20.0
149130,2014-07-16,Canada,Discount Stickers,Holographic Goose,800.0
149135,2014-07-16,Canada,Stickers for Less,Holographic Goose,800.0
149175,2014-07-16,Kenya,Discount Stickers,Holographic Goose,20.0
149180,2014-07-16,Kenya,Stickers for Less,Holographic Goose,20.0
149220,2014-07-17,Canada,Discount Stickers,Holographic Goose,800.0
149225,2014-07-17,Canada,Stickers for Less,Holographic Goose,800.0
149230,2014-07-17,Canada,Premium Sticker Mart,Holographic Goose,800.0
149265,2014-07-17,Kenya,Discount Stickers,Holographic Goose,20.0
149270,2014-07-17,Kenya,Stickers for Less,Holographic Goose,20.0
149310,2014-07-18,Canada,Discount Stickers,Holographic Goose,800.0
149315,2014-07-18,Canada,Stickers for Less,Holographic Goose,800.0
149355,2014-07-18,Kenya,Discount Stickers,Holographic Goose,20.0
149360,2014-07-18,Kenya,Stickers for Less,Holographic Goose,20.0
149400,2014-07-19,Canada,Discount Stickers,Holographic Goose,800.0
149405,2014-07-19,Canada,Stickers for Less,Holographic Goose,800.0
149445,2014-07-19,Kenya,Discount Stickers,Holographic Goose,20.0
149450,2014-07-19,Kenya,Stickers for Less,Holographic Goose,20.0
149490,2014-07-20,Canada,Discount Stickers,Holographic Goose,800.0
149535,2014-07-20,Kenya,Discount Stickers,Holographic Goose,20.0
149580,2014-07-21,Canada,Discount Stickers,Holographic Goose,800.0
149585,2014-07-21,Canada,Stickers for Less,Holographic Goose,800.0
149625,2014-07-21,Kenya,Discount Stickers,Holographic Goose,20.0
149630,2014-07-21,Kenya,Stickers for Less,Holographic Goose,20.0
149670,2014-07-22,Canada,Discount Stickers,Holographic Goose,800.0
149675,2014-07-22,Canada,Stickers for Less,Holographic Goose,800.0
149715,2014-07-22,Kenya,Discount Stickers,Holographic Goose,20.0
149720,2014-07-22,Kenya,Stickers for Less,Holographic Goose,20.0
149725,2014-07-22,Kenya,Premium Sticker Mart,Holographic Goose,20.0
149760,2014-07-23,Canada,Discount Stickers,Holographic Goose,800.0
149765,2014-07-23,Canada,Stickers for Less,Holographic Goose,800.0
149770,2014-07-23,Canada,Premium Sticker Mart,Holographic Goose,800.0
149805,2014-07-23,Kenya,Discount Stickers,Holographic Goose,20.0
149810,2014-07-23,Kenya,Stickers for Less,Holographic Goose,20.0
149815,2014-07-23,Kenya,Premium Sticker Mart,Holographic Goose,20.0
149850,2014-07-24,Canada,Discount Stickers,Holographic Goose,800.0
149855,2014-07-24,Canada,Stickers for Less,Holographic Goose,800.0
149895,2014-07-24,Kenya,Discount Stickers,Holographic Goose,20.0
149900,2014-07-24,Kenya,Stickers for Less,Holographic Goose,20.0
149940,2014-07-25,Canada,Discount Stickers,Holographic Goose,800.0
149945,2014-07-25,Canada,Stickers for Less,Holographic Goose,800.0
149985,2014-07-25,Kenya,Discount Stickers,Holographic Goose,20.0
149990,2014-07-25,Kenya,Stickers for Less,Holographic Goose,20.0
150030,2014-07-26,Canada,Discount Stickers,Holographic Goose,800.0
150035,2014-07-26,Canada,Stickers for Less,Holographic Goose,800.0
150075,2014-07-26,Kenya,Discount Stickers,Holographic Goose,20.0
150080,2014-07-26,Kenya,Stickers for Less,Holographic Goose,20.0
150120,2014-07-27,Canada,Discount Stickers,Holographic Goose,800.0
150165,2014-07-27,Kenya,Discount Stickers,Holographic Goose,20.0
150210,2014-07-28,Canada,Discount Stickers,Holographic Goose,800.0
150215,2014-07-28,Canada,Stickers for Less,Holographic Goose,800.0
150220,2014-07-28,Canada,Premium Sticker Mart,Holographic Goose,800.0
150255,2014-07-28,Kenya,Discount Stickers,Holographic Goose,20.0
150260,2014-07-28,Kenya,Stickers for Less,Holographic Goose,20.0
150300,2014-07-29,Canada,Discount Stickers,Holographic Goose,800.0
150305,2014-07-29,Canada,Stickers for Less,Holographic Goose,800.0
150345,2014-07-29,Kenya,Discount Stickers,Holographic Goose,20.0
150350,2014-07-29,Kenya,Stickers for Less,Holographic Goose,20.0
150390,2014-07-30,Canada,Discount Stickers,Holographic Goose,800.0
150395,2014-07-30,Canada,Stickers for Less,Holographic Goose,800.0
150435,2014-07-30,Kenya,Discount Stickers,Holographic Goose,20.0
150440,2014-07-30,Kenya,Stickers for Less,Holographic Goose,20.0
150480,2014-07-31,Canada,Discount Stickers,Holographic Goose,800.0
150485,2014-07-31,Canada,Stickers for Less,Holographic Goose,800.0
150525,2014-07-31,Kenya,Discount Stickers,Holographic Goose,20.0
150530,2014-07-31,Kenya,Stickers for Less,Holographic Goose,20.0
150570,2014-08-01,Canada,Discount Stickers,Holographic Goose,800.0
150575,2014-08-01,Canada,Stickers for Less,Holographic Goose,800.0
150615,2014-08-01,Kenya,Discount Stickers,Holographic Goose,20.0
150660,2014-08-02,Canada,Discount Stickers,Holographic Goose,800.0
150665,2014-08-02,Canada,Stickers for Less,Holographic Goose,800.0
150705,2014-08-02,Kenya,Discount Stickers,Holographic Goose,20.0
150750,2014-08-03,Canada,Discount Stickers,Holographic Goose,800.0
150795,2014-08-03,Kenya,Discount Stickers,Holographic Goose,20.0
150840,2014-08-04,Canada,Discount Stickers,Holographic Goose,800.0
150845,2014-08-04,Canada,Stickers for Less,Holographic Goose,800.0
150850,2014-08-04,Canada,Premium Sticker Mart,Holographic Goose,800.0
150885,2014-08-04,Kenya,Discount Stickers,Holographic Goose,20.0
150890,2014-08-04,Kenya,Stickers for Less,Holographic Goose,20.0
150930,2014-08-05,Canada,Discount Stickers,Holographic Goose,800.0
150935,2014-08-05,Canada,Stickers for Less,Holographic Goose,800.0
150940,2014-08-05,Canada,Premium Sticker Mart,Holographic Goose,800.0
150975,2014-08-05,Kenya,Discount Stickers,Holographic Goose,20.0
150980,2014-08-05,Kenya,Stickers for Less,Holographic Goose,20.0
151020,2014-08-06,Canada,Discount Stickers,Holographic Goose,800.0
151025,2014-08-06,Canada,Stickers for Less,Holographic Goose,800.0
151030,2014-08-06,Canada,Premium Sticker Mart,Holographic Goose,800.0
151065,2014-08-06,Kenya,Discount Stickers,Holographic Goose,20.0
151070,2014-08-06,Kenya,Stickers for Less,Holographic Goose,20.0
151110,2014-08-07,Canada,Discount Stickers,Holographic Goose,800.0
151115,2014-08-07,Canada,Stickers for Less,Holographic Goose,800.0
151120,2014-08-07,Canada,Premium Sticker Mart,Holographic Goose,800.0
151155,2014-08-07,Kenya,Discount Stickers,Holographic Goose,20.0
151160,2014-08-07,Kenya,Stickers for Less,Holographic Goose,20.0
151200,2014-08-08,Canada,Discount Stickers,Holographic Goose,800.0
151205,2014-08-08,Canada,Stickers for Less,Holographic Goose,800.0
151245,2014-08-08,Kenya,Discount Stickers,Holographic Goose,20.0
151290,2014-08-09,Canada,Discount Stickers,Holographic Goose,800.0
151295,2014-08-09,Canada,Stickers for Less,Holographic Goose,800.0
151335,2014-08-09,Kenya,Discount Stickers,Holographic Goose,20.0
151380,2014-08-10,Canada,Discount Stickers,Holographic Goose,800.0
151425,2014-08-10,Kenya,Discount Stickers,Holographic Goose,20.0
151470,2014-08-11,Canada,Discount Stickers,Holographic Goose,800.0
151475,2014-08-11,Canada,Stickers for Less,Holographic Goose,800.0
151480,2014-08-11,Canada,Premium Sticker Mart,Holographic Goose,800.0
151515,2014-08-11,Kenya,Discount Stickers,Holographic Goose,20.0
151520,2014-08-11,Kenya,Stickers for Less,Holographic Goose,20.0
151560,2014-08-12,Canada,Discount Stickers,Holographic Goose,800.0
151565,2014-08-12,Canada,Stickers for Less,Holographic Goose,800.0
151570,2014-08-12,Canada,Premium Sticker Mart,Holographic Goose,800.0
151605,2014-08-12,Kenya,Discount Stickers,Holographic Goose,20.0
151610,2014-08-12,Kenya,Stickers for Less,Holographic Goose,20.0
151650,2014-08-13,Canada,Discount Stickers,Holographic Goose,800.0
151655,2014-08-13,Canada,Stickers for Less,Holographic Goose,800.0
151660,2014-08-13,Canada,Premium Sticker Mart,Holographic Goose,800.0
151695,2014-08-13,Kenya,Discount Stickers,Holographic Goose,20.0
151700,2014-08-13,Kenya,Stickers for Less,Holographic Goose,20.0
151740,2014-08-14,Canada,Discount Stickers,Holographic Goose,800.0
151745,2014-08-14,Canada,Stickers for Less,Holographic Goose,800.0
151750,2014-08-14,Canada,Premium Sticker Mart,Holographic Goose,800.0
151785,2014-08-14,Kenya,Discount Stickers,Holographic Goose,20.0
151790,2014-08-14,Kenya,Stickers for Less,Holographic Goose,20.0
151830,2014-08-15,Canada,Discount Stickers,Holographic Goose,800.0
151835,2014-08-15,Canada,Stickers for Less,Holographic Goose,800.0
151875,2014-08-15,Kenya,Discount Stickers,Holographic Goose,20.0
151920,2014-08-16,Canada,Discount Stickers,Holographic Goose,800.0
151925,2014-08-16,Canada,Stickers for Less,Holographic Goose,800.0
151965,2014-08-16,Kenya,Discount Stickers,Holographic Goose,20.0
151970,2014-08-16,Kenya,Stickers for Less,Holographic Goose,20.0
152010,2014-08-17,Canada,Discount Stickers,Holographic Goose,800.0
152055,2014-08-17,Kenya,Discount Stickers,Holographic Goose,20.0
152100,2014-08-18,Canada,Discount Stickers,Holographic Goose,800.0
152105,2014-08-18,Canada,Stickers for Less,Holographic Goose,800.0
152145,2014-08-18,Kenya,Discount Stickers,Holographic Goose,20.0
152150,2014-08-18,Kenya,Stickers for Less,Holographic Goose,20.0
152190,2014-08-19,Canada,Discount Stickers,Holographic Goose,800.0
152195,2014-08-19,Canada,Stickers for Less,Holographic Goose,800.0
152235,2014-08-19,Kenya,Discount Stickers,Holographic Goose,20.0
152240,2014-08-19,Kenya,Stickers for Less,Holographic Goose,20.0
152280,2014-08-20,Canada,Discount Stickers,Holographic Goose,800.0
152285,2014-08-20,Canada,Stickers for Less,Holographic Goose,800.0
152325,2014-08-20,Kenya,Discount Stickers,Holographic Goose,20.0
152330,2014-08-20,Kenya,Stickers for Less,Holographic Goose,20.0
152370,2014-08-21,Canada,Discount Stickers,Holographic Goose,800.0
152375,2014-08-21,Canada,Stickers for Less,Holographic Goose,800.0
152415,2014-08-21,Kenya,Discount Stickers,Holographic Goose,20.0
152420,2014-08-21,Kenya,Stickers for Less,Holographic Goose,20.0
152460,2014-08-22,Canada,Discount Stickers,Holographic Goose,800.0
152465,2014-08-22,Canada,Stickers for Less,Holographic Goose,800.0
152505,2014-08-22,Kenya,Discount Stickers,Holographic Goose,20.0
152510,2014-08-22,Kenya,Stickers for Less,Holographic Goose,20.0
152550,2014-08-23,Canada,Discount Stickers,Holographic Goose,800.0
152555,2014-08-23,Canada,Stickers for Less,Holographic Goose,800.0
152595,2014-08-23,Kenya,Discount Stickers,Holographic Goose,20.0
152640,2014-08-24,Canada,Discount Stickers,Holographic Goose,800.0
152685,2014-08-24,Kenya,Discount Stickers,Holographic Goose,20.0
152730,2014-08-25,Canada,Discount Stickers,Holographic Goose,800.0
152735,2014-08-25,Canada,Stickers for Less,Holographic Goose,800.0
152775,2014-08-25,Kenya,Discount Stickers,Holographic Goose,20.0
152780,2014-08-25,Kenya,Stickers for Less,Holographic Goose,20.0
152820,2014-08-26,Canada,Discount Stickers,Holographic Goose,800.0
152825,2014-08-26,Canada,Stickers for Less,Holographic Goose,800.0
152865,2014-08-26,Kenya,Discount Stickers,Holographic Goose,20.0
152870,2014-08-26,Kenya,Stickers for Less,Holographic Goose,20.0
152910,2014-08-27,Canada,Discount Stickers,Holographic Goose,800.0
152915,2014-08-27,Canada,Stickers for Less,Holographic Goose,800.0
152955,2014-08-27,Kenya,Discount Stickers,Holographic Goose,20.0
152960,2014-08-27,Kenya,Stickers for Less,Holographic Goose,20.0
152965,2014-08-27,Kenya,Premium Sticker Mart,Holographic Goose,20.0
153000,2014-08-28,Canada,Discount Stickers,Holographic Goose,800.0
153045,2014-08-28,Kenya,Discount Stickers,Holographic Goose,20.0
153050,2014-08-28,Kenya,Stickers for Less,Holographic Goose,20.0
153090,2014-08-29,Canada,Discount Stickers,Holographic Goose,800.0
153095,2014-08-29,Canada,Stickers for Less,Holographic Goose,800.0
153135,2014-08-29,Kenya,Discount Stickers,Holographic Goose,20.0
153140,2014-08-29,Kenya,Stickers for Less,Holographic Goose,20.0
153180,2014-08-30,Canada,Discount Stickers,Holographic Goose,800.0
153225,2014-08-30,Kenya,Discount Stickers,Holographic Goose,20.0
153270,2014-08-31,Canada,Discount Stickers,Holographic Goose,800.0
153315,2014-08-31,Kenya,Discount Stickers,Holographic Goose,20.0
153360,2014-09-01,Canada,Discount Stickers,Holographic Goose,800.0
153365,2014-09-01,Canada,Stickers for Less,Holographic Goose,800.0
153405,2014-09-01,Kenya,Discount Stickers,Holographic Goose,20.0
153410,2014-09-01,Kenya,Stickers for Less,Holographic Goose,20.0
153450,2014-09-02,Canada,Discount Stickers,Holographic Goose,800.0
153455,2014-09-02,Canada,Stickers for Less,Holographic Goose,800.0
153495,2014-09-02,Kenya,Discount Stickers,Holographic Goose,20.0
153500,2014-09-02,Kenya,Stickers for Less,Holographic Goose,20.0
153540,2014-09-03,Canada,Discount Stickers,Holographic Goose,800.0
153545,2014-09-03,Canada,Stickers for Less,Holographic Goose,800.0
153585,2014-09-03,Kenya,Discount Stickers,Holographic Goose,20.0
153590,2014-09-03,Kenya,Stickers for Less,Holographic Goose,20.0
153630,2014-09-04,Canada,Discount Stickers,Holographic Goose,800.0
153635,2014-09-04,Canada,Stickers for Less,Holographic Goose,800.0
153675,2014-09-04,Kenya,Discount Stickers,Holographic Goose,20.0
153680,2014-09-04,Kenya,Stickers for Less,Holographic Goose,20.0
153720,2014-09-05,Canada,Discount Stickers,Holographic Goose,800.0
153765,2014-09-05,Kenya,Discount Stickers,Holographic Goose,20.0
153810,2014-09-06,Canada,Discount Stickers,Holographic Goose,800.0
153855,2014-09-06,Kenya,Discount Stickers,Holographic Goose,20.0
153900,2014-09-07,Canada,Discount Stickers,Holographic Goose,800.0
153945,2014-09-07,Kenya,Discount Stickers,Holographic Goose,20.0
153990,2014-09-08,Canada,Discount Stickers,Holographic Goose,800.0
153995,2014-09-08,Canada,Stickers for Less,Holographic Goose,800.0
154035,2014-09-08,Kenya,Discount Stickers,Holographic Goose,20.0
154040,2014-09-08,Kenya,Stickers for Less,Holographic Goose,20.0
154080,2014-09-09,Canada,Discount Stickers,Holographic Goose,800.0
154085,2014-09-09,Canada,Stickers for Less,Holographic Goose,800.0
154125,2014-09-09,Kenya,Discount Stickers,Holographic Goose,20.0
154170,2014-09-10,Canada,Discount Stickers,Holographic Goose,800.0
154175,2014-09-10,Canada,Stickers for Less,Holographic Goose,800.0
154215,2014-09-10,Kenya,Discount Stickers,Holographic Goose,20.0
154260,2014-09-11,Canada,Discount Stickers,Holographic Goose,800.0
154265,2014-09-11,Canada,Stickers for Less,Holographic Goose,800.0
154305,2014-09-11,Kenya,Discount Stickers,Holographic Goose,20.0
154350,2014-09-12,Canada,Discount Stickers,Holographic Goose,800.0
154395,2014-09-12,Kenya,Discount Stickers,Holographic Goose,20.0
154440,2014-09-13,Canada,Discount Stickers,Holographic Goose,800.0
154485,2014-09-13,Kenya,Discount Stickers,Holographic Goose,20.0
154530,2014-09-14,Canada,Discount Stickers,Holographic Goose,800.0
154575,2014-09-14,Kenya,Discount Stickers,Holographic Goose,20.0
154620,2014-09-15,Canada,Discount Stickers,Holographic Goose,800.0
154625,2014-09-15,Canada,Stickers for Less,Holographic Goose,800.0
154665,2014-09-15,Kenya,Discount Stickers,Holographic Goose,20.0
154710,2014-09-16,Canada,Discount Stickers,Holographic Goose,800.0
154715,2014-09-16,Canada,Stickers for Less,Holographic Goose,800.0
154755,2014-09-16,Kenya,Discount Stickers,Holographic Goose,20.0
154800,2014-09-17,Canada,Discount Stickers,Holographic Goose,800.0
154805,2014-09-17,Canada,Stickers for Less,Holographic Goose,800.0
154845,2014-09-17,Kenya,Discount Stickers,Holographic Goose,20.0
154850,2014-09-17,Kenya,Stickers for Less,Holographic Goose,20.0
154890,2014-09-18,Canada,Discount Stickers,Holographic Goose,800.0
154935,2014-09-18,Kenya,Discount Stickers,Holographic Goose,20.0
154940,2014-09-18,Kenya,Stickers for Less,Holographic Goose,20.0
154980,2014-09-19,Canada,Discount Stickers,Holographic Goose,800.0
155025,2014-09-19,Kenya,Discount Stickers,Holographic Goose,20.0
155070,2014-09-20,Canada,Discount Stickers,Holographic Goose,800.0
155115,2014-09-20,Kenya,Discount Stickers,Holographic Goose,20.0
155160,2014-09-21,Canada,Discount Stickers,Holographic Goose,800.0
155205,2014-09-21,Kenya,Discount Stickers,Holographic Goose,20.0
155250,2014-09-22,Canada,Discount Stickers,Holographic Goose,800.0
155255,2014-09-22,Canada,Stickers for Less,Holographic Goose,800.0
155295,2014-09-22,Kenya,Discount Stickers,Holographic Goose,20.0
155340,2014-09-23,Canada,Discount Stickers,Holographic Goose,800.0
155345,2014-09-23,Canada,Stickers for Less,Holographic Goose,800.0
155385,2014-09-23,Kenya,Discount Stickers,Holographic Goose,20.0
155390,2014-09-23,Kenya,Stickers for Less,Holographic Goose,20.0
155430,2014-09-24,Canada,Discount Stickers,Holographic Goose,800.0
155435,2014-09-24,Canada,Stickers for Less,Holographic Goose,800.0
155475,2014-09-24,Kenya,Discount Stickers,Holographic Goose,20.0
155480,2014-09-24,Kenya,Stickers for Less,Holographic Goose,20.0
155520,2014-09-25,Canada,Discount Stickers,Holographic Goose,800.0
155525,2014-09-25,Canada,Stickers for Less,Holographic Goose,800.0
155565,2014-09-25,Kenya,Discount Stickers,Holographic Goose,20.0
155570,2014-09-25,Kenya,Stickers for Less,Holographic Goose,20.0
155610,2014-09-26,Canada,Discount Stickers,Holographic Goose,800.0
155655,2014-09-26,Kenya,Discount Stickers,Holographic Goose,20.0
155700,2014-09-27,Canada,Discount Stickers,Holographic Goose,800.0
155745,2014-09-27,Kenya,Discount Stickers,Holographic Goose,20.0
155750,2014-09-27,Kenya,Stickers for Less,Holographic Goose,20.0
155790,2014-09-28,Canada,Discount Stickers,Holographic Goose,800.0
155835,2014-09-28,Kenya,Discount Stickers,Holographic Goose,20.0
155880,2014-09-29,Canada,Discount Stickers,Holographic Goose,800.0
155885,2014-09-29,Canada,Stickers for Less,Holographic Goose,800.0
155925,2014-09-29,Kenya,Discount Stickers,Holographic Goose,20.0
155970,2014-09-30,Canada,Discount Stickers,Holographic Goose,800.0
156015,2014-09-30,Kenya,Discount Stickers,Holographic Goose,20.0
156060,2014-10-01,Canada,Discount Stickers,Holographic Goose,800.0
156065,2014-10-01,Canada,Stickers for Less,Holographic Goose,800.0
156105,2014-10-01,Kenya,Discount Stickers,Holographic Goose,20.0
156110,2014-10-01,Kenya,Stickers for Less,Holographic Goose,20.0
156150,2014-10-02,Canada,Discount Stickers,Holographic Goose,800.0
156195,2014-10-02,Kenya,Discount Stickers,Holographic Goose,20.0
156200,2014-10-02,Kenya,Stickers for Less,Holographic Goose,20.0
156240,2014-10-03,Canada,Discount Stickers,Holographic Goose,800.0
156285,2014-10-03,Kenya,Discount Stickers,Holographic Goose,20.0
156330,2014-10-04,Canada,Discount Stickers,Holographic Goose,800.0
156375,2014-10-04,Kenya,Discount Stickers,Holographic Goose,20.0
156420,2014-10-05,Canada,Discount Stickers,Holographic Goose,800.0
156465,2014-10-05,Kenya,Discount Stickers,Holographic Goose,20.0
156510,2014-10-06,Canada,Discount Stickers,Holographic Goose,800.0
156515,2014-10-06,Canada,Stickers for Less,Holographic Goose,800.0
156555,2014-10-06,Kenya,Discount Stickers,Holographic Goose,20.0
156560,2014-10-06,Kenya,Stickers for Less,Holographic Goose,20.0
156600,2014-10-07,Canada,Discount Stickers,Holographic Goose,800.0
156645,2014-10-07,Kenya,Discount Stickers,Holographic Goose,20.0
156690,2014-10-08,Canada,Discount Stickers,Holographic Goose,800.0
156735,2014-10-08,Kenya,Discount Stickers,Holographic Goose,20.0
156780,2014-10-09,Canada,Discount Stickers,Holographic Goose,800.0
156785,2014-10-09,Canada,Stickers for Less,Holographic Goose,800.0
156825,2014-10-09,Kenya,Discount Stickers,Holographic Goose,20.0
156870,2014-10-10,Canada,Discount Stickers,Holographic Goose,800.0
156915,2014-10-10,Kenya,Discount Stickers,Holographic Goose,20.0
156960,2014-10-11,Canada,Discount Stickers,Holographic Goose,800.0
157005,2014-10-11,Kenya,Discount Stickers,Holographic Goose,20.0
157050,2014-10-12,Canada,Discount Stickers,Holographic Goose,800.0
157095,2014-10-12,Kenya,Discount Stickers,Holographic Goose,20.0
157140,2014-10-13,Canada,Discount Stickers,Holographic Goose,800.0
157185,2014-10-13,Kenya,Discount Stickers,Holographic Goose,20.0
157230,2014-10-14,Canada,Discount Stickers,Holographic Goose,800.0
157275,2014-10-14,Kenya,Discount Stickers,Holographic Goose,20.0
157320,2014-10-15,Canada,Discount Stickers,Holographic Goose,800.0
157325,2014-10-15,Canada,Stickers for Less,Holographic Goose,800.0
157365,2014-10-15,Kenya,Discount Stickers,Holographic Goose,20.0
157410,2014-10-16,Canada,Discount Stickers,Holographic Goose,800.0
157455,2014-10-16,Kenya,Discount Stickers,Holographic Goose,20.0
157500,2014-10-17,Canada,Discount Stickers,Holographic Goose,800.0
157545,2014-10-17,Kenya,Discount Stickers,Holographic Goose,20.0
157590,2014-10-18,Canada,Discount Stickers,Holographic Goose,800.0
157635,2014-10-18,Kenya,Discount Stickers,Holographic Goose,20.0
157680,2014-10-19,Canada,Discount Stickers,Holographic Goose,800.0
157725,2014-10-19,Kenya,Discount Stickers,Holographic Goose,20.0
157770,2014-10-20,Canada,Discount Stickers,Holographic Goose,800.0
157775,2014-10-20,Canada,Stickers for Less,Holographic Goose,800.0
157815,2014-10-20,Kenya,Discount Stickers,Holographic Goose,20.0
157860,2014-10-21,Canada,Discount Stickers,Holographic Goose,800.0
157905,2014-10-21,Kenya,Discount Stickers,Holographic Goose,20.0
157950,2014-10-22,Canada,Discount Stickers,Holographic Goose,800.0
157995,2014-10-22,Kenya,Discount Stickers,Holographic Goose,20.0
158040,2014-10-23,Canada,Discount Stickers,Holographic Goose,800.0
158085,2014-10-23,Kenya,Discount Stickers,Holographic Goose,20.0
158130,2014-10-24,Canada,Discount Stickers,Holographic Goose,800.0
158175,2014-10-24,Kenya,Discount Stickers,Holographic Goose,20.0
158220,2014-10-25,Canada,Discount Stickers,Holographic Goose,800.0
158265,2014-10-25,Kenya,Discount Stickers,Holographic Goose,20.0
158310,2014-10-26,Canada,Discount Stickers,Holographic Goose,800.0
158355,2014-10-26,Kenya,Discount Stickers,Holographic Goose,20.0
158400,2014-10-27,Canada,Discount Stickers,Holographic Goose,800.0
158445,2014-10-27,Kenya,Discount Stickers,Holographic Goose,20.0
158490,2014-10-28,Canada,Discount Stickers,Holographic Goose,800.0
158535,2014-10-28,Kenya,Discount Stickers,Holographic Goose,20.0
158580,2014-10-29,Canada,Discount Stickers,Holographic Goose,800.0
158625,2014-10-29,Kenya,Discount Stickers,Holographic Goose,20.0
158670,2014-10-30,Canada,Discount Stickers,Holographic Goose,800.0
158675,2014-10-30,Canada,Stickers for Less,Holographic Goose,800.0
158715,2014-10-30,Kenya,Discount Stickers,Holographic Goose,20.0
158760,2014-10-31,Canada,Discount Stickers,Holographic Goose,800.0
158805,2014-10-31,Kenya,Discount Stickers,Holographic Goose,20.0
158850,2014-11-01,Canada,Discount Stickers,Holographic Goose,800.0
158895,2014-11-01,Kenya,Discount Stickers,Holographic Goose,20.0
158940,2014-11-02,Canada,Discount Stickers,Holographic Goose,800.0
158985,2014-11-02,Kenya,Discount Stickers,Holographic Goose,20.0
159030,2014-11-03,Canada,Discount Stickers,Holographic Goose,800.0
159075,2014-11-03,Kenya,Discount Stickers,Holographic Goose,20.0
159120,2014-11-04,Canada,Discount Stickers,Holographic Goose,800.0
159125,2014-11-04,Canada,Stickers for Less,Holographic Goose,800.0
159165,2014-11-04,Kenya,Discount Stickers,Holographic Goose,20.0
159210,2014-11-05,Canada,Discount Stickers,Holographic Goose,800.0
159255,2014-11-05,Kenya,Discount Stickers,Holographic Goose,20.0
159300,2014-11-06,Canada,Discount Stickers,Holographic Goose,800.0
159305,2014-11-06,Canada,Stickers for Less,Holographic Goose,800.0
159345,2014-11-06,Kenya,Discount Stickers,Holographic Goose,20.0
159390,2014-11-07,Canada,Discount Stickers,Holographic Goose,800.0
159435,2014-11-07,Kenya,Discount Stickers,Holographic Goose,20.0
159480,2014-11-08,Canada,Discount Stickers,Holographic Goose,800.0
159525,2014-11-08,Kenya,Discount Stickers,Holographic Goose,20.0
159570,2014-11-09,Canada,Discount Stickers,Holographic Goose,800.0
159615,2014-11-09,Kenya,Discount Stickers,Holographic Goose,20.0
159660,2014-11-10,Canada,Discount Stickers,Holographic Goose,800.0
159665,2014-11-10,Canada,Stickers for Less,Holographic Goose,800.0
159705,2014-11-10,Kenya,Discount Stickers,Holographic Goose,20.0
159710,2014-11-10,Kenya,Stickers for Less,Holographic Goose,20.0
159750,2014-11-11,Canada,Discount Stickers,Holographic Goose,800.0
159795,2014-11-11,Kenya,Discount Stickers,Holographic Goose,20.0
159840,2014-11-12,Canada,Discount Stickers,Holographic Goose,800.0
159885,2014-11-12,Kenya,Discount Stickers,Holographic Goose,20.0
159930,2014-11-13,Canada,Discount Stickers,Holographic Goose,800.0
159975,2014-11-13,Kenya,Discount Stickers,Holographic Goose,20.0
160020,2014-11-14,Canada,Discount Stickers,Holographic Goose,800.0
160065,2014-11-14,Kenya,Discount Stickers,Holographic Goose,20.0
160110,2014-11-15,Canada,Discount Stickers,Holographic Goose,800.0
160155,2014-11-15,Kenya,Discount Stickers,Holographic Goose,20.0
160200,2014-11-16,Canada,Discount Stickers,Holographic Goose,800.0
160245,2014-11-16,Kenya,Discount Stickers,Holographic Goose,20.0
160290,2014-11-17,Canada,Discount Stickers,Holographic Goose,800.0
160335,2014-11-17,Kenya,Discount Stickers,Holographic Goose,20.0
160380,2014-11-18,Canada,Discount Stickers,Holographic Goose,800.0
160425,2014-11-18,Kenya,Discount Stickers,Holographic Goose,20.0
160470,2014-11-19,Canada,Discount Stickers,Holographic Goose,800.0
160515,2014-11-19,Kenya,Discount Stickers,Holographic Goose,20.0
160560,2014-11-20,Canada,Discount Stickers,Holographic Goose,800.0
160605,2014-11-20,Kenya,Discount Stickers,Holographic Goose,20.0
160650,2014-11-21,Canada,Discount Stickers,Holographic Goose,800.0
160695,2014-11-21,Kenya,Discount Stickers,Holographic Goose,20.0
160740,2014-11-22,Canada,Discount Stickers,Holographic Goose,800.0
160785,2014-11-22,Kenya,Discount Stickers,Holographic Goose,20.0
160830,2014-11-23,Canada,Discount Stickers,Holographic Goose,800.0
160875,2014-11-23,Kenya,Discount Stickers,Holographic Goose,20.0
160920,2014-11-24,Canada,Discount Stickers,Holographic Goose,800.0
160965,2014-11-24,Kenya,Discount Stickers,Holographic Goose,20.0
161010,2014-11-25,Canada,Discount Stickers,Holographic Goose,800.0
161055,2014-11-25,Kenya,Discount Stickers,Holographic Goose,20.0
161100,2014-11-26,Canada,Discount Stickers,Holographic Goose,800.0
161145,2014-11-26,Kenya,Discount Stickers,Holographic Goose,20.0
161190,2014-11-27,Canada,Discount Stickers,Holographic Goose,800.0
161235,2014-11-27,Kenya,Discount Stickers,Holographic Goose,20.0
161280,2014-11-28,Canada,Discount Stickers,Holographic Goose,800.0
161325,2014-11-28,Kenya,Discount Stickers,Holographic Goose,20.0
161370,2014-11-29,Canada,Discount Stickers,Holographic Goose,800.0
161415,2014-11-29,Kenya,Discount Stickers,Holographic Goose,20.0
161460,2014-11-30,Canada,Discount Stickers,Holographic Goose,800.0
161505,2014-11-30,Kenya,Discount Stickers,Holographic Goose,20.0
161550,2014-12-01,Canada,Discount Stickers,Holographic Goose,800.0
161595,2014-12-01,Kenya,Discount Stickers,Holographic Goose,20.0
161640,2014-12-02,Canada,Discount Stickers,Holographic Goose,800.0
161685,2014-12-02,Kenya,Discount Stickers,Holographic Goose,20.0
161730,2014-12-03,Canada,Discount Stickers,Holographic Goose,800.0
161775,2014-12-03,Kenya,Discount Stickers,Holographic Goose,20.0
161820,2014-12-04,Canada,Discount Stickers,Holographic Goose,800.0
161865,2014-12-04,Kenya,Discount Stickers,Holographic Goose,20.0
161910,2014-12-05,Canada,Discount Stickers,Holographic Goose,800.0
161955,2014-12-05,Kenya,Discount Stickers,Holographic Goose,20.0
162000,2014-12-06,Canada,Discount Stickers,Holographic Goose,800.0
162045,2014-12-06,Kenya,Discount Stickers,Holographic Goose,20.0
162090,2014-12-07,Canada,Discount Stickers,Holographic Goose,800.0
162135,2014-12-07,Kenya,Discount Stickers,Holographic Goose,20.0
162180,2014-12-08,Canada,Discount Stickers,Holographic Goose,800.0
162225,2014-12-08,Kenya,Discount Stickers,Holographic Goose,20.0
162270,2014-12-09,Canada,Discount Stickers,Holographic Goose,800.0
162315,2014-12-09,Kenya,Discount Stickers,Holographic Goose,20.0
162360,2014-12-10,Canada,Discount Stickers,Holographic Goose,800.0
162405,2014-12-10,Kenya,Discount Stickers,Holographic Goose,20.0
162450,2014-12-11,Canada,Discount Stickers,Holographic Goose,800.0
162495,2014-12-11,Kenya,Discount Stickers,Holographic Goose,20.0
162540,2014-12-12,Canada,Discount Stickers,Holographic Goose,800.0
162585,2014-12-12,Kenya,Discount Stickers,Holographic Goose,20.0
162630,2014-12-13,Canada,Discount Stickers,Holographic Goose,800.0
162675,2014-12-13,Kenya,Discount Stickers,Holographic Goose,20.0
162720,2014-12-14,Canada,Discount Stickers,Holographic Goose,800.0
162765,2014-12-14,Kenya,Discount Stickers,Holographic Goose,20.0
162810,2014-12-15,Canada,Discount Stickers,Holographic Goose,800.0
162855,2014-12-15,Kenya,Discount Stickers,Holographic Goose,20.0
162900,2014-12-16,Canada,Discount Stickers,Holographic Goose,800.0
162945,2014-12-16,Kenya,Discount Stickers,Holographic Goose,20.0
162990,2014-12-17,Canada,Discount Stickers,Holographic Goose,800.0
163035,2014-12-17,Kenya,Discount Stickers,Holographic Goose,20.0
163080,2014-12-18,Canada,Discount Stickers,Holographic Goose,800.0
163125,2014-12-18,Kenya,Discount Stickers,Holographic Goose,20.0
163170,2014-12-19,Canada,Discount Stickers,Holographic Goose,800.0
163215,2014-12-19,Kenya,Discount Stickers,Holographic Goose,20.0
163260,2014-12-20,Canada,Discount Stickers,Holographic Goose,800.0
163305,2014-12-20,Kenya,Discount Stickers,Holographic Goose,20.0
163350,2014-12-21,Canada,Discount Stickers,Holographic Goose,800.0
163395,2014-12-21,Kenya,Discount Stickers,Holographic Goose,20.0
163440,2014-12-22,Canada,Discount Stickers,Holographic Goose,800.0
163485,2014-12-22,Kenya,Discount Stickers,Holographic Goose,20.0
163530,2014-12-23,Canada,Discount Stickers,Holographic Goose,800.0
163535,2014-12-23,Canada,Stickers for Less,Holographic Goose,800.0
163575,2014-12-23,Kenya,Discount Stickers,Holographic Goose,20.0
163620,2014-12-24,Canada,Discount Stickers,Holographic Goose,800.0
163665,2014-12-24,Kenya,Discount Stickers,Holographic Goose,20.0
163710,2014-12-25,Canada,Discount Stickers,Holographic Goose,800.0
163755,2014-12-25,Kenya,Discount Stickers,Holographic Goose,20.0
163800,2014-12-26,Canada,Discount Stickers,Holographic Goose,800.0
163845,2014-12-26,Kenya,Discount Stickers,Holographic Goose,20.0
163890,2014-12-27,Canada,Discount Stickers,Holographic Goose,800.0
163935,2014-12-27,Kenya,Discount Stickers,Holographic Goose,20.0
163980,2014-12-28,Canada,Discount Stickers,Holographic Goose,800.0
164025,2014-12-28,Kenya,Discount Stickers,Holographic Goose,20.0
164070,2014-12-29,Canada,Discount Stickers,Holographic Goose,800.0
164115,2014-12-29,Kenya,Discount Stickers,Holographic Goose,20.0
164160,2014-12-30,Canada,Discount Stickers,Holographic Goose,800.0
164205,2014-12-30,Kenya,Discount Stickers,Holographic Goose,20.0
164250,2014-12-31,Canada,Discount Stickers,Holographic Goose,800.0
164295,2014-12-31,Kenya,Discount Stickers,Holographic Goose,20.0
164340,2015-01-01,Canada,Discount Stickers,Holographic Goose,800.0
164385,2015-01-01,Kenya,Discount Stickers,Holographic Goose,20.0
164430,2015-01-02,Canada,Discount Stickers,Holographic Goose,800.0
164475,2015-01-02,Kenya,Discount Stickers,Holographic Goose,20.0
164520,2015-01-03,Canada,Discount Stickers,Holographic Goose,800.0
164565,2015-01-03,Kenya,Discount Stickers,Holographic Goose,20.0
164610,2015-01-04,Canada,Discount Stickers,Holographic Goose,800.0
164655,2015-01-04,Kenya,Discount Stickers,Holographic Goose,20.0
164700,2015-01-05,Canada,Discount Stickers,Holographic Goose,800.0
164745,2015-01-05,Kenya,Discount Stickers,Holographic Goose,20.0
164790,2015-01-06,Canada,Discount Stickers,Holographic Goose,800.0
164835,2015-01-06,Kenya,Discount Stickers,Holographic Goose,20.0
164880,2015-01-07,Canada,Discount Stickers,Holographic Goose,800.0
164925,2015-01-07,Kenya,Discount Stickers,Holographic Goose,20.0
164970,2015-01-08,Canada,Discount Stickers,Holographic Goose,800.0
164975,2015-01-08,Canada,Stickers for Less,Holographic Goose,800.0
165015,2015-01-08,Kenya,Discount Stickers,Holographic Goose,20.0
165060,2015-01-09,Canada,Discount Stickers,Holographic Goose,800.0
165105,2015-01-09,Kenya,Discount Stickers,Holographic Goose,20.0
165150,2015-01-10,Canada,Discount Stickers,Holographic Goose,800.0
165195,2015-01-10,Kenya,Discount Stickers,Holographic Goose,20.0
165240,2015-01-11,Canada,Discount Stickers,Holographic Goose,800.0
165285,2015-01-11,Kenya,Discount Stickers,Holographic Goose,20.0
165330,2015-01-12,Canada,Discount Stickers,Holographic Goose,800.0
165335,2015-01-12,Canada,Stickers for Less,Holographic Goose,800.0
165375,2015-01-12,Kenya,Discount Stickers,Holographic Goose,20.0
165420,2015-01-13,Canada,Discount Stickers,Holographic Goose,800.0
165425,2015-01-13,Canada,Stickers for Less,Holographic Goose,800.0
165465,2015-01-13,Kenya,Discount Stickers,Holographic Goose,20.0
165510,2015-01-14,Canada,Discount Stickers,Holographic Goose,800.0
165515,2015-01-14,Canada,Stickers for Less,Holographic Goose,800.0
165555,2015-01-14,Kenya,Discount Stickers,Holographic Goose,20.0
165600,2015-01-15,Canada,Discount Stickers,Holographic Goose,800.0
165605,2015-01-15,Canada,Stickers for Less,Holographic Goose,800.0
165645,2015-01-15,Kenya,Discount Stickers,Holographic Goose,20.0
165690,2015-01-16,Canada,Discount Stickers,Holographic Goose,800.0
165735,2015-01-16,Kenya,Discount Stickers,Holographic Goose,20.0
165780,2015-01-17,Canada,Discount Stickers,Holographic Goose,800.0
165825,2015-01-17,Kenya,Discount Stickers,Holographic Goose,20.0
165870,2015-01-18,Canada,Discount Stickers,Holographic Goose,800.0
165915,2015-01-18,Kenya,Discount Stickers,Holographic Goose,20.0
165960,2015-01-19,Canada,Discount Stickers,Holographic Goose,800.0
165965,2015-01-19,Canada,Stickers for Less,Holographic Goose,800.0
166005,2015-01-19,Kenya,Discount Stickers,Holographic Goose,20.0
166050,2015-01-20,Canada,Discount Stickers,Holographic Goose,800.0
166055,2015-01-20,Canada,Stickers for Less,Holographic Goose,800.0
166095,2015-01-20,Kenya,Discount Stickers,Holographic Goose,20.0
166140,2015-01-21,Canada,Discount Stickers,Holographic Goose,800.0
166145,2015-01-21,Canada,Stickers for Less,Holographic Goose,800.0
166185,2015-01-21,Kenya,Discount Stickers,Holographic Goose,20.0
166230,2015-01-22,Canada,Discount Stickers,Holographic Goose,800.0
166235,2015-01-22,Canada,Stickers for Less,Holographic Goose,800.0
166275,2015-01-22,Kenya,Discount Stickers,Holographic Goose,20.0
166320,2015-01-23,Canada,Discount Stickers,Holographic Goose,800.0
166325,2015-01-23,Canada,Stickers for Less,Holographic Goose,800.0
166365,2015-01-23,Kenya,Discount Stickers,Holographic Goose,20.0
166410,2015-01-24,Canada,Discount Stickers,Holographic Goose,800.0
166455,2015-01-24,Kenya,Discount Stickers,Holographic Goose,20.0
166500,2015-01-25,Canada,Discount Stickers,Holographic Goose,800.0
166545,2015-01-25,Kenya,Discount Stickers,Holographic Goose,20.0
166590,2015-01-26,Canada,Discount Stickers,Holographic Goose,800.0
166595,2015-01-26,Canada,Stickers for Less,Holographic Goose,800.0
166635,2015-01-26,Kenya,Discount Stickers,Holographic Goose,20.0
166680,2015-01-27,Canada,Discount Stickers,Holographic Goose,800.0
166685,2015-01-27,Canada,Stickers for Less,Holographic Goose,800.0
166725,2015-01-27,Kenya,Discount Stickers,Holographic Goose,20.0
166770,2015-01-28,Canada,Discount Stickers,Holographic Goose,800.0
166775,2015-01-28,Canada,Stickers for Less,Holographic Goose,800.0
166815,2015-01-28,Kenya,Discount Stickers,Holographic Goose,20.0
166860,2015-01-29,Canada,Discount Stickers,Holographic Goose,800.0
166865,2015-01-29,Canada,Stickers for Less,Holographic Goose,800.0
166905,2015-01-29,Kenya,Discount Stickers,Holographic Goose,20.0
166950,2015-01-30,Canada,Discount Stickers,Holographic Goose,800.0
166955,2015-01-30,Canada,Stickers for Less,Holographic Goose,800.0
166995,2015-01-30,Kenya,Discount Stickers,Holographic Goose,20.0
167040,2015-01-31,Canada,Discount Stickers,Holographic Goose,800.0
167045,2015-01-31,Canada,Stickers for Less,Holographic Goose,800.0
167085,2015-01-31,Kenya,Discount Stickers,Holographic Goose,20.0
167130,2015-02-01,Canada,Discount Stickers,Holographic Goose,800.0
167175,2015-02-01,Kenya,Discount Stickers,Holographic Goose,20.0
167220,2015-02-02,Canada,Discount Stickers,Holographic Goose,800.0
167225,2015-02-02,Canada,Stickers for Less,Holographic Goose,800.0
167265,2015-02-02,Kenya,Discount Stickers,Holographic Goose,20.0
167310,2015-02-03,Canada,Discount Stickers,Holographic Goose,800.0
167315,2015-02-03,Canada,Stickers for Less,Holographic Goose,800.0
167355,2015-02-03,Kenya,Discount Stickers,Holographic Goose,20.0
167400,2015-02-04,Canada,Discount Stickers,Holographic Goose,800.0
167405,2015-02-04,Canada,Stickers for Less,Holographic Goose,800.0
167445,2015-02-04,Kenya,Discount Stickers,Holographic Goose,20.0
167490,2015-02-05,Canada,Discount Stickers,Holographic Goose,800.0
167495,2015-02-05,Canada,Stickers for Less,Holographic Goose,800.0
167535,2015-02-05,Kenya,Discount Stickers,Holographic Goose,20.0
167580,2015-02-06,Canada,Discount Stickers,Holographic Goose,800.0
167585,2015-02-06,Canada,Stickers for Less,Holographic Goose,800.0
167625,2015-02-06,Kenya,Discount Stickers,Holographic Goose,20.0
167670,2015-02-07,Canada,Discount Stickers,Holographic Goose,800.0
167715,2015-02-07,Kenya,Discount Stickers,Holographic Goose,20.0
167760,2015-02-08,Canada,Discount Stickers,Holographic Goose,800.0
167805,2015-02-08,Kenya,Discount Stickers,Holographic Goose,20.0
167850,2015-02-09,Canada,Discount Stickers,Holographic Goose,800.0
167855,2015-02-09,Canada,Stickers for Less,Holographic Goose,800.0
167895,2015-02-09,Kenya,Discount Stickers,Holographic Goose,20.0
167940,2015-02-10,Canada,Discount Stickers,Holographic Goose,800.0
167945,2015-02-10,Canada,Stickers for Less,Holographic Goose,800.0
167985,2015-02-10,Kenya,Discount Stickers,Holographic Goose,20.0
168030,2015-02-11,Canada,Discount Stickers,Holographic Goose,800.0
168035,2015-02-11,Canada,Stickers for Less,Holographic Goose,800.0
168075,2015-02-11,Kenya,Discount Stickers,Holographic Goose,20.0
168120,2015-02-12,Canada,Discount Stickers,Holographic Goose,800.0
168125,2015-02-12,Canada,Stickers for Less,Holographic Goose,800.0
168165,2015-02-12,Kenya,Discount Stickers,Holographic Goose,20.0
168210,2015-02-13,Canada,Discount Stickers,Holographic Goose,800.0
168215,2015-02-13,Canada,Stickers for Less,Holographic Goose,800.0
168255,2015-02-13,Kenya,Discount Stickers,Holographic Goose,20.0
168300,2015-02-14,Canada,Discount Stickers,Holographic Goose,800.0
168345,2015-02-14,Kenya,Discount Stickers,Holographic Goose,20.0
168390,2015-02-15,Canada,Discount Stickers,Holographic Goose,800.0
168435,2015-02-15,Kenya,Discount Stickers,Holographic Goose,20.0
168480,2015-02-16,Canada,Discount Stickers,Holographic Goose,800.0
168485,2015-02-16,Canada,Stickers for Less,Holographic Goose,800.0
168525,2015-02-16,Kenya,Discount Stickers,Holographic Goose,20.0
168570,2015-02-17,Canada,Discount Stickers,Holographic Goose,800.0
168575,2015-02-17,Canada,Stickers for Less,Holographic Goose,800.0
168615,2015-02-17,Kenya,Discount Stickers,Holographic Goose,20.0
168660,2015-02-18,Canada,Discount Stickers,Holographic Goose,800.0
168665,2015-02-18,Canada,Stickers for Less,Holographic Goose,800.0
168705,2015-02-18,Kenya,Discount Stickers,Holographic Goose,20.0
168750,2015-02-19,Canada,Discount Stickers,Holographic Goose,800.0
168755,2015-02-19,Canada,Stickers for Less,Holographic Goose,800.0
168795,2015-02-19,Kenya,Discount Stickers,Holographic Goose,20.0
168840,2015-02-20,Canada,Discount Stickers,Holographic Goose,800.0
168885,2015-02-20,Kenya,Discount Stickers,Holographic Goose,20.0
168930,2015-02-21,Canada,Discount Stickers,Holographic Goose,800.0
168975,2015-02-21,Kenya,Discount Stickers,Holographic Goose,20.0
169020,2015-02-22,Canada,Discount Stickers,Holographic Goose,800.0
169065,2015-02-22,Kenya,Discount Stickers,Holographic Goose,20.0
169110,2015-02-23,Canada,Discount Stickers,Holographic Goose,800.0
169115,2015-02-23,Canada,Stickers for Less,Holographic Goose,800.0
169155,2015-02-23,Kenya,Discount Stickers,Holographic Goose,20.0
169200,2015-02-24,Canada,Discount Stickers,Holographic Goose,800.0
169205,2015-02-24,Canada,Stickers for Less,Holographic Goose,800.0
169245,2015-02-24,Kenya,Discount Stickers,Holographic Goose,20.0
169290,2015-02-25,Canada,Discount Stickers,Holographic Goose,800.0
169295,2015-02-25,Canada,Stickers for Less,Holographic Goose,800.0
169335,2015-02-25,Kenya,Discount Stickers,Holographic Goose,20.0
169380,2015-02-26,Canada,Discount Stickers,Holographic Goose,800.0
169385,2015-02-26,Canada,Stickers for Less,Holographic Goose,800.0
169425,2015-02-26,Kenya,Discount Stickers,Holographic Goose,20.0
169470,2015-02-27,Canada,Discount Stickers,Holographic Goose,800.0
169515,2015-02-27,Kenya,Discount Stickers,Holographic Goose,20.0
169560,2015-02-28,Canada,Discount Stickers,Holographic Goose,800.0
169565,2015-02-28,Canada,Stickers for Less,Holographic Goose,800.0
169605,2015-02-28,Kenya,Discount Stickers,Holographic Goose,20.0
169650,2015-03-01,Canada,Discount Stickers,Holographic Goose,800.0
169695,2015-03-01,Kenya,Discount Stickers,Holographic Goose,20.0
169740,2015-03-02,Canada,Discount Stickers,Holographic Goose,800.0
169745,2015-03-02,Canada,Stickers for Less,Holographic Goose,800.0
169785,2015-03-02,Kenya,Discount Stickers,Holographic Goose,20.0
169830,2015-03-03,Canada,Discount Stickers,Holographic Goose,800.0
169835,2015-03-03,Canada,Stickers for Less,Holographic Goose,800.0
169875,2015-03-03,Kenya,Discount Stickers,Holographic Goose,20.0
169920,2015-03-04,Canada,Discount Stickers,Holographic Goose,800.0
169925,2015-03-04,Canada,Stickers for Less,Holographic Goose,800.0
169965,2015-03-04,Kenya,Discount Stickers,Holographic Goose,20.0
170010,2015-03-05,Canada,Discount Stickers,Holographic Goose,800.0
170015,2015-03-05,Canada,Stickers for Less,Holographic Goose,800.0
170055,2015-03-05,Kenya,Discount Stickers,Holographic Goose,20.0
170100,2015-03-06,Canada,Discount Stickers,Holographic Goose,800.0
170105,2015-03-06,Canada,Stickers for Less,Holographic Goose,800.0
170145,2015-03-06,Kenya,Discount Stickers,Holographic Goose,20.0
170190,2015-03-07,Canada,Discount Stickers,Holographic Goose,800.0
170235,2015-03-07,Kenya,Discount Stickers,Holographic Goose,20.0
170280,2015-03-08,Canada,Discount Stickers,Holographic Goose,800.0
170325,2015-03-08,Kenya,Discount Stickers,Holographic Goose,20.0
170370,2015-03-09,Canada,Discount Stickers,Holographic Goose,800.0
170375,2015-03-09,Canada,Stickers for Less,Holographic Goose,800.0
170415,2015-03-09,Kenya,Discount Stickers,Holographic Goose,20.0
170460,2015-03-10,Canada,Discount Stickers,Holographic Goose,800.0
170505,2015-03-10,Kenya,Discount Stickers,Holographic Goose,20.0
170550,2015-03-11,Canada,Discount Stickers,Holographic Goose,800.0
170555,2015-03-11,Canada,Stickers for Less,Holographic Goose,800.0
170595,2015-03-11,Kenya,Discount Stickers,Holographic Goose,20.0
170640,2015-03-12,Canada,Discount Stickers,Holographic Goose,800.0
170645,2015-03-12,Canada,Stickers for Less,Holographic Goose,800.0
170685,2015-03-12,Kenya,Discount Stickers,Holographic Goose,20.0
170730,2015-03-13,Canada,Discount Stickers,Holographic Goose,800.0
170735,2015-03-13,Canada,Stickers for Less,Holographic Goose,800.0
170775,2015-03-13,Kenya,Discount Stickers,Holographic Goose,20.0
170820,2015-03-14,Canada,Discount Stickers,Holographic Goose,800.0
170865,2015-03-14,Kenya,Discount Stickers,Holographic Goose,20.0
170910,2015-03-15,Canada,Discount Stickers,Holographic Goose,800.0
170955,2015-03-15,Kenya,Discount Stickers,Holographic Goose,20.0
171000,2015-03-16,Canada,Discount Stickers,Holographic Goose,800.0
171005,2015-03-16,Canada,Stickers for Less,Holographic Goose,800.0
171045,2015-03-16,Kenya,Discount Stickers,Holographic Goose,20.0
171090,2015-03-17,Canada,Discount Stickers,Holographic Goose,800.0
171095,2015-03-17,Canada,Stickers for Less,Holographic Goose,800.0
171135,2015-03-17,Kenya,Discount Stickers,Holographic Goose,20.0
171180,2015-03-18,Canada,Discount Stickers,Holographic Goose,800.0
171185,2015-03-18,Canada,Stickers for Less,Holographic Goose,800.0
171225,2015-03-18,Kenya,Discount Stickers,Holographic Goose,20.0
171270,2015-03-19,Canada,Discount Stickers,Holographic Goose,800.0
171275,2015-03-19,Canada,Stickers for Less,Holographic Goose,800.0
171280,2015-03-19,Canada,Premium Sticker Mart,Holographic Goose,800.0
171315,2015-03-19,Kenya,Discount Stickers,Holographic Goose,20.0
171360,2015-03-20,Canada,Discount Stickers,Holographic Goose,800.0
171365,2015-03-20,Canada,Stickers for Less,Holographic Goose,800.0
171405,2015-03-20,Kenya,Discount Stickers,Holographic Goose,20.0
171450,2015-03-21,Canada,Discount Stickers,Holographic Goose,800.0
171455,2015-03-21,Canada,Stickers for Less,Holographic Goose,800.0
171495,2015-03-21,Kenya,Discount Stickers,Holographic Goose,20.0
171540,2015-03-22,Canada,Discount Stickers,Holographic Goose,800.0
171585,2015-03-22,Kenya,Discount Stickers,Holographic Goose,20.0
171630,2015-03-23,Canada,Discount Stickers,Holographic Goose,800.0
171635,2015-03-23,Canada,Stickers for Less,Holographic Goose,800.0
171675,2015-03-23,Kenya,Discount Stickers,Holographic Goose,20.0
171720,2015-03-24,Canada,Discount Stickers,Holographic Goose,800.0
171725,2015-03-24,Canada,Stickers for Less,Holographic Goose,800.0
171765,2015-03-24,Kenya,Discount Stickers,Holographic Goose,20.0
171770,2015-03-24,Kenya,Stickers for Less,Holographic Goose,20.0
171810,2015-03-25,Canada,Discount Stickers,Holographic Goose,800.0
171815,2015-03-25,Canada,Stickers for Less,Holographic Goose,800.0
171855,2015-03-25,Kenya,Discount Stickers,Holographic Goose,20.0
171900,2015-03-26,Canada,Discount Stickers,Holographic Goose,800.0
171905,2015-03-26,Canada,Stickers for Less,Holographic Goose,800.0
171910,2015-03-26,Canada,Premium Sticker Mart,Holographic Goose,800.0
171945,2015-03-26,Kenya,Discount Stickers,Holographic Goose,20.0
171990,2015-03-27,Canada,Discount Stickers,Holographic Goose,800.0
171995,2015-03-27,Canada,Stickers for Less,Holographic Goose,800.0
172035,2015-03-27,Kenya,Discount Stickers,Holographic Goose,20.0
172080,2015-03-28,Canada,Discount Stickers,Holographic Goose,800.0
172085,2015-03-28,Canada,Stickers for Less,Holographic Goose,800.0
172125,2015-03-28,Kenya,Discount Stickers,Holographic Goose,20.0
172170,2015-03-29,Canada,Discount Stickers,Holographic Goose,800.0
172215,2015-03-29,Kenya,Discount Stickers,Holographic Goose,20.0
172260,2015-03-30,Canada,Discount Stickers,Holographic Goose,800.0
172265,2015-03-30,Canada,Stickers for Less,Holographic Goose,800.0
172305,2015-03-30,Kenya,Discount Stickers,Holographic Goose,20.0
172310,2015-03-30,Kenya,Stickers for Less,Holographic Goose,20.0
172350,2015-03-31,Canada,Discount Stickers,Holographic Goose,800.0
172355,2015-03-31,Canada,Stickers for Less,Holographic Goose,800.0
172360,2015-03-31,Canada,Premium Sticker Mart,Holographic Goose,800.0
172395,2015-03-31,Kenya,Discount Stickers,Holographic Goose,20.0
172440,2015-04-01,Canada,Discount Stickers,Holographic Goose,800.0
172445,2015-04-01,Canada,Stickers for Less,Holographic Goose,800.0
172450,2015-04-01,Canada,Premium Sticker Mart,Holographic Goose,800.0
172485,2015-04-01,Kenya,Discount Stickers,Holographic Goose,20.0
172530,2015-04-02,Canada,Discount Stickers,Holographic Goose,800.0
172535,2015-04-02,Canada,Stickers for Less,Holographic Goose,800.0
172540,2015-04-02,Canada,Premium Sticker Mart,Holographic Goose,800.0
172575,2015-04-02,Kenya,Discount Stickers,Holographic Goose,20.0
172620,2015-04-03,Canada,Discount Stickers,Holographic Goose,800.0
172625,2015-04-03,Canada,Stickers for Less,Holographic Goose,800.0
172665,2015-04-03,Kenya,Discount Stickers,Holographic Goose,20.0
172710,2015-04-04,Canada,Discount Stickers,Holographic Goose,800.0
172715,2015-04-04,Canada,Stickers for Less,Holographic Goose,800.0
172755,2015-04-04,Kenya,Discount Stickers,Holographic Goose,20.0
172800,2015-04-05,Canada,Discount Stickers,Holographic Goose,800.0
172845,2015-04-05,Kenya,Discount Stickers,Holographic Goose,20.0
172890,2015-04-06,Canada,Discount Stickers,Holographic Goose,800.0
172895,2015-04-06,Canada,Stickers for Less,Holographic Goose,800.0
172900,2015-04-06,Canada,Premium Sticker Mart,Holographic Goose,800.0
172935,2015-04-06,Kenya,Discount Stickers,Holographic Goose,20.0
172980,2015-04-07,Canada,Discount Stickers,Holographic Goose,800.0
172985,2015-04-07,Canada,Stickers for Less,Holographic Goose,800.0
172990,2015-04-07,Canada,Premium Sticker Mart,Holographic Goose,800.0
173025,2015-04-07,Kenya,Discount Stickers,Holographic Goose,20.0
173070,2015-04-08,Canada,Discount Stickers,Holographic Goose,800.0
173075,2015-04-08,Canada,Stickers for Less,Holographic Goose,800.0
173115,2015-04-08,Kenya,Discount Stickers,Holographic Goose,20.0
173160,2015-04-09,Canada,Discount Stickers,Holographic Goose,800.0
173165,2015-04-09,Canada,Stickers for Less,Holographic Goose,800.0
173170,2015-04-09,Canada,Premium Sticker Mart,Holographic Goose,800.0
173205,2015-04-09,Kenya,Discount Stickers,Holographic Goose,20.0
173250,2015-04-10,Canada,Discount Stickers,Holographic Goose,800.0
173255,2015-04-10,Canada,Stickers for Less,Holographic Goose,800.0
173295,2015-04-10,Kenya,Discount Stickers,Holographic Goose,20.0
173340,2015-04-11,Canada,Discount Stickers,Holographic Goose,800.0
173345,2015-04-11,Canada,Stickers for Less,Holographic Goose,800.0
173385,2015-04-11,Kenya,Discount Stickers,Holographic Goose,20.0
173430,2015-04-12,Canada,Discount Stickers,Holographic Goose,800.0
173475,2015-04-12,Kenya,Discount Stickers,Holographic Goose,20.0
173520,2015-04-13,Canada,Discount Stickers,Holographic Goose,800.0
173525,2015-04-13,Canada,Stickers for Less,Holographic Goose,800.0
173530,2015-04-13,Canada,Premium Sticker Mart,Holographic Goose,800.0
173565,2015-04-13,Kenya,Discount Stickers,Holographic Goose,20.0
173610,2015-04-14,Canada,Discount Stickers,Holographic Goose,800.0
173615,2015-04-14,Canada,Stickers for Less,Holographic Goose,800.0
173620,2015-04-14,Canada,Premium Sticker Mart,Holographic Goose,800.0
173655,2015-04-14,Kenya,Discount Stickers,Holographic Goose,20.0
173660,2015-04-14,Kenya,Stickers for Less,Holographic Goose,20.0
173700,2015-04-15,Canada,Discount Stickers,Holographic Goose,800.0
173705,2015-04-15,Canada,Stickers for Less,Holographic Goose,800.0
173710,2015-04-15,Canada,Premium Sticker Mart,Holographic Goose,800.0
173745,2015-04-15,Kenya,Discount Stickers,Holographic Goose,20.0
173750,2015-04-15,Kenya,Stickers for Less,Holographic Goose,20.0
173790,2015-04-16,Canada,Discount Stickers,Holographic Goose,800.0
173795,2015-04-16,Canada,Stickers for Less,Holographic Goose,800.0
173800,2015-04-16,Canada,Premium Sticker Mart,Holographic Goose,800.0
173835,2015-04-16,Kenya,Discount Stickers,Holographic Goose,20.0
173880,2015-04-17,Canada,Discount Stickers,Holographic Goose,800.0
173885,2015-04-17,Canada,Stickers for Less,Holographic Goose,800.0
173925,2015-04-17,Kenya,Discount Stickers,Holographic Goose,20.0
173970,2015-04-18,Canada,Discount Stickers,Holographic Goose,800.0
173975,2015-04-18,Canada,Stickers for Less,Holographic Goose,800.0
174015,2015-04-18,Kenya,Discount Stickers,Holographic Goose,20.0
174060,2015-04-19,Canada,Discount Stickers,Holographic Goose,800.0
174105,2015-04-19,Kenya,Discount Stickers,Holographic Goose,20.0
174150,2015-04-20,Canada,Discount Stickers,Holographic Goose,800.0
174155,2015-04-20,Canada,Stickers for Less,Holographic Goose,800.0
174160,2015-04-20,Canada,Premium Sticker Mart,Holographic Goose,800.0
174195,2015-04-20,Kenya,Discount Stickers,Holographic Goose,20.0
174240,2015-04-21,Canada,Discount Stickers,Holographic Goose,800.0
174245,2015-04-21,Canada,Stickers for Less,Holographic Goose,800.0
174250,2015-04-21,Canada,Premium Sticker Mart,Holographic Goose,800.0
174285,2015-04-21,Kenya,Discount Stickers,Holographic Goose,20.0
174330,2015-04-22,Canada,Discount Stickers,Holographic Goose,800.0
174335,2015-04-22,Canada,Stickers for Less,Holographic Goose,800.0
174375,2015-04-22,Kenya,Discount Stickers,Holographic Goose,20.0
174380,2015-04-22,Kenya,Stickers for Less,Holographic Goose,20.0
174420,2015-04-23,Canada,Discount Stickers,Holographic Goose,800.0
174425,2015-04-23,Canada,Stickers for Less,Holographic Goose,800.0
174430,2015-04-23,Canada,Premium Sticker Mart,Holographic Goose,800.0
174465,2015-04-23,Kenya,Discount Stickers,Holographic Goose,20.0
174470,2015-04-23,Kenya,Stickers for Less,Holographic Goose,20.0
174510,2015-04-24,Canada,Discount Stickers,Holographic Goose,800.0
174515,2015-04-24,Canada,Stickers for Less,Holographic Goose,800.0
174555,2015-04-24,Kenya,Discount Stickers,Holographic Goose,20.0
174600,2015-04-25,Canada,Discount Stickers,Holographic Goose,800.0
174605,2015-04-25,Canada,Stickers for Less,Holographic Goose,800.0
174645,2015-04-25,Kenya,Discount Stickers,Holographic Goose,20.0
174690,2015-04-26,Canada,Discount Stickers,Holographic Goose,800.0
174695,2015-04-26,Canada,Stickers for Less,Holographic Goose,800.0
174735,2015-04-26,Kenya,Discount Stickers,Holographic Goose,20.0
174780,2015-04-27,Canada,Discount Stickers,Holographic Goose,800.0
174785,2015-04-27,Canada,Stickers for Less,Holographic Goose,800.0
174825,2015-04-27,Kenya,Discount Stickers,Holographic Goose,20.0
174830,2015-04-27,Kenya,Stickers for Less,Holographic Goose,20.0
174870,2015-04-28,Canada,Discount Stickers,Holographic Goose,800.0
174875,2015-04-28,Canada,Stickers for Less,Holographic Goose,800.0
174915,2015-04-28,Kenya,Discount Stickers,Holographic Goose,20.0
174920,2015-04-28,Kenya,Stickers for Less,Holographic Goose,20.0
174960,2015-04-29,Canada,Discount Stickers,Holographic Goose,800.0
174965,2015-04-29,Canada,Stickers for Less,Holographic Goose,800.0
174970,2015-04-29,Canada,Premium Sticker Mart,Holographic Goose,800.0
175005,2015-04-29,Kenya,Discount Stickers,Holographic Goose,20.0
175010,2015-04-29,Kenya,Stickers for Less,Holographic Goose,20.0
175050,2015-04-30,Canada,Discount Stickers,Holographic Goose,800.0
175055,2015-04-30,Canada,Stickers for Less,Holographic Goose,800.0
175095,2015-04-30,Kenya,Discount Stickers,Holographic Goose,20.0
175100,2015-04-30,Kenya,Stickers for Less,Holographic Goose,20.0
175140,2015-05-01,Canada,Discount Stickers,Holographic Goose,800.0
175145,2015-05-01,Canada,Stickers for Less,Holographic Goose,800.0
175185,2015-05-01,Kenya,Discount Stickers,Holographic Goose,20.0
175230,2015-05-02,Canada,Discount Stickers,Holographic Goose,800.0
175235,2015-05-02,Canada,Stickers for Less,Holographic Goose,800.0
175275,2015-05-02,Kenya,Discount Stickers,Holographic Goose,20.0
175320,2015-05-03,Canada,Discount Stickers,Holographic Goose,800.0
175325,2015-05-03,Canada,Stickers for Less,Holographic Goose,800.0
175365,2015-05-03,Kenya,Discount Stickers,Holographic Goose,20.0
175410,2015-05-04,Canada,Discount Stickers,Holographic Goose,800.0
175415,2015-05-04,Canada,Stickers for Less,Holographic Goose,800.0
175420,2015-05-04,Canada,Premium Sticker Mart,Holographic Goose,800.0
175455,2015-05-04,Kenya,Discount Stickers,Holographic Goose,20.0
175500,2015-05-05,Canada,Discount Stickers,Holographic Goose,800.0
175505,2015-05-05,Canada,Stickers for Less,Holographic Goose,800.0
175510,2015-05-05,Canada,Premium Sticker Mart,Holographic Goose,800.0
175545,2015-05-05,Kenya,Discount Stickers,Holographic Goose,20.0
175590,2015-05-06,Canada,Discount Stickers,Holographic Goose,800.0
175595,2015-05-06,Canada,Stickers for Less,Holographic Goose,800.0
175600,2015-05-06,Canada,Premium Sticker Mart,Holographic Goose,800.0
175635,2015-05-06,Kenya,Discount Stickers,Holographic Goose,20.0
175680,2015-05-07,Canada,Discount Stickers,Holographic Goose,800.0
175685,2015-05-07,Canada,Stickers for Less,Holographic Goose,800.0
175690,2015-05-07,Canada,Premium Sticker Mart,Holographic Goose,800.0
175725,2015-05-07,Kenya,Discount Stickers,Holographic Goose,20.0
175770,2015-05-08,Canada,Discount Stickers,Holographic Goose,800.0
175775,2015-05-08,Canada,Stickers for Less,Holographic Goose,800.0
175780,2015-05-08,Canada,Premium Sticker Mart,Holographic Goose,800.0
175815,2015-05-08,Kenya,Discount Stickers,Holographic Goose,20.0
175860,2015-05-09,Canada,Discount Stickers,Holographic Goose,800.0
175865,2015-05-09,Canada,Stickers for Less,Holographic Goose,800.0
175905,2015-05-09,Kenya,Discount Stickers,Holographic Goose,20.0
175950,2015-05-10,Canada,Discount Stickers,Holographic Goose,800.0
175995,2015-05-10,Kenya,Discount Stickers,Holographic Goose,20.0
176040,2015-05-11,Canada,Discount Stickers,Holographic Goose,800.0
176045,2015-05-11,Canada,Stickers for Less,Holographic Goose,800.0
176050,2015-05-11,Canada,Premium Sticker Mart,Holographic Goose,800.0
176085,2015-05-11,Kenya,Discount Stickers,Holographic Goose,20.0
176090,2015-05-11,Kenya,Stickers for Less,Holographic Goose,20.0
176130,2015-05-12,Canada,Discount Stickers,Holographic Goose,800.0
176135,2015-05-12,Canada,Stickers for Less,Holographic Goose,800.0
176140,2015-05-12,Canada,Premium Sticker Mart,Holographic Goose,800.0
176175,2015-05-12,Kenya,Discount Stickers,Holographic Goose,20.0
176180,2015-05-12,Kenya,Stickers for Less,Holographic Goose,20.0
176220,2015-05-13,Canada,Discount Stickers,Holographic Goose,800.0
176225,2015-05-13,Canada,Stickers for Less,Holographic Goose,800.0
176230,2015-05-13,Canada,Premium Sticker Mart,Holographic Goose,800.0
176265,2015-05-13,Kenya,Discount Stickers,Holographic Goose,20.0
176270,2015-05-13,Kenya,Stickers for Less,Holographic Goose,20.0
176310,2015-05-14,Canada,Discount Stickers,Holographic Goose,800.0
176315,2015-05-14,Canada,Stickers for Less,Holographic Goose,800.0
176320,2015-05-14,Canada,Premium Sticker Mart,Holographic Goose,800.0
176355,2015-05-14,Kenya,Discount Stickers,Holographic Goose,20.0
176400,2015-05-15,Canada,Discount Stickers,Holographic Goose,800.0
176405,2015-05-15,Canada,Stickers for Less,Holographic Goose,800.0
176410,2015-05-15,Canada,Premium Sticker Mart,Holographic Goose,800.0
176445,2015-05-15,Kenya,Discount Stickers,Holographic Goose,20.0
176490,2015-05-16,Canada,Discount Stickers,Holographic Goose,800.0
176495,2015-05-16,Canada,Stickers for Less,Holographic Goose,800.0
176535,2015-05-16,Kenya,Discount Stickers,Holographic Goose,20.0
176540,2015-05-16,Kenya,Stickers for Less,Holographic Goose,20.0
176580,2015-05-17,Canada,Discount Stickers,Holographic Goose,800.0
176585,2015-05-17,Canada,Stickers for Less,Holographic Goose,800.0
176625,2015-05-17,Kenya,Discount Stickers,Holographic Goose,20.0
176670,2015-05-18,Canada,Discount Stickers,Holographic Goose,800.0
176675,2015-05-18,Canada,Stickers for Less,Holographic Goose,800.0
176680,2015-05-18,Canada,Premium Sticker Mart,Holographic Goose,800.0
176715,2015-05-18,Kenya,Discount Stickers,Holographic Goose,20.0
176760,2015-05-19,Canada,Discount Stickers,Holographic Goose,800.0
176765,2015-05-19,Canada,Stickers for Less,Holographic Goose,800.0
176770,2015-05-19,Canada,Premium Sticker Mart,Holographic Goose,800.0
176805,2015-05-19,Kenya,Discount Stickers,Holographic Goose,20.0
176850,2015-05-20,Canada,Discount Stickers,Holographic Goose,800.0
176855,2015-05-20,Canada,Stickers for Less,Holographic Goose,800.0
176860,2015-05-20,Canada,Premium Sticker Mart,Holographic Goose,800.0
176895,2015-05-20,Kenya,Discount Stickers,Holographic Goose,20.0
176900,2015-05-20,Kenya,Stickers for Less,Holographic Goose,20.0
176940,2015-05-21,Canada,Discount Stickers,Holographic Goose,800.0
176945,2015-05-21,Canada,Stickers for Less,Holographic Goose,800.0
176950,2015-05-21,Canada,Premium Sticker Mart,Holographic Goose,800.0
176985,2015-05-21,Kenya,Discount Stickers,Holographic Goose,20.0
176990,2015-05-21,Kenya,Stickers for Less,Holographic Goose,20.0
177030,2015-05-22,Canada,Discount Stickers,Holographic Goose,800.0
177035,2015-05-22,Canada,Stickers for Less,Holographic Goose,800.0
177040,2015-05-22,Canada,Premium Sticker Mart,Holographic Goose,800.0
177075,2015-05-22,Kenya,Discount Stickers,Holographic Goose,20.0
177080,2015-05-22,Kenya,Stickers for Less,Holographic Goose,20.0
177120,2015-05-23,Canada,Discount Stickers,Holographic Goose,800.0
177125,2015-05-23,Canada,Stickers for Less,Holographic Goose,800.0
177165,2015-05-23,Kenya,Discount Stickers,Holographic Goose,20.0
177210,2015-05-24,Canada,Discount Stickers,Holographic Goose,800.0
177255,2015-05-24,Kenya,Discount Stickers,Holographic Goose,20.0
177300,2015-05-25,Canada,Discount Stickers,Holographic Goose,800.0
177305,2015-05-25,Canada,Stickers for Less,Holographic Goose,800.0
177310,2015-05-25,Canada,Premium Sticker Mart,Holographic Goose,800.0
177345,2015-05-25,Kenya,Discount Stickers,Holographic Goose,20.0
177350,2015-05-25,Kenya,Stickers for Less,Holographic Goose,20.0
177390,2015-05-26,Canada,Discount Stickers,Holographic Goose,800.0
177395,2015-05-26,Canada,Stickers for Less,Holographic Goose,800.0
177400,2015-05-26,Canada,Premium Sticker Mart,Holographic Goose,800.0
177435,2015-05-26,Kenya,Discount Stickers,Holographic Goose,20.0
177440,2015-05-26,Kenya,Stickers for Less,Holographic Goose,20.0
177480,2015-05-27,Canada,Discount Stickers,Holographic Goose,800.0
177485,2015-05-27,Canada,Stickers for Less,Holographic Goose,800.0
177490,2015-05-27,Canada,Premium Sticker Mart,Holographic Goose,800.0
177525,2015-05-27,Kenya,Discount Stickers,Holographic Goose,20.0
177530,2015-05-27,Kenya,Stickers for Less,Holographic Goose,20.0
177570,2015-05-28,Canada,Discount Stickers,Holographic Goose,800.0
177575,2015-05-28,Canada,Stickers for Less,Holographic Goose,800.0
177580,2015-05-28,Canada,Premium Sticker Mart,Holographic Goose,800.0
177615,2015-05-28,Kenya,Discount Stickers,Holographic Goose,20.0
177620,2015-05-28,Kenya,Stickers for Less,Holographic Goose,20.0
177660,2015-05-29,Canada,Discount Stickers,Holographic Goose,800.0
177665,2015-05-29,Canada,Stickers for Less,Holographic Goose,800.0
177670,2015-05-29,Canada,Premium Sticker Mart,Holographic Goose,800.0
177705,2015-05-29,Kenya,Discount Stickers,Holographic Goose,20.0
177710,2015-05-29,Kenya,Stickers for Less,Holographic Goose,20.0
177750,2015-05-30,Canada,Discount Stickers,Holographic Goose,800.0
177755,2015-05-30,Canada,Stickers for Less,Holographic Goose,800.0
177760,2015-05-30,Canada,Premium Sticker Mart,Holographic Goose,800.0
177795,2015-05-30,Kenya,Discount Stickers,Holographic Goose,20.0
177840,2015-05-31,Canada,Discount Stickers,Holographic Goose,800.0
177845,2015-05-31,Canada,Stickers for Less,Holographic Goose,800.0
177885,2015-05-31,Kenya,Discount Stickers,Holographic Goose,20.0
177930,2015-06-01,Canada,Discount Stickers,Holographic Goose,800.0
177935,2015-06-01,Canada,Stickers for Less,Holographic Goose,800.0
177940,2015-06-01,Canada,Premium Sticker Mart,Holographic Goose,800.0
177975,2015-06-01,Kenya,Discount Stickers,Holographic Goose,20.0
177980,2015-06-01,Kenya,Stickers for Less,Holographic Goose,20.0
178020,2015-06-02,Canada,Discount Stickers,Holographic Goose,800.0
178025,2015-06-02,Canada,Stickers for Less,Holographic Goose,800.0
178030,2015-06-02,Canada,Premium Sticker Mart,Holographic Goose,800.0
178065,2015-06-02,Kenya,Discount Stickers,Holographic Goose,20.0
178070,2015-06-02,Kenya,Stickers for Less,Holographic Goose,20.0
178110,2015-06-03,Canada,Discount Stickers,Holographic Goose,800.0
178115,2015-06-03,Canada,Stickers for Less,Holographic Goose,800.0
178120,2015-06-03,Canada,Premium Sticker Mart,Holographic Goose,800.0
178155,2015-06-03,Kenya,Discount Stickers,Holographic Goose,20.0
178160,2015-06-03,Kenya,Stickers for Less,Holographic Goose,20.0
178200,2015-06-04,Canada,Discount Stickers,Holographic Goose,800.0
178205,2015-06-04,Canada,Stickers for Less,Holographic Goose,800.0
178210,2015-06-04,Canada,Premium Sticker Mart,Holographic Goose,800.0
178245,2015-06-04,Kenya,Discount Stickers,Holographic Goose,20.0
178290,2015-06-05,Canada,Discount Stickers,Holographic Goose,800.0
178295,2015-06-05,Canada,Stickers for Less,Holographic Goose,800.0
178300,2015-06-05,Canada,Premium Sticker Mart,Holographic Goose,800.0
178335,2015-06-05,Kenya,Discount Stickers,Holographic Goose,20.0
178380,2015-06-06,Canada,Discount Stickers,Holographic Goose,800.0
178385,2015-06-06,Canada,Stickers for Less,Holographic Goose,800.0
178425,2015-06-06,Kenya,Discount Stickers,Holographic Goose,20.0
178470,2015-06-07,Canada,Discount Stickers,Holographic Goose,800.0
178475,2015-06-07,Canada,Stickers for Less,Holographic Goose,800.0
178515,2015-06-07,Kenya,Discount Stickers,Holographic Goose,20.0
178560,2015-06-08,Canada,Discount Stickers,Holographic Goose,800.0
178565,2015-06-08,Canada,Stickers for Less,Holographic Goose,800.0
178570,2015-06-08,Canada,Premium Sticker Mart,Holographic Goose,800.0
178605,2015-06-08,Kenya,Discount Stickers,Holographic Goose,20.0
178610,2015-06-08,Kenya,Stickers for Less,Holographic Goose,20.0
178650,2015-06-09,Canada,Discount Stickers,Holographic Goose,800.0
178655,2015-06-09,Canada,Stickers for Less,Holographic Goose,800.0
178660,2015-06-09,Canada,Premium Sticker Mart,Holographic Goose,800.0
178695,2015-06-09,Kenya,Discount Stickers,Holographic Goose,20.0
178700,2015-06-09,Kenya,Stickers for Less,Holographic Goose,20.0
178740,2015-06-10,Canada,Discount Stickers,Holographic Goose,800.0
178745,2015-06-10,Canada,Stickers for Less,Holographic Goose,800.0
178750,2015-06-10,Canada,Premium Sticker Mart,Holographic Goose,800.0
178785,2015-06-10,Kenya,Discount Stickers,Holographic Goose,20.0
178790,2015-06-10,Kenya,Stickers for Less,Holographic Goose,20.0
178830,2015-06-11,Canada,Discount Stickers,Holographic Goose,800.0
178835,2015-06-11,Canada,Stickers for Less,Holographic Goose,800.0
178840,2015-06-11,Canada,Premium Sticker Mart,Holographic Goose,800.0
178875,2015-06-11,Kenya,Discount Stickers,Holographic Goose,20.0
178880,2015-06-11,Kenya,Stickers for Less,Holographic Goose,20.0
178920,2015-06-12,Canada,Discount Stickers,Holographic Goose,800.0
178925,2015-06-12,Canada,Stickers for Less,Holographic Goose,800.0
178930,2015-06-12,Canada,Premium Sticker Mart,Holographic Goose,800.0
178965,2015-06-12,Kenya,Discount Stickers,Holographic Goose,20.0
179010,2015-06-13,Canada,Discount Stickers,Holographic Goose,800.0
179015,2015-06-13,Canada,Stickers for Less,Holographic Goose,800.0
179055,2015-06-13,Kenya,Discount Stickers,Holographic Goose,20.0
179060,2015-06-13,Kenya,Stickers for Less,Holographic Goose,20.0
179100,2015-06-14,Canada,Discount Stickers,Holographic Goose,800.0
179105,2015-06-14,Canada,Stickers for Less,Holographic Goose,800.0
179145,2015-06-14,Kenya,Discount Stickers,Holographic Goose,20.0
179190,2015-06-15,Canada,Discount Stickers,Holographic Goose,800.0
179195,2015-06-15,Canada,Stickers for Less,Holographic Goose,800.0
179200,2015-06-15,Canada,Premium Sticker Mart,Holographic Goose,800.0
179235,2015-06-15,Kenya,Discount Stickers,Holographic Goose,20.0
179240,2015-06-15,Kenya,Stickers for Less,Holographic Goose,20.0
179280,2015-06-16,Canada,Discount Stickers,Holographic Goose,800.0
179285,2015-06-16,Canada,Stickers for Less,Holographic Goose,800.0
179290,2015-06-16,Canada,Premium Sticker Mart,Holographic Goose,800.0
179325,2015-06-16,Kenya,Discount Stickers,Holographic Goose,20.0
179330,2015-06-16,Kenya,Stickers for Less,Holographic Goose,20.0
179370,2015-06-17,Canada,Discount Stickers,Holographic Goose,800.0
179375,2015-06-17,Canada,Stickers for Less,Holographic Goose,800.0
179380,2015-06-17,Canada,Premium Sticker Mart,Holographic Goose,800.0
179415,2015-06-17,Kenya,Discount Stickers,Holographic Goose,20.0
179420,2015-06-17,Kenya,Stickers for Less,Holographic Goose,20.0
179460,2015-06-18,Canada,Discount Stickers,Holographic Goose,800.0
179465,2015-06-18,Canada,Stickers for Less,Holographic Goose,800.0
179470,2015-06-18,Canada,Premium Sticker Mart,Holographic Goose,800.0
179505,2015-06-18,Kenya,Discount Stickers,Holographic Goose,20.0
179510,2015-06-18,Kenya,Stickers for Less,Holographic Goose,20.0
179550,2015-06-19,Canada,Discount Stickers,Holographic Goose,800.0
179555,2015-06-19,Canada,Stickers for Less,Holographic Goose,800.0
179560,2015-06-19,Canada,Premium Sticker Mart,Holographic Goose,800.0
179595,2015-06-19,Kenya,Discount Stickers,Holographic Goose,20.0
179600,2015-06-19,Kenya,Stickers for Less,Holographic Goose,20.0
179640,2015-06-20,Canada,Discount Stickers,Holographic Goose,800.0
179645,2015-06-20,Canada,Stickers for Less,Holographic Goose,800.0
179685,2015-06-20,Kenya,Discount Stickers,Holographic Goose,20.0
179730,2015-06-21,Canada,Discount Stickers,Holographic Goose,800.0
179735,2015-06-21,Canada,Stickers for Less,Holographic Goose,800.0
179775,2015-06-21,Kenya,Discount Stickers,Holographic Goose,20.0
179820,2015-06-22,Canada,Discount Stickers,Holographic Goose,800.0
179825,2015-06-22,Canada,Stickers for Less,Holographic Goose,800.0
179830,2015-06-22,Canada,Premium Sticker Mart,Holographic Goose,800.0
179865,2015-06-22,Kenya,Discount Stickers,Holographic Goose,20.0
179870,2015-06-22,Kenya,Stickers for Less,Holographic Goose,20.0
179910,2015-06-23,Canada,Discount Stickers,Holographic Goose,800.0
179915,2015-06-23,Canada,Stickers for Less,Holographic Goose,800.0
179920,2015-06-23,Canada,Premium Sticker Mart,Holographic Goose,800.0
179955,2015-06-23,Kenya,Discount Stickers,Holographic Goose,20.0
179960,2015-06-23,Kenya,Stickers for Less,Holographic Goose,20.0
180000,2015-06-24,Canada,Discount Stickers,Holographic Goose,800.0
180005,2015-06-24,Canada,Stickers for Less,Holographic Goose,800.0
180010,2015-06-24,Canada,Premium Sticker Mart,Holographic Goose,800.0
180045,2015-06-24,Kenya,Discount Stickers,Holographic Goose,20.0
180050,2015-06-24,Kenya,Stickers for Less,Holographic Goose,20.0
180090,2015-06-25,Canada,Discount Stickers,Holographic Goose,800.0
180095,2015-06-25,Canada,Stickers for Less,Holographic Goose,800.0
180100,2015-06-25,Canada,Premium Sticker Mart,Holographic Goose,800.0
180135,2015-06-25,Kenya,Discount Stickers,Holographic Goose,20.0
180140,2015-06-25,Kenya,Stickers for Less,Holographic Goose,20.0
180180,2015-06-26,Canada,Discount Stickers,Holographic Goose,800.0
180185,2015-06-26,Canada,Stickers for Less,Holographic Goose,800.0
180190,2015-06-26,Canada,Premium Sticker Mart,Holographic Goose,800.0
180225,2015-06-26,Kenya,Discount Stickers,Holographic Goose,20.0
180270,2015-06-27,Canada,Discount Stickers,Holographic Goose,800.0
180275,2015-06-27,Canada,Stickers for Less,Holographic Goose,800.0
180315,2015-06-27,Kenya,Discount Stickers,Holographic Goose,20.0
180360,2015-06-28,Canada,Discount Stickers,Holographic Goose,800.0
180365,2015-06-28,Canada,Stickers for Less,Holographic Goose,800.0
180370,2015-06-28,Canada,Premium Sticker Mart,Holographic Goose,800.0
180405,2015-06-28,Kenya,Discount Stickers,Holographic Goose,20.0
180450,2015-06-29,Canada,Discount Stickers,Holographic Goose,800.0
180455,2015-06-29,Canada,Stickers for Less,Holographic Goose,800.0
180460,2015-06-29,Canada,Premium Sticker Mart,Holographic Goose,800.0
180495,2015-06-29,Kenya,Discount Stickers,Holographic Goose,20.0
180500,2015-06-29,Kenya,Stickers for Less,Holographic Goose,20.0
180540,2015-06-30,Canada,Discount Stickers,Holographic Goose,800.0
180545,2015-06-30,Canada,Stickers for Less,Holographic Goose,800.0
180550,2015-06-30,Canada,Premium Sticker Mart,Holographic Goose,800.0
180585,2015-06-30,Kenya,Discount Stickers,Holographic Goose,20.0
180590,2015-06-30,Kenya,Stickers for Less,Holographic Goose,20.0
180630,2015-07-01,Canada,Discount Stickers,Holographic Goose,800.0
180635,2015-07-01,Canada,Stickers for Less,Holographic Goose,800.0
180640,2015-07-01,Canada,Premium Sticker Mart,Holographic Goose,800.0
180675,2015-07-01,Kenya,Discount Stickers,Holographic Goose,20.0
180680,2015-07-01,Kenya,Stickers for Less,Holographic Goose,20.0
180720,2015-07-02,Canada,Discount Stickers,Holographic Goose,800.0
180725,2015-07-02,Canada,Stickers for Less,Holographic Goose,800.0
180765,2015-07-02,Kenya,Discount Stickers,Holographic Goose,20.0
180770,2015-07-02,Kenya,Stickers for Less,Holographic Goose,20.0
180810,2015-07-03,Canada,Discount Stickers,Holographic Goose,800.0
180815,2015-07-03,Canada,Stickers for Less,Holographic Goose,800.0
180820,2015-07-03,Canada,Premium Sticker Mart,Holographic Goose,800.0
180855,2015-07-03,Kenya,Discount Stickers,Holographic Goose,20.0
180900,2015-07-04,Canada,Discount Stickers,Holographic Goose,800.0
180905,2015-07-04,Canada,Stickers for Less,Holographic Goose,800.0
180945,2015-07-04,Kenya,Discount Stickers,Holographic Goose,20.0
180990,2015-07-05,Canada,Discount Stickers,Holographic Goose,800.0
181035,2015-07-05,Kenya,Discount Stickers,Holographic Goose,20.0
181080,2015-07-06,Canada,Discount Stickers,Holographic Goose,800.0
181085,2015-07-06,Canada,Stickers for Less,Holographic Goose,800.0
181090,2015-07-06,Canada,Premium Sticker Mart,Holographic Goose,800.0
181125,2015-07-06,Kenya,Discount Stickers,Holographic Goose,20.0
181130,2015-07-06,Kenya,Stickers for Less,Holographic Goose,20.0
181170,2015-07-07,Canada,Discount Stickers,Holographic Goose,800.0
181175,2015-07-07,Canada,Stickers for Less,Holographic Goose,800.0
181180,2015-07-07,Canada,Premium Sticker Mart,Holographic Goose,800.0
181215,2015-07-07,Kenya,Discount Stickers,Holographic Goose,20.0
181220,2015-07-07,Kenya,Stickers for Less,Holographic Goose,20.0
181260,2015-07-08,Canada,Discount Stickers,Holographic Goose,800.0
181265,2015-07-08,Canada,Stickers for Less,Holographic Goose,800.0
181270,2015-07-08,Canada,Premium Sticker Mart,Holographic Goose,800.0
181305,2015-07-08,Kenya,Discount Stickers,Holographic Goose,20.0
181350,2015-07-09,Canada,Discount Stickers,Holographic Goose,800.0
181355,2015-07-09,Canada,Stickers for Less,Holographic Goose,800.0
181360,2015-07-09,Canada,Premium Sticker Mart,Holographic Goose,800.0
181395,2015-07-09,Kenya,Discount Stickers,Holographic Goose,20.0
181400,2015-07-09,Kenya,Stickers for Less,Holographic Goose,20.0
181405,2015-07-09,Kenya,Premium Sticker Mart,Holographic Goose,20.0
181440,2015-07-10,Canada,Discount Stickers,Holographic Goose,800.0
181445,2015-07-10,Canada,Stickers for Less,Holographic Goose,800.0
181485,2015-07-10,Kenya,Discount Stickers,Holographic Goose,20.0
181490,2015-07-10,Kenya,Stickers for Less,Holographic Goose,20.0
181530,2015-07-11,Canada,Discount Stickers,Holographic Goose,800.0
181535,2015-07-11,Canada,Stickers for Less,Holographic Goose,800.0
181575,2015-07-11,Kenya,Discount Stickers,Holographic Goose,20.0
181620,2015-07-12,Canada,Discount Stickers,Holographic Goose,800.0
181625,2015-07-12,Canada,Stickers for Less,Holographic Goose,800.0
181665,2015-07-12,Kenya,Discount Stickers,Holographic Goose,20.0
181710,2015-07-13,Canada,Discount Stickers,Holographic Goose,800.0
181715,2015-07-13,Canada,Stickers for Less,Holographic Goose,800.0
181720,2015-07-13,Canada,Premium Sticker Mart,Holographic Goose,800.0
181755,2015-07-13,Kenya,Discount Stickers,Holographic Goose,20.0
181760,2015-07-13,Kenya,Stickers for Less,Holographic Goose,20.0
181800,2015-07-14,Canada,Discount Stickers,Holographic Goose,800.0
181805,2015-07-14,Canada,Stickers for Less,Holographic Goose,800.0
181810,2015-07-14,Canada,Premium Sticker Mart,Holographic Goose,800.0
181845,2015-07-14,Kenya,Discount Stickers,Holographic Goose,20.0
181850,2015-07-14,Kenya,Stickers for Less,Holographic Goose,20.0
181890,2015-07-15,Canada,Discount Stickers,Holographic Goose,800.0
181895,2015-07-15,Canada,Stickers for Less,Holographic Goose,800.0
181900,2015-07-15,Canada,Premium Sticker Mart,Holographic Goose,800.0
181935,2015-07-15,Kenya,Discount Stickers,Holographic Goose,20.0
181940,2015-07-15,Kenya,Stickers for Less,Holographic Goose,20.0
181980,2015-07-16,Canada,Discount Stickers,Holographic Goose,800.0
181985,2015-07-16,Canada,Stickers for Less,Holographic Goose,800.0
181990,2015-07-16,Canada,Premium Sticker Mart,Holographic Goose,800.0
182025,2015-07-16,Kenya,Discount Stickers,Holographic Goose,20.0
182030,2015-07-16,Kenya,Stickers for Less,Holographic Goose,20.0
182070,2015-07-17,Canada,Discount Stickers,Holographic Goose,800.0
182075,2015-07-17,Canada,Stickers for Less,Holographic Goose,800.0
182115,2015-07-17,Kenya,Discount Stickers,Holographic Goose,20.0
182120,2015-07-17,Kenya,Stickers for Less,Holographic Goose,20.0
182160,2015-07-18,Canada,Discount Stickers,Holographic Goose,800.0
182165,2015-07-18,Canada,Stickers for Less,Holographic Goose,800.0
182170,2015-07-18,Canada,Premium Sticker Mart,Holographic Goose,800.0
182205,2015-07-18,Kenya,Discount Stickers,Holographic Goose,20.0
182250,2015-07-19,Canada,Discount Stickers,Holographic Goose,800.0
182255,2015-07-19,Canada,Stickers for Less,Holographic Goose,800.0
182295,2015-07-19,Kenya,Discount Stickers,Holographic Goose,20.0
182340,2015-07-20,Canada,Discount Stickers,Holographic Goose,800.0
182345,2015-07-20,Canada,Stickers for Less,Holographic Goose,800.0
182350,2015-07-20,Canada,Premium Sticker Mart,Holographic Goose,800.0
182385,2015-07-20,Kenya,Discount Stickers,Holographic Goose,20.0
182390,2015-07-20,Kenya,Stickers for Less,Holographic Goose,20.0
182430,2015-07-21,Canada,Discount Stickers,Holographic Goose,800.0
182435,2015-07-21,Canada,Stickers for Less,Holographic Goose,800.0
182440,2015-07-21,Canada,Premium Sticker Mart,Holographic Goose,800.0
182475,2015-07-21,Kenya,Discount Stickers,Holographic Goose,20.0
182480,2015-07-21,Kenya,Stickers for Less,Holographic Goose,20.0
182520,2015-07-22,Canada,Discount Stickers,Holographic Goose,800.0
182525,2015-07-22,Canada,Stickers for Less,Holographic Goose,800.0
182530,2015-07-22,Canada,Premium Sticker Mart,Holographic Goose,800.0
182565,2015-07-22,Kenya,Discount Stickers,Holographic Goose,20.0
182570,2015-07-22,Kenya,Stickers for Less,Holographic Goose,20.0
182610,2015-07-23,Canada,Discount Stickers,Holographic Goose,800.0
182615,2015-07-23,Canada,Stickers for Less,Holographic Goose,800.0
182620,2015-07-23,Canada,Premium Sticker Mart,Holographic Goose,800.0
182655,2015-07-23,Kenya,Discount Stickers,Holographic Goose,20.0
182660,2015-07-23,Kenya,Stickers for Less,Holographic Goose,20.0
182700,2015-07-24,Canada,Discount Stickers,Holographic Goose,800.0
182705,2015-07-24,Canada,Stickers for Less,Holographic Goose,800.0
182745,2015-07-24,Kenya,Discount Stickers,Holographic Goose,20.0
182790,2015-07-25,Canada,Discount Stickers,Holographic Goose,800.0
182795,2015-07-25,Canada,Stickers for Less,Holographic Goose,800.0
182835,2015-07-25,Kenya,Discount Stickers,Holographic Goose,20.0
182880,2015-07-26,Canada,Discount Stickers,Holographic Goose,800.0
182885,2015-07-26,Canada,Stickers for Less,Holographic Goose,800.0
182925,2015-07-26,Kenya,Discount Stickers,Holographic Goose,20.0
182970,2015-07-27,Canada,Discount Stickers,Holographic Goose,800.0
182975,2015-07-27,Canada,Stickers for Less,Holographic Goose,800.0
183015,2015-07-27,Kenya,Discount Stickers,Holographic Goose,20.0
183060,2015-07-28,Canada,Discount Stickers,Holographic Goose,800.0
183065,2015-07-28,Canada,Stickers for Less,Holographic Goose,800.0
183070,2015-07-28,Canada,Premium Sticker Mart,Holographic Goose,800.0
183105,2015-07-28,Kenya,Discount Stickers,Holographic Goose,20.0
183110,2015-07-28,Kenya,Stickers for Less,Holographic Goose,20.0
183150,2015-07-29,Canada,Discount Stickers,Holographic Goose,800.0
183155,2015-07-29,Canada,Stickers for Less,Holographic Goose,800.0
183160,2015-07-29,Canada,Premium Sticker Mart,Holographic Goose,800.0
183195,2015-07-29,Kenya,Discount Stickers,Holographic Goose,20.0
183200,2015-07-29,Kenya,Stickers for Less,Holographic Goose,20.0
183240,2015-07-30,Canada,Discount Stickers,Holographic Goose,800.0
183245,2015-07-30,Canada,Stickers for Less,Holographic Goose,800.0
183250,2015-07-30,Canada,Premium Sticker Mart,Holographic Goose,800.0
183285,2015-07-30,Kenya,Discount Stickers,Holographic Goose,20.0
183290,2015-07-30,Kenya,Stickers for Less,Holographic Goose,20.0
183330,2015-07-31,Canada,Discount Stickers,Holographic Goose,800.0
183335,2015-07-31,Canada,Stickers for Less,Holographic Goose,800.0
183340,2015-07-31,Canada,Premium Sticker Mart,Holographic Goose,800.0
183375,2015-07-31,Kenya,Discount Stickers,Holographic Goose,20.0
183380,2015-07-31,Kenya,Stickers for Less,Holographic Goose,20.0
183420,2015-08-01,Canada,Discount Stickers,Holographic Goose,800.0
183425,2015-08-01,Canada,Stickers for Less,Holographic Goose,800.0
183430,2015-08-01,Canada,Premium Sticker Mart,Holographic Goose,800.0
183465,2015-08-01,Kenya,Discount Stickers,Holographic Goose,20.0
183470,2015-08-01,Kenya,Stickers for Less,Holographic Goose,20.0
183510,2015-08-02,Canada,Discount Stickers,Holographic Goose,800.0
183515,2015-08-02,Canada,Stickers for Less,Holographic Goose,800.0
183555,2015-08-02,Kenya,Discount Stickers,Holographic Goose,20.0
183600,2015-08-03,Canada,Discount Stickers,Holographic Goose,800.0
183605,2015-08-03,Canada,Stickers for Less,Holographic Goose,800.0
183610,2015-08-03,Canada,Premium Sticker Mart,Holographic Goose,800.0
183645,2015-08-03,Kenya,Discount Stickers,Holographic Goose,20.0
183650,2015-08-03,Kenya,Stickers for Less,Holographic Goose,20.0
183690,2015-08-04,Canada,Discount Stickers,Holographic Goose,800.0
183695,2015-08-04,Canada,Stickers for Less,Holographic Goose,800.0
183700,2015-08-04,Canada,Premium Sticker Mart,Holographic Goose,800.0
183735,2015-08-04,Kenya,Discount Stickers,Holographic Goose,20.0
183740,2015-08-04,Kenya,Stickers for Less,Holographic Goose,20.0
183780,2015-08-05,Canada,Discount Stickers,Holographic Goose,800.0
183785,2015-08-05,Canada,Stickers for Less,Holographic Goose,800.0
183790,2015-08-05,Canada,Premium Sticker Mart,Holographic Goose,800.0
183825,2015-08-05,Kenya,Discount Stickers,Holographic Goose,20.0
183830,2015-08-05,Kenya,Stickers for Less,Holographic Goose,20.0
183870,2015-08-06,Canada,Discount Stickers,Holographic Goose,800.0
183875,2015-08-06,Canada,Stickers for Less,Holographic Goose,800.0
183880,2015-08-06,Canada,Premium Sticker Mart,Holographic Goose,800.0
183915,2015-08-06,Kenya,Discount Stickers,Holographic Goose,20.0
183920,2015-08-06,Kenya,Stickers for Less,Holographic Goose,20.0
183960,2015-08-07,Canada,Discount Stickers,Holographic Goose,800.0
183965,2015-08-07,Canada,Stickers for Less,Holographic Goose,800.0
183970,2015-08-07,Canada,Premium Sticker Mart,Holographic Goose,800.0
184005,2015-08-07,Kenya,Discount Stickers,Holographic Goose,20.0
184050,2015-08-08,Canada,Discount Stickers,Holographic Goose,800.0
184055,2015-08-08,Canada,Stickers for Less,Holographic Goose,800.0
184060,2015-08-08,Canada,Premium Sticker Mart,Holographic Goose,800.0
184095,2015-08-08,Kenya,Discount Stickers,Holographic Goose,20.0
184140,2015-08-09,Canada,Discount Stickers,Holographic Goose,800.0
184145,2015-08-09,Canada,Stickers for Less,Holographic Goose,800.0
184185,2015-08-09,Kenya,Discount Stickers,Holographic Goose,20.0
184230,2015-08-10,Canada,Discount Stickers,Holographic Goose,800.0
184235,2015-08-10,Canada,Stickers for Less,Holographic Goose,800.0
184240,2015-08-10,Canada,Premium Sticker Mart,Holographic Goose,800.0
184275,2015-08-10,Kenya,Discount Stickers,Holographic Goose,20.0
184280,2015-08-10,Kenya,Stickers for Less,Holographic Goose,20.0
184320,2015-08-11,Canada,Discount Stickers,Holographic Goose,800.0
184325,2015-08-11,Canada,Stickers for Less,Holographic Goose,800.0
184330,2015-08-11,Canada,Premium Sticker Mart,Holographic Goose,800.0
184365,2015-08-11,Kenya,Discount Stickers,Holographic Goose,20.0
184370,2015-08-11,Kenya,Stickers for Less,Holographic Goose,20.0
184410,2015-08-12,Canada,Discount Stickers,Holographic Goose,800.0
184415,2015-08-12,Canada,Stickers for Less,Holographic Goose,800.0
184420,2015-08-12,Canada,Premium Sticker Mart,Holographic Goose,800.0
184455,2015-08-12,Kenya,Discount Stickers,Holographic Goose,20.0
184460,2015-08-12,Kenya,Stickers for Less,Holographic Goose,20.0
184465,2015-08-12,Kenya,Premium Sticker Mart,Holographic Goose,20.0
184500,2015-08-13,Canada,Discount Stickers,Holographic Goose,800.0
184505,2015-08-13,Canada,Stickers for Less,Holographic Goose,800.0
184510,2015-08-13,Canada,Premium Sticker Mart,Holographic Goose,800.0
184545,2015-08-13,Kenya,Discount Stickers,Holographic Goose,20.0
184550,2015-08-13,Kenya,Stickers for Less,Holographic Goose,20.0
184590,2015-08-14,Canada,Discount Stickers,Holographic Goose,800.0
184595,2015-08-14,Canada,Stickers for Less,Holographic Goose,800.0
184635,2015-08-14,Kenya,Discount Stickers,Holographic Goose,20.0
184680,2015-08-15,Canada,Discount Stickers,Holographic Goose,800.0
184685,2015-08-15,Canada,Stickers for Less,Holographic Goose,800.0
184725,2015-08-15,Kenya,Discount Stickers,Holographic Goose,20.0
184770,2015-08-16,Canada,Discount Stickers,Holographic Goose,800.0
184775,2015-08-16,Canada,Stickers for Less,Holographic Goose,800.0
184815,2015-08-16,Kenya,Discount Stickers,Holographic Goose,20.0
184860,2015-08-17,Canada,Discount Stickers,Holographic Goose,800.0
184865,2015-08-17,Canada,Stickers for Less,Holographic Goose,800.0
184870,2015-08-17,Canada,Premium Sticker Mart,Holographic Goose,800.0
184905,2015-08-17,Kenya,Discount Stickers,Holographic Goose,20.0
184950,2015-08-18,Canada,Discount Stickers,Holographic Goose,800.0
184955,2015-08-18,Canada,Stickers for Less,Holographic Goose,800.0
184960,2015-08-18,Canada,Premium Sticker Mart,Holographic Goose,800.0
184995,2015-08-18,Kenya,Discount Stickers,Holographic Goose,20.0
185000,2015-08-18,Kenya,Stickers for Less,Holographic Goose,20.0
185040,2015-08-19,Canada,Discount Stickers,Holographic Goose,800.0
185045,2015-08-19,Canada,Stickers for Less,Holographic Goose,800.0
185050,2015-08-19,Canada,Premium Sticker Mart,Holographic Goose,800.0
185085,2015-08-19,Kenya,Discount Stickers,Holographic Goose,20.0
185090,2015-08-19,Kenya,Stickers for Less,Holographic Goose,20.0
185130,2015-08-20,Canada,Discount Stickers,Holographic Goose,800.0
185135,2015-08-20,Canada,Stickers for Less,Holographic Goose,800.0
185140,2015-08-20,Canada,Premium Sticker Mart,Holographic Goose,800.0
185175,2015-08-20,Kenya,Discount Stickers,Holographic Goose,20.0
185220,2015-08-21,Canada,Discount Stickers,Holographic Goose,800.0
185225,2015-08-21,Canada,Stickers for Less,Holographic Goose,800.0
185230,2015-08-21,Canada,Premium Sticker Mart,Holographic Goose,800.0
185265,2015-08-21,Kenya,Discount Stickers,Holographic Goose,20.0
185310,2015-08-22,Canada,Discount Stickers,Holographic Goose,800.0
185315,2015-08-22,Canada,Stickers for Less,Holographic Goose,800.0
185320,2015-08-22,Canada,Premium Sticker Mart,Holographic Goose,800.0
185355,2015-08-22,Kenya,Discount Stickers,Holographic Goose,20.0
185360,2015-08-22,Kenya,Stickers for Less,Holographic Goose,20.0
185400,2015-08-23,Canada,Discount Stickers,Holographic Goose,800.0
185445,2015-08-23,Kenya,Discount Stickers,Holographic Goose,20.0
185490,2015-08-24,Canada,Discount Stickers,Holographic Goose,800.0
185495,2015-08-24,Canada,Stickers for Less,Holographic Goose,800.0
185535,2015-08-24,Kenya,Discount Stickers,Holographic Goose,20.0
185580,2015-08-25,Canada,Discount Stickers,Holographic Goose,800.0
185585,2015-08-25,Canada,Stickers for Less,Holographic Goose,800.0
185590,2015-08-25,Canada,Premium Sticker Mart,Holographic Goose,800.0
185625,2015-08-25,Kenya,Discount Stickers,Holographic Goose,20.0
185670,2015-08-26,Canada,Discount Stickers,Holographic Goose,800.0
185675,2015-08-26,Canada,Stickers for Less,Holographic Goose,800.0
185680,2015-08-26,Canada,Premium Sticker Mart,Holographic Goose,800.0
185715,2015-08-26,Kenya,Discount Stickers,Holographic Goose,20.0
185720,2015-08-26,Kenya,Stickers for Less,Holographic Goose,20.0
185760,2015-08-27,Canada,Discount Stickers,Holographic Goose,800.0
185765,2015-08-27,Canada,Stickers for Less,Holographic Goose,800.0
185770,2015-08-27,Canada,Premium Sticker Mart,Holographic Goose,800.0
185805,2015-08-27,Kenya,Discount Stickers,Holographic Goose,20.0
185850,2015-08-28,Canada,Discount Stickers,Holographic Goose,800.0
185855,2015-08-28,Canada,Stickers for Less,Holographic Goose,800.0
185860,2015-08-28,Canada,Premium Sticker Mart,Holographic Goose,800.0
185895,2015-08-28,Kenya,Discount Stickers,Holographic Goose,20.0
185940,2015-08-29,Canada,Discount Stickers,Holographic Goose,800.0
185945,2015-08-29,Canada,Stickers for Less,Holographic Goose,800.0
185950,2015-08-29,Canada,Premium Sticker Mart,Holographic Goose,800.0
185985,2015-08-29,Kenya,Discount Stickers,Holographic Goose,20.0
186030,2015-08-30,Canada,Discount Stickers,Holographic Goose,800.0
186075,2015-08-30,Kenya,Discount Stickers,Holographic Goose,20.0
186120,2015-08-31,Canada,Discount Stickers,Holographic Goose,800.0
186125,2015-08-31,Canada,Stickers for Less,Holographic Goose,800.0
186165,2015-08-31,Kenya,Discount Stickers,Holographic Goose,20.0
186210,2015-09-01,Canada,Discount Stickers,Holographic Goose,800.0
186215,2015-09-01,Canada,Stickers for Less,Holographic Goose,800.0
186255,2015-09-01,Kenya,Discount Stickers,Holographic Goose,20.0
186300,2015-09-02,Canada,Discount Stickers,Holographic Goose,800.0
186305,2015-09-02,Canada,Stickers for Less,Holographic Goose,800.0
186345,2015-09-02,Kenya,Discount Stickers,Holographic Goose,20.0
186350,2015-09-02,Kenya,Stickers for Less,Holographic Goose,20.0
186390,2015-09-03,Canada,Discount Stickers,Holographic Goose,800.0
186395,2015-09-03,Canada,Stickers for Less,Holographic Goose,800.0
186400,2015-09-03,Canada,Premium Sticker Mart,Holographic Goose,800.0
186435,2015-09-03,Kenya,Discount Stickers,Holographic Goose,20.0
186480,2015-09-04,Canada,Discount Stickers,Holographic Goose,800.0
186485,2015-09-04,Canada,Stickers for Less,Holographic Goose,800.0
186490,2015-09-04,Canada,Premium Sticker Mart,Holographic Goose,800.0
186525,2015-09-04,Kenya,Discount Stickers,Holographic Goose,20.0
186570,2015-09-05,Canada,Discount Stickers,Holographic Goose,800.0
186575,2015-09-05,Canada,Stickers for Less,Holographic Goose,800.0
186615,2015-09-05,Kenya,Discount Stickers,Holographic Goose,20.0
186660,2015-09-06,Canada,Discount Stickers,Holographic Goose,800.0
186705,2015-09-06,Kenya,Discount Stickers,Holographic Goose,20.0
186750,2015-09-07,Canada,Discount Stickers,Holographic Goose,800.0
186755,2015-09-07,Canada,Stickers for Less,Holographic Goose,800.0
186795,2015-09-07,Kenya,Discount Stickers,Holographic Goose,20.0
186800,2015-09-07,Kenya,Stickers for Less,Holographic Goose,20.0
186840,2015-09-08,Canada,Discount Stickers,Holographic Goose,800.0
186845,2015-09-08,Canada,Stickers for Less,Holographic Goose,800.0
186885,2015-09-08,Kenya,Discount Stickers,Holographic Goose,20.0
186930,2015-09-09,Canada,Discount Stickers,Holographic Goose,800.0
186935,2015-09-09,Canada,Stickers for Less,Holographic Goose,800.0
186940,2015-09-09,Canada,Premium Sticker Mart,Holographic Goose,800.0
186975,2015-09-09,Kenya,Discount Stickers,Holographic Goose,20.0
186980,2015-09-09,Kenya,Stickers for Less,Holographic Goose,20.0
187020,2015-09-10,Canada,Discount Stickers,Holographic Goose,800.0
187025,2015-09-10,Canada,Stickers for Less,Holographic Goose,800.0
187030,2015-09-10,Canada,Premium Sticker Mart,Holographic Goose,800.0
187065,2015-09-10,Kenya,Discount Stickers,Holographic Goose,20.0
187110,2015-09-11,Canada,Discount Stickers,Holographic Goose,800.0
187115,2015-09-11,Canada,Stickers for Less,Holographic Goose,800.0
187155,2015-09-11,Kenya,Discount Stickers,Holographic Goose,20.0
187200,2015-09-12,Canada,Discount Stickers,Holographic Goose,800.0
187205,2015-09-12,Canada,Stickers for Less,Holographic Goose,800.0
187245,2015-09-12,Kenya,Discount Stickers,Holographic Goose,20.0
187290,2015-09-13,Canada,Discount Stickers,Holographic Goose,800.0
187335,2015-09-13,Kenya,Discount Stickers,Holographic Goose,20.0
187380,2015-09-14,Canada,Discount Stickers,Holographic Goose,800.0
187385,2015-09-14,Canada,Stickers for Less,Holographic Goose,800.0
187425,2015-09-14,Kenya,Discount Stickers,Holographic Goose,20.0
187470,2015-09-15,Canada,Discount Stickers,Holographic Goose,800.0
187475,2015-09-15,Canada,Stickers for Less,Holographic Goose,800.0
187480,2015-09-15,Canada,Premium Sticker Mart,Holographic Goose,800.0
187515,2015-09-15,Kenya,Discount Stickers,Holographic Goose,20.0
187560,2015-09-16,Canada,Discount Stickers,Holographic Goose,800.0
187565,2015-09-16,Canada,Stickers for Less,Holographic Goose,800.0
187570,2015-09-16,Canada,Premium Sticker Mart,Holographic Goose,800.0
187605,2015-09-16,Kenya,Discount Stickers,Holographic Goose,20.0
187650,2015-09-17,Canada,Discount Stickers,Holographic Goose,800.0
187655,2015-09-17,Canada,Stickers for Less,Holographic Goose,800.0
187695,2015-09-17,Kenya,Discount Stickers,Holographic Goose,20.0
187700,2015-09-17,Kenya,Stickers for Less,Holographic Goose,20.0
187740,2015-09-18,Canada,Discount Stickers,Holographic Goose,800.0
187750,2015-09-18,Canada,Premium Sticker Mart,Holographic Goose,800.0
187785,2015-09-18,Kenya,Discount Stickers,Holographic Goose,20.0
187830,2015-09-19,Canada,Discount Stickers,Holographic Goose,800.0
187835,2015-09-19,Canada,Stickers for Less,Holographic Goose,800.0
187875,2015-09-19,Kenya,Discount Stickers,Holographic Goose,20.0
187920,2015-09-20,Canada,Discount Stickers,Holographic Goose,800.0
187965,2015-09-20,Kenya,Discount Stickers,Holographic Goose,20.0
188010,2015-09-21,Canada,Discount Stickers,Holographic Goose,800.0
188015,2015-09-21,Canada,Stickers for Less,Holographic Goose,800.0
188020,2015-09-21,Canada,Premium Sticker Mart,Holographic Goose,800.0
188055,2015-09-21,Kenya,Discount Stickers,Holographic Goose,20.0
188100,2015-09-22,Canada,Discount Stickers,Holographic Goose,800.0
188105,2015-09-22,Canada,Stickers for Less,Holographic Goose,800.0
188110,2015-09-22,Canada,Premium Sticker Mart,Holographic Goose,800.0
188145,2015-09-22,Kenya,Discount Stickers,Holographic Goose,20.0
188190,2015-09-23,Canada,Discount Stickers,Holographic Goose,800.0
188195,2015-09-23,Canada,Stickers for Less,Holographic Goose,800.0
188235,2015-09-23,Kenya,Discount Stickers,Holographic Goose,20.0
188280,2015-09-24,Canada,Discount Stickers,Holographic Goose,800.0
188285,2015-09-24,Canada,Stickers for Less,Holographic Goose,800.0
188325,2015-09-24,Kenya,Discount Stickers,Holographic Goose,20.0
188370,2015-09-25,Canada,Discount Stickers,Holographic Goose,800.0
188375,2015-09-25,Canada,Stickers for Less,Holographic Goose,800.0
188415,2015-09-25,Kenya,Discount Stickers,Holographic Goose,20.0
188460,2015-09-26,Canada,Discount Stickers,Holographic Goose,800.0
188465,2015-09-26,Canada,Stickers for Less,Holographic Goose,800.0
188505,2015-09-26,Kenya,Discount Stickers,Holographic Goose,20.0
188550,2015-09-27,Canada,Discount Stickers,Holographic Goose,800.0
188595,2015-09-27,Kenya,Discount Stickers,Holographic Goose,20.0
188640,2015-09-28,Canada,Discount Stickers,Holographic Goose,800.0
188645,2015-09-28,Canada,Stickers for Less,Holographic Goose,800.0
188685,2015-09-28,Kenya,Discount Stickers,Holographic Goose,20.0
188730,2015-09-29,Canada,Discount Stickers,Holographic Goose,800.0
188735,2015-09-29,Canada,Stickers for Less,Holographic Goose,800.0
188775,2015-09-29,Kenya,Discount Stickers,Holographic Goose,20.0
188820,2015-09-30,Canada,Discount Stickers,Holographic Goose,800.0
188825,2015-09-30,Canada,Stickers for Less,Holographic Goose,800.0
188830,2015-09-30,Canada,Premium Sticker Mart,Holographic Goose,800.0
188865,2015-09-30,Kenya,Discount Stickers,Holographic Goose,20.0
188910,2015-10-01,Canada,Discount Stickers,Holographic Goose,800.0
188915,2015-10-01,Canada,Stickers for Less,Holographic Goose,800.0
188920,2015-10-01,Canada,Premium Sticker Mart,Holographic Goose,800.0
188955,2015-10-01,Kenya,Discount Stickers,Holographic Goose,20.0
189000,2015-10-02,Canada,Discount Stickers,Holographic Goose,800.0
189005,2015-10-02,Canada,Stickers for Less,Holographic Goose,800.0
189045,2015-10-02,Kenya,Discount Stickers,Holographic Goose,20.0
189090,2015-10-03,Canada,Discount Stickers,Holographic Goose,800.0
189095,2015-10-03,Canada,Stickers for Less,Holographic Goose,800.0
189135,2015-10-03,Kenya,Discount Stickers,Holographic Goose,20.0
189180,2015-10-04,Canada,Discount Stickers,Holographic Goose,800.0
189225,2015-10-04,Kenya,Discount Stickers,Holographic Goose,20.0
189270,2015-10-05,Canada,Discount Stickers,Holographic Goose,800.0
189275,2015-10-05,Canada,Stickers for Less,Holographic Goose,800.0
189315,2015-10-05,Kenya,Discount Stickers,Holographic Goose,20.0
189360,2015-10-06,Canada,Discount Stickers,Holographic Goose,800.0
189365,2015-10-06,Canada,Stickers for Less,Holographic Goose,800.0
189405,2015-10-06,Kenya,Discount Stickers,Holographic Goose,20.0
189450,2015-10-07,Canada,Discount Stickers,Holographic Goose,800.0
189455,2015-10-07,Canada,Stickers for Less,Holographic Goose,800.0
189495,2015-10-07,Kenya,Discount Stickers,Holographic Goose,20.0
189540,2015-10-08,Canada,Discount Stickers,Holographic Goose,800.0
189545,2015-10-08,Canada,Stickers for Less,Holographic Goose,800.0
189550,2015-10-08,Canada,Premium Sticker Mart,Holographic Goose,800.0
189585,2015-10-08,Kenya,Discount Stickers,Holographic Goose,20.0
189630,2015-10-09,Canada,Discount Stickers,Holographic Goose,800.0
189635,2015-10-09,Canada,Stickers for Less,Holographic Goose,800.0
189675,2015-10-09,Kenya,Discount Stickers,Holographic Goose,20.0
189720,2015-10-10,Canada,Discount Stickers,Holographic Goose,800.0
189725,2015-10-10,Canada,Stickers for Less,Holographic Goose,800.0
189765,2015-10-10,Kenya,Discount Stickers,Holographic Goose,20.0
189810,2015-10-11,Canada,Discount Stickers,Holographic Goose,800.0
189855,2015-10-11,Kenya,Discount Stickers,Holographic Goose,20.0
189900,2015-10-12,Canada,Discount Stickers,Holographic Goose,800.0
189905,2015-10-12,Canada,Stickers for Less,Holographic Goose,800.0
189945,2015-10-12,Kenya,Discount Stickers,Holographic Goose,20.0
189990,2015-10-13,Canada,Discount Stickers,Holographic Goose,800.0
189995,2015-10-13,Canada,Stickers for Less,Holographic Goose,800.0
190035,2015-10-13,Kenya,Discount Stickers,Holographic Goose,20.0
190080,2015-10-14,Canada,Discount Stickers,Holographic Goose,800.0
190085,2015-10-14,Canada,Stickers for Less,Holographic Goose,800.0
190125,2015-10-14,Kenya,Discount Stickers,Holographic Goose,20.0
190170,2015-10-15,Canada,Discount Stickers,Holographic Goose,800.0
190175,2015-10-15,Canada,Stickers for Less,Holographic Goose,800.0
190180,2015-10-15,Canada,Premium Sticker Mart,Holographic Goose,800.0
190215,2015-10-15,Kenya,Discount Stickers,Holographic Goose,20.0
190260,2015-10-16,Canada,Discount Stickers,Holographic Goose,800.0
190265,2015-10-16,Canada,Stickers for Less,Holographic Goose,800.0
190305,2015-10-16,Kenya,Discount Stickers,Holographic Goose,20.0
190350,2015-10-17,Canada,Discount Stickers,Holographic Goose,800.0
190395,2015-10-17,Kenya,Discount Stickers,Holographic Goose,20.0
190440,2015-10-18,Canada,Discount Stickers,Holographic Goose,800.0
190445,2015-10-18,Canada,Stickers for Less,Holographic Goose,800.0
190485,2015-10-18,Kenya,Discount Stickers,Holographic Goose,20.0
190530,2015-10-19,Canada,Discount Stickers,Holographic Goose,800.0
190535,2015-10-19,Canada,Stickers for Less,Holographic Goose,800.0
190575,2015-10-19,Kenya,Discount Stickers,Holographic Goose,20.0
190620,2015-10-20,Canada,Discount Stickers,Holographic Goose,800.0
190625,2015-10-20,Canada,Stickers for Less,Holographic Goose,800.0
190665,2015-10-20,Kenya,Discount Stickers,Holographic Goose,20.0
190710,2015-10-21,Canada,Discount Stickers,Holographic Goose,800.0
190715,2015-10-21,Canada,Stickers for Less,Holographic Goose,800.0
190755,2015-10-21,Kenya,Discount Stickers,Holographic Goose,20.0
190800,2015-10-22,Canada,Discount Stickers,Holographic Goose,800.0
190805,2015-10-22,Canada,Stickers for Less,Holographic Goose,800.0
190810,2015-10-22,Canada,Premium Sticker Mart,Holographic Goose,800.0
190845,2015-10-22,Kenya,Discount Stickers,Holographic Goose,20.0
190890,2015-10-23,Canada,Discount Stickers,Holographic Goose,800.0
190935,2015-10-23,Kenya,Discount Stickers,Holographic Goose,20.0
190980,2015-10-24,Canada,Discount Stickers,Holographic Goose,800.0
190985,2015-10-24,Canada,Stickers for Less,Holographic Goose,800.0
191025,2015-10-24,Kenya,Discount Stickers,Holographic Goose,20.0
191070,2015-10-25,Canada,Discount Stickers,Holographic Goose,800.0
191115,2015-10-25,Kenya,Discount Stickers,Holographic Goose,20.0
191160,2015-10-26,Canada,Discount Stickers,Holographic Goose,800.0
191165,2015-10-26,Canada,Stickers for Less,Holographic Goose,800.0
191205,2015-10-26,Kenya,Discount Stickers,Holographic Goose,20.0
191250,2015-10-27,Canada,Discount Stickers,Holographic Goose,800.0
191255,2015-10-27,Canada,Stickers for Less,Holographic Goose,800.0
191295,2015-10-27,Kenya,Discount Stickers,Holographic Goose,20.0
191340,2015-10-28,Canada,Discount Stickers,Holographic Goose,800.0
191345,2015-10-28,Canada,Stickers for Less,Holographic Goose,800.0
191385,2015-10-28,Kenya,Discount Stickers,Holographic Goose,20.0
191430,2015-10-29,Canada,Discount Stickers,Holographic Goose,800.0
191435,2015-10-29,Canada,Stickers for Less,Holographic Goose,800.0
191475,2015-10-29,Kenya,Discount Stickers,Holographic Goose,20.0
191520,2015-10-30,Canada,Discount Stickers,Holographic Goose,800.0
191525,2015-10-30,Canada,Stickers for Less,Holographic Goose,800.0
191565,2015-10-30,Kenya,Discount Stickers,Holographic Goose,20.0
191610,2015-10-31,Canada,Discount Stickers,Holographic Goose,800.0
191655,2015-10-31,Kenya,Discount Stickers,Holographic Goose,20.0
191700,2015-11-01,Canada,Discount Stickers,Holographic Goose,800.0
191745,2015-11-01,Kenya,Discount Stickers,Holographic Goose,20.0
191790,2015-11-02,Canada,Discount Stickers,Holographic Goose,800.0
191795,2015-11-02,Canada,Stickers for Less,Holographic Goose,800.0
191835,2015-11-02,Kenya,Discount Stickers,Holographic Goose,20.0
191880,2015-11-03,Canada,Discount Stickers,Holographic Goose,800.0
191885,2015-11-03,Canada,Stickers for Less,Holographic Goose,800.0
191925,2015-11-03,Kenya,Discount Stickers,Holographic Goose,20.0
191970,2015-11-04,Canada,Discount Stickers,Holographic Goose,800.0
191975,2015-11-04,Canada,Stickers for Less,Holographic Goose,800.0
192015,2015-11-04,Kenya,Discount Stickers,Holographic Goose,20.0
192060,2015-11-05,Canada,Discount Stickers,Holographic Goose,800.0
192065,2015-11-05,Canada,Stickers for Less,Holographic Goose,800.0
192105,2015-11-05,Kenya,Discount Stickers,Holographic Goose,20.0
192150,2015-11-06,Canada,Discount Stickers,Holographic Goose,800.0
192195,2015-11-06,Kenya,Discount Stickers,Holographic Goose,20.0
192240,2015-11-07,Canada,Discount Stickers,Holographic Goose,800.0
192285,2015-11-07,Kenya,Discount Stickers,Holographic Goose,20.0
192330,2015-11-08,Canada,Discount Stickers,Holographic Goose,800.0
192375,2015-11-08,Kenya,Discount Stickers,Holographic Goose,20.0
192420,2015-11-09,Canada,Discount Stickers,Holographic Goose,800.0
192425,2015-11-09,Canada,Stickers for Less,Holographic Goose,800.0
192465,2015-11-09,Kenya,Discount Stickers,Holographic Goose,20.0
192510,2015-11-10,Canada,Discount Stickers,Holographic Goose,800.0
192515,2015-11-10,Canada,Stickers for Less,Holographic Goose,800.0
192555,2015-11-10,Kenya,Discount Stickers,Holographic Goose,20.0
192600,2015-11-11,Canada,Discount Stickers,Holographic Goose,800.0
192605,2015-11-11,Canada,Stickers for Less,Holographic Goose,800.0
192645,2015-11-11,Kenya,Discount Stickers,Holographic Goose,20.0
192690,2015-11-12,Canada,Discount Stickers,Holographic Goose,800.0
192695,2015-11-12,Canada,Stickers for Less,Holographic Goose,800.0
192735,2015-11-12,Kenya,Discount Stickers,Holographic Goose,20.0
192780,2015-11-13,Canada,Discount Stickers,Holographic Goose,800.0
192785,2015-11-13,Canada,Stickers for Less,Holographic Goose,800.0
192825,2015-11-13,Kenya,Discount Stickers,Holographic Goose,20.0
192870,2015-11-14,Canada,Discount Stickers,Holographic Goose,800.0
192875,2015-11-14,Canada,Stickers for Less,Holographic Goose,800.0
192915,2015-11-14,Kenya,Discount Stickers,Holographic Goose,20.0
192960,2015-11-15,Canada,Discount Stickers,Holographic Goose,800.0
193005,2015-11-15,Kenya,Discount Stickers,Holographic Goose,20.0
193050,2015-11-16,Canada,Discount Stickers,Holographic Goose,800.0
193055,2015-11-16,Canada,Stickers for Less,Holographic Goose,800.0
193095,2015-11-16,Kenya,Discount Stickers,Holographic Goose,20.0
193140,2015-11-17,Canada,Discount Stickers,Holographic Goose,800.0
193145,2015-11-17,Canada,Stickers for Less,Holographic Goose,800.0
193185,2015-11-17,Kenya,Discount Stickers,Holographic Goose,20.0
193230,2015-11-18,Canada,Discount Stickers,Holographic Goose,800.0
193235,2015-11-18,Canada,Stickers for Less,Holographic Goose,800.0
193275,2015-11-18,Kenya,Discount Stickers,Holographic Goose,20.0
193320,2015-11-19,Canada,Discount Stickers,Holographic Goose,800.0
193325,2015-11-19,Canada,Stickers for Less,Holographic Goose,800.0
193365,2015-11-19,Kenya,Discount Stickers,Holographic Goose,20.0
193410,2015-11-20,Canada,Discount Stickers,Holographic Goose,800.0
193455,2015-11-20,Kenya,Discount Stickers,Holographic Goose,20.0
193500,2015-11-21,Canada,Discount Stickers,Holographic Goose,800.0
193545,2015-11-21,Kenya,Discount Stickers,Holographic Goose,20.0
193590,2015-11-22,Canada,Discount Stickers,Holographic Goose,800.0
193635,2015-11-22,Kenya,Discount Stickers,Holographic Goose,20.0
193680,2015-11-23,Canada,Discount Stickers,Holographic Goose,800.0
193685,2015-11-23,Canada,Stickers for Less,Holographic Goose,800.0
193725,2015-11-23,Kenya,Discount Stickers,Holographic Goose,20.0
193770,2015-11-24,Canada,Discount Stickers,Holographic Goose,800.0
193775,2015-11-24,Canada,Stickers for Less,Holographic Goose,800.0
193815,2015-11-24,Kenya,Discount Stickers,Holographic Goose,20.0
193860,2015-11-25,Canada,Discount Stickers,Holographic Goose,800.0
193905,2015-11-25,Kenya,Discount Stickers,Holographic Goose,20.0
193950,2015-11-26,Canada,Discount Stickers,Holographic Goose,800.0
193955,2015-11-26,Canada,Stickers for Less,Holographic Goose,800.0
193995,2015-11-26,Kenya,Discount Stickers,Holographic Goose,20.0
194040,2015-11-27,Canada,Discount Stickers,Holographic Goose,800.0
194085,2015-11-27,Kenya,Discount Stickers,Holographic Goose,20.0
194130,2015-11-28,Canada,Discount Stickers,Holographic Goose,800.0
194175,2015-11-28,Kenya,Discount Stickers,Holographic Goose,20.0
194220,2015-11-29,Canada,Discount Stickers,Holographic Goose,800.0
194265,2015-11-29,Kenya,Discount Stickers,Holographic Goose,20.0
194310,2015-11-30,Canada,Discount Stickers,Holographic Goose,800.0
194355,2015-11-30,Kenya,Discount Stickers,Holographic Goose,20.0
194400,2015-12-01,Canada,Discount Stickers,Holographic Goose,800.0
194405,2015-12-01,Canada,Stickers for Less,Holographic Goose,800.0
194445,2015-12-01,Kenya,Discount Stickers,Holographic Goose,20.0
194490,2015-12-02,Canada,Discount Stickers,Holographic Goose,800.0
194495,2015-12-02,Canada,Stickers for Less,Holographic Goose,800.0
194535,2015-12-02,Kenya,Discount Stickers,Holographic Goose,20.0
194580,2015-12-03,Canada,Discount Stickers,Holographic Goose,800.0
194585,2015-12-03,Canada,Stickers for Less,Holographic Goose,800.0
194625,2015-12-03,Kenya,Discount Stickers,Holographic Goose,20.0
194670,2015-12-04,Canada,Discount Stickers,Holographic Goose,800.0
194715,2015-12-04,Kenya,Discount Stickers,Holographic Goose,20.0
194760,2015-12-05,Canada,Discount Stickers,Holographic Goose,800.0
194805,2015-12-05,Kenya,Discount Stickers,Holographic Goose,20.0
194850,2015-12-06,Canada,Discount Stickers,Holographic Goose,800.0
194895,2015-12-06,Kenya,Discount Stickers,Holographic Goose,20.0
194940,2015-12-07,Canada,Discount Stickers,Holographic Goose,800.0
194945,2015-12-07,Canada,Stickers for Less,Holographic Goose,800.0
194985,2015-12-07,Kenya,Discount Stickers,Holographic Goose,20.0
195030,2015-12-08,Canada,Discount Stickers,Holographic Goose,800.0
195035,2015-12-08,Canada,Stickers for Less,Holographic Goose,800.0
195075,2015-12-08,Kenya,Discount Stickers,Holographic Goose,20.0
195080,2015-12-08,Kenya,Stickers for Less,Holographic Goose,20.0
195120,2015-12-09,Canada,Discount Stickers,Holographic Goose,800.0
195125,2015-12-09,Canada,Stickers for Less,Holographic Goose,800.0
195165,2015-12-09,Kenya,Discount Stickers,Holographic Goose,20.0
195210,2015-12-10,Canada,Discount Stickers,Holographic Goose,800.0
195255,2015-12-10,Kenya,Discount Stickers,Holographic Goose,20.0
195300,2015-12-11,Canada,Discount Stickers,Holographic Goose,800.0
195345,2015-12-11,Kenya,Discount Stickers,Holographic Goose,20.0
195390,2015-12-12,Canada,Discount Stickers,Holographic Goose,800.0
195435,2015-12-12,Kenya,Discount Stickers,Holographic Goose,20.0
195480,2015-12-13,Canada,Discount Stickers,Holographic Goose,800.0
195525,2015-12-13,Kenya,Discount Stickers,Holographic Goose,20.0
195570,2015-12-14,Canada,Discount Stickers,Holographic Goose,800.0
195615,2015-12-14,Kenya,Discount Stickers,Holographic Goose,20.0
195660,2015-12-15,Canada,Discount Stickers,Holographic Goose,800.0
195665,2015-12-15,Canada,Stickers for Less,Holographic Goose,800.0
195705,2015-12-15,Kenya,Discount Stickers,Holographic Goose,20.0
195750,2015-12-16,Canada,Discount Stickers,Holographic Goose,800.0
195755,2015-12-16,Canada,Stickers for Less,Holographic Goose,800.0
195795,2015-12-16,Kenya,Discount Stickers,Holographic Goose,20.0
195840,2015-12-17,Canada,Discount Stickers,Holographic Goose,800.0
195885,2015-12-17,Kenya,Discount Stickers,Holographic Goose,20.0
195930,2015-12-18,Canada,Discount Stickers,Holographic Goose,800.0
195935,2015-12-18,Canada,Stickers for Less,Holographic Goose,800.0
195975,2015-12-18,Kenya,Discount Stickers,Holographic Goose,20.0
196020,2015-12-19,Canada,Discount Stickers,Holographic Goose,800.0
196065,2015-12-19,Kenya,Discount Stickers,Holographic Goose,20.0
196110,2015-12-20,Canada,Discount Stickers,Holographic Goose,800.0
196155,2015-12-20,Kenya,Discount Stickers,Holographic Goose,20.0
196200,2015-12-21,Canada,Discount Stickers,Holographic Goose,800.0
196205,2015-12-21,Canada,Stickers for Less,Holographic Goose,800.0
196245,2015-12-21,Kenya,Discount Stickers,Holographic Goose,20.0
196290,2015-12-22,Canada,Discount Stickers,Holographic Goose,800.0
196335,2015-12-22,Kenya,Discount Stickers,Holographic Goose,20.0
196380,2015-12-23,Canada,Discount Stickers,Holographic Goose,800.0
196385,2015-12-23,Canada,Stickers for Less,Holographic Goose,800.0
196425,2015-12-23,Kenya,Discount Stickers,Holographic Goose,20.0
196470,2015-12-24,Canada,Discount Stickers,Holographic Goose,800.0
196475,2015-12-24,Canada,Stickers for Less,Holographic Goose,800.0
196515,2015-12-24,Kenya,Discount Stickers,Holographic Goose,20.0
196560,2015-12-25,Canada,Discount Stickers,Holographic Goose,800.0
196605,2015-12-25,Kenya,Discount Stickers,Holographic Goose,20.0
196650,2015-12-26,Canada,Discount Stickers,Holographic Goose,800.0
196695,2015-12-26,Kenya,Discount Stickers,Holographic Goose,20.0
196740,2015-12-27,Canada,Discount Stickers,Holographic Goose,800.0
196785,2015-12-27,Kenya,Discount Stickers,Holographic Goose,20.0
196830,2015-12-28,Canada,Discount Stickers,Holographic Goose,800.0
196875,2015-12-28,Kenya,Discount Stickers,Holographic Goose,20.0
196920,2015-12-29,Canada,Discount Stickers,Holographic Goose,800.0
196965,2015-12-29,Kenya,Discount Stickers,Holographic Goose,20.0
197010,2015-12-30,Canada,Discount Stickers,Holographic Goose,800.0
197055,2015-12-30,Kenya,Discount Stickers,Holographic Goose,20.0
197100,2015-12-31,Canada,Discount Stickers,Holographic Goose,800.0
197145,2015-12-31,Kenya,Discount Stickers,Holographic Goose,20.0
197190,2016-01-01,Canada,Discount Stickers,Holographic Goose,800.0
197235,2016-01-01,Kenya,Discount Stickers,Holographic Goose,20.0
197280,2016-01-02,Canada,Discount Stickers,Holographic Goose,800.0
197325,2016-01-02,Kenya,Discount Stickers,Holographic Goose,20.0
197370,2016-01-03,Canada,Discount Stickers,Holographic Goose,800.0
197415,2016-01-03,Kenya,Discount Stickers,Holographic Goose,20.0
197460,2016-01-04,Canada,Discount Stickers,Holographic Goose,800.0
197505,2016-01-04,Kenya,Discount Stickers,Holographic Goose,20.0
197550,2016-01-05,Canada,Discount Stickers,Holographic Goose,800.0
197595,2016-01-05,Kenya,Discount Stickers,Holographic Goose,20.0
197640,2016-01-06,Canada,Discount Stickers,Holographic Goose,800.0
197685,2016-01-06,Kenya,Discount Stickers,Holographic Goose,20.0
197730,2016-01-07,Canada,Discount Stickers,Holographic Goose,800.0
197775,2016-01-07,Kenya,Discount Stickers,Holographic Goose,20.0
197820,2016-01-08,Canada,Discount Stickers,Holographic Goose,800.0
197865,2016-01-08,Kenya,Discount Stickers,Holographic Goose,20.0
197910,2016-01-09,Canada,Discount Stickers,Holographic Goose,800.0
197955,2016-01-09,Kenya,Discount Stickers,Holographic Goose,20.0
198000,2016-01-10,Canada,Discount Stickers,Holographic Goose,800.0
198045,2016-01-10,Kenya,Discount Stickers,Holographic Goose,20.0
198090,2016-01-11,Canada,Discount Stickers,Holographic Goose,800.0
198135,2016-01-11,Kenya,Discount Stickers,Holographic Goose,20.0
198180,2016-01-12,Canada,Discount Stickers,Holographic Goose,800.0
198185,2016-01-12,Canada,Stickers for Less,Holographic Goose,800.0
198225,2016-01-12,Kenya,Discount Stickers,Holographic Goose,20.0
198270,2016-01-13,Canada,Discount Stickers,Holographic Goose,800.0
198275,2016-01-13,Canada,Stickers for Less,Holographic Goose,800.0
198315,2016-01-13,Kenya,Discount Stickers,Holographic Goose,20.0
198360,2016-01-14,Canada,Discount Stickers,Holographic Goose,800.0
198365,2016-01-14,Canada,Stickers for Less,Holographic Goose,800.0
198405,2016-01-14,Kenya,Discount Stickers,Holographic Goose,20.0
198450,2016-01-15,Canada,Discount Stickers,Holographic Goose,800.0
198495,2016-01-15,Kenya,Discount Stickers,Holographic Goose,20.0
198540,2016-01-16,Canada,Discount Stickers,Holographic Goose,800.0
198585,2016-01-16,Kenya,Discount Stickers,Holographic Goose,20.0
198630,2016-01-17,Canada,Discount Stickers,Holographic Goose,800.0
198675,2016-01-17,Kenya,Discount Stickers,Holographic Goose,20.0
198720,2016-01-18,Canada,Discount Stickers,Holographic Goose,800.0
198765,2016-01-18,Kenya,Discount Stickers,Holographic Goose,20.0
198810,2016-01-19,Canada,Discount Stickers,Holographic Goose,800.0
198815,2016-01-19,Canada,Stickers for Less,Holographic Goose,800.0
198855,2016-01-19,Kenya,Discount Stickers,Holographic Goose,20.0
198900,2016-01-20,Canada,Discount Stickers,Holographic Goose,800.0
198905,2016-01-20,Canada,Stickers for Less,Holographic Goose,800.0
198945,2016-01-20,Kenya,Discount Stickers,Holographic Goose,20.0
198990,2016-01-21,Canada,Discount Stickers,Holographic Goose,800.0
198995,2016-01-21,Canada,Stickers for Less,Holographic Goose,800.0
199035,2016-01-21,Kenya,Discount Stickers,Holographic Goose,20.0
199080,2016-01-22,Canada,Discount Stickers,Holographic Goose,800.0
199085,2016-01-22,Canada,Stickers for Less,Holographic Goose,800.0
199125,2016-01-22,Kenya,Discount Stickers,Holographic Goose,20.0
199170,2016-01-23,Canada,Discount Stickers,Holographic Goose,800.0
199215,2016-01-23,Kenya,Discount Stickers,Holographic Goose,20.0
199260,2016-01-24,Canada,Discount Stickers,Holographic Goose,800.0
199305,2016-01-24,Kenya,Discount Stickers,Holographic Goose,20.0
199350,2016-01-25,Canada,Discount Stickers,Holographic Goose,800.0
199395,2016-01-25,Kenya,Discount Stickers,Holographic Goose,20.0
199440,2016-01-26,Canada,Discount Stickers,Holographic Goose,800.0
199485,2016-01-26,Kenya,Discount Stickers,Holographic Goose,20.0
199530,2016-01-27,Canada,Discount Stickers,Holographic Goose,800.0
199535,2016-01-27,Canada,Stickers for Less,Holographic Goose,800.0
199575,2016-01-27,Kenya,Discount Stickers,Holographic Goose,20.0
199620,2016-01-28,Canada,Discount Stickers,Holographic Goose,800.0
199625,2016-01-28,Canada,Stickers for Less,Holographic Goose,800.0
199665,2016-01-28,Kenya,Discount Stickers,Holographic Goose,20.0
199710,2016-01-29,Canada,Discount Stickers,Holographic Goose,800.0
199715,2016-01-29,Canada,Stickers for Less,Holographic Goose,800.0
199755,2016-01-29,Kenya,Discount Stickers,Holographic Goose,20.0
199800,2016-01-30,Canada,Discount Stickers,Holographic Goose,800.0
199845,2016-01-30,Kenya,Discount Stickers,Holographic Goose,20.0
199890,2016-01-31,Canada,Discount Stickers,Holographic Goose,800.0
199935,2016-01-31,Kenya,Discount Stickers,Holographic Goose,20.0
199980,2016-02-01,Canada,Discount Stickers,Holographic Goose,800.0
199985,2016-02-01,Canada,Stickers for Less,Holographic Goose,800.0
200025,2016-02-01,Kenya,Discount Stickers,Holographic Goose,20.0
200070,2016-02-02,Canada,Discount Stickers,Holographic Goose,800.0
200075,2016-02-02,Canada,Stickers for Less,Holographic Goose,800.0
200115,2016-02-02,Kenya,Discount Stickers,Holographic Goose,20.0
200160,2016-02-03,Canada,Discount Stickers,Holographic Goose,800.0
200165,2016-02-03,Canada,Stickers for Less,Holographic Goose,800.0
200205,2016-02-03,Kenya,Discount Stickers,Holographic Goose,20.0
200250,2016-02-04,Canada,Discount Stickers,Holographic Goose,800.0
200255,2016-02-04,Canada,Stickers for Less,Holographic Goose,800.0
200295,2016-02-04,Kenya,Discount Stickers,Holographic Goose,20.0
200340,2016-02-05,Canada,Discount Stickers,Holographic Goose,800.0
200385,2016-02-05,Kenya,Discount Stickers,Holographic Goose,20.0
200430,2016-02-06,Canada,Discount Stickers,Holographic Goose,800.0
200475,2016-02-06,Kenya,Discount Stickers,Holographic Goose,20.0
200520,2016-02-07,Canada,Discount Stickers,Holographic Goose,800.0
200565,2016-02-07,Kenya,Discount Stickers,Holographic Goose,20.0
200610,2016-02-08,Canada,Discount Stickers,Holographic Goose,800.0
200615,2016-02-08,Canada,Stickers for Less,Holographic Goose,800.0
200655,2016-02-08,Kenya,Discount Stickers,Holographic Goose,20.0
200700,2016-02-09,Canada,Discount Stickers,Holographic Goose,800.0
200705,2016-02-09,Canada,Stickers for Less,Holographic Goose,800.0
200745,2016-02-09,Kenya,Discount Stickers,Holographic Goose,20.0
200790,2016-02-10,Canada,Discount Stickers,Holographic Goose,800.0
200835,2016-02-10,Kenya,Discount Stickers,Holographic Goose,20.0
200880,2016-02-11,Canada,Discount Stickers,Holographic Goose,800.0
200885,2016-02-11,Canada,Stickers for Less,Holographic Goose,800.0
200925,2016-02-11,Kenya,Discount Stickers,Holographic Goose,20.0
200970,2016-02-12,Canada,Discount Stickers,Holographic Goose,800.0
201015,2016-02-12,Kenya,Discount Stickers,Holographic Goose,20.0
201060,2016-02-13,Canada,Discount Stickers,Holographic Goose,800.0
201065,2016-02-13,Canada,Stickers for Less,Holographic Goose,800.0
201105,2016-02-13,Kenya,Discount Stickers,Holographic Goose,20.0
201150,2016-02-14,Canada,Discount Stickers,Holographic Goose,800.0
201195,2016-02-14,Kenya,Discount Stickers,Holographic Goose,20.0
201240,2016-02-15,Canada,Discount Stickers,Holographic Goose,800.0
201245,2016-02-15,Canada,Stickers for Less,Holographic Goose,800.0
201250,2016-02-15,Canada,Premium Sticker Mart,Holographic Goose,800.0
201285,2016-02-15,Kenya,Discount Stickers,Holographic Goose,20.0
201330,2016-02-16,Canada,Discount Stickers,Holographic Goose,800.0
201375,2016-02-16,Kenya,Discount Stickers,Holographic Goose,20.0
201420,2016-02-17,Canada,Discount Stickers,Holographic Goose,800.0
201425,2016-02-17,Canada,Stickers for Less,Holographic Goose,800.0
201465,2016-02-17,Kenya,Discount Stickers,Holographic Goose,20.0
201510,2016-02-18,Canada,Discount Stickers,Holographic Goose,800.0
201515,2016-02-18,Canada,Stickers for Less,Holographic Goose,800.0
201555,2016-02-18,Kenya,Discount Stickers,Holographic Goose,20.0
201600,2016-02-19,Canada,Discount Stickers,Holographic Goose,800.0
201605,2016-02-19,Canada,Stickers for Less,Holographic Goose,800.0
201645,2016-02-19,Kenya,Discount Stickers,Holographic Goose,20.0
201690,2016-02-20,Canada,Discount Stickers,Holographic Goose,800.0
201735,2016-02-20,Kenya,Discount Stickers,Holographic Goose,20.0
201780,2016-02-21,Canada,Discount Stickers,Holographic Goose,800.0
201825,2016-02-21,Kenya,Discount Stickers,Holographic Goose,20.0
201870,2016-02-22,Canada,Discount Stickers,Holographic Goose,800.0
201875,2016-02-22,Canada,Stickers for Less,Holographic Goose,800.0
201915,2016-02-22,Kenya,Discount Stickers,Holographic Goose,20.0
201960,2016-02-23,Canada,Discount Stickers,Holographic Goose,800.0
201965,2016-02-23,Canada,Stickers for Less,Holographic Goose,800.0
202005,2016-02-23,Kenya,Discount Stickers,Holographic Goose,20.0
202050,2016-02-24,Canada,Discount Stickers,Holographic Goose,800.0
202055,2016-02-24,Canada,Stickers for Less,Holographic Goose,800.0
202095,2016-02-24,Kenya,Discount Stickers,Holographic Goose,20.0
202140,2016-02-25,Canada,Discount Stickers,Holographic Goose,800.0
202145,2016-02-25,Canada,Stickers for Less,Holographic Goose,800.0
202185,2016-02-25,Kenya,Discount Stickers,Holographic Goose,20.0
202230,2016-02-26,Canada,Discount Stickers,Holographic Goose,800.0
202235,2016-02-26,Canada,Stickers for Less,Holographic Goose,800.0
202275,2016-02-26,Kenya,Discount Stickers,Holographic Goose,20.0
202320,2016-02-27,Canada,Discount Stickers,Holographic Goose,800.0
202325,2016-02-27,Canada,Stickers for Less,Holographic Goose,800.0
202365,2016-02-27,Kenya,Discount Stickers,Holographic Goose,20.0
202410,2016-02-28,Canada,Discount Stickers,Holographic Goose,800.0
202455,2016-02-28,Kenya,Discount Stickers,Holographic Goose,20.0
202500,2016-02-29,Canada,Discount Stickers,Holographic Goose,800.0
202505,2016-02-29,Canada,Stickers for Less,Holographic Goose,800.0
202545,2016-02-29,Kenya,Discount Stickers,Holographic Goose,20.0
202590,2016-03-01,Canada,Discount Stickers,Holographic Goose,800.0
202595,2016-03-01,Canada,Stickers for Less,Holographic Goose,800.0
202600,2016-03-01,Canada,Premium Sticker Mart,Holographic Goose,800.0
202635,2016-03-01,Kenya,Discount Stickers,Holographic Goose,20.0
202680,2016-03-02,Canada,Discount Stickers,Holographic Goose,800.0
202685,2016-03-02,Canada,Stickers for Less,Holographic Goose,800.0
202725,2016-03-02,Kenya,Discount Stickers,Holographic Goose,20.0
202770,2016-03-03,Canada,Discount Stickers,Holographic Goose,800.0
202775,2016-03-03,Canada,Stickers for Less,Holographic Goose,800.0
202815,2016-03-03,Kenya,Discount Stickers,Holographic Goose,20.0
202860,2016-03-04,Canada,Discount Stickers,Holographic Goose,800.0
202865,2016-03-04,Canada,Stickers for Less,Holographic Goose,800.0
202905,2016-03-04,Kenya,Discount Stickers,Holographic Goose,20.0
202950,2016-03-05,Canada,Discount Stickers,Holographic Goose,800.0
202955,2016-03-05,Canada,Stickers for Less,Holographic Goose,800.0
202995,2016-03-05,Kenya,Discount Stickers,Holographic Goose,20.0
203040,2016-03-06,Canada,Discount Stickers,Holographic Goose,800.0
203085,2016-03-06,Kenya,Discount Stickers,Holographic Goose,20.0
203130,2016-03-07,Canada,Discount Stickers,Holographic Goose,800.0
203135,2016-03-07,Canada,Stickers for Less,Holographic Goose,800.0
203140,2016-03-07,Canada,Premium Sticker Mart,Holographic Goose,800.0
203175,2016-03-07,Kenya,Discount Stickers,Holographic Goose,20.0
203220,2016-03-08,Canada,Discount Stickers,Holographic Goose,800.0
203225,2016-03-08,Canada,Stickers for Less,Holographic Goose,800.0
203265,2016-03-08,Kenya,Discount Stickers,Holographic Goose,20.0
203310,2016-03-09,Canada,Discount Stickers,Holographic Goose,800.0
203315,2016-03-09,Canada,Stickers for Less,Holographic Goose,800.0
203355,2016-03-09,Kenya,Discount Stickers,Holographic Goose,20.0
203400,2016-03-10,Canada,Discount Stickers,Holographic Goose,800.0
203405,2016-03-10,Canada,Stickers for Less,Holographic Goose,800.0
203445,2016-03-10,Kenya,Discount Stickers,Holographic Goose,20.0
203490,2016-03-11,Canada,Discount Stickers,Holographic Goose,800.0
203495,2016-03-11,Canada,Stickers for Less,Holographic Goose,800.0
203535,2016-03-11,Kenya,Discount Stickers,Holographic Goose,20.0
203580,2016-03-12,Canada,Discount Stickers,Holographic Goose,800.0
203585,2016-03-12,Canada,Stickers for Less,Holographic Goose,800.0
203625,2016-03-12,Kenya,Discount Stickers,Holographic Goose,20.0
203670,2016-03-13,Canada,Discount Stickers,Holographic Goose,800.0
203715,2016-03-13,Kenya,Discount Stickers,Holographic Goose,20.0
203760,2016-03-14,Canada,Discount Stickers,Holographic Goose,800.0
203765,2016-03-14,Canada,Stickers for Less,Holographic Goose,800.0
203770,2016-03-14,Canada,Premium Sticker Mart,Holographic Goose,800.0
203805,2016-03-14,Kenya,Discount Stickers,Holographic Goose,20.0
203850,2016-03-15,Canada,Discount Stickers,Holographic Goose,800.0
203855,2016-03-15,Canada,Stickers for Less,Holographic Goose,800.0
203895,2016-03-15,Kenya,Discount Stickers,Holographic Goose,20.0
203940,2016-03-16,Canada,Discount Stickers,Holographic Goose,800.0
203945,2016-03-16,Canada,Stickers for Less,Holographic Goose,800.0
203985,2016-03-16,Kenya,Discount Stickers,Holographic Goose,20.0
204030,2016-03-17,Canada,Discount Stickers,Holographic Goose,800.0
204035,2016-03-17,Canada,Stickers for Less,Holographic Goose,800.0
204040,2016-03-17,Canada,Premium Sticker Mart,Holographic Goose,800.0
204075,2016-03-17,Kenya,Discount Stickers,Holographic Goose,20.0
204120,2016-03-18,Canada,Discount Stickers,Holographic Goose,800.0
204125,2016-03-18,Canada,Stickers for Less,Holographic Goose,800.0
204165,2016-03-18,Kenya,Discount Stickers,Holographic Goose,20.0
204210,2016-03-19,Canada,Discount Stickers,Holographic Goose,800.0
204215,2016-03-19,Canada,Stickers for Less,Holographic Goose,800.0
204255,2016-03-19,Kenya,Discount Stickers,Holographic Goose,20.0
204300,2016-03-20,Canada,Discount Stickers,Holographic Goose,800.0
204305,2016-03-20,Canada,Stickers for Less,Holographic Goose,800.0
204345,2016-03-20,Kenya,Discount Stickers,Holographic Goose,20.0
204390,2016-03-21,Canada,Discount Stickers,Holographic Goose,800.0
204395,2016-03-21,Canada,Stickers for Less,Holographic Goose,800.0
204435,2016-03-21,Kenya,Discount Stickers,Holographic Goose,20.0
204480,2016-03-22,Canada,Discount Stickers,Holographic Goose,800.0
204485,2016-03-22,Canada,Stickers for Less,Holographic Goose,800.0
204490,2016-03-22,Canada,Premium Sticker Mart,Holographic Goose,800.0
204525,2016-03-22,Kenya,Discount Stickers,Holographic Goose,20.0
204570,2016-03-23,Canada,Discount Stickers,Holographic Goose,800.0
204575,2016-03-23,Canada,Stickers for Less,Holographic Goose,800.0
204615,2016-03-23,Kenya,Discount Stickers,Holographic Goose,20.0
204660,2016-03-24,Canada,Discount Stickers,Holographic Goose,800.0
204665,2016-03-24,Canada,Stickers for Less,Holographic Goose,800.0
204670,2016-03-24,Canada,Premium Sticker Mart,Holographic Goose,800.0
204705,2016-03-24,Kenya,Discount Stickers,Holographic Goose,20.0
204750,2016-03-25,Canada,Discount Stickers,Holographic Goose,800.0
204755,2016-03-25,Canada,Stickers for Less,Holographic Goose,800.0
204795,2016-03-25,Kenya,Discount Stickers,Holographic Goose,20.0
204840,2016-03-26,Canada,Discount Stickers,Holographic Goose,800.0
204845,2016-03-26,Canada,Stickers for Less,Holographic Goose,800.0
204885,2016-03-26,Kenya,Discount Stickers,Holographic Goose,20.0
204930,2016-03-27,Canada,Discount Stickers,Holographic Goose,800.0
204975,2016-03-27,Kenya,Discount Stickers,Holographic Goose,20.0
205020,2016-03-28,Canada,Discount Stickers,Holographic Goose,800.0
205025,2016-03-28,Canada,Stickers for Less,Holographic Goose,800.0
205065,2016-03-28,Kenya,Discount Stickers,Holographic Goose,20.0
205110,2016-03-29,Canada,Discount Stickers,Holographic Goose,800.0
205115,2016-03-29,Canada,Stickers for Less,Holographic Goose,800.0
205120,2016-03-29,Canada,Premium Sticker Mart,Holographic Goose,800.0
205155,2016-03-29,Kenya,Discount Stickers,Holographic Goose,20.0
205200,2016-03-30,Canada,Discount Stickers,Holographic Goose,800.0
205205,2016-03-30,Canada,Stickers for Less,Holographic Goose,800.0
205210,2016-03-30,Canada,Premium Sticker Mart,Holographic Goose,800.0
205245,2016-03-30,Kenya,Discount Stickers,Holographic Goose,20.0
205290,2016-03-31,Canada,Discount Stickers,Holographic Goose,800.0
205295,2016-03-31,Canada,Stickers for Less,Holographic Goose,800.0
205300,2016-03-31,Canada,Premium Sticker Mart,Holographic Goose,800.0
205335,2016-03-31,Kenya,Discount Stickers,Holographic Goose,20.0
205380,2016-04-01,Canada,Discount Stickers,Holographic Goose,800.0
205385,2016-04-01,Canada,Stickers for Less,Holographic Goose,800.0
205425,2016-04-01,Kenya,Discount Stickers,Holographic Goose,20.0
205470,2016-04-02,Canada,Discount Stickers,Holographic Goose,800.0
205515,2016-04-02,Kenya,Discount Stickers,Holographic Goose,20.0
205560,2016-04-03,Canada,Discount Stickers,Holographic Goose,800.0
205565,2016-04-03,Canada,Stickers for Less,Holographic Goose,800.0
205605,2016-04-03,Kenya,Discount Stickers,Holographic Goose,20.0
205650,2016-04-04,Canada,Discount Stickers,Holographic Goose,800.0
205655,2016-04-04,Canada,Stickers for Less,Holographic Goose,800.0
205695,2016-04-04,Kenya,Discount Stickers,Holographic Goose,20.0
205740,2016-04-05,Canada,Discount Stickers,Holographic Goose,800.0
205745,2016-04-05,Canada,Stickers for Less,Holographic Goose,800.0
205785,2016-04-05,Kenya,Discount Stickers,Holographic Goose,20.0
205830,2016-04-06,Canada,Discount Stickers,Holographic Goose,800.0
205835,2016-04-06,Canada,Stickers for Less,Holographic Goose,800.0
205875,2016-04-06,Kenya,Discount Stickers,Holographic Goose,20.0
205920,2016-04-07,Canada,Discount Stickers,Holographic Goose,800.0
205925,2016-04-07,Canada,Stickers for Less,Holographic Goose,800.0
205965,2016-04-07,Kenya,Discount Stickers,Holographic Goose,20.0
206010,2016-04-08,Canada,Discount Stickers,Holographic Goose,800.0
206015,2016-04-08,Canada,Stickers for Less,Holographic Goose,800.0
206055,2016-04-08,Kenya,Discount Stickers,Holographic Goose,20.0
206100,2016-04-09,Canada,Discount Stickers,Holographic Goose,800.0
206105,2016-04-09,Canada,Stickers for Less,Holographic Goose,800.0
206145,2016-04-09,Kenya,Discount Stickers,Holographic Goose,20.0
206190,2016-04-10,Canada,Discount Stickers,Holographic Goose,800.0
206235,2016-04-10,Kenya,Discount Stickers,Holographic Goose,20.0
206280,2016-04-11,Canada,Discount Stickers,Holographic Goose,800.0
206285,2016-04-11,Canada,Stickers for Less,Holographic Goose,800.0
206290,2016-04-11,Canada,Premium Sticker Mart,Holographic Goose,800.0
206325,2016-04-11,Kenya,Discount Stickers,Holographic Goose,20.0
206370,2016-04-12,Canada,Discount Stickers,Holographic Goose,800.0
206375,2016-04-12,Canada,Stickers for Less,Holographic Goose,800.0
206380,2016-04-12,Canada,Premium Sticker Mart,Holographic Goose,800.0
206415,2016-04-12,Kenya,Discount Stickers,Holographic Goose,20.0
206460,2016-04-13,Canada,Discount Stickers,Holographic Goose,800.0
206465,2016-04-13,Canada,Stickers for Less,Holographic Goose,800.0
206505,2016-04-13,Kenya,Discount Stickers,Holographic Goose,20.0
206550,2016-04-14,Canada,Discount Stickers,Holographic Goose,800.0
206555,2016-04-14,Canada,Stickers for Less,Holographic Goose,800.0
206560,2016-04-14,Canada,Premium Sticker Mart,Holographic Goose,800.0
206595,2016-04-14,Kenya,Discount Stickers,Holographic Goose,20.0
206640,2016-04-15,Canada,Discount Stickers,Holographic Goose,800.0
206645,2016-04-15,Canada,Stickers for Less,Holographic Goose,800.0
206685,2016-04-15,Kenya,Discount Stickers,Holographic Goose,20.0
206730,2016-04-16,Canada,Discount Stickers,Holographic Goose,800.0
206735,2016-04-16,Canada,Stickers for Less,Holographic Goose,800.0
206775,2016-04-16,Kenya,Discount Stickers,Holographic Goose,20.0
206820,2016-04-17,Canada,Discount Stickers,Holographic Goose,800.0
206865,2016-04-17,Kenya,Discount Stickers,Holographic Goose,20.0
206910,2016-04-18,Canada,Discount Stickers,Holographic Goose,800.0
206915,2016-04-18,Canada,Stickers for Less,Holographic Goose,800.0
206955,2016-04-18,Kenya,Discount Stickers,Holographic Goose,20.0
207000,2016-04-19,Canada,Discount Stickers,Holographic Goose,800.0
207003,2016-04-19,Canada,Discount Stickers,Kerneler,800.0
207005,2016-04-19,Canada,Stickers for Less,Holographic Goose,800.0
207010,2016-04-19,Canada,Premium Sticker Mart,Holographic Goose,800.0
207045,2016-04-19,Kenya,Discount Stickers,Holographic Goose,20.0
207090,2016-04-20,Canada,Discount Stickers,Holographic Goose,800.0
207095,2016-04-20,Canada,Stickers for Less,Holographic Goose,800.0
207135,2016-04-20,Kenya,Discount Stickers,Holographic Goose,20.0
207180,2016-04-21,Canada,Discount Stickers,Holographic Goose,800.0
207185,2016-04-21,Canada,Stickers for Less,Holographic Goose,800.0
207190,2016-04-21,Canada,Premium Sticker Mart,Holographic Goose,800.0
207225,2016-04-21,Kenya,Discount Stickers,Holographic Goose,20.0
207270,2016-04-22,Canada,Discount Stickers,Holographic Goose,800.0
207275,2016-04-22,Canada,Stickers for Less,Holographic Goose,800.0
207315,2016-04-22,Kenya,Discount Stickers,Holographic Goose,20.0
207360,2016-04-23,Canada,Discount Stickers,Holographic Goose,800.0
207365,2016-04-23,Canada,Stickers for Less,Holographic Goose,800.0
207405,2016-04-23,Kenya,Discount Stickers,Holographic Goose,20.0
207450,2016-04-24,Canada,Discount Stickers,Holographic Goose,800.0
207495,2016-04-24,Kenya,Discount Stickers,Holographic Goose,20.0
207540,2016-04-25,Canada,Discount Stickers,Holographic Goose,800.0
207545,2016-04-25,Canada,Stickers for Less,Holographic Goose,800.0
207550,2016-04-25,Canada,Premium Sticker Mart,Holographic Goose,800.0
207585,2016-04-25,Kenya,Discount Stickers,Holographic Goose,20.0
207630,2016-04-26,Canada,Discount Stickers,Holographic Goose,800.0
207635,2016-04-26,Canada,Stickers for Less,Holographic Goose,800.0
207640,2016-04-26,Canada,Premium Sticker Mart,Holographic Goose,800.0
207675,2016-04-26,Kenya,Discount Stickers,Holographic Goose,20.0
207720,2016-04-27,Canada,Discount Stickers,Holographic Goose,800.0
207725,2016-04-27,Canada,Stickers for Less,Holographic Goose,800.0
207730,2016-04-27,Canada,Premium Sticker Mart,Holographic Goose,800.0
207765,2016-04-27,Kenya,Discount Stickers,Holographic Goose,20.0
207810,2016-04-28,Canada,Discount Stickers,Holographic Goose,800.0
207815,2016-04-28,Canada,Stickers for Less,Holographic Goose,800.0
207820,2016-04-28,Canada,Premium Sticker Mart,Holographic Goose,800.0
207855,2016-04-28,Kenya,Discount Stickers,Holographic Goose,20.0
207900,2016-04-29,Canada,Discount Stickers,Holographic Goose,800.0
207905,2016-04-29,Canada,Stickers for Less,Holographic Goose,800.0
207945,2016-04-29,Kenya,Discount Stickers,Holographic Goose,20.0
207990,2016-04-30,Canada,Discount Stickers,Holographic Goose,800.0
207995,2016-04-30,Canada,Stickers for Less,Holographic Goose,800.0
208035,2016-04-30,Kenya,Discount Stickers,Holographic Goose,20.0
208080,2016-05-01,Canada,Discount Stickers,Holographic Goose,800.0
208125,2016-05-01,Kenya,Discount Stickers,Holographic Goose,20.0
208170,2016-05-02,Canada,Discount Stickers,Holographic Goose,800.0
208175,2016-05-02,Canada,Stickers for Less,Holographic Goose,800.0
208180,2016-05-02,Canada,Premium Sticker Mart,Holographic Goose,800.0
208215,2016-05-02,Kenya,Discount Stickers,Holographic Goose,20.0
208260,2016-05-03,Canada,Discount Stickers,Holographic Goose,800.0
208265,2016-05-03,Canada,Stickers for Less,Holographic Goose,800.0
208270,2016-05-03,Canada,Premium Sticker Mart,Holographic Goose,800.0
208305,2016-05-03,Kenya,Discount Stickers,Holographic Goose,20.0
208350,2016-05-04,Canada,Discount Stickers,Holographic Goose,800.0
208355,2016-05-04,Canada,Stickers for Less,Holographic Goose,800.0
208360,2016-05-04,Canada,Premium Sticker Mart,Holographic Goose,800.0
208395,2016-05-04,Kenya,Discount Stickers,Holographic Goose,20.0
208440,2016-05-05,Canada,Discount Stickers,Holographic Goose,800.0
208445,2016-05-05,Canada,Stickers for Less,Holographic Goose,800.0
208450,2016-05-05,Canada,Premium Sticker Mart,Holographic Goose,800.0
208485,2016-05-05,Kenya,Discount Stickers,Holographic Goose,20.0
208530,2016-05-06,Canada,Discount Stickers,Holographic Goose,800.0
208535,2016-05-06,Canada,Stickers for Less,Holographic Goose,800.0
208540,2016-05-06,Canada,Premium Sticker Mart,Holographic Goose,800.0
208575,2016-05-06,Kenya,Discount Stickers,Holographic Goose,20.0
208620,2016-05-07,Canada,Discount Stickers,Holographic Goose,800.0
208625,2016-05-07,Canada,Stickers for Less,Holographic Goose,800.0
208665,2016-05-07,Kenya,Discount Stickers,Holographic Goose,20.0
208710,2016-05-08,Canada,Discount Stickers,Holographic Goose,800.0
208715,2016-05-08,Canada,Stickers for Less,Holographic Goose,800.0
208755,2016-05-08,Kenya,Discount Stickers,Holographic Goose,20.0
208800,2016-05-09,Canada,Discount Stickers,Holographic Goose,800.0
208805,2016-05-09,Canada,Stickers for Less,Holographic Goose,800.0
208810,2016-05-09,Canada,Premium Sticker Mart,Holographic Goose,800.0
208845,2016-05-09,Kenya,Discount Stickers,Holographic Goose,20.0
208890,2016-05-10,Canada,Discount Stickers,Holographic Goose,800.0
208895,2016-05-10,Canada,Stickers for Less,Holographic Goose,800.0
208900,2016-05-10,Canada,Premium Sticker Mart,Holographic Goose,800.0
208935,2016-05-10,Kenya,Discount Stickers,Holographic Goose,20.0
208980,2016-05-11,Canada,Discount Stickers,Holographic Goose,800.0
208985,2016-05-11,Canada,Stickers for Less,Holographic Goose,800.0
208990,2016-05-11,Canada,Premium Sticker Mart,Holographic Goose,800.0
209025,2016-05-11,Kenya,Discount Stickers,Holographic Goose,20.0
209070,2016-05-12,Canada,Discount Stickers,Holographic Goose,800.0
209075,2016-05-12,Canada,Stickers for Less,Holographic Goose,800.0
209080,2016-05-12,Canada,Premium Sticker Mart,Holographic Goose,800.0
209115,2016-05-12,Kenya,Discount Stickers,Holographic Goose,20.0
209120,2016-05-12,Kenya,Stickers for Less,Holographic Goose,20.0
209160,2016-05-13,Canada,Discount Stickers,Holographic Goose,800.0
209165,2016-05-13,Canada,Stickers for Less,Holographic Goose,800.0
209205,2016-05-13,Kenya,Discount Stickers,Holographic Goose,20.0
209250,2016-05-14,Canada,Discount Stickers,Holographic Goose,800.0
209255,2016-05-14,Canada,Stickers for Less,Holographic Goose,800.0
209295,2016-05-14,Kenya,Discount Stickers,Holographic Goose,20.0
209340,2016-05-15,Canada,Discount Stickers,Holographic Goose,800.0
209345,2016-05-15,Canada,Stickers for Less,Holographic Goose,800.0
209385,2016-05-15,Kenya,Discount Stickers,Holographic Goose,20.0
209430,2016-05-16,Canada,Discount Stickers,Holographic Goose,800.0
209435,2016-05-16,Canada,Stickers for Less,Holographic Goose,800.0
209440,2016-05-16,Canada,Premium Sticker Mart,Holographic Goose,800.0
209475,2016-05-16,Kenya,Discount Stickers,Holographic Goose,20.0
209520,2016-05-17,Canada,Discount Stickers,Holographic Goose,800.0
209525,2016-05-17,Canada,Stickers for Less,Holographic Goose,800.0
209530,2016-05-17,Canada,Premium Sticker Mart,Holographic Goose,800.0
209565,2016-05-17,Kenya,Discount Stickers,Holographic Goose,20.0
209610,2016-05-18,Canada,Discount Stickers,Holographic Goose,800.0
209615,2016-05-18,Canada,Stickers for Less,Holographic Goose,800.0
209620,2016-05-18,Canada,Premium Sticker Mart,Holographic Goose,800.0
209655,2016-05-18,Kenya,Discount Stickers,Holographic Goose,20.0
209700,2016-05-19,Canada,Discount Stickers,Holographic Goose,800.0
209705,2016-05-19,Canada,Stickers for Less,Holographic Goose,800.0
209710,2016-05-19,Canada,Premium Sticker Mart,Holographic Goose,800.0
209745,2016-05-19,Kenya,Discount Stickers,Holographic Goose,20.0
209790,2016-05-20,Canada,Discount Stickers,Holographic Goose,800.0
209795,2016-05-20,Canada,Stickers for Less,Holographic Goose,800.0
209800,2016-05-20,Canada,Premium Sticker Mart,Holographic Goose,800.0
209835,2016-05-20,Kenya,Discount Stickers,Holographic Goose,20.0
209880,2016-05-21,Canada,Discount Stickers,Holographic Goose,800.0
209885,2016-05-21,Canada,Stickers for Less,Holographic Goose,800.0
209925,2016-05-21,Kenya,Discount Stickers,Holographic Goose,20.0
209970,2016-05-22,Canada,Discount Stickers,Holographic Goose,800.0
209975,2016-05-22,Canada,Stickers for Less,Holographic Goose,800.0
210015,2016-05-22,Kenya,Discount Stickers,Holographic Goose,20.0
210060,2016-05-23,Canada,Discount Stickers,Holographic Goose,800.0
210065,2016-05-23,Canada,Stickers for Less,Holographic Goose,800.0
210070,2016-05-23,Canada,Premium Sticker Mart,Holographic Goose,800.0
210105,2016-05-23,Kenya,Discount Stickers,Holographic Goose,20.0
210150,2016-05-24,Canada,Discount Stickers,Holographic Goose,800.0
210155,2016-05-24,Canada,Stickers for Less,Holographic Goose,800.0
210160,2016-05-24,Canada,Premium Sticker Mart,Holographic Goose,800.0
210195,2016-05-24,Kenya,Discount Stickers,Holographic Goose,20.0
210200,2016-05-24,Kenya,Stickers for Less,Holographic Goose,20.0
210240,2016-05-25,Canada,Discount Stickers,Holographic Goose,800.0
210245,2016-05-25,Canada,Stickers for Less,Holographic Goose,800.0
210250,2016-05-25,Canada,Premium Sticker Mart,Holographic Goose,800.0
210285,2016-05-25,Kenya,Discount Stickers,Holographic Goose,20.0
210330,2016-05-26,Canada,Discount Stickers,Holographic Goose,800.0
210335,2016-05-26,Canada,Stickers for Less,Holographic Goose,800.0
210340,2016-05-26,Canada,Premium Sticker Mart,Holographic Goose,800.0
210375,2016-05-26,Kenya,Discount Stickers,Holographic Goose,20.0
210380,2016-05-26,Kenya,Stickers for Less,Holographic Goose,20.0
210420,2016-05-27,Canada,Discount Stickers,Holographic Goose,800.0
210425,2016-05-27,Canada,Stickers for Less,Holographic Goose,800.0
210430,2016-05-27,Canada,Premium Sticker Mart,Holographic Goose,800.0
210465,2016-05-27,Kenya,Discount Stickers,Holographic Goose,20.0
210510,2016-05-28,Canada,Discount Stickers,Holographic Goose,800.0
210515,2016-05-28,Canada,Stickers for Less,Holographic Goose,800.0
210520,2016-05-28,Canada,Premium Sticker Mart,Holographic Goose,800.0
210555,2016-05-28,Kenya,Discount Stickers,Holographic Goose,20.0
210600,2016-05-29,Canada,Discount Stickers,Holographic Goose,800.0
210605,2016-05-29,Canada,Stickers for Less,Holographic Goose,800.0
210645,2016-05-29,Kenya,Discount Stickers,Holographic Goose,20.0
210690,2016-05-30,Canada,Discount Stickers,Holographic Goose,800.0
210695,2016-05-30,Canada,Stickers for Less,Holographic Goose,800.0
210700,2016-05-30,Canada,Premium Sticker Mart,Holographic Goose,800.0
210735,2016-05-30,Kenya,Discount Stickers,Holographic Goose,20.0
210780,2016-05-31,Canada,Discount Stickers,Holographic Goose,800.0
210785,2016-05-31,Canada,Stickers for Less,Holographic Goose,800.0
210790,2016-05-31,Canada,Premium Sticker Mart,Holographic Goose,800.0
210825,2016-05-31,Kenya,Discount Stickers,Holographic Goose,20.0
210830,2016-05-31,Kenya,Stickers for Less,Holographic Goose,20.0
210870,2016-06-01,Canada,Discount Stickers,Holographic Goose,800.0
210875,2016-06-01,Canada,Stickers for Less,Holographic Goose,800.0
210880,2016-06-01,Canada,Premium Sticker Mart,Holographic Goose,800.0
210915,2016-06-01,Kenya,Discount Stickers,Holographic Goose,20.0
210920,2016-06-01,Kenya,Stickers for Less,Holographic Goose,20.0
210960,2016-06-02,Canada,Discount Stickers,Holographic Goose,800.0
210965,2016-06-02,Canada,Stickers for Less,Holographic Goose,800.0
210970,2016-06-02,Canada,Premium Sticker Mart,Holographic Goose,800.0
211005,2016-06-02,Kenya,Discount Stickers,Holographic Goose,20.0
211050,2016-06-03,Canada,Discount Stickers,Holographic Goose,800.0
211055,2016-06-03,Canada,Stickers for Less,Holographic Goose,800.0
211060,2016-06-03,Canada,Premium Sticker Mart,Holographic Goose,800.0
211095,2016-06-03,Kenya,Discount Stickers,Holographic Goose,20.0
211140,2016-06-04,Canada,Discount Stickers,Holographic Goose,800.0
211145,2016-06-04,Canada,Stickers for Less,Holographic Goose,800.0
211150,2016-06-04,Canada,Premium Sticker Mart,Holographic Goose,800.0
211185,2016-06-04,Kenya,Discount Stickers,Holographic Goose,20.0
211230,2016-06-05,Canada,Discount Stickers,Holographic Goose,800.0
211235,2016-06-05,Canada,Stickers for Less,Holographic Goose,800.0
211240,2016-06-05,Canada,Premium Sticker Mart,Holographic Goose,800.0
211275,2016-06-05,Kenya,Discount Stickers,Holographic Goose,20.0
211320,2016-06-06,Canada,Discount Stickers,Holographic Goose,800.0
211325,2016-06-06,Canada,Stickers for Less,Holographic Goose,800.0
211330,2016-06-06,Canada,Premium Sticker Mart,Holographic Goose,800.0
211365,2016-06-06,Kenya,Discount Stickers,Holographic Goose,20.0
211410,2016-06-07,Canada,Discount Stickers,Holographic Goose,800.0
211415,2016-06-07,Canada,Stickers for Less,Holographic Goose,800.0
211420,2016-06-07,Canada,Premium Sticker Mart,Holographic Goose,800.0
211455,2016-06-07,Kenya,Discount Stickers,Holographic Goose,20.0
211500,2016-06-08,Canada,Discount Stickers,Holographic Goose,800.0
211505,2016-06-08,Canada,Stickers for Less,Holographic Goose,800.0
211510,2016-06-08,Canada,Premium Sticker Mart,Holographic Goose,800.0
211545,2016-06-08,Kenya,Discount Stickers,Holographic Goose,20.0
211590,2016-06-09,Canada,Discount Stickers,Holographic Goose,800.0
211595,2016-06-09,Canada,Stickers for Less,Holographic Goose,800.0
211600,2016-06-09,Canada,Premium Sticker Mart,Holographic Goose,800.0
211635,2016-06-09,Kenya,Discount Stickers,Holographic Goose,20.0
211680,2016-06-10,Canada,Discount Stickers,Holographic Goose,800.0
211685,2016-06-10,Canada,Stickers for Less,Holographic Goose,800.0
211690,2016-06-10,Canada,Premium Sticker Mart,Holographic Goose,800.0
211725,2016-06-10,Kenya,Discount Stickers,Holographic Goose,20.0
211770,2016-06-11,Canada,Discount Stickers,Holographic Goose,800.0
211775,2016-06-11,Canada,Stickers for Less,Holographic Goose,800.0
211780,2016-06-11,Canada,Premium Sticker Mart,Holographic Goose,800.0
211815,2016-06-11,Kenya,Discount Stickers,Holographic Goose,20.0
211860,2016-06-12,Canada,Discount Stickers,Holographic Goose,800.0
211865,2016-06-12,Canada,Stickers for Less,Holographic Goose,800.0
211905,2016-06-12,Kenya,Discount Stickers,Holographic Goose,20.0
211950,2016-06-13,Canada,Discount Stickers,Holographic Goose,800.0
211955,2016-06-13,Canada,Stickers for Less,Holographic Goose,800.0
211960,2016-06-13,Canada,Premium Sticker Mart,Holographic Goose,800.0
211995,2016-06-13,Kenya,Discount Stickers,Holographic Goose,20.0
212000,2016-06-13,Kenya,Stickers for Less,Holographic Goose,20.0
212040,2016-06-14,Canada,Discount Stickers,Holographic Goose,800.0
212045,2016-06-14,Canada,Stickers for Less,Holographic Goose,800.0
212050,2016-06-14,Canada,Premium Sticker Mart,Holographic Goose,800.0
212085,2016-06-14,Kenya,Discount Stickers,Holographic Goose,20.0
212090,2016-06-14,Kenya,Stickers for Less,Holographic Goose,20.0
212130,2016-06-15,Canada,Discount Stickers,Holographic Goose,800.0
212135,2016-06-15,Canada,Stickers for Less,Holographic Goose,800.0
212140,2016-06-15,Canada,Premium Sticker Mart,Holographic Goose,800.0
212175,2016-06-15,Kenya,Discount Stickers,Holographic Goose,20.0
212220,2016-06-16,Canada,Discount Stickers,Holographic Goose,800.0
212225,2016-06-16,Canada,Stickers for Less,Holographic Goose,800.0
212230,2016-06-16,Canada,Premium Sticker Mart,Holographic Goose,800.0
212265,2016-06-16,Kenya,Discount Stickers,Holographic Goose,20.0
212310,2016-06-17,Canada,Discount Stickers,Holographic Goose,800.0
212315,2016-06-17,Canada,Stickers for Less,Holographic Goose,800.0
212320,2016-06-17,Canada,Premium Sticker Mart,Holographic Goose,800.0
212355,2016-06-17,Kenya,Discount Stickers,Holographic Goose,20.0
212400,2016-06-18,Canada,Discount Stickers,Holographic Goose,800.0
212405,2016-06-18,Canada,Stickers for Less,Holographic Goose,800.0
212445,2016-06-18,Kenya,Discount Stickers,Holographic Goose,20.0
212490,2016-06-19,Canada,Discount Stickers,Holographic Goose,800.0
212535,2016-06-19,Kenya,Discount Stickers,Holographic Goose,20.0
212580,2016-06-20,Canada,Discount Stickers,Holographic Goose,800.0
212585,2016-06-20,Canada,Stickers for Less,Holographic Goose,800.0
212590,2016-06-20,Canada,Premium Sticker Mart,Holographic Goose,800.0
212625,2016-06-20,Kenya,Discount Stickers,Holographic Goose,20.0
212670,2016-06-21,Canada,Discount Stickers,Holographic Goose,800.0
212675,2016-06-21,Canada,Stickers for Less,Holographic Goose,800.0
212680,2016-06-21,Canada,Premium Sticker Mart,Holographic Goose,800.0
212715,2016-06-21,Kenya,Discount Stickers,Holographic Goose,20.0
212720,2016-06-21,Kenya,Stickers for Less,Holographic Goose,20.0
212760,2016-06-22,Canada,Discount Stickers,Holographic Goose,800.0
212765,2016-06-22,Canada,Stickers for Less,Holographic Goose,800.0
212770,2016-06-22,Canada,Premium Sticker Mart,Holographic Goose,800.0
212805,2016-06-22,Kenya,Discount Stickers,Holographic Goose,20.0
212810,2016-06-22,Kenya,Stickers for Less,Holographic Goose,20.0
212850,2016-06-23,Canada,Discount Stickers,Holographic Goose,800.0
212855,2016-06-23,Canada,Stickers for Less,Holographic Goose,800.0
212860,2016-06-23,Canada,Premium Sticker Mart,Holographic Goose,800.0
212895,2016-06-23,Kenya,Discount Stickers,Holographic Goose,20.0
212940,2016-06-24,Canada,Discount Stickers,Holographic Goose,800.0
212945,2016-06-24,Canada,Stickers for Less,Holographic Goose,800.0
212985,2016-06-24,Kenya,Discount Stickers,Holographic Goose,20.0
212990,2016-06-24,Kenya,Stickers for Less,Holographic Goose,20.0
213030,2016-06-25,Canada,Discount Stickers,Holographic Goose,800.0
213035,2016-06-25,Canada,Stickers for Less,Holographic Goose,800.0
213040,2016-06-25,Canada,Premium Sticker Mart,Holographic Goose,800.0
213075,2016-06-25,Kenya,Discount Stickers,Holographic Goose,20.0
213120,2016-06-26,Canada,Discount Stickers,Holographic Goose,800.0
213125,2016-06-26,Canada,Stickers for Less,Holographic Goose,800.0
213165,2016-06-26,Kenya,Discount Stickers,Holographic Goose,20.0
213210,2016-06-27,Canada,Discount Stickers,Holographic Goose,800.0
213215,2016-06-27,Canada,Stickers for Less,Holographic Goose,800.0
213220,2016-06-27,Canada,Premium Sticker Mart,Holographic Goose,800.0
213255,2016-06-27,Kenya,Discount Stickers,Holographic Goose,20.0
213260,2016-06-27,Kenya,Stickers for Less,Holographic Goose,20.0
213300,2016-06-28,Canada,Discount Stickers,Holographic Goose,800.0
213305,2016-06-28,Canada,Stickers for Less,Holographic Goose,800.0
213310,2016-06-28,Canada,Premium Sticker Mart,Holographic Goose,800.0
213345,2016-06-28,Kenya,Discount Stickers,Holographic Goose,20.0
213350,2016-06-28,Kenya,Stickers for Less,Holographic Goose,20.0
213390,2016-06-29,Canada,Discount Stickers,Holographic Goose,800.0
213395,2016-06-29,Canada,Stickers for Less,Holographic Goose,800.0
213400,2016-06-29,Canada,Premium Sticker Mart,Holographic Goose,800.0
213435,2016-06-29,Kenya,Discount Stickers,Holographic Goose,20.0
213440,2016-06-29,Kenya,Stickers for Less,Holographic Goose,20.0
213480,2016-06-30,Canada,Discount Stickers,Holographic Goose,800.0
213485,2016-06-30,Canada,Stickers for Less,Holographic Goose,800.0
213490,2016-06-30,Canada,Premium Sticker Mart,Holographic Goose,800.0
213525,2016-06-30,Kenya,Discount Stickers,Holographic Goose,20.0
213530,2016-06-30,Kenya,Stickers for Less,Holographic Goose,20.0
213570,2016-07-01,Canada,Discount Stickers,Holographic Goose,800.0
213575,2016-07-01,Canada,Stickers for Less,Holographic Goose,800.0
213580,2016-07-01,Canada,Premium Sticker Mart,Holographic Goose,800.0
213615,2016-07-01,Kenya,Discount Stickers,Holographic Goose,20.0
213660,2016-07-02,Canada,Discount Stickers,Holographic Goose,800.0
213665,2016-07-02,Canada,Stickers for Less,Holographic Goose,800.0
213670,2016-07-02,Canada,Premium Sticker Mart,Holographic Goose,800.0
213705,2016-07-02,Kenya,Discount Stickers,Holographic Goose,20.0
213750,2016-07-03,Canada,Discount Stickers,Holographic Goose,800.0
213755,2016-07-03,Canada,Stickers for Less,Holographic Goose,800.0
213795,2016-07-03,Kenya,Discount Stickers,Holographic Goose,20.0
213840,2016-07-04,Canada,Discount Stickers,Holographic Goose,800.0
213845,2016-07-04,Canada,Stickers for Less,Holographic Goose,800.0
213850,2016-07-04,Canada,Premium Sticker Mart,Holographic Goose,800.0
213885,2016-07-04,Kenya,Discount Stickers,Holographic Goose,20.0
213890,2016-07-04,Kenya,Stickers for Less,Holographic Goose,20.0
213930,2016-07-05,Canada,Discount Stickers,Holographic Goose,800.0
213935,2016-07-05,Canada,Stickers for Less,Holographic Goose,800.0
213940,2016-07-05,Canada,Premium Sticker Mart,Holographic Goose,800.0
213975,2016-07-05,Kenya,Discount Stickers,Holographic Goose,20.0
214020,2016-07-06,Canada,Discount Stickers,Holographic Goose,800.0
214025,2016-07-06,Canada,Stickers for Less,Holographic Goose,800.0
214030,2016-07-06,Canada,Premium Sticker Mart,Holographic Goose,800.0
214065,2016-07-06,Kenya,Discount Stickers,Holographic Goose,20.0
214070,2016-07-06,Kenya,Stickers for Less,Holographic Goose,20.0
214110,2016-07-07,Canada,Discount Stickers,Holographic Goose,800.0
214115,2016-07-07,Canada,Stickers for Less,Holographic Goose,800.0
214120,2016-07-07,Canada,Premium Sticker Mart,Holographic Goose,800.0
214155,2016-07-07,Kenya,Discount Stickers,Holographic Goose,20.0
214200,2016-07-08,Canada,Discount Stickers,Holographic Goose,800.0
214205,2016-07-08,Canada,Stickers for Less,Holographic Goose,800.0
214210,2016-07-08,Canada,Premium Sticker Mart,Holographic Goose,800.0
214245,2016-07-08,Kenya,Discount Stickers,Holographic Goose,20.0
214290,2016-07-09,Canada,Discount Stickers,Holographic Goose,800.0
214295,2016-07-09,Canada,Stickers for Less,Holographic Goose,800.0
214300,2016-07-09,Canada,Premium Sticker Mart,Holographic Goose,800.0
214335,2016-07-09,Kenya,Discount Stickers,Holographic Goose,20.0
214380,2016-07-10,Canada,Discount Stickers,Holographic Goose,800.0
214385,2016-07-10,Canada,Stickers for Less,Holographic Goose,800.0
214425,2016-07-10,Kenya,Discount Stickers,Holographic Goose,20.0
214470,2016-07-11,Canada,Discount Stickers,Holographic Goose,800.0
214475,2016-07-11,Canada,Stickers for Less,Holographic Goose,800.0
214480,2016-07-11,Canada,Premium Sticker Mart,Holographic Goose,800.0
214515,2016-07-11,Kenya,Discount Stickers,Holographic Goose,20.0
214520,2016-07-11,Kenya,Stickers for Less,Holographic Goose,20.0
214560,2016-07-12,Canada,Discount Stickers,Holographic Goose,800.0
214565,2016-07-12,Canada,Stickers for Less,Holographic Goose,800.0
214570,2016-07-12,Canada,Premium Sticker Mart,Holographic Goose,800.0
214605,2016-07-12,Kenya,Discount Stickers,Holographic Goose,20.0
214650,2016-07-13,Canada,Discount Stickers,Holographic Goose,800.0
214655,2016-07-13,Canada,Stickers for Less,Holographic Goose,800.0
214660,2016-07-13,Canada,Premium Sticker Mart,Holographic Goose,800.0
214695,2016-07-13,Kenya,Discount Stickers,Holographic Goose,20.0
214740,2016-07-14,Canada,Discount Stickers,Holographic Goose,800.0
214745,2016-07-14,Canada,Stickers for Less,Holographic Goose,800.0
214750,2016-07-14,Canada,Premium Sticker Mart,Holographic Goose,800.0
214785,2016-07-14,Kenya,Discount Stickers,Holographic Goose,20.0
214830,2016-07-15,Canada,Discount Stickers,Holographic Goose,800.0
214835,2016-07-15,Canada,Stickers for Less,Holographic Goose,800.0
214840,2016-07-15,Canada,Premium Sticker Mart,Holographic Goose,800.0
214875,2016-07-15,Kenya,Discount Stickers,Holographic Goose,20.0
214920,2016-07-16,Canada,Discount Stickers,Holographic Goose,800.0
214925,2016-07-16,Canada,Stickers for Less,Holographic Goose,800.0
214930,2016-07-16,Canada,Premium Sticker Mart,Holographic Goose,800.0
214965,2016-07-16,Kenya,Discount Stickers,Holographic Goose,20.0
215010,2016-07-17,Canada,Discount Stickers,Holographic Goose,800.0
215015,2016-07-17,Canada,Stickers for Less,Holographic Goose,800.0
215055,2016-07-17,Kenya,Discount Stickers,Holographic Goose,20.0
215100,2016-07-18,Canada,Discount Stickers,Holographic Goose,800.0
215105,2016-07-18,Canada,Stickers for Less,Holographic Goose,800.0
215110,2016-07-18,Canada,Premium Sticker Mart,Holographic Goose,800.0
215145,2016-07-18,Kenya,Discount Stickers,Holographic Goose,20.0
215190,2016-07-19,Canada,Discount Stickers,Holographic Goose,800.0
215195,2016-07-19,Canada,Stickers for Less,Holographic Goose,800.0
215200,2016-07-19,Canada,Premium Sticker Mart,Holographic Goose,800.0
215235,2016-07-19,Kenya,Discount Stickers,Holographic Goose,20.0
215240,2016-07-19,Kenya,Stickers for Less,Holographic Goose,20.0
215280,2016-07-20,Canada,Discount Stickers,Holographic Goose,800.0
215285,2016-07-20,Canada,Stickers for Less,Holographic Goose,800.0
215290,2016-07-20,Canada,Premium Sticker Mart,Holographic Goose,800.0
215325,2016-07-20,Kenya,Discount Stickers,Holographic Goose,20.0
215330,2016-07-20,Kenya,Stickers for Less,Holographic Goose,20.0
215370,2016-07-21,Canada,Discount Stickers,Holographic Goose,800.0
215375,2016-07-21,Canada,Stickers for Less,Holographic Goose,800.0
215380,2016-07-21,Canada,Premium Sticker Mart,Holographic Goose,800.0
215415,2016-07-21,Kenya,Discount Stickers,Holographic Goose,20.0
215420,2016-07-21,Kenya,Stickers for Less,Holographic Goose,20.0
215460,2016-07-22,Canada,Discount Stickers,Holographic Goose,800.0
215465,2016-07-22,Canada,Stickers for Less,Holographic Goose,800.0
215470,2016-07-22,Canada,Premium Sticker Mart,Holographic Goose,800.0
215505,2016-07-22,Kenya,Discount Stickers,Holographic Goose,20.0
215550,2016-07-23,Canada,Discount Stickers,Holographic Goose,800.0
215555,2016-07-23,Canada,Stickers for Less,Holographic Goose,800.0
215560,2016-07-23,Canada,Premium Sticker Mart,Holographic Goose,800.0
215595,2016-07-23,Kenya,Discount Stickers,Holographic Goose,20.0
215640,2016-07-24,Canada,Discount Stickers,Holographic Goose,800.0
215645,2016-07-24,Canada,Stickers for Less,Holographic Goose,800.0
215685,2016-07-24,Kenya,Discount Stickers,Holographic Goose,20.0
215730,2016-07-25,Canada,Discount Stickers,Holographic Goose,800.0
215735,2016-07-25,Canada,Stickers for Less,Holographic Goose,800.0
215740,2016-07-25,Canada,Premium Sticker Mart,Holographic Goose,800.0
215775,2016-07-25,Kenya,Discount Stickers,Holographic Goose,20.0
215820,2016-07-26,Canada,Discount Stickers,Holographic Goose,800.0
215825,2016-07-26,Canada,Stickers for Less,Holographic Goose,800.0
215830,2016-07-26,Canada,Premium Sticker Mart,Holographic Goose,800.0
215865,2016-07-26,Kenya,Discount Stickers,Holographic Goose,20.0
215870,2016-07-26,Kenya,Stickers for Less,Holographic Goose,20.0
215910,2016-07-27,Canada,Discount Stickers,Holographic Goose,800.0
215915,2016-07-27,Canada,Stickers for Less,Holographic Goose,800.0
215920,2016-07-27,Canada,Premium Sticker Mart,Holographic Goose,800.0
215955,2016-07-27,Kenya,Discount Stickers,Holographic Goose,20.0
216000,2016-07-28,Canada,Discount Stickers,Holographic Goose,800.0
216005,2016-07-28,Canada,Stickers for Less,Holographic Goose,800.0
216010,2016-07-28,Canada,Premium Sticker Mart,Holographic Goose,800.0
216045,2016-07-28,Kenya,Discount Stickers,Holographic Goose,20.0
216090,2016-07-29,Canada,Discount Stickers,Holographic Goose,800.0
216095,2016-07-29,Canada,Stickers for Less,Holographic Goose,800.0
216135,2016-07-29,Kenya,Discount Stickers,Holographic Goose,20.0
216180,2016-07-30,Canada,Discount Stickers,Holographic Goose,800.0
216185,2016-07-30,Canada,Stickers for Less,Holographic Goose,800.0
216190,2016-07-30,Canada,Premium Sticker Mart,Holographic Goose,800.0
216225,2016-07-30,Kenya,Discount Stickers,Holographic Goose,20.0
216270,2016-07-31,Canada,Discount Stickers,Holographic Goose,800.0
216275,2016-07-31,Canada,Stickers for Less,Holographic Goose,800.0
216315,2016-07-31,Kenya,Discount Stickers,Holographic Goose,20.0
216360,2016-08-01,Canada,Discount Stickers,Holographic Goose,800.0
216365,2016-08-01,Canada,Stickers for Less,Holographic Goose,800.0
216370,2016-08-01,Canada,Premium Sticker Mart,Holographic Goose,800.0
216405,2016-08-01,Kenya,Discount Stickers,Holographic Goose,20.0
216410,2016-08-01,Kenya,Stickers for Less,Holographic Goose,20.0
216450,2016-08-02,Canada,Discount Stickers,Holographic Goose,800.0
216455,2016-08-02,Canada,Stickers for Less,Holographic Goose,800.0
216460,2016-08-02,Canada,Premium Sticker Mart,Holographic Goose,800.0
216495,2016-08-02,Kenya,Discount Stickers,Holographic Goose,20.0
216540,2016-08-03,Canada,Discount Stickers,Holographic Goose,800.0
216545,2016-08-03,Canada,Stickers for Less,Holographic Goose,800.0
216550,2016-08-03,Canada,Premium Sticker Mart,Holographic Goose,800.0
216585,2016-08-03,Kenya,Discount Stickers,Holographic Goose,20.0
216590,2016-08-03,Kenya,Stickers for Less,Holographic Goose,20.0
216630,2016-08-04,Canada,Discount Stickers,Holographic Goose,800.0
216635,2016-08-04,Canada,Stickers for Less,Holographic Goose,800.0
216640,2016-08-04,Canada,Premium Sticker Mart,Holographic Goose,800.0
216675,2016-08-04,Kenya,Discount Stickers,Holographic Goose,20.0
216720,2016-08-05,Canada,Discount Stickers,Holographic Goose,800.0
216725,2016-08-05,Canada,Stickers for Less,Holographic Goose,800.0
216730,2016-08-05,Canada,Premium Sticker Mart,Holographic Goose,800.0
216765,2016-08-05,Kenya,Discount Stickers,Holographic Goose,20.0
216810,2016-08-06,Canada,Discount Stickers,Holographic Goose,800.0
216815,2016-08-06,Canada,Stickers for Less,Holographic Goose,800.0
216855,2016-08-06,Kenya,Discount Stickers,Holographic Goose,20.0
216900,2016-08-07,Canada,Discount Stickers,Holographic Goose,800.0
216905,2016-08-07,Canada,Stickers for Less,Holographic Goose,800.0
216945,2016-08-07,Kenya,Discount Stickers,Holographic Goose,20.0
216990,2016-08-08,Canada,Discount Stickers,Holographic Goose,800.0
216995,2016-08-08,Canada,Stickers for Less,Holographic Goose,800.0
217000,2016-08-08,Canada,Premium Sticker Mart,Holographic Goose,800.0
217035,2016-08-08,Kenya,Discount Stickers,Holographic Goose,20.0
217080,2016-08-09,Canada,Discount Stickers,Holographic Goose,800.0
217085,2016-08-09,Canada,Stickers for Less,Holographic Goose,800.0
217090,2016-08-09,Canada,Premium Sticker Mart,Holographic Goose,800.0
217125,2016-08-09,Kenya,Discount Stickers,Holographic Goose,20.0
217170,2016-08-10,Canada,Discount Stickers,Holographic Goose,800.0
217175,2016-08-10,Canada,Stickers for Less,Holographic Goose,800.0
217180,2016-08-10,Canada,Premium Sticker Mart,Holographic Goose,800.0
217215,2016-08-10,Kenya,Discount Stickers,Holographic Goose,20.0
217220,2016-08-10,Kenya,Stickers for Less,Holographic Goose,20.0
217260,2016-08-11,Canada,Discount Stickers,Holographic Goose,800.0
217265,2016-08-11,Canada,Stickers for Less,Holographic Goose,800.0
217270,2016-08-11,Canada,Premium Sticker Mart,Holographic Goose,800.0
217305,2016-08-11,Kenya,Discount Stickers,Holographic Goose,20.0
217310,2016-08-11,Kenya,Stickers for Less,Holographic Goose,20.0
217350,2016-08-12,Canada,Discount Stickers,Holographic Goose,800.0
217355,2016-08-12,Canada,Stickers for Less,Holographic Goose,800.0
217360,2016-08-12,Canada,Premium Sticker Mart,Holographic Goose,800.0
217395,2016-08-12,Kenya,Discount Stickers,Holographic Goose,20.0
217440,2016-08-13,Canada,Discount Stickers,Holographic Goose,800.0
217445,2016-08-13,Canada,Stickers for Less,Holographic Goose,800.0
217485,2016-08-13,Kenya,Discount Stickers,Holographic Goose,20.0
217530,2016-08-14,Canada,Discount Stickers,Holographic Goose,800.0
217535,2016-08-14,Canada,Stickers for Less,Holographic Goose,800.0
217575,2016-08-14,Kenya,Discount Stickers,Holographic Goose,20.0
217620,2016-08-15,Canada,Discount Stickers,Holographic Goose,800.0
217625,2016-08-15,Canada,Stickers for Less,Holographic Goose,800.0
217630,2016-08-15,Canada,Premium Sticker Mart,Holographic Goose,800.0
217665,2016-08-15,Kenya,Discount Stickers,Holographic Goose,20.0
217670,2016-08-15,Kenya,Stickers for Less,Holographic Goose,20.0
217710,2016-08-16,Canada,Discount Stickers,Holographic Goose,800.0
217715,2016-08-16,Canada,Stickers for Less,Holographic Goose,800.0
217720,2016-08-16,Canada,Premium Sticker Mart,Holographic Goose,800.0
217755,2016-08-16,Kenya,Discount Stickers,Holographic Goose,20.0
217800,2016-08-17,Canada,Discount Stickers,Holographic Goose,800.0
217805,2016-08-17,Canada,Stickers for Less,Holographic Goose,800.0
217810,2016-08-17,Canada,Premium Sticker Mart,Holographic Goose,800.0
217845,2016-08-17,Kenya,Discount Stickers,Holographic Goose,20.0
217890,2016-08-18,Canada,Discount Stickers,Holographic Goose,800.0
217895,2016-08-18,Canada,Stickers for Less,Holographic Goose,800.0
217900,2016-08-18,Canada,Premium Sticker Mart,Holographic Goose,800.0
217935,2016-08-18,Kenya,Discount Stickers,Holographic Goose,20.0
217980,2016-08-19,Canada,Discount Stickers,Holographic Goose,800.0
217985,2016-08-19,Canada,Stickers for Less,Holographic Goose,800.0
217990,2016-08-19,Canada,Premium Sticker Mart,Holographic Goose,800.0
218025,2016-08-19,Kenya,Discount Stickers,Holographic Goose,20.0
218070,2016-08-20,Canada,Discount Stickers,Holographic Goose,800.0
218075,2016-08-20,Canada,Stickers for Less,Holographic Goose,800.0
218080,2016-08-20,Canada,Premium Sticker Mart,Holographic Goose,800.0
218115,2016-08-20,Kenya,Discount Stickers,Holographic Goose,20.0
218160,2016-08-21,Canada,Discount Stickers,Holographic Goose,800.0
218205,2016-08-21,Kenya,Discount Stickers,Holographic Goose,20.0
218250,2016-08-22,Canada,Discount Stickers,Holographic Goose,800.0
218255,2016-08-22,Canada,Stickers for Less,Holographic Goose,800.0
218260,2016-08-22,Canada,Premium Sticker Mart,Holographic Goose,800.0
218295,2016-08-22,Kenya,Discount Stickers,Holographic Goose,20.0
218340,2016-08-23,Canada,Discount Stickers,Holographic Goose,800.0
218345,2016-08-23,Canada,Stickers for Less,Holographic Goose,800.0
218350,2016-08-23,Canada,Premium Sticker Mart,Holographic Goose,800.0
218385,2016-08-23,Kenya,Discount Stickers,Holographic Goose,20.0
218430,2016-08-24,Canada,Discount Stickers,Holographic Goose,800.0
218435,2016-08-24,Canada,Stickers for Less,Holographic Goose,800.0
218440,2016-08-24,Canada,Premium Sticker Mart,Holographic Goose,800.0
218475,2016-08-24,Kenya,Discount Stickers,Holographic Goose,20.0
218520,2016-08-25,Canada,Discount Stickers,Holographic Goose,800.0
218525,2016-08-25,Canada,Stickers for Less,Holographic Goose,800.0
218530,2016-08-25,Canada,Premium Sticker Mart,Holographic Goose,800.0
218565,2016-08-25,Kenya,Discount Stickers,Holographic Goose,20.0
218610,2016-08-26,Canada,Discount Stickers,Holographic Goose,800.0
218615,2016-08-26,Canada,Stickers for Less,Holographic Goose,800.0
218620,2016-08-26,Canada,Premium Sticker Mart,Holographic Goose,800.0
218655,2016-08-26,Kenya,Discount Stickers,Holographic Goose,20.0
218700,2016-08-27,Canada,Discount Stickers,Holographic Goose,800.0
218705,2016-08-27,Canada,Stickers for Less,Holographic Goose,800.0
218745,2016-08-27,Kenya,Discount Stickers,Holographic Goose,20.0
218790,2016-08-28,Canada,Discount Stickers,Holographic Goose,800.0
218795,2016-08-28,Canada,Stickers for Less,Holographic Goose,800.0
218835,2016-08-28,Kenya,Discount Stickers,Holographic Goose,20.0
218880,2016-08-29,Canada,Discount Stickers,Holographic Goose,800.0
218885,2016-08-29,Canada,Stickers for Less,Holographic Goose,800.0
218890,2016-08-29,Canada,Premium Sticker Mart,Holographic Goose,800.0
218925,2016-08-29,Kenya,Discount Stickers,Holographic Goose,20.0
218970,2016-08-30,Canada,Discount Stickers,Holographic Goose,800.0
218975,2016-08-30,Canada,Stickers for Less,Holographic Goose,800.0
218980,2016-08-30,Canada,Premium Sticker Mart,Holographic Goose,800.0
219015,2016-08-30,Kenya,Discount Stickers,Holographic Goose,20.0
219060,2016-08-31,Canada,Discount Stickers,Holographic Goose,800.0
219065,2016-08-31,Canada,Stickers for Less,Holographic Goose,800.0
219070,2016-08-31,Canada,Premium Sticker Mart,Holographic Goose,800.0
219105,2016-08-31,Kenya,Discount Stickers,Holographic Goose,20.0
219110,2016-08-31,Kenya,Stickers for Less,Holographic Goose,20.0
219150,2016-09-01,Canada,Discount Stickers,Holographic Goose,800.0
219155,2016-09-01,Canada,Stickers for Less,Holographic Goose,800.0
219160,2016-09-01,Canada,Premium Sticker Mart,Holographic Goose,800.0
219195,2016-09-01,Kenya,Discount Stickers,Holographic Goose,20.0
219240,2016-09-02,Canada,Discount Stickers,Holographic Goose,800.0
219245,2016-09-02,Canada,Stickers for Less,Holographic Goose,800.0
219250,2016-09-02,Canada,Premium Sticker Mart,Holographic Goose,800.0
219285,2016-09-02,Kenya,Discount Stickers,Holographic Goose,20.0
219330,2016-09-03,Canada,Discount Stickers,Holographic Goose,800.0
219335,2016-09-03,Canada,Stickers for Less,Holographic Goose,800.0
219375,2016-09-03,Kenya,Discount Stickers,Holographic Goose,20.0
219420,2016-09-04,Canada,Discount Stickers,Holographic Goose,800.0
219465,2016-09-04,Kenya,Discount Stickers,Holographic Goose,20.0
219510,2016-09-05,Canada,Discount Stickers,Holographic Goose,800.0
219515,2016-09-05,Canada,Stickers for Less,Holographic Goose,800.0
219520,2016-09-05,Canada,Premium Sticker Mart,Holographic Goose,800.0
219555,2016-09-05,Kenya,Discount Stickers,Holographic Goose,20.0
219600,2016-09-06,Canada,Discount Stickers,Holographic Goose,800.0
219605,2016-09-06,Canada,Stickers for Less,Holographic Goose,800.0
219610,2016-09-06,Canada,Premium Sticker Mart,Holographic Goose,800.0
219645,2016-09-06,Kenya,Discount Stickers,Holographic Goose,20.0
219690,2016-09-07,Canada,Discount Stickers,Holographic Goose,800.0
219695,2016-09-07,Canada,Stickers for Less,Holographic Goose,800.0
219735,2016-09-07,Kenya,Discount Stickers,Holographic Goose,20.0
219780,2016-09-08,Canada,Discount Stickers,Holographic Goose,800.0
219785,2016-09-08,Canada,Stickers for Less,Holographic Goose,800.0
219790,2016-09-08,Canada,Premium Sticker Mart,Holographic Goose,800.0
219825,2016-09-08,Kenya,Discount Stickers,Holographic Goose,20.0
219870,2016-09-09,Canada,Discount Stickers,Holographic Goose,800.0
219915,2016-09-09,Kenya,Discount Stickers,Holographic Goose,20.0
219960,2016-09-10,Canada,Discount Stickers,Holographic Goose,800.0
219965,2016-09-10,Canada,Stickers for Less,Holographic Goose,800.0
220005,2016-09-10,Kenya,Discount Stickers,Holographic Goose,20.0
220050,2016-09-11,Canada,Discount Stickers,Holographic Goose,800.0
220095,2016-09-11,Kenya,Discount Stickers,Holographic Goose,20.0
220140,2016-09-12,Canada,Discount Stickers,Holographic Goose,800.0
220145,2016-09-12,Canada,Stickers for Less,Holographic Goose,800.0
220150,2016-09-12,Canada,Premium Sticker Mart,Holographic Goose,800.0
220185,2016-09-12,Kenya,Discount Stickers,Holographic Goose,20.0
220230,2016-09-13,Canada,Discount Stickers,Holographic Goose,800.0
220235,2016-09-13,Canada,Stickers for Less,Holographic Goose,800.0
220240,2016-09-13,Canada,Premium Sticker Mart,Holographic Goose,800.0
220275,2016-09-13,Kenya,Discount Stickers,Holographic Goose,20.0
220280,2016-09-13,Kenya,Stickers for Less,Holographic Goose,20.0
220320,2016-09-14,Canada,Discount Stickers,Holographic Goose,800.0
220325,2016-09-14,Canada,Stickers for Less,Holographic Goose,800.0
220330,2016-09-14,Canada,Premium Sticker Mart,Holographic Goose,800.0
220365,2016-09-14,Kenya,Discount Stickers,Holographic Goose,20.0
220410,2016-09-15,Canada,Discount Stickers,Holographic Goose,800.0
220415,2016-09-15,Canada,Stickers for Less,Holographic Goose,800.0
220455,2016-09-15,Kenya,Discount Stickers,Holographic Goose,20.0
220500,2016-09-16,Canada,Discount Stickers,Holographic Goose,800.0
220505,2016-09-16,Canada,Stickers for Less,Holographic Goose,800.0
220545,2016-09-16,Kenya,Discount Stickers,Holographic Goose,20.0
220590,2016-09-17,Canada,Discount Stickers,Holographic Goose,800.0
220595,2016-09-17,Canada,Stickers for Less,Holographic Goose,800.0
220635,2016-09-17,Kenya,Discount Stickers,Holographic Goose,20.0
220680,2016-09-18,Canada,Discount Stickers,Holographic Goose,800.0
220685,2016-09-18,Canada,Stickers for Less,Holographic Goose,800.0
220725,2016-09-18,Kenya,Discount Stickers,Holographic Goose,20.0
220770,2016-09-19,Canada,Discount Stickers,Holographic Goose,800.0
220775,2016-09-19,Canada,Stickers for Less,Holographic Goose,800.0
220780,2016-09-19,Canada,Premium Sticker Mart,Holographic Goose,800.0
220815,2016-09-19,Kenya,Discount Stickers,Holographic Goose,20.0
220860,2016-09-20,Canada,Discount Stickers,Holographic Goose,800.0
220865,2016-09-20,Canada,Stickers for Less,Holographic Goose,800.0
220870,2016-09-20,Canada,Premium Sticker Mart,Holographic Goose,800.0
220905,2016-09-20,Kenya,Discount Stickers,Holographic Goose,20.0
220950,2016-09-21,Canada,Discount Stickers,Holographic Goose,800.0
220955,2016-09-21,Canada,Stickers for Less,Holographic Goose,800.0
220995,2016-09-21,Kenya,Discount Stickers,Holographic Goose,20.0
221040,2016-09-22,Canada,Discount Stickers,Holographic Goose,800.0
221045,2016-09-22,Canada,Stickers for Less,Holographic Goose,800.0
221085,2016-09-22,Kenya,Discount Stickers,Holographic Goose,20.0
221130,2016-09-23,Canada,Discount Stickers,Holographic Goose,800.0
221135,2016-09-23,Canada,Stickers for Less,Holographic Goose,800.0
221175,2016-09-23,Kenya,Discount Stickers,Holographic Goose,20.0
221220,2016-09-24,Canada,Discount Stickers,Holographic Goose,800.0
221265,2016-09-24,Kenya,Discount Stickers,Holographic Goose,20.0
221310,2016-09-25,Canada,Discount Stickers,Holographic Goose,800.0
221355,2016-09-25,Kenya,Discount Stickers,Holographic Goose,20.0
221400,2016-09-26,Canada,Discount Stickers,Holographic Goose,800.0
221405,2016-09-26,Canada,Stickers for Less,Holographic Goose,800.0
221445,2016-09-26,Kenya,Discount Stickers,Holographic Goose,20.0
221490,2016-09-27,Canada,Discount Stickers,Holographic Goose,800.0
221495,2016-09-27,Canada,Stickers for Less,Holographic Goose,800.0
221500,2016-09-27,Canada,Premium Sticker Mart,Holographic Goose,800.0
221535,2016-09-27,Kenya,Discount Stickers,Holographic Goose,20.0
221580,2016-09-28,Canada,Discount Stickers,Holographic Goose,800.0
221585,2016-09-28,Canada,Stickers for Less,Holographic Goose,800.0
221590,2016-09-28,Canada,Premium Sticker Mart,Holographic Goose,800.0
221625,2016-09-28,Kenya,Discount Stickers,Holographic Goose,20.0
221670,2016-09-29,Canada,Discount Stickers,Holographic Goose,800.0
221675,2016-09-29,Canada,Stickers for Less,Holographic Goose,800.0
221715,2016-09-29,Kenya,Discount Stickers,Holographic Goose,20.0
221760,2016-09-30,Canada,Discount Stickers,Holographic Goose,800.0
221765,2016-09-30,Canada,Stickers for Less,Holographic Goose,800.0
221805,2016-09-30,Kenya,Discount Stickers,Holographic Goose,20.0
221850,2016-10-01,Canada,Discount Stickers,Holographic Goose,800.0
221895,2016-10-01,Kenya,Discount Stickers,Holographic Goose,20.0
221940,2016-10-02,Canada,Discount Stickers,Holographic Goose,800.0
221985,2016-10-02,Kenya,Discount Stickers,Holographic Goose,20.0
222030,2016-10-03,Canada,Discount Stickers,Holographic Goose,800.0
222035,2016-10-03,Canada,Stickers for Less,Holographic Goose,800.0
222075,2016-10-03,Kenya,Discount Stickers,Holographic Goose,20.0
222120,2016-10-04,Canada,Discount Stickers,Holographic Goose,800.0
222125,2016-10-04,Canada,Stickers for Less,Holographic Goose,800.0
222165,2016-10-04,Kenya,Discount Stickers,Holographic Goose,20.0
222210,2016-10-05,Canada,Discount Stickers,Holographic Goose,800.0
222215,2016-10-05,Canada,Stickers for Less,Holographic Goose,800.0
222220,2016-10-05,Canada,Premium Sticker Mart,Holographic Goose,800.0
222255,2016-10-05,Kenya,Discount Stickers,Holographic Goose,20.0
222300,2016-10-06,Canada,Discount Stickers,Holographic Goose,800.0
222305,2016-10-06,Canada,Stickers for Less,Holographic Goose,800.0
222345,2016-10-06,Kenya,Discount Stickers,Holographic Goose,20.0
222390,2016-10-07,Canada,Discount Stickers,Holographic Goose,800.0
222395,2016-10-07,Canada,Stickers for Less,Holographic Goose,800.0
222435,2016-10-07,Kenya,Discount Stickers,Holographic Goose,20.0
222480,2016-10-08,Canada,Discount Stickers,Holographic Goose,800.0
222525,2016-10-08,Kenya,Discount Stickers,Holographic Goose,20.0
222570,2016-10-09,Canada,Discount Stickers,Holographic Goose,800.0
222615,2016-10-09,Kenya,Discount Stickers,Holographic Goose,20.0
222660,2016-10-10,Canada,Discount Stickers,Holographic Goose,800.0
222665,2016-10-10,Canada,Stickers for Less,Holographic Goose,800.0
222670,2016-10-10,Canada,Premium Sticker Mart,Holographic Goose,800.0
222705,2016-10-10,Kenya,Discount Stickers,Holographic Goose,20.0
222750,2016-10-11,Canada,Discount Stickers,Holographic Goose,800.0
222755,2016-10-11,Canada,Stickers for Less,Holographic Goose,800.0
222795,2016-10-11,Kenya,Discount Stickers,Holographic Goose,20.0
222840,2016-10-12,Canada,Discount Stickers,Holographic Goose,800.0
222845,2016-10-12,Canada,Stickers for Less,Holographic Goose,800.0
222885,2016-10-12,Kenya,Discount Stickers,Holographic Goose,20.0
222930,2016-10-13,Canada,Discount Stickers,Holographic Goose,800.0
222935,2016-10-13,Canada,Stickers for Less,Holographic Goose,800.0
222975,2016-10-13,Kenya,Discount Stickers,Holographic Goose,20.0
223020,2016-10-14,Canada,Discount Stickers,Holographic Goose,800.0
223025,2016-10-14,Canada,Stickers for Less,Holographic Goose,800.0
223065,2016-10-14,Kenya,Discount Stickers,Holographic Goose,20.0
223110,2016-10-15,Canada,Discount Stickers,Holographic Goose,800.0
223115,2016-10-15,Canada,Stickers for Less,Holographic Goose,800.0
223155,2016-10-15,Kenya,Discount Stickers,Holographic Goose,20.0
223200,2016-10-16,Canada,Discount Stickers,Holographic Goose,800.0
223245,2016-10-16,Kenya,Discount Stickers,Holographic Goose,20.0
223290,2016-10-17,Canada,Discount Stickers,Holographic Goose,800.0
223295,2016-10-17,Canada,Stickers for Less,Holographic Goose,800.0
223335,2016-10-17,Kenya,Discount Stickers,Holographic Goose,20.0
223380,2016-10-18,Canada,Discount Stickers,Holographic Goose,800.0
223385,2016-10-18,Canada,Stickers for Less,Holographic Goose,800.0
223425,2016-10-18,Kenya,Discount Stickers,Holographic Goose,20.0
223470,2016-10-19,Canada,Discount Stickers,Holographic Goose,800.0
223475,2016-10-19,Canada,Stickers for Less,Holographic Goose,800.0
223515,2016-10-19,Kenya,Discount Stickers,Holographic Goose,20.0
223560,2016-10-20,Canada,Discount Stickers,Holographic Goose,800.0
223565,2016-10-20,Canada,Stickers for Less,Holographic Goose,800.0
223605,2016-10-20,Kenya,Discount Stickers,Holographic Goose,20.0
223650,2016-10-21,Canada,Discount Stickers,Holographic Goose,800.0
223655,2016-10-21,Canada,Stickers for Less,Holographic Goose,800.0
223695,2016-10-21,Kenya,Discount Stickers,Holographic Goose,20.0
223740,2016-10-22,Canada,Discount Stickers,Holographic Goose,800.0
223785,2016-10-22,Kenya,Discount Stickers,Holographic Goose,20.0
223830,2016-10-23,Canada,Discount Stickers,Holographic Goose,800.0
223875,2016-10-23,Kenya,Discount Stickers,Holographic Goose,20.0
223920,2016-10-24,Canada,Discount Stickers,Holographic Goose,800.0
223925,2016-10-24,Canada,Stickers for Less,Holographic Goose,800.0
223965,2016-10-24,Kenya,Discount Stickers,Holographic Goose,20.0
224010,2016-10-25,Canada,Discount Stickers,Holographic Goose,800.0
224015,2016-10-25,Canada,Stickers for Less,Holographic Goose,800.0
224055,2016-10-25,Kenya,Discount Stickers,Holographic Goose,20.0
224100,2016-10-26,Canada,Discount Stickers,Holographic Goose,800.0
224105,2016-10-26,Canada,Stickers for Less,Holographic Goose,800.0
224145,2016-10-26,Kenya,Discount Stickers,Holographic Goose,20.0
224190,2016-10-27,Canada,Discount Stickers,Holographic Goose,800.0
224195,2016-10-27,Canada,Stickers for Less,Holographic Goose,800.0
224235,2016-10-27,Kenya,Discount Stickers,Holographic Goose,20.0
224280,2016-10-28,Canada,Discount Stickers,Holographic Goose,800.0
224325,2016-10-28,Kenya,Discount Stickers,Holographic Goose,20.0
224370,2016-10-29,Canada,Discount Stickers,Holographic Goose,800.0
224415,2016-10-29,Kenya,Discount Stickers,Holographic Goose,20.0
224460,2016-10-30,Canada,Discount Stickers,Holographic Goose,800.0
224505,2016-10-30,Kenya,Discount Stickers,Holographic Goose,20.0
224550,2016-10-31,Canada,Discount Stickers,Holographic Goose,800.0
224555,2016-10-31,Canada,Stickers for Less,Holographic Goose,800.0
224595,2016-10-31,Kenya,Discount Stickers,Holographic Goose,20.0
224640,2016-11-01,Canada,Discount Stickers,Holographic Goose,800.0
224645,2016-11-01,Canada,Stickers for Less,Holographic Goose,800.0
224685,2016-11-01,Kenya,Discount Stickers,Holographic Goose,20.0
224730,2016-11-02,Canada,Discount Stickers,Holographic Goose,800.0
224735,2016-11-02,Canada,Stickers for Less,Holographic Goose,800.0
224775,2016-11-02,Kenya,Discount Stickers,Holographic Goose,20.0
224820,2016-11-03,Canada,Discount Stickers,Holographic Goose,800.0
224825,2016-11-03,Canada,Stickers for Less,Holographic Goose,800.0
224865,2016-11-03,Kenya,Discount Stickers,Holographic Goose,20.0
224910,2016-11-04,Canada,Discount Stickers,Holographic Goose,800.0
224915,2016-11-04,Canada,Stickers for Less,Holographic Goose,800.0
224955,2016-11-04,Kenya,Discount Stickers,Holographic Goose,20.0
225000,2016-11-05,Canada,Discount Stickers,Holographic Goose,800.0
225005,2016-11-05,Canada,Stickers for Less,Holographic Goose,800.0
225045,2016-11-05,Kenya,Discount Stickers,Holographic Goose,20.0
225090,2016-11-06,Canada,Discount Stickers,Holographic Goose,800.0
225135,2016-11-06,Kenya,Discount Stickers,Holographic Goose,20.0
225180,2016-11-07,Canada,Discount Stickers,Holographic Goose,800.0
225185,2016-11-07,Canada,Stickers for Less,Holographic Goose,800.0
225225,2016-11-07,Kenya,Discount Stickers,Holographic Goose,20.0
225270,2016-11-08,Canada,Discount Stickers,Holographic Goose,800.0
225275,2016-11-08,Canada,Stickers for Less,Holographic Goose,800.0
225315,2016-11-08,Kenya,Discount Stickers,Holographic Goose,20.0
225360,2016-11-09,Canada,Discount Stickers,Holographic Goose,800.0
225365,2016-11-09,Canada,Stickers for Less,Holographic Goose,800.0
225405,2016-11-09,Kenya,Discount Stickers,Holographic Goose,20.0
225450,2016-11-10,Canada,Discount Stickers,Holographic Goose,800.0
225455,2016-11-10,Canada,Stickers for Less,Holographic Goose,800.0
225495,2016-11-10,Kenya,Discount Stickers,Holographic Goose,20.0
225540,2016-11-11,Canada,Discount Stickers,Holographic Goose,800.0
225545,2016-11-11,Canada,Stickers for Less,Holographic Goose,800.0
225585,2016-11-11,Kenya,Discount Stickers,Holographic Goose,20.0
225630,2016-11-12,Canada,Discount Stickers,Holographic Goose,800.0
225675,2016-11-12,Kenya,Discount Stickers,Holographic Goose,20.0
225720,2016-11-13,Canada,Discount Stickers,Holographic Goose,800.0
225765,2016-11-13,Kenya,Discount Stickers,Holographic Goose,20.0
225810,2016-11-14,Canada,Discount Stickers,Holographic Goose,800.0
225855,2016-11-14,Kenya,Discount Stickers,Holographic Goose,20.0
225900,2016-11-15,Canada,Discount Stickers,Holographic Goose,800.0
225905,2016-11-15,Canada,Stickers for Less,Holographic Goose,800.0
225945,2016-11-15,Kenya,Discount Stickers,Holographic Goose,20.0
225990,2016-11-16,Canada,Discount Stickers,Holographic Goose,800.0
225995,2016-11-16,Canada,Stickers for Less,Holographic Goose,800.0
226035,2016-11-16,Kenya,Discount Stickers,Holographic Goose,20.0
226080,2016-11-17,Canada,Discount Stickers,Holographic Goose,800.0
226085,2016-11-17,Canada,Stickers for Less,Holographic Goose,800.0
226125,2016-11-17,Kenya,Discount Stickers,Holographic Goose,20.0
226170,2016-11-18,Canada,Discount Stickers,Holographic Goose,800.0
226175,2016-11-18,Canada,Stickers for Less,Holographic Goose,800.0
226215,2016-11-18,Kenya,Discount Stickers,Holographic Goose,20.0
226260,2016-11-19,Canada,Discount Stickers,Holographic Goose,800.0
226305,2016-11-19,Kenya,Discount Stickers,Holographic Goose,20.0
226350,2016-11-20,Canada,Discount Stickers,Holographic Goose,800.0
226395,2016-11-20,Kenya,Discount Stickers,Holographic Goose,20.0
226440,2016-11-21,Canada,Discount Stickers,Holographic Goose,800.0
226445,2016-11-21,Canada,Stickers for Less,Holographic Goose,800.0
226485,2016-11-21,Kenya,Discount Stickers,Holographic Goose,20.0
226530,2016-11-22,Canada,Discount Stickers,Holographic Goose,800.0
226575,2016-11-22,Kenya,Discount Stickers,Holographic Goose,20.0
226620,2016-11-23,Canada,Discount Stickers,Holographic Goose,800.0
226625,2016-11-23,Canada,Stickers for Less,Holographic Goose,800.0
226630,2016-11-23,Canada,Premium Sticker Mart,Holographic Goose,800.0
226665,2016-11-23,Kenya,Discount Stickers,Holographic Goose,20.0
226710,2016-11-24,Canada,Discount Stickers,Holographic Goose,800.0
226755,2016-11-24,Kenya,Discount Stickers,Holographic Goose,20.0
226800,2016-11-25,Canada,Discount Stickers,Holographic Goose,800.0
226845,2016-11-25,Kenya,Discount Stickers,Holographic Goose,20.0
226890,2016-11-26,Canada,Discount Stickers,Holographic Goose,800.0
226935,2016-11-26,Kenya,Discount Stickers,Holographic Goose,20.0
226980,2016-11-27,Canada,Discount Stickers,Holographic Goose,800.0
227025,2016-11-27,Kenya,Discount Stickers,Holographic Goose,20.0
227070,2016-11-28,Canada,Discount Stickers,Holographic Goose,800.0
227075,2016-11-28,Canada,Stickers for Less,Holographic Goose,800.0
227115,2016-11-28,Kenya,Discount Stickers,Holographic Goose,20.0
227160,2016-11-29,Canada,Discount Stickers,Holographic Goose,800.0
227165,2016-11-29,Canada,Stickers for Less,Holographic Goose,800.0
227205,2016-11-29,Kenya,Discount Stickers,Holographic Goose,20.0
227250,2016-11-30,Canada,Discount Stickers,Holographic Goose,800.0
227255,2016-11-30,Canada,Stickers for Less,Holographic Goose,800.0
227295,2016-11-30,Kenya,Discount Stickers,Holographic Goose,20.0
227340,2016-12-01,Canada,Discount Stickers,Holographic Goose,800.0
227345,2016-12-01,Canada,Stickers for Less,Holographic Goose,800.0
227385,2016-12-01,Kenya,Discount Stickers,Holographic Goose,20.0
227430,2016-12-02,Canada,Discount Stickers,Holographic Goose,800.0
227475,2016-12-02,Kenya,Discount Stickers,Holographic Goose,20.0
227520,2016-12-03,Canada,Discount Stickers,Holographic Goose,800.0
227565,2016-12-03,Kenya,Discount Stickers,Holographic Goose,20.0
227610,2016-12-04,Canada,Discount Stickers,Holographic Goose,800.0
227655,2016-12-04,Kenya,Discount Stickers,Holographic Goose,20.0
227700,2016-12-05,Canada,Discount Stickers,Holographic Goose,800.0
227705,2016-12-05,Canada,Stickers for Less,Holographic Goose,800.0
227745,2016-12-05,Kenya,Discount Stickers,Holographic Goose,20.0
227790,2016-12-06,Canada,Discount Stickers,Holographic Goose,800.0
227795,2016-12-06,Canada,Stickers for Less,Holographic Goose,800.0
227835,2016-12-06,Kenya,Discount Stickers,Holographic Goose,20.0
227880,2016-12-07,Canada,Discount Stickers,Holographic Goose,800.0
227885,2016-12-07,Canada,Stickers for Less,Holographic Goose,800.0
227925,2016-12-07,Kenya,Discount Stickers,Holographic Goose,20.0
227970,2016-12-08,Canada,Discount Stickers,Holographic Goose,800.0
227975,2016-12-08,Canada,Stickers for Less,Holographic Goose,800.0
228015,2016-12-08,Kenya,Discount Stickers,Holographic Goose,20.0
228060,2016-12-09,Canada,Discount Stickers,Holographic Goose,800.0
228065,2016-12-09,Canada,Stickers for Less,Holographic Goose,800.0
228105,2016-12-09,Kenya,Discount Stickers,Holographic Goose,20.0
228150,2016-12-10,Canada,Discount Stickers,Holographic Goose,800.0
228195,2016-12-10,Kenya,Discount Stickers,Holographic Goose,20.0
228240,2016-12-11,Canada,Discount Stickers,Holographic Goose,800.0
228285,2016-12-11,Kenya,Discount Stickers,Holographic Goose,20.0
228330,2016-12-12,Canada,Discount Stickers,Holographic Goose,800.0
228335,2016-12-12,Canada,Stickers for Less,Holographic Goose,800.0
228375,2016-12-12,Kenya,Discount Stickers,Holographic Goose,20.0
228420,2016-12-13,Canada,Discount Stickers,Holographic Goose,800.0
228425,2016-12-13,Canada,Stickers for Less,Holographic Goose,800.0
228465,2016-12-13,Kenya,Discount Stickers,Holographic Goose,20.0
228510,2016-12-14,Canada,Discount Stickers,Holographic Goose,800.0
228515,2016-12-14,Canada,Stickers for Less,Holographic Goose,800.0
228555,2016-12-14,Kenya,Discount Stickers,Holographic Goose,20.0
228600,2016-12-15,Canada,Discount Stickers,Holographic Goose,800.0
228605,2016-12-15,Canada,Stickers for Less,Holographic Goose,800.0
228645,2016-12-15,Kenya,Discount Stickers,Holographic Goose,20.0
228690,2016-12-16,Canada,Discount Stickers,Holographic Goose,800.0
228735,2016-12-16,Kenya,Discount Stickers,Holographic Goose,20.0
228780,2016-12-17,Canada,Discount Stickers,Holographic Goose,800.0
228825,2016-12-17,Kenya,Discount Stickers,Holographic Goose,20.0
228870,2016-12-18,Canada,Discount Stickers,Holographic Goose,800.0
228915,2016-12-18,Kenya,Discount Stickers,Holographic Goose,20.0
228960,2016-12-19,Canada,Discount Stickers,Holographic Goose,800.0
228965,2016-12-19,Canada,Stickers for Less,Holographic Goose,800.0
229005,2016-12-19,Kenya,Discount Stickers,Holographic Goose,20.0
229050,2016-12-20,Canada,Discount Stickers,Holographic Goose,800.0
229055,2016-12-20,Canada,Stickers for Less,Holographic Goose,800.0
229095,2016-12-20,Kenya,Discount Stickers,Holographic Goose,20.0
229140,2016-12-21,Canada,Discount Stickers,Holographic Goose,800.0
229185,2016-12-21,Kenya,Discount Stickers,Holographic Goose,20.0
229230,2016-12-22,Canada,Discount Stickers,Holographic Goose,800.0
229275,2016-12-22,Kenya,Discount Stickers,Holographic Goose,20.0
229320,2016-12-23,Canada,Discount Stickers,Holographic Goose,800.0
229325,2016-12-23,Canada,Stickers for Less,Holographic Goose,800.0
229365,2016-12-23,Kenya,Discount Stickers,Holographic Goose,20.0
229410,2016-12-24,Canada,Discount Stickers,Holographic Goose,800.0
229415,2016-12-24,Canada,Stickers for Less,Holographic Goose,800.0
229455,2016-12-24,Kenya,Discount Stickers,Holographic Goose,20.0
229500,2016-12-25,Canada,Discount Stickers,Holographic Goose,800.0
229545,2016-12-25,Kenya,Discount Stickers,Holographic Goose,20.0
229590,2016-12-26,Canada,Discount Stickers,Holographic Goose,800.0
229635,2016-12-26,Kenya,Discount Stickers,Holographic Goose,20.0
229680,2016-12-27,Canada,Discount Stickers,Holographic Goose,800.0
229725,2016-12-27,Kenya,Discount Stickers,Holographic Goose,20.0
229770,2016-12-28,Canada,Discount Stickers,Holographic Goose,800.0
229815,2016-12-28,Kenya,Discount Stickers,Holographic Goose,20.0
229860,2016-12-29,Canada,Discount Stickers,Holographic Goose,800.0
229905,2016-12-29,Kenya,Discount Stickers,Holographic Goose,20.0
229950,2016-12-30,Canada,Discount Stickers,Holographic Goose,800.0
229995,2016-12-30,Kenya,Discount Stickers,Holographic Goose,20.0
230040,2016-12-31,Canada,Discount Stickers,Holographic Goose,800.0
230085,2016-12-31,Kenya,Discount Stickers,Holographic Goose,20.0
