tree
version=v4
num_class=1
num_tree_per_iteration=1
label_index=0
max_feature_idx=43
objective=regression
feature_names=Age Annual_Income Number_of_Dependents Health_Score Gender_Female Gender_Male Marital_Status_Divorced Marital_Status_Married Marital_Status_Single Marital_Status_nan Education_Level_Bachelor's Education_Level_High_School Education_Level_Master's Education_Level_PhD Occupation_Employed Occupation_Self-Employed Occupation_Unemployed Occupation_nan Location_Rural Location_Suburban Location_Urban Policy_Type_Basic Policy_Type_Comprehensive Policy_Type_Premium Customer_Feedback_Average Customer_Feedback_Good Customer_Feedback_Poor Customer_Feedback_nan Smoking_Status_No Smoking_Status_Yes Exercise_Frequency_Daily Exercise_Frequency_Monthly Exercise_Frequency_Rarely Exercise_Frequency_Weekly Property_Type_Apartment Property_Type_Condo Property_Type_House year month day Age_is_nan Annual_Income_is_nan Number_of_Dependents_is_nan Health_Score_is_nan
feature_infos=[0:64] [0:149996] [0:4] [0:57.923810012781061] [0:1] [0:1] [0:1] [0:1] [0:1] [0:1] [0:1] [0:1] [0:1] [0:1] [0:1] [0:1] [0:1] [0:1] [0:1] [0:1] [0:1] [0:1] [0:1] [0:1] [0:1] [0:1] [0:1] [0:1] [0:1] [0:1] [0:1] [0:1] [0:1] [0:1] [0:1] [0:1] [0:1] [2019:2024] [1:12] [1:31] none none none none
tree_sizes=6011 6007 6006 6010 6005 6015 6012 6005 6011 6006 6019 6010 6012 6013 5999 6010 6008 6000 6011 6017 5990 5998 6008 5997 5990 6015 5988 6008 6008 5993 5978 5996 5994 6009 5982 6001 5983 5993 6011 6036 5990 5998 6019 5986 5997 6005 6024 5987 6018 6000 5992 6011 5985 6001 6014 5962 5987 6023 5981 6015 5976 6011 5991 5962 6009 6011 6030 5964 6017 5995 5995 6003 5957 6018 6018 5962 5990 5980 6006 6002 5929 5939 6001 5988 5981 6010 5987 5953 5977 5942 5995 5998 5992 6022 6001 5990 5946 5989 5980 5992

Tree=0
num_leaves=64
num_cat=0
split_feature=1 1 37 27 1 1 3 1 1 27 3 9 1 3 3 3 37 3 27 3 1 9 3 1 3 1 1 37 3 3 1 17 3 3 1 1 3 37 27 3 1 3 3 3 37 37 3 38 3 3 1 3 3 3 6 1 39 3 19 32 17 17 0
split_gain=6.71472e+08 1.09046e+09 4.44863e+08 4.14405e+08 3.87995e+08 3.87383e+08 3.85625e+08 5.68335e+08 3.96331e+08 3.56073e+08 2.68428e+08 2.80798e+08 1.58388e+08 1.06744e+08 1.02854e+08 1.01916e+08 9.50487e+07 8.31955e+07 7.64634e+07 7.62731e+07 5.73441e+07 5.58061e+07 4.45725e+07 3.11858e+07 3.05457e+07 3.00547e+07 4.65768e+07 2.81408e+07 2.20199e+07 1.97453e+07 1.97148e+07 1.86106e+07 1.74631e+07 1.64265e+07 1.59766e+07 1.54952e+07 1.54272e+07 1.53274e+07 1.50337e+07 1.43579e+07 1.37537e+07 1.32981e+07 1.32624e+07 1.59863e+07 1.3016e+07 1.29537e+07 1.2574e+07 1.22121e+07 1.21075e+07 1.41921e+07 1.19627e+07 1.19228e+07 1.17818e+07 1.13458e+07 1.09627e+07 1.40638e+07 1.07339e+07 1.43104e+07 1.06812e+07 1.03626e+07 1.01246e+07 9.76873e+06 9.52414e+06
threshold=1.0000000180025095e-35 5090.5000000000009 2019.5000000000002 1.0000000180025095e-35 1510.5000000000002 52861.000000000007 1.0000000180025095e-35 46670.500000000007 46215.500000000007 1.0000000180025095e-35 49.086193642899197 1.0000000180025095e-35 46215.500000000007 1.0000000180025095e-35 3.641052719675467 49.58469035707116 2019.5000000000002 50.849742826575884 1.0000000180025095e-35 1.0000000180025095e-35 79842.500000000015 1.0000000180025095e-35 36.977372812612337 4975.5000000000009 1.0000000180025095e-35 15184.500000000002 5991.5000000000009 2019.5000000000002 31.087322931897432 30.958491610009386 928.50000000000011 1.0000000180025095e-35 42.845288989930189 13.448529106845264 54757.500000000007 114592.50000000001 49.58469035707116 2023.5000000000002 1.0000000180025095e-35 47.052345781429288 40975.000000000007 26.988004809714827 49.938894560673965 28.816585107346473 2023.5000000000002 2022.5000000000002 10.826844230134546 6.5000000000000009 10.514780309671918 43.080037527664238 82029.000000000015 48.723139267295252 9.5748938426300949 22.772026822951499 1.0000000180025095e-35 71432.500000000015 24.500000000000004 20.811850051578766 1.0000000180025095e-35 1.0000000180025095e-35 1.0000000180025095e-35 1.0000000180025095e-35 19.500000000000004
decision_type=2 2 2 2 2 2 2 2 2 2 2 2 2 2 2 2 2 2 2 2 2 2 2 2 2 2 2 2 2 2 2 2 2 2 2 2 2 2 2 2 2 2 2 2 2 2 2 2 2 2 2 2 2 2 2 2 2 2 2 2 2 2 2
left_child=9 4 5 6 14 -3 7 -4 22 15 11 20 -5 -6 -2 16 -1 45 23 59 29 48 25 27 -14 26 -8 31 35 52 32 -15 -16 -27 60 56 -34 -30 -32 61 41 -35 43 53 -36 -12 -28 50 -21 -50 -47 -24 -10 -29 -7 -56 62 58 -58 -18 -9 -13 -22
right_child=1 2 3 12 13 54 8 34 10 -11 17 39 24 18 30 -17 19 -19 -20 21 28 -23 51 -25 -26 33 46 42 37 -31 38 -33 36 40 44 -37 -38 -39 -40 -41 -42 -43 -44 -45 -46 47 -48 -49 49 -51 -52 -53 -54 -55 55 -57 57 -59 -60 -61 -62 -63 -64
leaf_value=5.58644701986755 4.9897837104072398 5.6417367438046639 5.4195348242344519 5.6646533169867874 5.6096142001710865 6.9407168193910733 5.6058679484853986 6.8232234726688104 5.0000477845351865 6.6964202531645576 6.5815676077265977 6.8528130726939525 5.6809551986475064 5.8624414168937333 5.561473192326611 5.8181363636363645 5.3559104258443462 5.6539480905556836 5.7499161230195721 4.5440443592552029 5.3823671199011134 6.1340573770491806 5.5208676642258308 5.7671471025260033 6.5280501037931691 5.520531948214658 5.4334138680840782 6.4409234146341463 5.1894294777491723 4.9816421031667 5.9028122826540548 6.5746238757154538 6.3926523151909018 5.3821393710090302 7.3130934546103088 5.1602740449222493 5.3716824196597353 5.7040383463151594 5.3591577060931899 9.2599074074074075 5.2760126754433694 5.4950516027197676 5.9590344580043073 6.5771228260215446 6.6874436475409835 7.2174081632653069 5.2236048926840519 6.6164878892733565 4.0672893881170555 4.649845542806708 8.8966844919786094 5.7310501587301586 4.7283058058896446 6.2101799110864127 6.1329095792300805 6.8211274288296435 5.671551362683438 4.7963919753086417 4.9442628205128205 6.5496572580645163 5.5934934497816595 6.1136991869918704 4.8238406280085906
leaf_weight=1510 5525 21952 13683 14682 5845 6766 11026 622 4604 1975 1346 1637 1183 3670 16264 1320 681 4373 5365 1826 809 366 47115 2019 10598 38312 8278 20500 10876 15063 14378 1223 1231 71098 5607 10418 529 1669 1395 54 18382 41180 1393 16617 976 245 51996 289 13532 1133 187 7875 29849 7198 1117 2213 1431 1620 780 248 229 615 13503
leaf_count=1510 5525 21952 13683 14682 5845 6766 11026 622 4604 1975 1346 1637 1183 3670 16264 1320 681 4373 5365 1826 809 366 47115 2019 10598 38312 8278 20500 10876 15063 14378 1223 1231 71098 5607 10418 529 1669 1395 54 18382 41180 1393 16617 976 245 51996 289 13532 1133 187 7875 29849 7198 1117 2213 1431 1620 780 248 229 615 13503
internal_value=0 5.54703 5.4457 5.40447 6.01294 6.01454 5.36586 6.02415 5.33063 4.66832 5.05749 4.98908 6.01116 6.25363 5.62225 4.47402 4.38208 6.04466 6.31855 4.27983 4.94524 4.20296 5.42255 6.37652 6.44299 5.39316 5.30708 6.40084 5.08328 4.83064 5.72564 6.04045 5.61267 5.42949 7.13699 5.00658 6.08578 5.25789 5.85473 6.71206 5.4028 5.42355 6.43942 6.45452 7.22033 6.87126 5.25242 7.41208 4.1601 4.1123 7.94432 5.55097 4.76462 6.38096 6.82513 6.59027 4.91833 5.1534 5.41498 5.67459 6.49231 6.65097 4.85541
internal_weight=0 577410 474258 442210 103152 32048 415747 21117 394630 22591 99368 92928 26463 63830 39322 20616 19296 6440 57985 17786 90622 16857 295262 52620 11781 240272 71300 50601 41106 49516 33797 4893 18024 168972 7434 28561 1760 12545 15773 2306 130660 112278 45708 44315 6583 2067 60274 721 16491 14665 432 54990 34453 27698 10096 3330 18143 3831 2211 929 851 2252 14312
internal_count=600001 577410 474258 442210 103152 32048 415747 21117 394630 22591 99368 92928 26463 63830 39322 20616 19296 6440 57985 17786 90622 16857 295262 52620 11781 240272 71300 50601 41106 49516 33797 4893 18024 168972 7434 28561 1760 12545 15773 2306 130660 112278 45708 44315 6583 2067 60274 721 16491 14665 432 54990 34453 27698 10096 3330 18143 3831 2211 929 851 2252 14312
is_linear=0
shrinkage=0.005


Tree=1
num_leaves=64
num_cat=0
split_feature=1 1 37 27 1 1 3 1 1 27 3 9 1 3 3 3 37 3 27 3 1 9 3 1 3 1 1 37 3 3 1 17 3 3 1 1 3 37 27 3 1 3 3 3 37 37 3 38 3 3 1 3 3 3 6 1 39 3 19 32 17 17 25
split_gain=6.64774e+08 1.07958e+09 4.40425e+08 4.10271e+08 3.84125e+08 3.83519e+08 3.81779e+08 5.62666e+08 3.92378e+08 3.52521e+08 2.65751e+08 2.77997e+08 1.56808e+08 1.05679e+08 1.01828e+08 1.00899e+08 9.41006e+07 8.23656e+07 7.57007e+07 7.55123e+07 5.67721e+07 5.52495e+07 4.41279e+07 3.08747e+07 3.0241e+07 2.9755e+07 4.61122e+07 2.78601e+07 2.18002e+07 1.95484e+07 1.95181e+07 1.84249e+07 1.72889e+07 1.62627e+07 1.58172e+07 1.53406e+07 1.52733e+07 1.51745e+07 1.48837e+07 1.42147e+07 1.36165e+07 1.31655e+07 1.31302e+07 1.58268e+07 1.28862e+07 1.28244e+07 1.24486e+07 1.20903e+07 1.19868e+07 1.40505e+07 1.18433e+07 1.18039e+07 1.16643e+07 1.12327e+07 1.08534e+07 1.39235e+07 1.06268e+07 1.41676e+07 1.05746e+07 1.02592e+07 1.00236e+07 9.67129e+06 9.45081e+06
threshold=1.0000000180025095e-35 5090.5000000000009 2019.5000000000002 1.0000000180025095e-35 1510.5000000000002 52861.000000000007 1.0000000180025095e-35 46670.500000000007 46215.500000000007 1.0000000180025095e-35 49.086193642899197 1.0000000180025095e-35 46215.500000000007 1.0000000180025095e-35 3.641052719675467 49.58469035707116 2019.5000000000002 50.849742826575884 1.0000000180025095e-35 1.0000000180025095e-35 79842.500000000015 1.0000000180025095e-35 36.977372812612337 4975.5000000000009 1.0000000180025095e-35 15184.500000000002 5991.5000000000009 2019.5000000000002 31.087322931897432 30.958491610009386 928.50000000000011 1.0000000180025095e-35 42.845288989930189 13.448529106845264 54757.500000000007 114592.50000000001 49.58469035707116 2023.5000000000002 1.0000000180025095e-35 47.052345781429288 40975.000000000007 26.988004809714827 49.938894560673965 28.816585107346473 2023.5000000000002 2022.5000000000002 10.826844230134546 6.5000000000000009 10.514780309671918 43.080037527664238 82029.000000000015 48.723139267295252 9.5748938426300949 22.772026822951499 1.0000000180025095e-35 71432.500000000015 24.500000000000004 20.811850051578766 1.0000000180025095e-35 1.0000000180025095e-35 1.0000000180025095e-35 1.0000000180025095e-35 1.0000000180025095e-35
decision_type=2 2 2 2 2 2 2 2 2 2 2 2 2 2 2 2 2 2 2 2 2 2 2 2 2 2 2 2 2 2 2 2 2 2 2 2 2 2 2 2 2 2 2 2 2 2 2 2 2 2 2 2 2 2 2 2 2 2 2 2 2 2 2
left_child=9 4 5 6 14 -3 7 -4 22 15 11 20 -5 -6 -2 16 -1 45 23 59 29 48 25 27 -14 26 -8 31 35 52 32 -15 -16 -27 60 56 -34 -30 -32 61 41 -35 43 53 -36 -12 -28 50 -21 -50 -47 -24 -10 -29 -7 -56 -22 58 -58 -18 -9 -13 -37
right_child=1 2 3 12 13 54 8 34 10 -11 17 39 24 18 30 -17 19 -19 -20 21 28 -23 51 -25 -26 33 46 42 37 -31 38 -33 36 40 44 62 -38 -39 -40 -41 -42 -43 -44 -45 -46 47 -48 -49 49 -51 -52 -53 -54 -55 55 -57 57 -59 -60 -61 -62 -63 -64
leaf_value=5.5585148426902222 4.9648347995887514 5.6135280438019484 5.3924371190152307 5.6363300562755816 5.5815661085208728 6.9060133264320607 5.5778385481716786 6.7891072885936481 4.975047608942285 6.662938010338892 6.5486598478844407 6.8185491053447835 5.6525504938546423 5.8331291803845922 5.5336657418034312 5.7890457568096396 5.3291308084143418 5.6256783377745316 5.7211665097153981 4.5213241822617736 4.8311349021675465 6.1033871604445196 5.493263363862992 5.7383114907338868 6.495409770267913 5.4929293820166745 5.4062467509048746 6.4087188211231698 5.1634822741529005 4.9567338408498198 5.8732981546964176 6.5417506922763184 6.3606890954281816 5.3552287897002246 7.2765281310250716 5.2416813795532766 5.3448239965835453 5.6755181315646626 5.3323620214017913 9.2136077102025364 5.2496326068363102 5.4675763829128439 5.9292393825521428 6.5442371198385922 6.6540062865321747 7.1813209377405602 5.1974867576858212 6.5834055028407219 4.046952926251369 4.6265962311996365 8.852200955936615 5.702394868624248 4.704664309620278 6.1791289326746481 6.1022451337833115 6.787021891673227 5.643193562312363 4.7724100359280905 4.9195414675627003 6.5169090229272841 5.565525944243352 6.0831306507296681 4.9229315998565122
leaf_weight=1510 5525 21952 13683 14682 5845 6766 11026 622 4604 1975 1346 1637 1183 3670 16264 1320 681 4373 5365 1826 14312 366 47115 2019 10598 38312 8278 20500 10876 15063 14378 1223 1231 71098 5607 6914 529 1669 1395 54 18382 41180 1393 16617 976 245 51996 289 13532 1133 187 7875 29849 7198 1117 2213 1431 1620 780 248 229 615 3504
leaf_count=1510 5525 21952 13683 14682 5845 6766 11026 622 4604 1975 1346 1637 1183 3670 16264 1320 681 4373 5365 1826 14312 366 47115 2019 10598 38312 8278 20500 10876 15063 14378 1223 1231 71098 5607 6914 529 1669 1395 54 18382 41180 1393 16617 976 245 51996 289 13532 1133 187 7875 29849 7198 1117 2213 1431 1620 780 248 229 615 3504
internal_value=0 5.5193 5.41847 5.37745 5.98288 5.98447 5.33903 5.99403 5.30398 4.64497 5.0322 4.96413 5.9811 6.22236 5.59414 4.45165 4.36017 6.01444 6.28695 4.25843 4.92051 4.18195 5.39544 6.34464 6.41077 5.3662 5.28054 6.36883 5.05786 4.80649 5.69701 6.01025 5.58461 5.40234 7.10131 4.98155 6.05535 5.2316 5.82546 6.6785 5.37578 5.39643 6.40722 6.42224 7.18423 6.83691 5.22616 7.37502 4.1393 4.09174 7.9046 5.52321 4.7408 6.34905 6.791 6.55732 4.89374 5.12763 5.3879 5.64621 6.45985 6.61771 5.13447
internal_weight=0 577410 474258 442210 103152 32048 415747 21117 394630 22591 99368 92928 26463 63830 39322 20616 19296 6440 57985 17786 90622 16857 295262 52620 11781 240272 71300 50601 41106 49516 33797 4893 18024 168972 7434 28561 1760 12545 15773 2306 130660 112278 45708 44315 6583 2067 60274 721 16491 14665 432 54990 34453 27698 10096 3330 18143 3831 2211 929 851 2252 10418
internal_count=600001 577410 474258 442210 103152 32048 415747 21117 394630 22591 99368 92928 26463 63830 39322 20616 19296 6440 57985 17786 90622 16857 295262 52620 11781 240272 71300 50601 41106 49516 33797 4893 18024 168972 7434 28561 1760 12545 15773 2306 130660 112278 45708 44315 6583 2067 60274 721 16491 14665 432 54990 34453 27698 10096 3330 18143 3831 2211 929 851 2252 10418
is_linear=0
shrinkage=0.005


Tree=2
num_leaves=64
num_cat=0
split_feature=1 1 37 27 1 1 3 1 1 27 3 9 1 3 3 3 37 3 27 3 1 9 3 1 3 1 1 37 3 3 1 17 3 3 1 1 3 37 27 3 1 3 3 3 37 37 3 38 3 3 1 3 3 3 6 1 39 3 19 32 17 17 0
split_gain=6.58143e+08 1.06881e+09 4.36032e+08 4.06179e+08 3.80293e+08 3.79693e+08 3.7797e+08 5.57054e+08 3.88464e+08 3.49005e+08 2.631e+08 2.75224e+08 1.55244e+08 1.04625e+08 1.00812e+08 9.98928e+07 9.31619e+07 8.1544e+07 7.49456e+07 7.4759e+07 5.62058e+07 5.46984e+07 4.36877e+07 3.05668e+07 2.99394e+07 2.94581e+07 4.56522e+07 2.75822e+07 2.15828e+07 1.93534e+07 1.93234e+07 1.82411e+07 1.71165e+07 1.61005e+07 1.56594e+07 1.51876e+07 1.5121e+07 1.50232e+07 1.47352e+07 1.40729e+07 1.34807e+07 1.30342e+07 1.29992e+07 1.5669e+07 1.27577e+07 1.26965e+07 1.23244e+07 1.19697e+07 1.18672e+07 1.39103e+07 1.17252e+07 1.16862e+07 1.15479e+07 1.11206e+07 1.07451e+07 1.37846e+07 1.05208e+07 1.40263e+07 1.04691e+07 1.01569e+07 9.92358e+06 9.57481e+06 9.42914e+06
threshold=1.0000000180025095e-35 5090.5000000000009 2019.5000000000002 1.0000000180025095e-35 1510.5000000000002 52861.000000000007 1.0000000180025095e-35 46670.500000000007 46215.500000000007 1.0000000180025095e-35 49.086193642899197 1.0000000180025095e-35 46215.500000000007 1.0000000180025095e-35 3.641052719675467 49.58469035707116 2019.5000000000002 50.849742826575884 1.0000000180025095e-35 1.0000000180025095e-35 79842.500000000015 1.0000000180025095e-35 36.977372812612337 4975.5000000000009 1.0000000180025095e-35 15184.500000000002 5991.5000000000009 2019.5000000000002 31.087322931897432 30.958491610009386 928.50000000000011 1.0000000180025095e-35 42.845288989930189 13.448529106845264 54757.500000000007 114592.50000000001 49.58469035707116 2023.5000000000002 1.0000000180025095e-35 47.052345781429288 40975.000000000007 26.988004809714827 49.938894560673965 28.816585107346473 2023.5000000000002 2022.5000000000002 10.826844230134546 6.5000000000000009 10.514780309671918 43.080037527664238 82029.000000000015 48.723139267295252 9.5748938426300949 22.772026822951499 1.0000000180025095e-35 71432.500000000015 24.500000000000004 20.811850051578766 1.0000000180025095e-35 1.0000000180025095e-35 1.0000000180025095e-35 1.0000000180025095e-35 19.500000000000004
decision_type=2 2 2 2 2 2 2 2 2 2 2 2 2 2 2 2 2 2 2 2 2 2 2 2 2 2 2 2 2 2 2 2 2 2 2 2 2 2 2 2 2 2 2 2 2 2 2 2 2 2 2 2 2 2 2 2 2 2 2 2 2 2 2
left_child=9 4 5 6 14 -3 7 -4 22 15 11 20 -5 -6 -2 16 -1 45 23 59 29 48 25 27 -14 26 -8 31 35 52 32 -15 -16 -27 60 56 -34 -30 -32 61 41 -35 43 53 -36 -12 -28 50 -21 -50 -47 -24 -10 -29 -7 -56 62 58 -58 -18 -9 -13 -22
right_child=1 2 3 12 13 54 8 34 10 -11 17 39 24 18 30 -17 19 -19 -20 21 28 -23 51 -25 -26 33 46 42 37 -31 38 -33 36 40 44 -37 -38 -39 -40 -41 -42 -43 -44 -45 -46 47 -48 -49 49 -51 -52 -53 -54 -55 55 -57 57 -59 -60 -61 -62 -63 -64
leaf_value=5.5307220992663053 4.9400107429314524 5.5854603947106067 5.3654749304974869 5.6081483401402581 5.5536583712816858 6.8714832879733727 5.549949450511023 6.7551619159945338 4.9501722976624913 6.6296234109504315 6.5159165657168865 6.7844561746139389 5.6242877152282507 5.8039636215436046 5.505997455435554 5.7601004664825668 5.3024851681937557 5.5975500022871607 5.6925606881485624 4.4987175231799892 5.3312995121358204 6.0728700281036359 5.4657968921242377 5.7096198611096503 6.4629328825053554 5.4654646593690748 5.3792156858183855 6.3766752532283277 5.137664826165758 4.9319501624955437 5.8439316861386397 6.5090419624364486 6.3288855693303505 5.3284524814153462 7.2401454261749505 5.1088003384877041 5.3180998272976936 5.6471405111522008 5.305700138303969 9.1675395922197236 5.2233844929176731 5.4402383974301349 5.899593152999878 6.5115160943851036 6.6207363049124108 7.1454146097144307 5.1714993635727193 6.5504882911992324 4.0267181567542476 4.6034633822748336 8.8079402434698402 5.6738828992304731 4.6811410033239973 6.1482333198604602 6.0717338896843618 6.7530866729582906 5.6149776983161148 4.7485478889559527 4.8949438454799159 6.4843243462039588 5.53769839857343 6.0527151453204269 4.7755656873732244
leaf_weight=1510 5525 21952 13683 14682 5845 6766 11026 622 4604 1975 1346 1637 1183 3670 16264 1320 681 4373 5365 1826 809 366 47115 2019 10598 38312 8278 20500 10876 15063 14378 1223 1231 71098 5607 10418 529 1669 1395 54 18382 41180 1393 16617 976 245 51996 289 13532 1133 187 7875 29849 7198 1117 2213 1431 1620 780 248 229 615 13503
leaf_count=1510 5525 21952 13683 14682 5845 6766 11026 622 4604 1975 1346 1637 1183 3670 16264 1320 681 4373 5365 1826 809 366 47115 2019 10598 38312 8278 20500 10876 15063 14378 1223 1231 71098 5607 10418 529 1669 1395 54 18382 41180 1393 16617 976 245 51996 289 13532 1133 187 7875 29849 7198 1117 2213 1431 1620 780 248 229 615 13503
internal_value=0 5.4917 5.39138 5.35056 5.95296 5.95454 5.31233 5.96406 5.27746 4.62175 5.00704 4.93931 5.9512 6.19125 5.56616 4.4294 4.33837 5.98437 6.25552 4.23714 4.89591 4.16104 5.36846 6.31292 6.37872 5.33937 5.25414 6.33699 5.03257 4.78245 5.66853 5.9802 5.55668 5.37533 7.0658 4.95664 6.02508 5.20545 5.79633 6.64511 5.3489 5.36945 6.37518 6.39013 7.14831 6.80272 5.20003 7.33814 4.11861 4.07128 7.86507 5.4956 4.71709 6.31731 6.75705 6.52454 4.86927 5.10199 5.36096 5.61798 6.42755 6.58462 4.80698
internal_weight=0 577410 474258 442210 103152 32048 415747 21117 394630 22591 99368 92928 26463 63830 39322 20616 19296 6440 57985 17786 90622 16857 295262 52620 11781 240272 71300 50601 41106 49516 33797 4893 18024 168972 7434 28561 1760 12545 15773 2306 130660 112278 45708 44315 6583 2067 60274 721 16491 14665 432 54990 34453 27698 10096 3330 18143 3831 2211 929 851 2252 14312
internal_count=600001 577410 474258 442210 103152 32048 415747 21117 394630 22591 99368 92928 26463 63830 39322 20616 19296 6440 57985 17786 90622 16857 295262 52620 11781 240272 71300 50601 41106 49516 33797 4893 18024 168972 7434 28561 1760 12545 15773 2306 130660 112278 45708 44315 6583 2067 60274 721 16491 14665 432 54990 34453 27698 10096 3330 18143 3831 2211 929 851 2252 14312
is_linear=0
shrinkage=0.005


Tree=3
num_leaves=64
num_cat=0
split_feature=1 1 37 27 1 1 3 1 1 27 3 9 1 3 3 3 37 3 27 3 1 9 3 1 3 1 1 37 3 3 1 17 3 3 1 1 3 37 27 3 1 3 3 3 37 37 3 38 3 3 1 3 3 3 6 1 39 3 19 32 17 17 25
split_gain=6.51578e+08 1.05815e+09 4.31683e+08 4.02127e+08 3.765e+08 3.75905e+08 3.742e+08 5.51497e+08 3.84589e+08 3.45523e+08 2.60476e+08 2.72478e+08 1.53695e+08 1.03582e+08 9.98065e+07 9.88964e+07 9.22326e+07 8.07306e+07 7.4198e+07 7.40133e+07 5.56452e+07 5.41527e+07 4.32519e+07 3.02619e+07 2.96407e+07 2.91643e+07 4.51969e+07 2.73071e+07 2.13675e+07 1.91603e+07 1.91307e+07 1.80592e+07 1.69457e+07 1.59399e+07 1.55032e+07 1.50361e+07 1.49701e+07 1.48733e+07 1.45882e+07 1.39325e+07 1.33462e+07 1.29042e+07 1.28695e+07 1.55127e+07 1.26304e+07 1.25699e+07 1.22015e+07 1.18503e+07 1.17488e+07 1.37716e+07 1.16082e+07 1.15696e+07 1.14327e+07 1.10097e+07 1.06379e+07 1.36471e+07 1.04159e+07 1.38864e+07 1.03647e+07 1.00556e+07 9.82459e+06 9.47931e+06 9.35653e+06
threshold=1.0000000180025095e-35 5090.5000000000009 2019.5000000000002 1.0000000180025095e-35 1510.5000000000002 52861.000000000007 1.0000000180025095e-35 46670.500000000007 46215.500000000007 1.0000000180025095e-35 49.086193642899197 1.0000000180025095e-35 46215.500000000007 1.0000000180025095e-35 3.641052719675467 49.58469035707116 2019.5000000000002 50.849742826575884 1.0000000180025095e-35 1.0000000180025095e-35 79842.500000000015 1.0000000180025095e-35 36.977372812612337 4975.5000000000009 1.0000000180025095e-35 15184.500000000002 5991.5000000000009 2019.5000000000002 31.087322931897432 30.958491610009386 928.50000000000011 1.0000000180025095e-35 42.845288989930189 13.448529106845264 54757.500000000007 114592.50000000001 49.58469035707116 2023.5000000000002 1.0000000180025095e-35 47.052345781429288 40975.000000000007 26.988004809714827 49.938894560673965 28.816585107346473 2023.5000000000002 2022.5000000000002 10.826844230134546 6.5000000000000009 10.514780309671918 43.080037527664238 82029.000000000015 48.723139267295252 9.5748938426300949 22.772026822951499 1.0000000180025095e-35 71432.500000000015 24.500000000000004 20.811850051578766 1.0000000180025095e-35 1.0000000180025095e-35 1.0000000180025095e-35 1.0000000180025095e-35 1.0000000180025095e-35
decision_type=2 2 2 2 2 2 2 2 2 2 2 2 2 2 2 2 2 2 2 2 2 2 2 2 2 2 2 2 2 2 2 2 2 2 2 2 2 2 2 2 2 2 2 2 2 2 2 2 2 2 2 2 2 2 2 2 2 2 2 2 2 2 2
left_child=9 4 5 6 14 -3 7 -4 22 15 11 20 -5 -6 -2 16 -1 45 23 59 29 48 25 27 -14 26 -8 31 35 52 32 -15 -16 -27 60 56 -34 -30 -32 61 41 -35 43 53 -36 -12 -28 50 -21 -50 -47 -24 -10 -29 -7 -56 -22 58 -58 -18 -9 -13 -37
right_child=1 2 3 12 13 54 8 34 10 -11 17 39 24 18 30 -17 19 -19 -20 21 28 -23 51 -25 -26 33 46 42 37 -31 38 -33 36 40 44 62 -38 -39 -40 -41 -42 -43 -44 -45 -46 47 -48 -49 49 -51 -52 -53 -54 -55 55 -57 57 -59 -60 -61 -62 -63 -64
leaf_value=5.5030685409588243 4.9153105039309599 5.5575331419661333 5.3386475415314338 5.5801075829514977 5.525889995884957 6.8371256417384902 5.5221997258296884 6.721386029896629 4.925421384901818 6.5964752955959947 6.4833368069619874 6.7505340003504868 5.5961663552451117 5.7749438306681142 5.4784674958337929 5.731299940837153 5.2759727309033737 5.5695621313594605 5.6640978862690465 4.4762240143699685 4.7829443412472781 6.0425058471358533 5.4384679320777769 5.6810716705454523 6.4306181617519007 5.4381373155438766 5.3523194429084686 6.3447918319153347 5.1119766431461588 4.9072904371966768 5.8147120208887157 6.4764967633902009 6.2972410883000967 5.3018102967691156 7.203944569821715 5.1899289114488356 5.2915094416691364 5.618904922762769 5.2791716479571491 9.121701919237772 5.1972675561792059 5.4130372937977347 5.870095214727364 6.4789584639917939 6.5876328248059233 7.1096873402498204 5.1456418766184164 6.5177358353859827 4.0065846367795688 4.5804460679674612 8.7639001995739463 5.6455135544365174 4.6577352877377924 6.1174920806557838 6.0413751450370441 6.7193211540328637 5.586902805218573 4.7248051915154052 4.87046901289622 6.4519029180861764 5.5100097409085933 6.0224515079337406 4.8727729187136912
leaf_weight=1510 5525 21952 13683 14682 5845 6766 11026 622 4604 1975 1346 1637 1183 3670 16264 1320 681 4373 5365 1826 14312 366 47115 2019 10598 38312 8278 20500 10876 15063 14378 1223 1231 71098 5607 6914 529 1669 1395 54 18382 41180 1393 16617 976 245 51996 289 13532 1133 187 7875 29849 7198 1117 2213 1431 1620 780 248 229 615 3504
leaf_count=1510 5525 21952 13683 14682 5845 6766 11026 622 4604 1975 1346 1637 1183 3670 16264 1320 681 4373 5365 1826 14312 366 47115 2019 10598 38312 8278 20500 10876 15063 14378 1223 1231 71098 5607 6914 529 1669 1395 54 18382 41180 1393 16617 976 245 51996 289 13532 1133 187 7875 29849 7198 1117 2213 1431 1620 780 248 229 615 3504
internal_value=0 5.46424 5.36442 5.32381 5.9232 5.92477 5.28577 5.93424 5.25107 4.59864 4.98201 4.91462 5.92144 6.16029 5.53833 4.40725 4.31667 5.95444 6.22424 4.21595 4.87143 4.14023 5.34162 6.28135 6.34683 5.31267 5.22787 6.3053 5.00741 4.75854 5.64018 5.9503 5.5289 5.34845 7.03047 4.93186 5.99495 5.17942 5.76735 6.61188 5.32216 5.3426 6.34331 6.35818 7.11257 6.76871 5.17403 7.30145 4.09801 4.05092 7.82575 5.46812 4.69351 6.28572 6.72326 6.49191 4.84493 5.07648 5.33416 5.58989 6.39541 6.5517 5.08326
internal_weight=0 577410 474258 442210 103152 32048 415747 21117 394630 22591 99368 92928 26463 63830 39322 20616 19296 6440 57985 17786 90622 16857 295262 52620 11781 240272 71300 50601 41106 49516 33797 4893 18024 168972 7434 28561 1760 12545 15773 2306 130660 112278 45708 44315 6583 2067 60274 721 16491 14665 432 54990 34453 27698 10096 3330 18143 3831 2211 929 851 2252 10418
internal_count=600001 577410 474258 442210 103152 32048 415747 21117 394630 22591 99368 92928 26463 63830 39322 20616 19296 6440 57985 17786 90622 16857 295262 52620 11781 240272 71300 50601 41106 49516 33797 4893 18024 168972 7434 28561 1760 12545 15773 2306 130660 112278 45708 44315 6583 2067 60274 721 16491 14665 432 54990 34453 27698 10096 3330 18143 3831 2211 929 851 2252 10418
is_linear=0
shrinkage=0.005


Tree=4
num_leaves=64
num_cat=0
split_feature=1 1 37 27 1 1 3 1 1 27 3 9 1 3 3 3 37 3 27 3 1 9 3 1 3 1 1 37 3 3 1 17 3 3 1 1 3 37 27 3 1 3 3 3 37 37 3 38 3 3 1 3 3 3 6 1 39 3 19 32 17 17 0
split_gain=6.45078e+08 1.04759e+09 4.27376e+08 3.98116e+08 3.72744e+08 3.72156e+08 3.70468e+08 5.45996e+08 3.80752e+08 3.42077e+08 2.57877e+08 2.6976e+08 1.52162e+08 1.02548e+08 9.88109e+07 9.79099e+07 9.13126e+07 7.99253e+07 7.34579e+07 7.3275e+07 5.50901e+07 5.36126e+07 4.28206e+07 2.996e+07 2.93451e+07 2.88733e+07 4.4746e+07 2.70347e+07 2.11544e+07 1.89692e+07 1.89398e+07 1.78791e+07 1.67767e+07 1.57809e+07 1.53486e+07 1.48861e+07 1.48208e+07 1.4725e+07 1.44427e+07 1.37935e+07 1.32131e+07 1.27754e+07 1.27411e+07 1.53579e+07 1.25044e+07 1.24445e+07 1.20798e+07 1.17321e+07 1.16316e+07 1.36422e+07 1.14925e+07 1.14542e+07 1.13187e+07 1.08999e+07 1.05318e+07 1.3511e+07 1.0312e+07 1.37479e+07 1.02613e+07 9.95525e+06 9.72659e+06 9.38475e+06 9.33509e+06
threshold=1.0000000180025095e-35 5090.5000000000009 2019.5000000000002 1.0000000180025095e-35 1510.5000000000002 52861.000000000007 1.0000000180025095e-35 46670.500000000007 46215.500000000007 1.0000000180025095e-35 49.086193642899197 1.0000000180025095e-35 46215.500000000007 1.0000000180025095e-35 3.641052719675467 49.58469035707116 2019.5000000000002 50.849742826575884 1.0000000180025095e-35 1.0000000180025095e-35 79842.500000000015 1.0000000180025095e-35 36.977372812612337 4975.5000000000009 1.0000000180025095e-35 15184.500000000002 5991.5000000000009 2019.5000000000002 31.087322931897432 30.958491610009386 928.50000000000011 1.0000000180025095e-35 42.845288989930189 13.448529106845264 54757.500000000007 114592.50000000001 49.58469035707116 2023.5000000000002 1.0000000180025095e-35 47.052345781429288 40975.000000000007 26.988004809714827 49.938894560673965 28.816585107346473 2023.5000000000002 2022.5000000000002 10.826844230134546 6.5000000000000009 10.514780309671918 43.955623248403974 82029.000000000015 48.723139267295252 9.5748938426300949 22.772026822951499 1.0000000180025095e-35 71432.500000000015 24.500000000000004 20.811850051578766 1.0000000180025095e-35 1.0000000180025095e-35 1.0000000180025095e-35 1.0000000180025095e-35 19.500000000000004
decision_type=2 2 2 2 2 2 2 2 2 2 2 2 2 2 2 2 2 2 2 2 2 2 2 2 2 2 2 2 2 2 2 2 2 2 2 2 2 2 2 2 2 2 2 2 2 2 2 2 2 2 2 2 2 2 2 2 2 2 2 2 2 2 2
left_child=9 4 5 6 14 -3 7 -4 22 15 11 20 -5 -6 -2 16 -1 45 23 59 29 48 25 27 -14 26 -8 31 35 52 32 -15 -16 -27 60 56 -34 -30 -32 61 41 -35 43 53 -36 -12 -28 50 -21 -50 -47 -24 -10 -29 -7 -56 62 58 -58 -18 -9 -13 -22
right_child=1 2 3 12 13 54 8 34 10 -11 17 39 24 18 30 -17 19 -19 -20 21 28 -23 51 -25 -26 33 46 42 37 -31 38 -33 36 40 44 -37 -38 -39 -40 -41 -42 -43 -44 -45 -46 47 -48 -49 49 -51 -52 -53 -54 -55 55 -57 57 -59 -60 -61 -62 -63 -64
leaf_value=5.4755533329930142 4.8907339860492431 5.5297454098057077 5.311954274877877 5.5522070526481722 5.4982604615791448 6.8029400426299569 5.4945886524457208 6.6877791266669178 4.900794407387032 6.5634929983806014 6.4509203092983602 6.7167814238834618 5.5681854195421714 5.7460689994590073 5.4510752306479198 5.7026433667773668 5.2495929631884053 5.5417143542171141 5.635777433708685 4.4538428593667678 5.2807284706315238 6.0122933484271908 5.4112757437089565 5.6526662917393109 6.3984651112951205 5.4109466197737088 5.3255579326491542 6.3130678761197956 5.0864167608689268 4.8827540818876223 5.7856383862737024 6.444114380711393 6.2657550103408015 5.2753011477601808 7.1679249725663681 5.0578400436172757 5.2650517357899922 5.5908104000210654 5.2527758415642607 9.0760936482526642 5.1712812259079719 5.3859720193419598 5.8407446567800871 6.4465637139221768 6.5546946145184952 7.0741390785076179 5.1199136660272631 6.4851474203494188 3.9905749545362763 4.6107572607903542 8.7200807390373978 5.6172859007028828 4.634446649490747 6.086904753618362 6.0111684194161832 6.6857246079306982 5.558968295120823 4.7011811708703082 4.8461167436379649 6.4196433749895236 5.4824597040215695 5.9923392804696309 4.7277732786829976
leaf_weight=1510 5525 21952 13683 14682 5845 6766 11026 622 4604 1975 1346 1637 1183 3670 16264 1320 681 4373 5365 1826 809 366 47115 2019 10598 38312 8278 20500 10876 15063 14378 1223 1231 71098 5607 10418 529 1669 1395 54 18382 41180 1393 16617 976 245 51996 289 13717 948 187 7875 29849 7198 1117 2213 1431 1620 780 248 229 615 13503
leaf_count=1510 5525 21952 13683 14682 5845 6766 11026 622 4604 1975 1346 1637 1183 3670 16264 1320 681 4373 5365 1826 809 366 47115 2019 10598 38312 8278 20500 10876 15063 14378 1223 1231 71098 5607 10418 529 1669 1395 54 18382 41180 1393 16617 976 245 51996 289 13717 948 187 7875 29849 7198 1117 2213 1431 1620 780 248 229 615 13503
internal_value=0 5.43692 5.3376 5.29719 5.89358 5.89515 5.25934 5.90456 5.22482 4.57565 4.9571 4.89004 5.89183 6.12949 5.51064 4.38521 4.29509 5.92467 6.19312 4.19487 4.84707 4.11953 5.31491 6.24994 6.31509 5.28611 5.20173 6.27378 4.98238 4.73475 5.61198 5.92054 5.50126 5.32171 6.99532 4.9072 5.96498 5.15352 5.73851 6.57882 5.29555 5.31589 6.31159 6.32639 7.07701 6.73486 5.14816 7.26495 4.07752 4.03067 7.78662 5.44078 4.67004 6.25429 6.68965 6.45945 4.8207 5.0511 5.30749 5.56194 6.36343 6.51894 4.75903
internal_weight=0 577410 474258 442210 103152 32048 415747 21117 394630 22591 99368 92928 26463 63830 39322 20616 19296 6440 57985 17786 90622 16857 295262 52620 11781 240272 71300 50601 41106 49516 33797 4893 18024 168972 7434 28561 1760 12545 15773 2306 130660 112278 45708 44315 6583 2067 60274 721 16491 14665 432 54990 34453 27698 10096 3330 18143 3831 2211 929 851 2252 14312
internal_count=600001 577410 474258 442210 103152 32048 415747 21117 394630 22591 99368 92928 26463 63830 39322 20616 19296 6440 57985 17786 90622 16857 295262 52620 11781 240272 71300 50601 41106 49516 33797 4893 18024 168972 7434 28561 1760 12545 15773 2306 130660 112278 45708 44315 6583 2067 60274 721 16491 14665 432 54990 34453 27698 10096 3330 18143 3831 2211 929 851 2252 14312
is_linear=0
shrinkage=0.005


Tree=5
num_leaves=64
num_cat=0
split_feature=1 1 37 27 1 1 3 1 1 27 3 9 1 3 3 3 37 3 27 3 1 9 3 1 3 1 1 37 3 3 1 17 3 3 1 1 3 37 27 3 1 3 3 3 37 37 3 38 3 3 1 3 3 3 6 1 39 3 19 32 17 17 25
split_gain=6.38644e+08 1.03714e+09 4.23113e+08 3.94145e+08 3.69026e+08 3.68443e+08 3.66772e+08 5.40549e+08 3.76954e+08 3.38664e+08 2.55305e+08 2.6707e+08 1.50644e+08 1.01525e+08 9.78252e+07 9.69332e+07 9.04018e+07 7.91281e+07 7.27251e+07 7.25441e+07 5.45406e+07 5.30778e+07 4.23934e+07 2.96612e+07 2.90524e+07 2.85853e+07 4.42996e+07 2.6765e+07 2.09433e+07 1.878e+07 1.87509e+07 1.77007e+07 1.66094e+07 1.56234e+07 1.51955e+07 1.47376e+07 1.4673e+07 1.45781e+07 1.42987e+07 1.36559e+07 1.30813e+07 1.2648e+07 1.2614e+07 1.52047e+07 1.23797e+07 1.23204e+07 1.19593e+07 1.16151e+07 1.15156e+07 1.35106e+07 1.13778e+07 1.13399e+07 1.12058e+07 1.07911e+07 1.04268e+07 1.33762e+07 1.02091e+07 1.36107e+07 1.0159e+07 9.85595e+06 9.62957e+06 9.29114e+06 9.2632e+06
threshold=1.0000000180025095e-35 5090.5000000000009 2019.5000000000002 1.0000000180025095e-35 1510.5000000000002 52861.000000000007 1.0000000180025095e-35 46670.500000000007 46215.500000000007 1.0000000180025095e-35 49.086193642899197 1.0000000180025095e-35 46215.500000000007 1.0000000180025095e-35 3.641052719675467 49.58469035707116 2019.5000000000002 50.849742826575884 1.0000000180025095e-35 1.0000000180025095e-35 79842.500000000015 1.0000000180025095e-35 36.977372812612337 4975.5000000000009 1.0000000180025095e-35 15184.500000000002 5991.5000000000009 2019.5000000000002 31.087322931897432 30.958491610009386 928.50000000000011 1.0000000180025095e-35 42.845288989930189 13.448529106845264 54757.500000000007 114592.50000000001 49.58469035707116 2023.5000000000002 1.0000000180025095e-35 47.052345781429288 40975.000000000007 26.988004809714827 49.938894560673965 28.816585107346473 2023.5000000000002 2022.5000000000002 10.826844230134546 6.5000000000000009 10.514780309671918 43.080037527664238 82029.000000000015 48.723139267295252 9.5748938426300949 22.772026822951499 1.0000000180025095e-35 71432.500000000015 24.500000000000004 20.811850051578766 1.0000000180025095e-35 1.0000000180025095e-35 1.0000000180025095e-35 1.0000000180025095e-35 1.0000000180025095e-35
decision_type=2 2 2 2 2 2 2 2 2 2 2 2 2 2 2 2 2 2 2 2 2 2 2 2 2 2 2 2 2 2 2 2 2 2 2 2 2 2 2 2 2 2 2 2 2 2 2 2 2 2 2 2 2 2 2 2 2 2 2 2 2 2 2
left_child=9 4 5 6 14 -3 7 -4 22 15 11 20 -5 -6 -2 16 -1 45 23 59 29 48 25 27 -14 26 -8 31 35 52 32 -15 -16 -27 60 56 -34 -30 -32 61 41 -35 43 53 -36 -12 -28 50 -21 -50 -47 -24 -10 -29 -7 -56 -22 58 -58 -18 -9 -13 -37
right_child=1 2 3 12 13 54 8 34 10 -11 17 39 24 18 30 -17 19 -19 -20 21 28 -23 51 -25 -26 33 46 42 37 -31 38 -33 36 40 44 62 -38 -39 -40 -41 -42 -43 -44 -45 -46 47 -48 -49 49 -51 -52 -53 -54 -55 55 -57 57 -59 -60 -61 -62 -63 -64
leaf_value=5.4481755208108114 4.8662802943846764 5.5020968143905806 5.2853945871946335 5.5244459689083261 5.4707691612141547 6.7689252453188811 5.4671156607349944 6.6543402793456075 4.8762904093756809 6.5306755818122557 6.418665665147091 6.6831974720730969 5.5403444700872662 5.7173387388276078 5.4238197455914721 5.6741301642873063 5.2233448699598091 5.5140058264785043 5.6075985175117307 4.4315736328294708 4.7352344294555868 5.9822316413625174 5.3842193244066063 5.6244029677364429 6.366472813693445 5.3838918601588786 5.2989301884610871 6.2815024546846772 5.0609846473242177 4.8583401838947893 5.7567103110144995 6.4118936485729545 6.2344261293312968 5.2489247164696806 7.1320851810696677 5.1386899850387122 5.238726576929789 5.5628563529238715 5.2265119008477443 9.0307130904771675 5.1454248173278954 5.3590421164239013 5.8115409287341793 6.4143309246894367 6.5219211593352746 7.0387681656662302 5.0943141302653236 6.4527216780804428 3.9665987877839775 4.5349963321009383 8.6764805330987524 5.5891995685031306 4.6112744042661635 6.0564702048701076 5.9811125425760938 6.6522959362181862 5.5311733016341007 4.6776752729160185 4.8218861377371045 6.3875451397955896 5.4550474564073914 5.9623774810132941 4.8231198831000812
leaf_weight=1510 5525 21952 13683 14682 5845 6766 11026 622 4604 1975 1346 1637 1183 3670 16264 1320 681 4373 5365 1826 14312 366 47115 2019 10598 38312 8278 20500 10876 15063 14378 1223 1231 71098 5607 6914 529 1669 1395 54 18382 41180 1393 16617 976 245 51996 289 13532 1133 187 7875 29849 7198 1117 2213 1431 1620 780 248 229 615 3504
leaf_count=1510 5525 21952 13683 14682 5845 6766 11026 622 4604 1975 1346 1637 1183 3670 16264 1320 681 4373 5365 1826 14312 366 47115 2019 10598 38312 8278 20500 10876 15063 14378 1223 1231 71098 5607 6914 529 1669 1395 54 18382 41180 1393 16617 976 245 51996 289 13532 1133 187 7875 29849 7198 1117 2213 1431 1620 780 248 229 615 3504
internal_value=0 5.40974 5.31091 5.27071 5.86411 5.86567 5.23305 5.87504 5.19869 4.55277 4.93231 4.86559 5.86237 6.09884 5.48309 4.36329 4.27361 5.89505 6.16215 4.1739 4.82284 4.09893 5.28834 6.2187 6.28352 5.25968 5.17572 6.24241 4.95746 4.71107 5.58392 5.89094 5.47375 5.2951 6.96034 4.88267 5.93515 5.12775 5.70982 6.54593 5.26907 5.28931 6.28003 6.29476 7.04162 6.70119 5.12242 7.22862 4.05714 4.01051 7.74769 5.41357 4.64669 6.22302 6.6562 6.42716 4.7966 5.02585 5.28095 5.53413 6.33162 6.48635 5.03255
internal_weight=0 577410 474258 442210 103152 32048 415747 21117 394630 22591 99368 92928 26463 63830 39322 20616 19296 6440 57985 17786 90622 16857 295262 52620 11781 240272 71300 50601 41106 49516 33797 4893 18024 168972 7434 28561 1760 12545 15773 2306 130660 112278 45708 44315 6583 2067 60274 721 16491 14665 432 54990 34453 27698 10096 3330 18143 3831 2211 929 851 2252 10418
internal_count=600001 577410 474258 442210 103152 32048 415747 21117 394630 22591 99368 92928 26463 63830 39322 20616 19296 6440 57985 17786 90622 16857 295262 52620 11781 240272 71300 50601 41106 49516 33797 4893 18024 168972 7434 28561 1760 12545 15773 2306 130660 112278 45708 44315 6583 2067 60274 721 16491 14665 432 54990 34453 27698 10096 3330 18143 3831 2211 929 851 2252 10418
is_linear=0
shrinkage=0.005


Tree=6
num_leaves=64
num_cat=0
split_feature=1 1 37 27 1 1 3 1 1 27 3 9 1 3 3 3 37 3 27 3 1 9 3 1 3 1 1 37 3 3 1 17 3 1 1 3 1 1 3 37 27 3 1 3 3 3 37 37 38 3 3 1 3 3 3 6 1 39 3 19 32 17 17
split_gain=6.32273e+08 1.0268e+09 4.18893e+08 3.90213e+08 3.65345e+08 3.64768e+08 3.63114e+08 5.35157e+08 3.73194e+08 3.35286e+08 2.52758e+08 2.64406e+08 1.49141e+08 1.00513e+08 9.68494e+07 9.59663e+07 8.95e+07 7.83388e+07 7.19997e+07 7.18205e+07 5.39965e+07 5.25483e+07 4.19706e+07 2.93653e+07 2.87626e+07 2.83002e+07 4.38723e+07 2.64981e+07 2.07344e+07 1.85927e+07 1.85639e+07 1.75241e+07 1.64437e+07 1.5518e+07 2.27321e+07 1.54676e+07 1.50439e+07 1.45906e+07 1.45266e+07 1.44327e+07 1.4156e+07 1.35197e+07 1.29508e+07 1.25218e+07 1.24882e+07 1.50531e+07 1.22562e+07 1.21975e+07 1.14992e+07 1.14007e+07 1.33837e+07 1.12643e+07 1.12268e+07 1.1094e+07 1.06835e+07 1.03228e+07 1.32428e+07 1.01073e+07 1.3475e+07 1.00576e+07 9.75763e+06 9.53351e+06 9.30838e+06
threshold=1.0000000180025095e-35 5090.5000000000009 2019.5000000000002 1.0000000180025095e-35 1510.5000000000002 52861.000000000007 1.0000000180025095e-35 46670.500000000007 46215.500000000007 1.0000000180025095e-35 49.086193642899197 1.0000000180025095e-35 46215.500000000007 1.0000000180025095e-35 3.641052719675467 49.58469035707116 2019.5000000000002 50.849742826575884 1.0000000180025095e-35 1.0000000180025095e-35 79842.500000000015 1.0000000180025095e-35 36.977372812612337 4975.5000000000009 1.0000000180025095e-35 15184.500000000002 6971.5000000000009 2019.5000000000002 31.087322931897432 30.958491610009386 928.50000000000011 1.0000000180025095e-35 42.845288989930189 9904.5000000000018 12053.500000000002 13.448529106845264 54757.500000000007 114592.50000000001 49.58469035707116 2023.5000000000002 1.0000000180025095e-35 47.052345781429288 40975.000000000007 26.988004809714827 49.938894560673965 28.816585107346473 2023.5000000000002 2022.5000000000002 6.5000000000000009 10.514780309671918 43.955623248403974 82029.000000000015 48.723139267295252 9.5748938426300949 22.772026822951499 1.0000000180025095e-35 71432.500000000015 24.500000000000004 20.811850051578766 1.0000000180025095e-35 1.0000000180025095e-35 1.0000000180025095e-35 1.0000000180025095e-35
decision_type=2 2 2 2 2 2 2 2 2 2 2 2 2 2 2 2 2 2 2 2 2 2 2 2 2 2 2 2 2 2 2 2 2 2 2 2 2 2 2 2 2 2 2 2 2 2 2 2 2 2 2 2 2 2 2 2 2 2 2 2 2 2 2
left_child=9 4 5 6 14 -3 7 -4 22 15 11 20 -5 -6 -2 16 -1 47 23 60 29 49 25 27 -14 26 -8 31 37 53 32 -15 -16 -28 -35 -27 61 57 -34 -30 -32 -13 43 -37 45 54 -38 -12 51 -21 62 -49 -24 -10 -29 -7 -57 -22 59 -59 -18 -9 -51
right_child=1 2 3 12 13 55 8 36 10 -11 17 41 24 18 30 -17 19 -19 -20 21 28 -23 52 -25 -26 35 33 44 39 -31 40 -33 38 34 -36 42 46 -39 -40 -41 -42 -43 -44 -45 -46 -47 -48 48 -50 50 -52 -53 -54 -55 -56 56 -58 58 -60 -61 -62 -63 -64
leaf_value=5.4209345037418588 4.8419490359514814 5.4745862312324798 5.2589675897360175 5.4968237575735577 5.4434154666146481 6.7350808146007051 5.3428436109127597 6.6210686042262807 4.8519089766122852 6.4980220985952819 6.3865723726199315 6.4539164232118571 5.5126427501515627 5.6887519725395279 5.3967006140699425 5.6457596403437131 5.1972283061432938 5.4864358593317339 5.579560528731017 4.4094156536539488 4.7115581861843214 5.9523205970797708 5.3572982988134745 5.5962809298652836 6.3346403684950898 5.356972384203317 4.9626909875728913 6.2500949849691043 5.0356796232972645 4.8340484936486385 5.7279268665446841 6.3798341932156886 6.2032541074673393 5.2873417391682462 5.012875813863376 5.2226801329471186 7.0964247839425756 5.0073880733975793 5.212533067118919 5.5350419247418268 5.2003792698626876 8.9855595469474796 5.1196976112732901 5.3322469668502457 5.7824831096112348 6.3822592325218617 6.4893113565443423 7.0035743566240578 6.4204578997787722 4.0353227275664176 4.5650285097645433 8.6330980653303833 5.5612535048549994 4.5882179339753675 6.0261878987911306 5.9512068117742789 6.619034724274993 5.5035175630205542 4.6542869874578381 4.7977767682984851 6.3556072851102208 5.4277721965143773 3.7501520256254541
leaf_weight=1510 5525 21952 13683 14682 5845 6766 20839 622 4604 1975 1346 2252 1183 3670 16264 1320 681 4373 5365 1826 14312 366 47115 2019 10598 38312 20171 20500 10876 15063 14378 1223 1231 14216 16074 71098 5607 10418 529 1669 1395 54 18382 41180 1393 16617 976 245 289 9649 948 187 7875 29849 7198 1117 2213 1431 1620 780 248 229 4068
leaf_count=1510 5525 21952 13683 14682 5845 6766 20839 622 4604 1975 1346 2252 1183 3670 16264 1320 681 4373 5365 1826 14312 366 47115 2019 10598 38312 20171 20500 10876 15063 14378 1223 1231 14216 16074 71098 5607 10418 529 1669 1395 54 18382 41180 1393 16617 976 245 289 9649 948 187 7875 29849 7198 1117 2213 1431 1620 780 248 229 4068
internal_value=0 5.38269 5.28436 5.24435 5.83479 5.83634 5.20688 5.84567 5.1727 4.53001 4.90765 4.84127 5.83306 6.06835 5.45567 4.34147 4.25225 5.86557 6.13134 4.15303 4.79872 4.07844 5.2619 6.1876 6.2521 5.23338 5.14984 6.2112 4.93268 4.68752 5.556 5.86149 5.44638 5.07014 5.14169 5.26863 6.92554 4.85825 5.90547 5.10212 5.68127 6.5132 5.24272 5.26287 6.24863 6.26328 7.00641 6.66768 7.19248 4.03685 3.99046 7.70895 5.38651 4.62346 6.19191 6.62292 6.39502 4.77262 5.00072 5.25455 5.50646 6.29996 3.95075
internal_weight=0 577410 474258 442210 103152 32048 415747 21117 394630 22591 99368 92928 26463 63830 39322 20616 19296 6440 57985 17786 90622 16857 295262 52620 11781 240272 71300 50601 41106 49516 33797 4893 18024 50461 30290 168972 7434 28561 1760 12545 15773 2306 130660 112278 45708 44315 6583 2067 721 16491 14665 432 54990 34453 27698 10096 3330 18143 3831 2211 929 851 13717
internal_count=600001 577410 474258 442210 103152 32048 415747 21117 394630 22591 99368 92928 26463 63830 39322 20616 19296 6440 57985 17786 90622 16857 295262 52620 11781 240272 71300 50601 41106 49516 33797 4893 18024 50461 30290 168972 7434 28561 1760 12545 15773 2306 130660 112278 45708 44315 6583 2067 721 16491 14665 432 54990 34453 27698 10096 3330 18143 3831 2211 929 851 13717
is_linear=0
shrinkage=0.005


Tree=7
num_leaves=64
num_cat=0
split_feature=1 1 37 27 1 1 3 1 1 27 3 9 1 3 3 3 37 3 27 3 1 9 3 1 3 1 1 37 3 3 1 17 3 3 1 1 3 37 27 3 1 3 3 3 37 37 3 38 3 3 1 3 3 3 6 1 39 3 19 32 17 0 37
split_gain=6.25966e+08 1.01656e+09 4.14714e+08 3.86321e+08 3.61701e+08 3.6113e+08 3.59491e+08 5.29819e+08 3.69472e+08 3.31942e+08 2.50237e+08 2.61768e+08 1.47654e+08 9.95101e+07 9.58833e+07 9.50091e+07 8.86072e+07 7.75573e+07 7.12815e+07 7.11041e+07 5.34579e+07 5.20242e+07 4.15519e+07 2.90724e+07 2.84757e+07 2.80179e+07 4.35663e+07 2.62337e+07 2.05276e+07 1.84072e+07 1.83787e+07 1.73493e+07 1.62796e+07 1.53133e+07 1.48938e+07 1.44451e+07 1.43817e+07 1.42887e+07 1.40148e+07 1.33849e+07 1.28216e+07 1.23969e+07 1.23637e+07 1.49029e+07 1.21339e+07 1.20758e+07 1.18354e+07 1.13845e+07 1.1287e+07 1.32541e+07 1.1152e+07 1.11148e+07 1.09833e+07 1.05769e+07 1.02198e+07 1.31107e+07 1.00065e+07 1.33406e+07 9.95731e+06 9.6603e+06 9.43841e+06 9.24197e+06 1.01639e+07
threshold=1.0000000180025095e-35 5090.5000000000009 2019.5000000000002 1.0000000180025095e-35 1510.5000000000002 52861.000000000007 1.0000000180025095e-35 46670.500000000007 46215.500000000007 1.0000000180025095e-35 49.086193642899197 1.0000000180025095e-35 46215.500000000007 1.0000000180025095e-35 3.641052719675467 49.58469035707116 2019.5000000000002 50.849742826575884 1.0000000180025095e-35 1.0000000180025095e-35 79842.500000000015 1.0000000180025095e-35 36.977372812612337 4975.5000000000009 1.0000000180025095e-35 15184.500000000002 5991.5000000000009 2019.5000000000002 31.087322931897432 30.958491610009386 928.50000000000011 1.0000000180025095e-35 42.845288989930189 13.448529106845264 54757.500000000007 114592.50000000001 49.58469035707116 2023.5000000000002 1.0000000180025095e-35 47.052345781429288 40975.000000000007 26.988004809714827 49.938894560673965 28.816585107346473 2023.5000000000002 2022.5000000000002 10.826844230134546 6.5000000000000009 10.514780309671918 43.080037527664238 82029.000000000015 48.723139267295252 9.5748938426300949 22.772026822951499 1.0000000180025095e-35 71432.500000000015 24.500000000000004 20.811850051578766 1.0000000180025095e-35 1.0000000180025095e-35 1.0000000180025095e-35 19.500000000000004 2020.5000000000002
decision_type=2 2 2 2 2 2 2 2 2 2 2 2 2 2 2 2 2 2 2 2 2 2 2 2 2 2 2 2 2 2 2 2 2 2 2 2 2 2 2 2 2 2 2 2 2 2 2 2 2 2 2 2 2 2 2 2 2 2 2 2 2 2 2
left_child=9 4 5 6 14 -3 7 -4 22 15 11 20 -5 -6 -2 16 -1 45 23 59 29 48 25 27 -14 26 -8 31 35 52 32 -15 -16 -27 60 56 -34 -30 -32 -13 41 -35 43 53 -36 -12 -28 50 -21 -50 -47 -24 -10 -29 -7 -56 61 58 -58 -18 -9 62 -22
right_child=1 2 3 12 13 54 8 34 10 -11 17 39 24 18 30 -17 19 -19 -20 21 28 -23 51 -25 -26 33 46 42 37 -31 38 -33 36 40 44 -37 -38 -39 -40 -41 -42 -43 -44 -45 -46 47 -48 -49 49 -51 -52 -53 -54 -55 55 -57 57 -59 -60 -61 -62 -63 -64
leaf_value=5.3938298816645878 4.817739212413314 5.4472133190480667 5.2326727170771452 5.4693396329408026 5.4161983058746292 6.7014053329931453 5.4130659217664787 6.5879631710114781 4.827649302090891 6.4655319095779067 6.3546392945980692 6.4216468527063491 5.4850795557481549 5.6603081420439141 5.3697171096064764 5.6175308653982077 5.1712421373333699 5.4590035560412433 5.5516627994503578 4.3873686554202109 4.1594459372890284 5.9225591754261915 5.3305117326016571 5.5682995846107373 6.3029671075266496 5.3301876775948243 5.2468286762821554 6.2188445466766566 5.0105012719863815 4.8098782632015045 5.6992870513190796 6.3479351587309667 6.1722377271912716 5.1965667068591417 7.0609426074451527 4.9823511316473343 5.1864701921862881 5.5073668426364533 5.1743774309053379 8.9406316372200294 5.0940991593230835 5.3055857591652105 5.7535707261133613 6.3503479156341527 6.4568650049997158 6.9685566955953835 5.0432753640175001 6.3883556042193961 3.9270127384587541 4.4899890551796977 8.5899326770318378 5.5334472517854634 4.565276903132939 5.9960568329995896 5.9214508320944796 6.5859394234315349 5.475999903393002 4.6310155373320079 4.7737878873593722 6.3238293302443722 5.4006333673039375 4.6569004306443693 5.506893876556112
leaf_weight=1510 5525 21952 13683 14682 5845 6766 11026 622 4604 1975 1346 2252 1183 3670 16264 1320 681 4373 5365 1826 180 366 47115 2019 10598 38312 8278 20500 10876 15063 14378 1223 1231 71098 5607 10418 529 1669 1395 54 18382 41180 1393 16617 976 245 51996 289 13532 1133 187 7875 29849 7198 1117 2213 1431 1620 780 248 229 13503 629
leaf_count=1510 5525 21952 13683 14682 5845 6766 11026 622 4604 1975 1346 2252 1183 3670 16264 1320 681 4373 5365 1826 180 366 47115 2019 10598 38312 8278 20500 10876 15063 14378 1223 1231 71098 5607 10418 529 1669 1395 54 18382 41180 1393 16617 976 245 51996 289 13532 1133 187 7875 29849 7198 1117 2213 1431 1620 780 248 229 13503 629
internal_value=0 5.35578 5.25793 5.21813 5.80562 5.80716 5.18085 5.81644 5.14683 4.50736 4.88311 4.81706 5.8039 6.03801 5.4284 4.31976 4.23099 5.83624 6.10069 4.13226 4.77473 4.05805 5.23559 6.15666 6.22084 5.20721 5.12409 6.18014 4.90801 4.66408 5.52822 5.83218 5.41915 5.24229 6.89092 4.83396 5.87595 5.0766 5.65286 6.48063 5.21651 5.23655 6.21739 6.23197 6.97138 6.63435 5.07123 7.15652 4.01667 3.97051 7.6704 5.35957 4.60034 6.16095 6.5898 6.36305 4.74875 4.97571 5.22827 5.47893 6.26846 4.688 5.20709
internal_weight=0 577410 474258 442210 103152 32048 415747 21117 394630 22591 99368 92928 26463 63830 39322 20616 19296 6440 57985 17786 90622 16857 295262 52620 11781 240272 71300 50601 41106 49516 33797 4893 18024 168972 7434 28561 1760 12545 15773 2306 130660 112278 45708 44315 6583 2067 60274 721 16491 14665 432 54990 34453 27698 10096 3330 18143 3831 2211 929 851 14312 809
internal_count=600001 577410 474258 442210 103152 32048 415747 21117 394630 22591 99368 92928 26463 63830 39322 20616 19296 6440 57985 17786 90622 16857 295262 52620 11781 240272 71300 50601 41106 49516 33797 4893 18024 168972 7434 28561 1760 12545 15773 2306 130660 112278 45708 44315 6583 2067 60274 721 16491 14665 432 54990 34453 27698 10096 3330 18143 3831 2211 929 851 14312 809
is_linear=0
shrinkage=0.005


Tree=8
num_leaves=64
num_cat=0
split_feature=1 1 37 27 1 1 3 1 1 27 3 9 1 3 3 3 37 3 27 3 1 9 3 1 3 1 1 37 3 3 1 17 3 1 1 3 1 1 3 37 27 3 1 3 3 3 9 37 38 3 3 1 3 3 3 37 6 1 39 3 19 32 17
split_gain=6.19722e+08 1.00642e+09 4.10578e+08 3.82467e+08 3.58093e+08 3.57527e+08 3.55906e+08 5.24534e+08 3.65786e+08 3.28631e+08 2.47741e+08 2.59157e+08 1.46181e+08 9.85175e+07 9.49269e+07 9.40613e+07 8.77234e+07 7.67837e+07 7.05705e+07 7.03948e+07 5.29247e+07 5.15052e+07 4.11374e+07 2.87824e+07 2.81916e+07 2.77384e+07 4.31445e+07 2.59721e+07 2.03228e+07 1.82236e+07 1.81954e+07 1.71763e+07 1.61173e+07 1.53617e+07 2.25034e+07 1.51606e+07 1.47453e+07 1.4301e+07 1.42382e+07 1.41462e+07 1.3875e+07 1.32514e+07 1.26937e+07 1.22733e+07 1.22403e+07 1.47542e+07 1.2052e+07 1.19553e+07 1.12709e+07 1.11744e+07 1.313e+07 1.10407e+07 1.10039e+07 1.08738e+07 1.04714e+07 1.01645e+07 1.01178e+07 1.29799e+07 9.90664e+06 1.32075e+07 9.85799e+06 9.56394e+06 9.34426e+06
threshold=1.0000000180025095e-35 5090.5000000000009 2019.5000000000002 1.0000000180025095e-35 1510.5000000000002 52861.000000000007 1.0000000180025095e-35 46670.500000000007 46215.500000000007 1.0000000180025095e-35 49.086193642899197 1.0000000180025095e-35 46215.500000000007 1.0000000180025095e-35 3.641052719675467 49.58469035707116 2019.5000000000002 50.849742826575884 1.0000000180025095e-35 1.0000000180025095e-35 79842.500000000015 1.0000000180025095e-35 36.977372812612337 4975.5000000000009 1.0000000180025095e-35 15184.500000000002 6971.5000000000009 2019.5000000000002 31.087322931897432 30.958491610009386 928.50000000000011 1.0000000180025095e-35 42.845288989930189 9904.5000000000018 12053.500000000002 13.448529106845264 54757.500000000007 114592.50000000001 49.58469035707116 2023.5000000000002 1.0000000180025095e-35 47.052345781429288 40975.000000000007 26.988004809714827 49.938894560673965 28.816585107346473 1.0000000180025095e-35 2022.5000000000002 6.5000000000000009 10.514780309671918 43.955623248403974 82029.000000000015 48.723139267295252 9.5748938426300949 22.772026822951499 2023.5000000000002 1.0000000180025095e-35 71432.500000000015 24.500000000000004 20.811850051578766 1.0000000180025095e-35 1.0000000180025095e-35 1.0000000180025095e-35
decision_type=2 2 2 2 2 2 2 2 2 2 2 2 2 2 2 2 2 2 2 2 2 2 2 2 2 2 2 2 2 2 2 2 2 2 2 2 2 2 2 2 2 2 2 2 2 2 2 2 2 2 2 2 2 2 2 2 2 2 2 2 2 2 2
left_child=9 4 5 6 14 -3 7 -4 22 15 11 20 -5 -6 -2 16 -1 47 23 61 29 49 25 27 -14 26 -8 31 37 53 32 -15 -16 -28 -35 -27 62 58 -34 -30 -32 -13 43 -37 45 54 55 -12 51 -21 -51 -49 -24 -10 -29 -38 -7 -58 -22 60 -60 -18 -9
right_child=1 2 3 12 13 56 8 36 10 -11 17 41 24 18 30 -17 19 -19 -20 21 28 -23 52 -25 -26 35 33 44 39 -31 40 -33 38 34 -36 42 46 -39 -40 -41 -42 -43 -44 -45 -46 -47 -48 48 -50 50 -52 -53 -54 -55 -56 -57 57 -59 59 -61 -62 -63 -64
leaf_value=5.3668608062889005 4.7936505078777332 5.4199772065213701 5.2065093882105851 5.4419930345743399 5.3891173695541532 6.6678982779334106 5.2898664473975181 6.5550232128621682 4.8035110719332623 6.433204493206965 6.3228663160232337 6.3895386453839693 5.4576542458292145 5.6320067111550953 5.3428685947065366 5.589443213382002 5.1453858502110723 5.4317086076098562 5.5239043318255412 4.3654318386866322 4.6645604953835624 5.8929463763838337 5.3038592074968465 5.5404580397925329 6.2714522517745559 5.3035366379769586 4.9125276478108599 6.1877503724747021 4.9854487848322968 4.7858289727640253 5.670790761843632 6.3161953824714674 6.1413766636709726 5.2355401779413979 4.962458414749789 5.1705838288921413 7.0530063783460673 4.9574393582697347 5.1605379161559792 5.4798298381359158 5.1485054911951327 8.8959287839465677 5.0686286483483096 5.2790579220660598 5.7248029871114872 6.3185961927187488 5.5810330785512932 6.933713939773793 6.3564138173067031 3.9113239244689186 4.5197534271967816 8.5469826964324813 5.505780010044405 4.5424504661615774 5.9660766935094705 6.4919891901555005 5.8918436165819665 6.5530097171326211 5.4486200136358631 4.607860443021413 4.7499188379153416 6.2922100935155347 5.3736302040758099
leaf_weight=1510 5525 21952 13683 14682 5845 6766 20839 622 4604 1975 1346 2252 1183 3670 16264 1320 681 4373 5365 1826 14312 366 47115 2019 10598 38312 20171 20500 10876 15063 14378 1223 1231 14216 16074 71098 5476 10418 529 1669 1395 54 18382 41180 1393 16617 160 245 289 13717 948 187 7875 29849 7198 947 1117 2213 1431 1620 780 248 229
leaf_count=1510 5525 21952 13683 14682 5845 6766 20839 622 4604 1975 1346 2252 1183 3670 16264 1320 681 4373 5365 1826 14312 366 47115 2019 10598 38312 20171 20500 10876 15063 14378 1223 1231 14216 16074 71098 5476 10418 529 1669 1395 54 18382 41180 1393 16617 160 245 289 13717 948 187 7875 29849 7198 947 1117 2213 1431 1620 780 248 229
internal_value=0 5.329 5.23164 5.19204 5.77659 5.77812 5.15494 5.78736 5.1211 4.48482 4.8587 4.79297 5.77488 6.00782 5.40125 4.29816 4.20983 5.80706 6.07018 4.1116 4.75085 4.03776 5.20941 6.12588 6.18973 5.18118 5.09847 6.14924 4.88347 4.64076 5.50058 5.80302 5.39205 5.01943 5.09062 5.21607 6.85646 4.80979 5.84657 5.05122 5.6246 6.44823 5.19043 5.21037 6.1863 6.20081 6.93652 6.60117 7.12073 3.99658 3.95066 7.63205 5.33278 4.57734 6.13014 6.97029 6.55685 6.33123 4.72501 4.95083 5.20213 5.45153 6.23712
internal_weight=0 577410 474258 442210 103152 32048 415747 21117 394630 22591 99368 92928 26463 63830 39322 20616 19296 6440 57985 17786 90622 16857 295262 52620 11781 240272 71300 50601 41106 49516 33797 4893 18024 50461 30290 168972 7434 28561 1760 12545 15773 2306 130660 112278 45708 44315 6583 2067 721 16491 14665 432 54990 34453 27698 6423 10096 3330 18143 3831 2211 929 851
internal_count=600001 577410 474258 442210 103152 32048 415747 21117 394630 22591 99368 92928 26463 63830 39322 20616 19296 6440 57985 17786 90622 16857 295262 52620 11781 240272 71300 50601 41106 49516 33797 4893 18024 50461 30290 168972 7434 28561 1760 12545 15773 2306 130660 112278 45708 44315 6583 2067 721 16491 14665 432 54990 34453 27698 6423 10096 3330 18143 3831 2211 929 851
is_linear=0
shrinkage=0.005


Tree=9
num_leaves=64
num_cat=0
split_feature=1 1 37 27 1 1 3 1 1 27 3 9 1 3 3 3 37 3 27 3 1 9 3 1 3 1 1 37 3 3 1 17 3 3 1 1 37 26 3 1 3 3 3 9 37 3 38 3 3 1 3 3 3 37 6 1 39 3 19 32 17 1 17
split_gain=6.1354e+08 9.96376e+08 4.06482e+08 3.78652e+08 3.54521e+08 3.53961e+08 3.52355e+08 5.19302e+08 3.62137e+08 3.25353e+08 2.4527e+08 2.56572e+08 1.44723e+08 9.75348e+07 9.398e+07 9.31231e+07 8.68483e+07 7.60178e+07 6.98666e+07 6.96926e+07 5.23968e+07 5.09915e+07 4.0727e+07 2.84953e+07 2.79104e+07 2.74617e+07 4.28451e+07 2.5713e+07 2.01201e+07 1.80418e+07 1.80139e+07 1.7005e+07 1.59678e+07 1.50093e+07 1.45982e+07 1.41583e+07 1.4005e+07 1.3845e+07 1.31192e+07 1.25671e+07 1.21509e+07 1.21182e+07 1.46071e+07 1.19318e+07 1.18361e+07 1.17128e+07 1.11585e+07 1.10629e+07 1.30029e+07 1.09306e+07 1.08942e+07 1.07653e+07 1.0367e+07 1.00632e+07 1.00169e+07 1.28504e+07 9.80782e+06 1.30757e+07 9.75965e+06 9.46854e+06 9.25105e+06 9.24104e+06 9.19846e+06
threshold=1.0000000180025095e-35 5090.5000000000009 2019.5000000000002 1.0000000180025095e-35 1510.5000000000002 52861.000000000007 1.0000000180025095e-35 46670.500000000007 46215.500000000007 1.0000000180025095e-35 49.086193642899197 1.0000000180025095e-35 46215.500000000007 1.0000000180025095e-35 3.641052719675467 49.58469035707116 2019.5000000000002 50.849742826575884 1.0000000180025095e-35 1.0000000180025095e-35 79842.500000000015 1.0000000180025095e-35 36.977372812612337 4975.5000000000009 1.0000000180025095e-35 15184.500000000002 5991.5000000000009 2019.5000000000002 31.087322931897432 30.958491610009386 928.50000000000011 1.0000000180025095e-35 34.857935552831549 13.448529106845264 54757.500000000007 114592.50000000001 2023.5000000000002 1.0000000180025095e-35 47.052345781429288 40975.000000000007 26.988004809714827 49.938894560673965 28.816585107346473 1.0000000180025095e-35 2022.5000000000002 10.826844230134546 6.5000000000000009 10.514780309671918 43.080037527664238 82029.000000000015 48.723139267295252 9.5748938426300949 22.772026822951499 2023.5000000000002 1.0000000180025095e-35 71432.500000000015 24.500000000000004 20.811850051578766 1.0000000180025095e-35 1.0000000180025095e-35 1.0000000180025095e-35 53792.500000000007 1.0000000180025095e-35
decision_type=2 2 2 2 2 2 2 2 2 2 2 2 2 2 2 2 2 2 2 2 2 2 2 2 2 2 2 2 2 2 2 2 2 2 2 2 2 2 2 2 2 2 2 2 2 2 2 2 2 2 2 2 2 2 2 2 2 2 2 2 2 2 2
left_child=9 4 5 6 14 -3 7 -4 22 15 11 20 -5 -6 -2 16 -1 44 23 59 29 47 25 27 -14 26 -8 31 35 51 32 -15 -16 -27 60 56 -30 -32 62 40 -35 42 52 53 -12 -28 49 -21 -49 -46 -24 -10 -29 -36 -7 -56 -22 58 -58 -18 -9 -53 -13
right_child=1 2 3 12 13 54 8 34 10 -11 17 38 24 18 30 -17 19 -19 -20 21 28 -23 50 -25 -26 33 45 41 36 -31 37 -33 -34 39 43 -37 -38 -39 -40 -41 -42 -43 -44 -45 46 -47 -48 48 -50 -51 -52 61 -54 -55 55 -57 57 -59 -60 -61 -62 -63 -64
leaf_value=5.340026450805798 4.769682364330869 5.3928773798190672 5.1804768372917724 5.4147830770551408 5.3621717345292268 6.6345587735724214 5.359551318149264 6.5222481447324103 4.7794935826501765 6.4010382830064509 6.2912517897884346 6.5534559691935401 5.4303657729476562 5.6038465920287743 5.2827827884072818 5.561495882301168 5.1196590248113516 5.4045500473570609 5.4962849011620074 4.3436047138761715 4.6412376720187591 5.8634814787415861 5.2773398343948354 5.5127558419326856 6.2400949437330384 5.2770189143688278 5.195243341341965 6.1568116527182886 4.9605216206534024 4.7618997372921221 5.4986174976908115 6.284614439608422 5.6341720048703472 5.1447309280673954 7.0177414616909752 4.9326521501154854 5.4524307571782762 5.8207199512738566 8.8514491003531006 5.0432855955684079 5.2526626502510529 5.6961790636847196 6.2870031921480143 5.5531280212402336 6.8990451935018813 4.9927470337136777 6.3246319904789381 3.8878211144235371 4.4454370630426636 8.5042479702941876 5.4782510940406439 4.3799786030296985 5.936246346691636 6.4595291012922091 5.8623843920177503 6.5202447140934288 5.421376825327914 4.5848210775948788 4.7261693776364515 6.2607490039833138 5.3467621313621123 4.5751177132498819 5.8362402205459958
leaf_weight=1510 5525 21952 13683 14682 5845 6766 11026 622 4604 1975 1346 1637 1183 3670 13802 1320 681 4373 5365 1826 14312 366 47115 2019 10598 38312 8278 20500 10876 15063 10981 1223 4222 71098 5476 10418 1669 4792 54 18382 41180 1393 16617 160 245 51996 289 13532 1133 187 7875 8471 7198 947 1117 2213 1431 1620 780 248 229 21378 615
leaf_count=1510 5525 21952 13683 14682 5845 6766 11026 622 4604 1975 1346 1637 1183 3670 13802 1320 681 4373 5365 1826 14312 366 47115 2019 10598 38312 8278 20500 10876 15063 10981 1223 4222 71098 5476 10418 1669 4792 54 18382 41180 1393 16617 160 245 51996 289 13532 1133 187 7875 8471 7198 947 1117 2213 1431 1620 780 248 229 21378 615
internal_value=0 5.30235 5.20549 5.16608 5.74771 5.74923 5.12917 5.75842 5.0955 4.46239 4.8344 4.76901 5.746 5.97778 5.37425 4.27667 4.18878 5.77803 6.03983 4.09104 4.7271 4.01757 5.18336 6.09525 6.15879 5.15527 5.07298 6.11849 4.85906 4.61756 5.47308 5.774 5.36509 5.18999 6.82218 4.78574 5.02597 5.59648 6.41599 5.16448 5.18432 6.15537 6.1698 6.90184 6.56817 5.02056 7.08513 3.9766 3.9309 7.59389 5.30611 4.55445 6.09949 6.93544 6.52407 6.29958 4.70138 4.92608 5.17612 5.42428 6.20593 4.51974 6.35759
internal_weight=0 577410 474258 442210 103152 32048 415747 21117 394630 22591 99368 92928 26463 63830 39322 20616 19296 6440 57985 17786 90622 16857 295262 52620 11781 240272 71300 50601 41106 49516 33797 4893 18024 168972 7434 28561 12545 15773 2306 130660 112278 45708 44315 6583 2067 60274 721 16491 14665 432 54990 34453 27698 6423 10096 3330 18143 3831 2211 929 851 29849 2252
internal_count=600001 577410 474258 442210 103152 32048 415747 21117 394630 22591 99368 92928 26463 63830 39322 20616 19296 6440 57985 17786 90622 16857 295262 52620 11781 240272 71300 50601 41106 49516 33797 4893 18024 168972 7434 28561 12545 15773 2306 130660 112278 45708 44315 6583 2067 60274 721 16491 14665 432 54990 34453 27698 6423 10096 3330 18143 3831 2211 929 851 29849 2252
is_linear=0
shrinkage=0.005


Tree=10
num_leaves=64
num_cat=0
split_feature=1 1 37 27 1 1 3 1 1 27 3 9 1 3 3 3 37 3 27 3 1 9 3 1 3 1 1 37 3 3 1 17 3 1 1 3 1 3 1 37 27 3 1 3 3 3 9 37 38 3 3 1 3 3 3 37 6 1 3 32 3 17 39
split_gain=6.0742e+08 9.86437e+08 4.02427e+08 3.74875e+08 3.50984e+08 3.5043e+08 3.48841e+08 5.14122e+08 3.58525e+08 3.22107e+08 2.42823e+08 2.54013e+08 1.43279e+08 9.65619e+07 9.30426e+07 9.21942e+07 8.5982e+07 7.52595e+07 6.91696e+07 6.89974e+07 5.18741e+07 5.04828e+07 4.03208e+07 2.8211e+07 2.7632e+07 2.71878e+07 4.24288e+07 2.54565e+07 1.99194e+07 1.78618e+07 1.78342e+07 1.68353e+07 1.58617e+07 1.5207e+07 2.22769e+07 1.48596e+07 1.44526e+07 1.40962e+07 1.40171e+07 1.38654e+07 1.37083e+07 1.29883e+07 1.24417e+07 1.20297e+07 1.19974e+07 1.44614e+07 1.18128e+07 1.1718e+07 1.10472e+07 1.09526e+07 1.28812e+07 1.08216e+07 1.07855e+07 1.06579e+07 1.02659e+07 9.96278e+06 9.91701e+06 1.27223e+07 9.78259e+06 9.37409e+06 9.26013e+06 9.21465e+06 1.09337e+07
threshold=1.0000000180025095e-35 5090.5000000000009 2019.5000000000002 1.0000000180025095e-35 1510.5000000000002 52861.000000000007 1.0000000180025095e-35 46670.500000000007 46215.500000000007 1.0000000180025095e-35 49.086193642899197 1.0000000180025095e-35 46215.500000000007 1.0000000180025095e-35 3.641052719675467 49.58469035707116 2019.5000000000002 50.849742826575884 1.0000000180025095e-35 1.0000000180025095e-35 79842.500000000015 1.0000000180025095e-35 36.977372812612337 4975.5000000000009 1.0000000180025095e-35 15184.500000000002 6971.5000000000009 2019.5000000000002 31.087322931897432 30.958491610009386 928.50000000000011 1.0000000180025095e-35 42.845288989930189 9904.5000000000018 12053.500000000002 13.448529106845264 54757.500000000007 49.58469035707116 114592.50000000001 2023.5000000000002 1.0000000180025095e-35 47.052345781429288 40975.000000000007 26.988004809714827 49.938894560673965 28.816585107346473 1.0000000180025095e-35 2022.5000000000002 6.5000000000000009 10.514780309671918 43.955623248403974 82029.000000000015 48.723139267295252 9.5748938426300949 21.280066615632105 2023.5000000000002 1.0000000180025095e-35 71432.500000000015 10.179855106113367 1.0000000180025095e-35 11.068548944418653 1.0000000180025095e-35 12.500000000000002
decision_type=2 2 2 2 2 2 2 2 2 2 2 2 2 2 2 2 2 2 2 2 2 2 2 2 2 2 2 2 2 2 2 2 2 2 2 2 2 2 2 2 2 2 2 2 2 2 2 2 2 2 2 2 2 2 2 2 2 2 2 2 2 2 2
left_child=9 4 5 6 14 -3 7 -4 22 15 11 20 -5 -6 -2 16 -1 47 23 59 29 49 25 27 -14 26 -8 31 38 53 32 -15 -16 -28 -35 -27 -9 -34 58 -30 -32 -13 43 -37 45 54 55 -12 51 -21 61 -49 -24 -10 -29 -38 -7 -58 -22 -18 -60 -51 -63
right_child=1 2 3 12 13 56 8 36 10 -11 17 41 24 18 30 -17 19 -19 -20 21 28 -23 52 -25 -26 35 33 44 39 -31 40 -33 37 34 -36 42 46 -39 -40 -41 -42 -43 -44 -45 -46 -47 -48 48 -50 50 -52 -53 -54 -55 -56 -57 57 -59 60 -61 -62 62 -64
leaf_value=5.3133264318969076 4.7458338827728692 5.3659129211665073 5.1545744417385304 5.3877091332086779 5.3353609034813188 6.6013860474428876 5.2374150882700965 6.1749009351136399 4.7555960386021745 6.3690329966300645 6.2597955356124251 6.3258031246682789 5.4032140407376845 5.5758275039969094 5.2894743324751445 5.5336884616577269 5.0940607002513172 5.3775272221612136 5.4688035263150576 4.3218866007886048 4.9501175408444791 5.8341639863728174 5.2509531187567937 5.4851920358388657 6.2088946838004988 5.2506338130704329 4.8628684110094902 6.1361521223767195 4.9357188981988216 4.7380902198285666 5.6144068949250485 6.2531912540668166 6.0824988389731809 5.1842509036073254 4.9125464502027398 5.1190072246729681 6.9826528831325891 5.1065643825422837 4.9079888434851151 5.4251686979551712 5.0952698036923634 8.8071916573135951 5.0180691596600004 5.2263992583359355 5.6676979529523885 6.2555680770089053 5.5253623826503757 6.864550108695517 6.2930087685440652 3.9564357634440355 4.4749275292503308 8.4617268539367512 5.4508597617091121 4.4971395986357958 5.9310217201213611 6.4272314363094925 5.8330723359590877 6.4876434894030686 3.965906966163832 6.2294452701076386 4.6511271628622692 3.9946446982227264 3.4639909774331885
leaf_weight=1510 5525 21952 13683 14682 5845 6766 20839 851 4604 1975 1346 2252 1183 3670 16264 1320 681 4373 5365 1826 2792 366 47115 2019 10598 38312 20171 18630 10876 15063 14378 1223 1231 14216 16074 71098 5476 529 10418 1669 1395 54 18382 41180 1393 16617 160 245 289 9649 948 187 7875 29849 9068 947 1117 2213 510 248 14841 1600 2468
leaf_count=1510 5525 21952 13683 14682 5845 6766 20839 851 4604 1975 1346 2252 1183 3670 16264 1320 681 4373 5365 1826 2792 366 47115 2019 10598 38312 20171 18630 10876 15063 14378 1223 1231 14216 16074 71098 5476 529 10418 1669 1395 54 18382 41180 1393 16617 160 245 289 9649 948 187 7875 29849 9068 947 1117 2213 510 248 14841 1600 2468
internal_value=0 5.27584 5.17946 5.14025 5.71897 5.72049 5.10352 5.72963 5.07002 4.44008 4.81023 4.74516 5.71727 5.94789 5.34738 4.25529 4.16784 5.74914 6.00963 4.07059 4.70346 3.99748 5.15745 6.06477 6.12799 5.12949 5.04762 6.0879 4.83476 4.59447 5.44571 5.74513 5.33827 4.96923 5.04007 5.16404 6.78807 5.78916 4.76181 5.00084 5.56849 6.38391 5.13865 5.1584 6.12459 6.13896 6.86733 6.53533 7.0497 3.95672 3.91125 7.55592 5.27958 4.53168 6.06899 6.90076 6.49145 6.26808 4.67788 5.39716 4.62836 3.87229 3.6727
internal_weight=0 577410 474258 442210 103152 32048 415747 21117 394630 22591 99368 92928 26463 63830 39322 20616 19296 6440 57985 17786 90622 16857 295262 52620 11781 240272 71300 50601 41106 49516 33797 4893 18024 50461 30290 168972 7434 1760 28561 12545 15773 2306 130660 112278 45708 44315 6583 2067 721 16491 14665 432 54990 34453 27698 6423 10096 3330 18143 929 15351 13717 4068
internal_count=600001 577410 474258 442210 103152 32048 415747 21117 394630 22591 99368 92928 26463 63830 39322 20616 19296 6440 57985 17786 90622 16857 295262 52620 11781 240272 71300 50601 41106 49516 33797 4893 18024 50461 30290 168972 7434 1760 28561 12545 15773 2306 130660 112278 45708 44315 6583 2067 721 16491 14665 432 54990 34453 27698 6423 10096 3330 18143 929 15351 13717 4068
is_linear=0
shrinkage=0.005


Tree=11
num_leaves=64
num_cat=0
split_feature=1 1 37 27 1 1 3 1 1 27 3 9 1 3 3 3 37 3 27 3 1 9 3 1 3 1 1 37 3 3 1 17 3 3 1 1 37 26 3 1 3 3 9 37 3 38 3 3 1 3 3 3 37 6 1 39 3 19 32 27 25 17 1
split_gain=6.01361e+08 9.76598e+08 3.98413e+08 3.71136e+08 3.47483e+08 3.46935e+08 3.45361e+08 5.08994e+08 3.54949e+08 3.18894e+08 2.40401e+08 2.51479e+08 1.4185e+08 9.55987e+07 9.21145e+07 9.12745e+07 8.51244e+07 7.45088e+07 6.84797e+07 6.83092e+07 5.13567e+07 4.99793e+07 3.99186e+07 2.79296e+07 2.73564e+07 2.69166e+07 4.21358e+07 2.52026e+07 1.97207e+07 1.76837e+07 1.76563e+07 1.66674e+07 1.57145e+07 1.474e+07 1.43084e+07 1.38773e+07 1.3727e+07 1.36787e+07 1.28587e+07 1.22573e+07 1.18777e+07 1.43171e+07 1.16949e+07 1.16011e+07 1.15914e+07 1.0937e+07 1.08433e+07 1.2756e+07 1.07136e+07 1.06779e+07 1.05516e+07 1.01766e+07 9.86341e+06 9.8181e+06 1.25953e+07 9.70933e+06 1.29345e+07 9.66267e+06 9.28058e+06 9.18755e+06 9.1708e+06 9.15878e+06 9.14884e+06
threshold=1.0000000180025095e-35 5090.5000000000009 2019.5000000000002 1.0000000180025095e-35 1510.5000000000002 52861.000000000007 1.0000000180025095e-35 46670.500000000007 46215.500000000007 1.0000000180025095e-35 49.086193642899197 1.0000000180025095e-35 46215.500000000007 1.0000000180025095e-35 3.641052719675467 49.58469035707116 2019.5000000000002 50.849742826575884 1.0000000180025095e-35 1.0000000180025095e-35 79842.500000000015 1.0000000180025095e-35 36.977372812612337 4975.5000000000009 1.0000000180025095e-35 15184.500000000002 5991.5000000000009 2019.5000000000002 31.087322931897432 30.958491610009386 928.50000000000011 1.0000000180025095e-35 34.857935552831549 9.5748938426300949 54757.500000000007 114592.50000000001 2023.5000000000002 1.0000000180025095e-35 47.052345781429288 40975.000000000007 49.938894560673965 28.816585107346473 1.0000000180025095e-35 2022.5000000000002 10.826844230134546 6.5000000000000009 10.514780309671918 43.080037527664238 82029.000000000015 48.723139267295252 9.5748938426300949 22.772026822951499 2023.5000000000002 1.0000000180025095e-35 71432.500000000015 24.500000000000004 20.811850051578766 1.0000000180025095e-35 1.0000000180025095e-35 1.0000000180025095e-35 1.0000000180025095e-35 1.0000000180025095e-35 53792.500000000007
decision_type=2 2 2 2 2 2 2 2 2 2 2 2 2 2 2 2 2 2 2 2 2 2 2 2 2 2 2 2 2 2 2 2 2 2 2 2 2 2 2 2 2 2 2 2 2 2 2 2 2 2 2 2 2 2 2 2 2 2 2 2 2 2 2
left_child=9 4 5 6 14 -3 7 -4 22 15 11 20 -5 -6 -2 16 -1 43 23 58 29 46 25 27 -14 26 -8 31 35 50 32 -15 -16 -27 61 55 -30 -32 -13 -35 41 51 52 -12 -28 48 -21 -48 -45 -24 -10 -29 -36 59 -55 -22 57 -57 -18 -7 -37 -9 -52
right_child=1 2 3 12 13 53 8 34 10 -11 17 38 24 18 30 -17 19 -19 -20 21 28 -23 49 -25 -26 33 44 40 36 -31 37 -33 -34 39 42 60 -38 -39 -40 -41 -42 -43 -44 45 -46 -47 47 -49 -50 -51 62 -53 -54 54 -56 56 -58 -59 -60 -61 -62 -63 -64
leaf_value=5.2867596543711173 4.722104660651735 5.3390834340942295 5.1288015766529051 5.3607706288698891 5.3086840273120446 6.6246368071981978 5.3065663677452237 6.4587625953392207 4.7318181090881248 6.3371880298554144 6.2284966056446311 6.2941740251283891 5.376198085698654 5.5479481831345234 5.2299216082803772 5.5060200058944293 5.0685903323799506 5.3506396310454294 5.4414594565816605 4.300277215822927 4.5946440580670966 5.8049933566421759 5.224698377652512 5.4577660089444855 6.1778500310901077 5.2693978444043559 5.1441689718495427 6.0954403754924567 4.9110404305567652 4.7143997559389419 5.4433821671673215 6.221925364126462 5.5785122137891214 5.1399575371332187 6.9477397145460431 4.9890574150658997 5.398042715746997 5.7635443416914489 8.7631557174965184 5.0103032204126645 5.6393595517956774 6.224290370555563 5.4977354833483698 6.8302271611933802 4.9427242343135758 6.2615437109247623 3.8490212223831657 4.4013183706852184 8.4194180111706576 5.4236055990104832 4.3355931275785355 5.8769098156624766 6.3950952306946833 5.8039070123252632 6.4552050081518937 5.3707740043313006 4.5386413843410987 4.6790294238890597 6.1982981884094981 5.964950043919595 4.6750650456341489 5.2891538253101205 4.5297564069843306
leaf_weight=1510 5525 21952 13683 14682 5845 6189 11026 622 4604 1975 1346 2252 1183 3670 13802 1320 681 4373 5365 1826 14312 366 47115 2019 10598 19007 8278 20500 10876 15063 10981 1223 4222 128729 5476 6914 1669 4792 54 21236 1393 16617 160 245 51996 289 13532 1133 187 7875 8471 7198 947 1117 2213 1431 1620 780 248 577 3504 229 21378
leaf_count=1510 5525 21952 13683 14682 5845 6189 11026 622 4604 1975 1346 2252 1183 3670 13802 1320 681 4373 5365 1826 14312 366 47115 2019 10598 19007 8278 20500 10876 15063 10981 1223 4222 128729 5476 6914 1669 4792 54 21236 1393 16617 160 245 51996 289 13532 1133 187 7875 8471 7198 947 1117 2213 1431 1620 780 248 577 3504 229 21378
internal_value=0 5.24946 5.15356 5.11455 5.69038 5.69189 5.078 5.70098 5.04467 4.41788 4.78618 4.72144 5.68869 5.91815 5.32064 4.23401 4.147 5.72039 5.97958 4.05023 4.67995 3.97749 5.13166 6.03445 6.09735 5.10385 5.02238 6.05746 4.81059 4.5715 5.41849 5.71641 5.31158 5.13822 6.75413 4.738 4.97583 5.54065 6.35199 5.1216 6.09397 6.10826 6.833 6.50265 4.97039 7.01446 3.93693 3.89169 7.51814 5.25318 4.50902 6.03865 6.86626 6.45899 6.23674 4.65449 4.87805 5.12674 5.37017 6.56838 4.88345 6.14403 4.47465
internal_weight=0 577410 474258 442210 103152 32048 415747 21117 394630 22591 99368 92928 26463 63830 39322 20616 19296 6440 57985 17786 90622 16857 295262 52620 11781 240272 71300 50601 41106 49516 33797 4893 18024 168972 7434 28561 12545 15773 2306 149965 45708 44315 6583 2067 60274 721 16491 14665 432 54990 34453 27698 6423 10096 3330 18143 3831 2211 929 6766 10418 851 29849
internal_count=600001 577410 474258 442210 103152 32048 415747 21117 394630 22591 99368 92928 26463 63830 39322 20616 19296 6440 57985 17786 90622 16857 295262 52620 11781 240272 71300 50601 41106 49516 33797 4893 18024 168972 7434 28561 12545 15773 2306 149965 45708 44315 6583 2067 60274 721 16491 14665 432 54990 34453 27698 6423 10096 3330 18143 3831 2211 929 6766 10418 851 29849
is_linear=0
shrinkage=0.005


Tree=12
num_leaves=64
num_cat=0
split_feature=1 1 37 27 1 1 3 1 1 27 3 9 1 3 3 3 37 3 27 3 1 9 3 1 3 1 1 37 3 3 1 17 3 1 1 3 1 3 1 37 27 3 1 3 3 3 9 37 38 3 3 1 3 3 3 37 6 1 3 32 3 1 17
split_gain=5.95363e+08 9.66856e+08 3.94439e+08 3.67433e+08 3.44017e+08 3.43474e+08 3.41916e+08 5.03916e+08 3.51408e+08 3.15713e+08 2.38003e+08 2.4897e+08 1.40435e+08 9.46451e+07 9.11957e+07 9.03641e+07 8.42753e+07 7.37656e+07 6.77966e+07 6.76278e+07 5.08444e+07 4.94807e+07 3.95204e+07 2.7651e+07 2.70835e+07 2.66481e+07 4.17249e+07 2.49512e+07 1.9524e+07 1.75073e+07 1.74802e+07 1.65011e+07 1.56102e+07 1.50539e+07 2.20528e+07 1.46154e+07 1.41657e+07 1.39556e+07 1.37389e+07 1.35901e+07 1.35435e+07 1.27305e+07 1.22035e+07 1.19097e+07 1.17592e+07 1.41743e+07 1.15783e+07 1.14854e+07 1.08279e+07 1.07352e+07 1.26371e+07 1.06067e+07 1.05714e+07 1.04464e+07 1.00773e+07 9.76502e+06 9.72015e+06 1.24697e+07 9.66482e+06 9.18801e+06 9.17696e+06 9.16944e+06 9.12231e+06
threshold=1.0000000180025095e-35 5090.5000000000009 2019.5000000000002 1.0000000180025095e-35 1510.5000000000002 52861.000000000007 1.0000000180025095e-35 46670.500000000007 46215.500000000007 1.0000000180025095e-35 49.086193642899197 1.0000000180025095e-35 46215.500000000007 1.0000000180025095e-35 3.641052719675467 49.58469035707116 2019.5000000000002 50.849742826575884 1.0000000180025095e-35 1.0000000180025095e-35 79842.500000000015 1.0000000180025095e-35 36.977372812612337 4975.5000000000009 1.0000000180025095e-35 15184.500000000002 6971.5000000000009 2019.5000000000002 31.087322931897432 30.958491610009386 928.50000000000011 1.0000000180025095e-35 42.845288989930189 9904.5000000000018 12053.500000000002 13.448529106845264 54757.500000000007 49.58469035707116 114592.50000000001 2023.5000000000002 1.0000000180025095e-35 47.052345781429288 40975.000000000007 26.988004809714827 49.938894560673965 28.816585107346473 1.0000000180025095e-35 2022.5000000000002 6.5000000000000009 10.514780309671918 43.955623248403974 82029.000000000015 48.723139267295252 9.5748938426300949 21.280066615632105 2023.5000000000002 1.0000000180025095e-35 71432.500000000015 10.179855106113367 1.0000000180025095e-35 11.068548944418653 440.50000000000006 1.0000000180025095e-35
decision_type=2 2 2 2 2 2 2 2 2 2 2 2 2 2 2 2 2 2 2 2 2 2 2 2 2 2 2 2 2 2 2 2 2 2 2 2 2 2 2 2 2 2 2 2 2 2 2 2 2 2 2 2 2 2 2 2 2 2 2 2 2 2 2
left_child=9 4 5 6 14 -3 7 -4 22 15 11 20 -5 -6 -2 16 -1 47 23 59 29 49 25 27 -14 26 -8 31 38 53 32 -15 61 -28 -35 -27 -9 -34 58 -30 -32 -13 43 -37 45 54 55 -12 51 -21 62 -49 -24 -10 -29 -38 -7 -58 -22 -18 -60 -16 -51
right_child=1 2 3 12 13 56 8 36 10 -11 17 41 24 18 30 -17 19 -19 -20 21 28 -23 52 -25 -26 35 33 44 39 -31 40 -33 37 34 -36 42 46 -39 -40 -41 -42 -43 -44 -45 -46 -47 -48 48 -50 50 -52 -53 -54 -55 -56 -57 57 -59 60 -61 -62 -63 -64
leaf_value=5.260325980895896 4.6984941024953697 5.3123879197733777 5.1031576824822915 5.3339667747498414 5.2821406692703947 6.5355371208542685 5.1854842754986281 6.1133061944219671 4.7081590390933448 6.3055021441398926 6.1973540736883352 6.2627031008265321 5.3493170127642928 5.5202086040962097 5.0275198888237886 5.4784898852344712 5.0432473450295205 5.3238865219019589 5.4142520901566344 4.2787758045125779 4.9018119597720666 5.775968212999933 5.1985750030579139 5.4304771866059323 6.1469609170028479 5.1984080833000421 4.8137082350245191 6.0749942201517371 4.8864851442459765 4.6908278597697537 5.5585844145059102 6.1908157357354199 6.0241939043606525 5.1334689999449443 4.8631349000328949 5.0677124311268233 6.9130009719870928 5.053138907591201 4.8590317432325776 5.371052555848804 5.0425767071388101 8.719339852509675 4.9679272580026819 5.1745674970120978 5.6111626719645438 6.193168921495908 5.4702468211650856 6.796076226266063 6.2302357857903807 3.9173693435428731 4.4305463587832223 8.377320868229484 5.3964875381221464 4.452280594247398 5.8717566874727174 6.3631199559289273 5.7748874512205406 6.4229291799749344 3.9225257409460403 6.167306593464267 4.6046618895747455 5.3040220185708078 3.6350631557850419
leaf_weight=1510 5525 21952 13683 14682 5845 6766 20839 851 4604 1975 1346 2252 1183 3670 3965 1320 681 4373 5365 1826 2792 366 47115 2019 10598 38312 20171 18630 10876 15063 14378 1223 1231 14216 16074 71098 5476 529 10418 1669 1395 54 18382 41180 1393 16617 160 245 289 9649 948 187 7875 29849 9068 947 1117 2213 510 248 14841 12299 4068
leaf_count=1510 5525 21952 13683 14682 5845 6766 20839 851 4604 1975 1346 2252 1183 3670 3965 1320 681 4373 5365 1826 2792 366 47115 2019 10598 38312 20171 18630 10876 15063 14378 1223 1231 14216 16074 71098 5476 529 10418 1669 1395 54 18382 41180 1393 16617 160 245 289 9649 948 187 7875 29849 9068 947 1117 2213 510 248 14841 12299 4068
internal_value=0 5.22321 5.12779 5.08898 5.66192 5.66343 5.05261 5.67247 5.01944 4.39579 4.76225 4.69783 5.66024 5.88856 5.29404 4.21284 4.12626 5.69179 5.94969 4.02998 4.65655 3.9576 5.106 6.00428 6.06686 5.07833 4.99727 6.02717 4.78653 4.54864 5.39139 5.68783 5.28502 4.91954 4.99001 5.11253 6.72036 5.73233 4.71431 4.95095 5.51295 6.32023 5.08735 5.1069 6.0635 6.07772 6.79883 6.47014 6.97938 3.91725 3.87223 7.48055 5.22692 4.48647 6.00846 6.83193 6.4267 6.20555 4.63122 5.34332 4.582 5.23661 3.83365
internal_weight=0 577410 474258 442210 103152 32048 415747 21117 394630 22591 99368 92928 26463 63830 39322 20616 19296 6440 57985 17786 90622 16857 295262 52620 11781 240272 71300 50601 41106 49516 33797 4893 18024 50461 30290 168972 7434 1760 28561 12545 15773 2306 130660 112278 45708 44315 6583 2067 721 16491 14665 432 54990 34453 27698 6423 10096 3330 18143 929 15351 16264 13717
internal_count=600001 577410 474258 442210 103152 32048 415747 21117 394630 22591 99368 92928 26463 63830 39322 20616 19296 6440 57985 17786 90622 16857 295262 52620 11781 240272 71300 50601 41106 49516 33797 4893 18024 50461 30290 168972 7434 1760 28561 12545 15773 2306 130660 112278 45708 44315 6583 2067 721 16491 14665 432 54990 34453 27698 6423 10096 3330 18143 929 15351 16264 13717
is_linear=0
shrinkage=0.005


Tree=13
num_leaves=64
num_cat=0
split_feature=1 1 37 27 1 1 3 1 1 27 3 9 1 3 3 3 37 3 27 3 1 9 3 1 3 1 1 37 3 3 1 17 3 3 3 1 1 1 3 26 37 39 3 3 3 37 37 3 38 3 3 1 3 3 3 3 3 6 1 17 32 27 17
split_gain=5.89424e+08 9.57212e+08 3.90505e+08 3.63768e+08 3.40586e+08 3.40048e+08 3.38505e+08 4.9889e+08 3.47903e+08 3.12564e+08 2.35629e+08 2.46487e+08 1.39034e+08 9.3701e+07 9.0286e+07 8.94627e+07 8.34346e+07 7.30297e+07 6.71203e+07 6.69532e+07 5.03372e+07 4.89871e+07 3.91262e+07 2.73752e+07 2.68133e+07 2.63892e+07 4.22743e+07 2.47023e+07 1.93293e+07 1.73326e+07 1.73058e+07 1.63365e+07 1.54662e+07 1.49162e+07 1.48164e+07 1.40244e+07 1.40032e+07 2.40927e+07 1.36424e+07 1.35144e+07 1.34546e+07 1.34284e+07 1.26035e+07 1.16419e+07 1.40329e+07 1.14713e+07 1.13708e+07 1.12634e+07 1.07199e+07 1.06281e+07 1.25138e+07 1.05009e+07 1.0466e+07 1.04202e+07 1.04263e+07 1.03422e+07 9.98964e+06 9.6232e+06 1.23453e+07 9.1067e+06 9.09636e+06 9.09591e+06 9.06742e+06
threshold=1.0000000180025095e-35 5090.5000000000009 2019.5000000000002 1.0000000180025095e-35 1510.5000000000002 52861.000000000007 1.0000000180025095e-35 46670.500000000007 46215.500000000007 1.0000000180025095e-35 49.086193642899197 1.0000000180025095e-35 46215.500000000007 1.0000000180025095e-35 3.641052719675467 49.58469035707116 2019.5000000000002 50.849742826575884 1.0000000180025095e-35 1.0000000180025095e-35 79842.500000000015 1.0000000180025095e-35 36.977372812612337 4975.5000000000009 1.0000000180025095e-35 14955.000000000002 6971.5000000000009 2019.5000000000002 31.087322931897432 30.958491610009386 928.50000000000011 1.0000000180025095e-35 34.857935552831549 15.775500275987469 27.146896532695873 54757.500000000007 9904.5000000000018 12053.500000000002 20.811850051578766 1.0000000180025095e-35 2023.5000000000002 17.500000000000004 47.052345781429288 49.938894560673965 28.816585107346473 2023.5000000000002 2022.5000000000002 15.055163987698602 6.5000000000000009 10.514780309671918 43.080037527664238 82029.000000000015 48.723139267295252 21.981087411853562 21.723685867568019 9.5748938426300949 22.772026822951499 1.0000000180025095e-35 71432.500000000015 1.0000000180025095e-35 1.0000000180025095e-35 1.0000000180025095e-35 1.0000000180025095e-35
decision_type=2 2 2 2 2 2 2 2 2 2 2 2 2 2 2 2 2 2 2 2 2 2 2 2 2 2 2 2 2 2 2 2 2 2 2 2 2 2 2 2 2 2 2 2 2 2 2 2 2 2 2 2 2 2 2 2 2 2 2 2 2 2 2
left_child=9 4 5 6 14 -3 7 -4 22 15 11 20 -5 -6 -2 16 -1 46 23 60 29 49 25 27 -14 26 -8 31 38 55 32 -15 -16 47 -35 62 -28 -38 41 -32 -30 -22 59 44 56 -37 -12 -27 51 -21 -51 -48 -24 54 -40 -10 -29 61 -59 -13 -18 -7 -9
right_child=1 2 3 12 13 57 8 35 10 -11 17 42 24 18 30 -17 19 -19 -20 21 28 -23 52 -25 -26 33 36 43 40 -31 39 -33 -34 34 -36 45 37 -39 53 -41 -42 -43 -44 -45 -46 -47 48 -49 -50 50 -52 -53 -54 -55 -56 -57 -58 58 -60 -61 -62 -63 -64
leaf_value=5.2340242696636361 4.6750016448092744 5.2858260928848022 5.0776417066289836 5.307296965951033 5.2557299247379614 6.5588359883750726 5.1595568991144045 6.3959020182404105 4.6846181684426504 6.273974399269683 6.166367409511083 6.4262751277747796 5.3225703398735975 5.4926074408939369 5.1775862556628001 5.4510974464055266 5.0180311466838825 5.2972671439745538 5.3871808949119844 4.2573818948367146 4.6576931371842116 5.7470884297319937 5.1725820442008628 5.4033249309642768 6.1162260645764643 5.1376548969026548 4.7896396460912003 6.0346807105456062 4.8620527401636791 4.6673736446153704 5.3887000691467062 6.1598617760187668 5.5234118519365358 5.0095160190057362 5.1236833477634596 6.8519184064116736 5.10780167644453 4.8181476232312894 4.4481646330369129 5.7069338354403669 5.3441972207105257 4.9442500582803097 8.6757435014512811 5.5831068597490621 6.1622030519492172 6.2645658060077754 6.7620957055164848 5.438512936032712 6.1990846597529616 3.8106086212497048 4.3576378390700645 8.3354344826458622 5.3695051146352863 4.6226931205608102 3.5882619158231464 4.4300191665961233 5.8181666202724776 5.7460130109852097 6.3908145995899179 5.7126455793768409 6.1364700591179631 5.9024476034740436 5.2321414147922569
leaf_weight=1510 5525 21952 13683 14682 5845 6189 20839 622 4604 1975 1346 1637 1183 3670 13802 1320 681 4373 5365 1826 9312 366 47115 2019 10598 48956 20171 20500 10876 15063 10981 1223 4222 70784 47481 5607 14216 14503 1237 4792 1669 7288 54 1393 16617 976 245 3322 289 13532 1133 187 7875 10231 493 29849 7198 1117 2213 615 248 577 229
leaf_count=1510 5525 21952 13683 14682 5845 6189 20839 622 4604 1975 1346 1637 1183 3670 13802 1320 681 4373 5365 1826 9312 366 47115 2019 10598 48956 20171 20500 10876 15063 10981 1223 4222 70784 47481 5607 14216 14503 1237 4792 1669 7288 54 1393 16617 976 245 3322 289 13532 1133 187 7875 10231 493 29849 7198 1117 2213 615 248 577 229
internal_value=0 5.1971 5.10216 5.06353 5.63361 5.63511 5.02735 5.64411 4.99435 4.37381 4.73844 4.67434 5.63194 5.85912 5.26757 4.19178 4.10563 5.66333 5.91994 4.00983 4.63326 3.93782 5.08047 5.97426 6.03653 5.05294 4.97099 5.99704 4.7626 4.5259 5.36444 5.65939 5.25859 5.08644 5.05535 6.68675 4.89061 4.96153 4.69074 5.48538 4.9262 4.7835 6.28863 6.03318 6.04733 6.76484 6.43779 5.15677 6.94449 3.89766 3.85287 7.44315 5.20078 4.56201 4.20312 4.46404 5.97841 6.39456 6.17453 6.23139 5.3166 6.50286 6.08274
internal_weight=0 577410 474258 442210 103152 32048 415747 21117 394630 22591 99368 92928 26463 63830 39322 20616 19296 6440 57985 17786 90622 16857 295262 52620 11781 240272 69729 50601 41106 49516 33797 4893 18024 170543 118265 7434 48890 28719 28561 15773 12545 16600 2306 45708 44315 6583 2067 52278 721 16491 14665 432 54990 11961 1730 34453 27698 10096 3330 2252 929 6766 851
internal_count=600001 577410 474258 442210 103152 32048 415747 21117 394630 22591 99368 92928 26463 63830 39322 20616 19296 6440 57985 17786 90622 16857 295262 52620 11781 240272 69729 50601 41106 49516 33797 4893 18024 170543 118265 7434 48890 28719 28561 15773 12545 16600 2306 45708 44315 6583 2067 52278 721 16491 14665 432 54990 11961 1730 34453 27698 10096 3330 2252 929 6766 851
is_linear=0
shrinkage=0.005


Tree=14
num_leaves=64
num_cat=0
split_feature=1 1 37 27 1 1 3 1 1 27 3 9 1 3 3 3 37 3 27 3 1 9 3 1 3 3 1 1 37 3 3 1 1 1 17 3 1 3 1 27 37 1 3 3 3 9 37 38 3 3 1 3 3 3 39 3 19 37 6 1 0 37 1
split_gain=5.83545e+08 9.47663e+08 3.86609e+08 3.6014e+08 3.37188e+08 3.36656e+08 3.35129e+08 4.93914e+08 3.44433e+08 3.09446e+08 2.33279e+08 2.44028e+08 1.37647e+08 9.27663e+07 8.93854e+07 8.85703e+07 8.26023e+07 7.23013e+07 6.64508e+07 6.62854e+07 4.98351e+07 4.84985e+07 3.87359e+07 2.71021e+07 2.65459e+07 2.62611e+07 2.62602e+07 3.47002e+07 2.44559e+07 1.91365e+07 1.71597e+07 1.71332e+07 1.63021e+07 2.11104e+07 1.61736e+07 1.53627e+07 1.38845e+07 1.38164e+07 1.36028e+07 1.33807e+07 1.33203e+07 1.24812e+07 1.24778e+07 1.15258e+07 1.38929e+07 1.14611e+07 1.12574e+07 1.0613e+07 1.05221e+07 1.23976e+07 1.03962e+07 1.03616e+07 1.0239e+07 9.89215e+06 9.57231e+06 1.27115e+07 9.56664e+06 9.5641e+06 9.52721e+06 1.22222e+07 9.14537e+06 1.00605e+07 9.69903e+06
threshold=1.0000000180025095e-35 5090.5000000000009 2019.5000000000002 1.0000000180025095e-35 1510.5000000000002 52861.000000000007 1.0000000180025095e-35 46670.500000000007 46215.500000000007 1.0000000180025095e-35 49.086193642899197 1.0000000180025095e-35 46215.500000000007 1.0000000180025095e-35 3.641052719675467 49.58469035707116 2019.5000000000002 50.849742826575884 1.0000000180025095e-35 1.0000000180025095e-35 79842.500000000015 1.0000000180025095e-35 36.977372812612337 4975.5000000000009 1.0000000180025095e-35 8.7922112358916067 15184.500000000002 6971.5000000000009 2019.5000000000002 31.087322931897432 30.958491610009386 928.50000000000011 9904.5000000000018 12053.500000000002 1.0000000180025095e-35 42.845288989930189 54757.500000000007 49.58469035707116 114592.50000000001 1.0000000180025095e-35 2023.5000000000002 40975.000000000007 47.052345781429288 49.938894560673965 28.816585107346473 1.0000000180025095e-35 2022.5000000000002 6.5000000000000009 10.514780309671918 43.955623248403974 82029.000000000015 48.723139267295252 9.5748938426300949 21.280066615632105 24.500000000000004 20.811850051578766 1.0000000180025095e-35 2023.5000000000002 1.0000000180025095e-35 71432.500000000015 19.500000000000004 2020.5000000000002 84789.500000000015
decision_type=2 2 2 2 2 2 2 2 2 2 2 2 2 2 2 2 2 2 2 2 2 2 2 2 2 2 2 2 2 2 2 2 2 2 2 2 2 2 2 2 2 2 2 2 2 2 2 2 2 2 2 2 2 2 2 2 2 2 2 2 2 2 2
left_child=9 4 5 6 14 -3 7 -4 22 15 11 20 -5 -6 -2 16 -1 46 23 -18 30 48 25 28 -14 -8 27 -27 34 38 52 35 -29 -34 -15 -16 -9 -37 54 -33 -31 -28 -13 44 53 57 -12 50 -21 -50 -48 -24 -10 -30 60 56 -56 -38 -7 -60 61 -22 -63
right_child=1 2 3 12 13 58 8 36 10 -11 17 42 24 18 31 -17 19 -19 -20 21 29 -23 51 -25 -26 26 41 32 43 40 -32 39 33 -35 -36 37 45 -39 -40 -41 -42 -43 -44 -45 -46 -47 47 -49 49 -51 -52 -53 -54 -55 55 -57 -58 -59 59 -61 -62 62 -64
leaf_value=5.2078541622002001 4.6516266071847125 5.2593968365748607 5.0522535226185061 5.280760484876895 5.2294513212779945 6.4703453306541476 5.192209850937072 6.0523260670627188 4.6611951895753689 6.2426046331641043 6.1355356666928413 6.2002326725007801 5.2959576105809472 5.4651444322478122 5.1842807988858013 5.4238419322083056 5.2900195184744598 5.2707807249373273 5.3602449990858609 4.2360950663039487 3.9992501186198144 5.7183530343946858 5.1467191703906607 5.3763083054950078 6.0856449764399771 5.1075162335173312 5.0651092837768452 4.7385172441657595 6.0144457257305239 4.8377424659326387 4.6440368162833927 5.5033175962160987 5.0778621429531681 4.8006248631054476 6.1290623585824973 5.9664558741210634 6.8441763074326527 5.0002562448793642 4.8112880853807853 4.990420273465495 5.3174762743261486 4.935590667906486 8.6323646672566738 5.5551915174769739 6.131391956083176 5.409168417960406 6.728285408623365 6.1680893539660531 3.7953886318601939 4.3866053018973599 8.2937572458848585 5.3426576479382746 4.4078691021779539 5.8130837481903397 5.2959370876134617 4.4701115091130319 4.6076381801004782 6.2999815280837765 5.7172830623148831 6.3588605191043825 4.4942454984713169 6.533153526000123 5.016785638886514
leaf_weight=1510 5525 21952 13683 14682 5845 6766 22027 851 4604 1975 1346 2252 1183 3670 16264 1320 929 4373 5365 1826 180 366 47115 2019 10598 18871 131551 18574 18630 10876 15063 14378 12886 14699 1223 1231 5476 529 10418 1395 1669 21664 54 1393 16617 160 245 289 13717 948 187 7875 29849 9068 1431 1620 780 947 1117 2213 13503 134 495
leaf_count=1510 5525 21952 13683 14682 5845 6766 22027 851 4604 1975 1346 2252 1183 3670 16264 1320 929 4373 5365 1826 180 366 47115 2019 10598 18871 131551 18574 18630 10876 15063 14378 12886 14699 1223 1231 5476 529 10418 1395 1669 21664 54 1393 16617 160 245 289 13717 948 187 7875 29849 9068 1431 1620 780 947 1117 2213 13503 134 495
internal_value=0 5.17111 5.07664 5.03821 5.60545 5.60693 5.00221 5.61589 4.96938 4.35194 4.71475 4.65097 5.60378 5.82982 5.24123 4.17082 4.0851 5.63501 5.89034 3.98978 4.6101 3.91813 5.05507 5.94439 6.00635 5.02767 5.01106 4.92688 5.96705 4.73879 4.50327 5.33761 4.85303 4.93013 5.63109 5.2323 6.65332 5.67605 4.66729 5.45796 4.90157 5.0468 6.25719 6.00302 6.01709 6.73101 6.4056 6.90976 3.87817 3.83361 7.40593 5.17478 4.44172 5.94852 4.5846 4.80658 5.05312 6.76394 6.36259 6.14365 4.52518 5.04155 5.33983
internal_weight=0 577410 474258 442210 103152 32048 415747 21117 394630 22591 99368 92928 26463 63830 39322 20616 19296 6440 57985 17786 90622 16857 295262 52620 11781 240272 218245 65030 50601 41106 49516 33797 46159 27585 4893 18024 7434 1760 28561 15773 12545 153215 2306 45708 44315 6583 2067 721 16491 14665 432 54990 34453 27698 18143 3831 2211 6423 10096 3330 14312 809 629
internal_count=600001 577410 474258 442210 103152 32048 415747 21117 394630 22591 99368 92928 26463 63830 39322 20616 19296 6440 57985 17786 90622 16857 295262 52620 11781 240272 218245 65030 50601 41106 49516 33797 46159 27585 4893 18024 7434 1760 28561 15773 12545 153215 2306 45708 44315 6583 2067 721 16491 14665 432 54990 34453 27698 18143 3831 2211 6423 10096 3330 14312 809 629
is_linear=0
shrinkage=0.005


Tree=15
num_leaves=64
num_cat=0
split_feature=1 1 37 27 1 1 3 1 1 27 3 9 1 3 3 3 37 3 27 3 1 9 3 1 3 3 1 1 37 3 3 1 17 1 1 3 1 1 26 37 3 1 3 3 9 37 38 3 3 1 3 3 3 3 37 6 1 0 3 25 3 1 3
split_gain=5.77724e+08 9.3821e+08 3.82753e+08 3.56547e+08 3.33825e+08 3.33298e+08 3.31786e+08 4.88987e+08 3.40997e+08 3.06359e+08 2.30952e+08 2.41594e+08 1.36274e+08 9.1841e+07 8.84938e+07 8.76868e+07 8.17784e+07 7.15801e+07 6.57879e+07 6.56242e+07 4.9338e+07 4.80147e+07 3.83495e+07 2.68318e+07 2.62811e+07 2.59991e+07 2.60107e+07 3.52045e+07 2.42119e+07 1.89456e+07 1.69886e+07 1.69623e+07 1.60122e+07 1.52728e+07 2.29118e+07 1.52208e+07 1.3746e+07 1.34671e+07 1.33521e+07 1.31875e+07 1.23533e+07 1.22147e+07 1.14108e+07 1.37543e+07 1.13468e+07 1.11451e+07 1.05071e+07 1.04171e+07 1.22767e+07 1.02925e+07 1.02582e+07 1.01369e+07 9.80618e+06 9.51421e+06 9.46871e+06 9.43217e+06 1.21003e+07 9.11755e+06 9.10921e+06 9.0772e+06 9.07531e+06 9.05759e+06 9.01973e+06
threshold=1.0000000180025095e-35 5090.5000000000009 2019.5000000000002 1.0000000180025095e-35 1510.5000000000002 52861.000000000007 1.0000000180025095e-35 46670.500000000007 46215.500000000007 1.0000000180025095e-35 49.086193642899197 1.0000000180025095e-35 46215.500000000007 1.0000000180025095e-35 3.641052719675467 49.58469035707116 2019.5000000000002 50.849742826575884 1.0000000180025095e-35 1.0000000180025095e-35 79842.500000000015 1.0000000180025095e-35 36.977372812612337 4975.5000000000009 1.0000000180025095e-35 8.7922112358916067 14955.000000000002 6971.5000000000009 2019.5000000000002 31.087322931897432 30.958491610009386 928.50000000000011 1.0000000180025095e-35 9904.5000000000018 12053.500000000002 34.857935552831549 54757.500000000007 114592.50000000001 1.0000000180025095e-35 2023.5000000000002 47.052345781429288 40975.000000000007 49.938894560673965 28.816585107346473 1.0000000180025095e-35 2022.5000000000002 6.5000000000000009 10.514780309671918 43.080037527664238 82029.000000000015 48.723139267295252 9.5748938426300949 22.772026822951499 10.179855106113367 2023.5000000000002 1.0000000180025095e-35 71432.500000000015 62.500000000000007 11.068548944418653 1.0000000180025095e-35 8.5967842720601748 53792.500000000007 30.958491610009386
decision_type=2 2 2 2 2 2 2 2 2 2 2 2 2 2 2 2 2 2 2 2 2 2 2 2 2 2 2 2 2 2 2 2 2 2 2 2 2 2 2 2 2 2 2 2 2 2 2 2 2 2 2 2 2 2 2 2 2 2 2 2 2 2 2
left_child=9 4 5 6 14 -3 7 -4 22 15 11 20 -5 -6 -2 16 -1 45 23 -18 30 47 25 28 -14 -8 27 -27 32 37 51 35 -15 -29 -35 -16 -9 53 -33 -31 -13 -28 43 52 54 -12 49 -21 -49 -47 -24 -10 -30 57 -38 -7 -57 -22 -55 60 -39 -53 -62
right_child=1 2 3 12 13 55 8 36 10 -11 17 40 24 18 31 -17 19 -19 -20 21 29 -23 50 -25 -26 26 41 33 42 39 -32 38 -34 34 -36 -37 44 59 -40 -41 -42 -43 -44 -45 -46 46 -48 48 -50 -51 -52 61 -54 58 -56 56 -58 -59 -60 -61 62 -63 -64
leaf_value=5.1818148455734283 4.6283685215177242 5.2330999046983679 5.0269922909872413 5.2543566765142646 5.2033040202086145 6.4379934768090665 5.1662488037647885 6.0220643462417547 4.6378892196807202 6.2113917304316661 6.1048578097917039 6.1692315536262354 5.2694777481050084 5.4378186565770763 5.1257769610602057 5.3967227838220015 5.2635695182006756 5.2444267571208245 5.3334438109522049 4.2149145735468947 4.8855143413709632 5.6897613700556624 5.1209855292089079 5.3494266853912915 6.0552167950896498 5.0819786984968127 5.0389426776790662 4.7148246287205078 5.9745270255675029 4.8135537867484537 4.6208167125381276 5.334565873968077 6.0984170631278474 5.0524728725443477 4.7563912315784718 5.4688483924534452 6.8099554147138655 5.4116218782814354 5.6508824350209963 5.2908889408864033 8.5892029712818285 4.9109127411331315 5.5274154449681623 6.1007349432886757 5.3821225464642044 6.6946437109927741 6.1372487908034588 3.7725786201543543 4.3143993446764863 8.252288604410575 5.3159443259082995 4.247464292080438 5.7600102798802846 3.8558137012384099 6.2684814578389165 5.6886966375413621 6.3270661375644695 3.3553105767882698 4.5354272728017797 4.5799138769756613 4.8130807741661945 4.4406568295801936 7.1110947351677476
leaf_weight=1510 5525 21952 13683 14682 5845 6766 22027 851 4604 1975 1346 2252 1183 3670 13802 1320 929 4373 5365 1826 2691 366 47115 2019 10598 18871 132995 18574 20500 10876 15063 10981 1223 12886 13255 4222 5476 750 4792 1669 54 21664 1393 16617 160 245 289 13532 1133 187 7875 8471 7198 510 947 1117 2213 101 14841 3504 6121 21378 43
leaf_count=1510 5525 21952 13683 14682 5845 6766 22027 851 4604 1975 1346 2252 1183 3670 13802 1320 929 4373 5365 1826 2691 366 47115 2019 10598 18871 132995 18574 20500 10876 15063 10981 1223 12886 13255 4222 5476 750 4792 1669 54 21664 1393 16617 160 245 289 13532 1133 187 7875 8471 7198 510 947 1117 2213 101 14841 3504 6121 21378 43
internal_value=0 5.14526 5.05126 5.01302 5.57742 5.5789 4.9772 5.58781 4.94453 4.33018 4.69117 4.62772 5.57576 5.80067 5.21502 4.14997 4.06468 5.60684 5.86089 3.96984 4.58705 3.89854 5.02979 5.91466 5.97632 5.00253 4.98601 4.90088 5.93722 4.71509 4.48075 5.31093 5.60293 4.82445 4.90234 5.20614 6.62005 4.64395 5.43067 4.87706 6.2259 5.02101 5.973 5.98701 6.69736 6.37357 6.87522 3.85878 3.81444 7.3689 5.14891 4.41951 5.91878 4.56168 6.73012 6.33078 6.11293 4.83016 4.51285 4.78723 4.8923 4.38583 4.82911
internal_weight=0 577410 474258 442210 103152 32048 415747 21117 394630 22591 99368 92928 26463 63830 39322 20616 19296 6440 57985 17786 90622 16857 295262 52620 11781 240272 218245 63586 50601 41106 49516 33797 4893 44715 26141 18024 7434 28561 15773 12545 2306 154659 45708 44315 6583 2067 721 16491 14665 432 54990 34453 27698 18143 6423 10096 3330 2792 15351 10418 6914 29849 6164
internal_count=600001 577410 474258 442210 103152 32048 415747 21117 394630 22591 99368 92928 26463 63830 39322 20616 19296 6440 57985 17786 90622 16857 295262 52620 11781 240272 218245 63586 50601 41106 49516 33797 4893 44715 26141 18024 7434 28561 15773 12545 2306 154659 45708 44315 6583 2067 721 16491 14665 432 54990 34453 27698 18143 6423 10096 3330 2792 15351 10418 6914 29849 6164
is_linear=0
shrinkage=0.005


Tree=16
num_leaves=64
num_cat=0
split_feature=1 1 37 27 1 1 3 1 1 27 3 9 1 3 3 3 37 3 27 3 1 9 3 1 3 3 1 1 37 3 3 1 17 1 1 3 3 1 3 27 39 37 3 1 3 3 9 37 38 3 3 3 3 1 3 3 3 37 6 1 1 17 39
split_gain=5.71961e+08 9.28852e+08 3.78935e+08 3.52991e+08 3.30495e+08 3.29973e+08 3.28476e+08 4.84109e+08 3.37595e+08 3.03303e+08 2.28648e+08 2.39184e+08 1.34915e+08 9.09249e+07 8.7611e+07 8.68121e+07 8.09626e+07 7.08661e+07 6.51317e+07 6.49696e+07 4.88458e+07 4.75358e+07 3.7967e+07 2.65641e+07 2.60189e+07 2.57398e+07 2.57513e+07 3.48533e+07 2.39704e+07 1.87566e+07 1.68191e+07 1.67931e+07 1.58525e+07 1.51205e+07 2.26832e+07 1.5119e+07 1.36786e+07 1.36089e+07 1.34284e+07 1.32199e+07 1.32187e+07 1.30559e+07 1.22301e+07 1.20928e+07 1.1297e+07 1.36172e+07 1.12336e+07 1.10339e+07 1.04023e+07 1.03149e+07 1.03225e+07 1.03132e+07 1.21627e+07 1.01898e+07 1.01559e+07 1.00358e+07 9.71043e+06 9.37425e+06 9.33808e+06 1.19796e+07 9.07992e+06 9.03047e+06 1.08246e+07
threshold=1.0000000180025095e-35 5090.5000000000009 2019.5000000000002 1.0000000180025095e-35 1510.5000000000002 52861.000000000007 1.0000000180025095e-35 46670.500000000007 46215.500000000007 1.0000000180025095e-35 49.086193642899197 1.0000000180025095e-35 46215.500000000007 1.0000000180025095e-35 3.641052719675467 49.58469035707116 2019.5000000000002 50.849742826575884 1.0000000180025095e-35 1.0000000180025095e-35 79842.500000000015 1.0000000180025095e-35 36.977372812612337 4975.5000000000009 1.0000000180025095e-35 8.7922112358916067 14955.000000000002 6971.5000000000009 2019.5000000000002 31.087322931897432 30.958491610009386 928.50000000000011 1.0000000180025095e-35 9904.5000000000018 12053.500000000002 42.845288989930189 49.58469035707116 54757.500000000007 20.811850051578766 1.0000000180025095e-35 17.500000000000004 2023.5000000000002 47.052345781429288 40975.000000000007 49.938894560673965 28.816585107346473 1.0000000180025095e-35 2022.5000000000002 6.5000000000000009 21.981087411853562 21.723685867568019 10.514780309671918 43.955623248403974 82029.000000000015 48.723139267295252 9.5748938426300949 21.280066615632105 2023.5000000000002 1.0000000180025095e-35 71432.500000000015 440.50000000000006 1.0000000180025095e-35 12.500000000000002
decision_type=2 2 2 2 2 2 2 2 2 2 2 2 2 2 2 2 2 2 2 2 2 2 2 2 2 2 2 2 2 2 2 2 2 2 2 2 2 2 2 2 2 2 2 2 2 2 2 2 2 2 2 2 2 2 2 2 2 2 2 2 2 2 2
left_child=9 4 5 6 14 -3 7 -4 22 15 11 20 -5 -6 -2 16 -1 47 23 -18 30 51 25 28 -14 -8 27 -27 32 38 55 35 -15 -29 -35 60 -37 -9 40 -33 -22 -31 -13 -28 45 56 57 -12 53 50 -40 -21 61 -49 -24 -10 -30 -39 -7 -60 -16 -53 -63
right_child=1 2 3 12 13 58 8 37 10 -11 17 42 24 18 31 -17 19 -19 -20 21 29 -23 54 -25 -26 26 43 33 44 41 -32 39 -34 34 -36 36 -38 46 49 -41 -42 -43 -44 -45 -46 -47 -48 48 -50 -51 -52 52 -54 -55 -56 -57 -58 -59 59 -61 -62 62 -64
leaf_value=5.1559058639027846 4.6052267921609715 5.2069344902659473 5.0018574224391861 5.2280847559783021 5.1772875400148362 6.4058034935478423 5.140417516847763 5.9919540784137659 4.6146997458164014 6.1803347244032585 6.0743336695251102 6.1383854741294792 5.2431304578103957 5.4106297241952825 4.9244002917640453 5.3697391393256906 5.2372516809322089 5.2182046778499744 5.3067764815355956 4.1938399967467994 4.5879391237212666 5.6613123712220474 5.0953805999533204 5.3226794753658 6.024940644136958 5.0565687838236242 5.0137480162470451 4.6912504458043394 5.9545009710780974 4.789485952628139 4.5977125908065997 5.4486011212427856 6.067924991166942 5.0272106038905156 4.732609426966822 5.9092793514358624 4.9479106327987123 6.7759055427797117 4.3797653079466565 4.9387953169394461 4.8722498842846793 5.2644345968593873 8.5462566432246465 4.886358194769322 5.4997783612747115 6.0702314758762599 5.3552119359970094 6.6611705060394444 6.1065624995173877 4.5533891111835958 3.5241507056820951 3.8408122914470386 4.3431003907046239 8.2110269092111032 5.2893645174019301 4.3639005551169907 5.7549971337412185 6.2371390060311009 5.6602532054722676 6.2954307409835462 5.1995494537562772 3.8802608002226799 3.352261323276756
leaf_weight=1510 5525 21952 13683 14682 5845 6766 22027 851 4604 1975 1346 2252 1183 3670 3965 1320 929 4373 5365 1826 9312 366 47115 2019 10598 18871 132995 18574 18630 10876 15063 14378 1223 12886 13255 1231 529 5476 1237 1395 7288 1669 54 21664 1393 16617 160 245 289 10231 493 9649 948 187 7875 29849 9068 947 1117 2213 12299 1600 2468
leaf_count=1510 5525 21952 13683 14682 5845 6766 22027 851 4604 1975 1346 2252 1183 3670 3965 1320 929 4373 5365 1826 9312 366 47115 2019 10598 18871 132995 18574 18630 10876 15063 14378 1223 12886 13255 1231 529 5476 1237 1395 7288 1669 54 21664 1393 16617 160 245 289 10231 493 9649 948 187 7875 29849 9068 947 1117 2213 12299 1600 2468
internal_value=0 5.11953 5.026 4.98796 5.54953 5.551 4.95232 5.55987 4.91981 4.30853 4.66772 4.60458 5.54789 5.77167 5.18895 4.12922 4.04435 5.57881 5.83158 3.94999 4.56411 3.87904 5.00464 5.88509 5.94643 4.97752 4.96108 4.87637 5.90753 4.69152 4.45835 5.28437 5.57492 4.80033 4.87783 5.18011 5.62032 6.58695 4.62073 5.40351 4.71276 4.85267 6.19477 4.9959 5.94314 5.95707 6.66387 6.3417 6.84084 4.49301 4.13594 3.83949 3.79537 7.33206 5.12316 4.39742 5.88919 6.69647 6.29912 6.08237 5.13247 3.75751 3.55993
internal_weight=0 577410 474258 442210 103152 32048 415747 21117 394630 22591 99368 92928 26463 63830 39322 20616 19296 6440 57985 17786 90622 16857 295262 52620 11781 240272 218245 63586 50601 41106 49516 33797 4893 44715 26141 18024 1760 7434 28561 15773 16600 12545 2306 154659 45708 44315 6583 2067 721 11961 1730 16491 14665 432 54990 34453 27698 6423 10096 3330 16264 13717 4068
internal_count=600001 577410 474258 442210 103152 32048 415747 21117 394630 22591 99368 92928 26463 63830 39322 20616 19296 6440 57985 17786 90622 16857 295262 52620 11781 240272 218245 63586 50601 41106 49516 33797 4893 44715 26141 18024 1760 7434 28561 15773 16600 12545 2306 154659 45708 44315 6583 2067 721 11961 1730 16491 14665 432 54990 34453 27698 6423 10096 3330 16264 13717 4068
is_linear=0
shrinkage=0.005


Tree=17
num_leaves=64
num_cat=0
split_feature=1 1 37 27 1 1 3 1 1 27 3 9 1 3 3 3 37 3 27 3 1 9 3 1 3 3 1 1 37 3 3 1 17 3 1 1 1 1 26 37 3 1 3 3 9 37 38 3 3 1 3 3 3 39 3 19 37 6 1 0 37 1 32
split_gain=5.66256e+08 9.19587e+08 3.75155e+08 3.4947e+08 3.27198e+08 3.26682e+08 3.252e+08 4.7928e+08 3.34228e+08 3.00278e+08 2.26367e+08 2.36798e+08 1.33569e+08 9.00179e+07 8.67371e+07 8.59462e+07 8.0155e+07 7.01592e+07 6.4482e+07 6.43215e+07 4.83586e+07 4.70616e+07 3.75883e+07 2.62992e+07 2.57594e+07 2.5483e+07 2.54944e+07 3.45056e+07 2.37313e+07 1.85695e+07 1.66513e+07 1.66256e+07 1.56944e+07 1.49803e+07 1.49697e+07 2.2457e+07 1.34731e+07 1.33338e+07 1.31917e+07 1.29257e+07 1.21081e+07 1.19722e+07 1.11843e+07 1.34813e+07 1.11215e+07 1.09239e+07 1.02985e+07 1.02103e+07 1.20436e+07 1.00882e+07 1.00546e+07 9.93564e+06 9.62606e+06 9.43724e+06 1.24923e+07 9.47149e+06 9.28074e+06 9.24494e+06 1.18601e+07 9.04977e+06 9.95921e+06 9.60155e+06 1.45146e+07
threshold=1.0000000180025095e-35 5090.5000000000009 2019.5000000000002 1.0000000180025095e-35 1510.5000000000002 52861.000000000007 1.0000000180025095e-35 46670.500000000007 46215.500000000007 1.0000000180025095e-35 49.086193642899197 1.0000000180025095e-35 46215.500000000007 1.0000000180025095e-35 3.641052719675467 49.58469035707116 2019.5000000000002 50.849742826575884 1.0000000180025095e-35 1.0000000180025095e-35 79842.500000000015 1.0000000180025095e-35 36.977372812612337 4975.5000000000009 1.0000000180025095e-35 8.7922112358916067 14955.000000000002 6971.5000000000009 2019.5000000000002 31.087322931897432 30.958491610009386 928.50000000000011 1.0000000180025095e-35 34.857935552831549 9904.5000000000018 12053.500000000002 54757.500000000007 114592.50000000001 1.0000000180025095e-35 2023.5000000000002 47.052345781429288 40975.000000000007 49.938894560673965 28.816585107346473 1.0000000180025095e-35 2022.5000000000002 6.5000000000000009 10.514780309671918 43.080037527664238 82029.000000000015 48.723139267295252 9.5748938426300949 22.772026822951499 24.500000000000004 20.811850051578766 1.0000000180025095e-35 2023.5000000000002 1.0000000180025095e-35 71432.500000000015 19.500000000000004 2020.5000000000002 84789.500000000015 1.0000000180025095e-35
decision_type=2 2 2 2 2 2 2 2 2 2 2 2 2 2 2 2 2 2 2 2 2 2 2 2 2 2 2 2 2 2 2 2 2 2 2 2 2 2 2 2 2 2 2 2 2 2 2 2 2 2 2 2 2 2 2 2 2 2 2 2 2 2 2
left_child=9 4 5 6 14 -3 7 -4 22 15 11 20 -5 -6 -2 16 -1 45 23 -18 30 47 25 28 -14 -8 27 -27 32 37 51 33 -15 -16 -29 -36 -9 53 -33 -31 -13 -28 43 52 56 -12 49 -21 -49 -47 -24 -10 -30 59 55 -55 -38 -7 -59 60 -22 62 -62
right_child=1 2 3 12 13 57 8 36 10 -11 17 40 24 18 31 -17 19 -19 -20 21 29 -23 50 -25 -26 26 41 34 42 39 -32 38 -34 -35 35 -37 44 -39 -40 -41 -42 -43 -44 -45 -46 46 -48 48 -50 -51 -52 -53 -54 54 -56 -57 -58 58 -60 -61 61 -63 -64
leaf_value=5.1301262633638673 4.582200667990711 5.1808997358998132 4.9768480600798561 5.2019445330075476 5.1514011513903375 6.3737744870225912 5.1147154611513086 5.961994336817094 4.5916261867561312 6.1494329595796673 6.0439618290892154 6.10769346804459 5.2169146738652943 5.3835765313966366 5.0744831121273188 5.3428904796531711 5.2110653524416772 5.1921135595731531 5.2802427333909998 4.1728707921262602 3.9333855112988712 5.6330059964018435 5.0699037024625531 5.2960660953814589 5.9948159940351253 5.0312859396919807 4.9886792332665202 4.6677942312049616 5.9149729135296187 4.7655386041569461 4.5747240084108682 5.2809738796497916 6.0375853341113617 5.4148333233824308 5.0020745622675173 4.7089462785672378 6.7420260496959203 4.7401970082863185 5.5953851182026959 5.2381122823215795 8.5035255495707194 4.8619263293292372 5.4722794753428596 6.0398802664093845 5.3284358474425977 6.6278647234342536 6.0760298049161179 3.7349289301805864 4.2715810266865741 8.1699718856811518 5.2629178016053313 4.3420811392436276 5.7024353364288451 5.222181683300593 4.4026156216692405 4.5373142723490796 6.2059533587126445 5.6319517727322959 6.2639535215211515 4.4259903056634791 7.6246375123034706 4.9457848474955322 4.1402661766476108
leaf_weight=1510 5525 21952 13683 14682 5845 6766 22027 851 4604 1975 1346 2252 1183 3670 13802 1320 929 4373 5365 1826 180 366 47115 2019 10598 18871 132995 18574 20500 10876 15063 10981 1223 4222 12886 13255 5476 10418 4792 1669 54 21664 1393 16617 160 245 289 13532 1133 187 7875 29849 7198 1431 1620 780 947 1117 2213 13503 89 495 45
leaf_count=1510 5525 21952 13683 14682 5845 6766 22027 851 4604 1975 1346 2252 1183 3670 13802 1320 929 4373 5365 1826 180 366 47115 2019 10598 18871 132995 18574 20500 10876 15063 10981 1223 4222 12886 13255 5476 10418 4792 1669 54 21664 1393 16617 160 245 289 13532 1133 187 7875 29849 7198 1431 1620 780 947 1117 2213 13503 89 495 45
internal_value=0 5.09393 5.00087 4.96302 5.52178 5.52325 4.92755 5.53207 4.89521 4.28699 4.64438 4.58155 5.52015 5.74281 5.163 4.10857 4.02413 5.55091 5.80242 3.93024 4.54129 3.85965 4.97962 5.85567 5.9167 4.95263 4.93627 4.85199 5.87799 4.66806 4.43605 5.25795 5.54705 5.15421 4.77633 4.85344 6.55402 4.59763 5.3765 4.82841 6.1638 4.97092 5.91342 5.92729 6.63055 6.30999 6.80664 3.82029 3.77639 7.2954 5.09754 4.37543 5.85974 4.51576 4.73617 4.98057 6.66299 6.26763 6.05196 4.45677 4.97043 5.2672 6.45451
internal_weight=0 577410 474258 442210 103152 32048 415747 21117 394630 22591 99368 92928 26463 63830 39322 20616 19296 6440 57985 17786 90622 16857 295262 52620 11781 240272 218245 63586 50601 41106 49516 33797 4893 18024 44715 26141 7434 28561 15773 12545 2306 154659 45708 44315 6583 2067 721 16491 14665 432 54990 34453 27698 18143 3831 2211 6423 10096 3330 14312 809 629 134
internal_count=600001 577410 474258 442210 103152 32048 415747 21117 394630 22591 99368 92928 26463 63830 39322 20616 19296 6440 57985 17786 90622 16857 295262 52620 11781 240272 218245 63586 50601 41106 49516 33797 4893 18024 44715 26141 7434 28561 15773 12545 2306 154659 45708 44315 6583 2067 721 16491 14665 432 54990 34453 27698 18143 3831 2211 6423 10096 3330 14312 809 629 134
is_linear=0
shrinkage=0.005


Tree=18
num_leaves=64
num_cat=0
split_feature=1 1 37 27 1 1 3 1 1 27 3 9 1 3 3 3 37 3 27 3 1 9 3 1 3 3 1 1 37 3 3 1 1 1 17 3 3 1 3 27 39 37 1 3 3 3 9 37 3 3 38 3 3 1 3 3 3 37 6 1 17 32 27
split_gain=5.60607e+08 9.10414e+08 3.71413e+08 3.45984e+08 3.23934e+08 3.23423e+08 3.21956e+08 4.74499e+08 3.30894e+08 2.97283e+08 2.24109e+08 2.34436e+08 1.32237e+08 8.91199e+07 8.58719e+07 8.50889e+07 7.93555e+07 6.94593e+07 6.38388e+07 6.36799e+07 4.78762e+07 4.65922e+07 3.72133e+07 2.60368e+07 2.55024e+07 2.52288e+07 2.52435e+07 3.33458e+07 2.34946e+07 1.83843e+07 1.64853e+07 1.64597e+07 1.56514e+07 2.02974e+07 1.55378e+07 1.48793e+07 1.35421e+07 1.33387e+07 1.32466e+07 1.3061e+07 1.30131e+07 1.27968e+07 1.1993e+07 1.19873e+07 1.10727e+07 1.33468e+07 1.10106e+07 1.08149e+07 1.02123e+07 1.02203e+07 1.01958e+07 1.01085e+07 1.19322e+07 9.98756e+06 9.95428e+06 9.83655e+06 9.53202e+06 9.18817e+06 9.15272e+06 1.17418e+07 9.01586e+06 9.00562e+06 9.00517e+06
threshold=1.0000000180025095e-35 5090.5000000000009 2019.5000000000002 1.0000000180025095e-35 1510.5000000000002 52861.000000000007 1.0000000180025095e-35 46670.500000000007 46215.500000000007 1.0000000180025095e-35 49.086193642899197 1.0000000180025095e-35 46215.500000000007 1.0000000180025095e-35 3.641052719675467 49.58469035707116 2019.5000000000002 50.849742826575884 1.0000000180025095e-35 1.0000000180025095e-35 79842.500000000015 1.0000000180025095e-35 36.977372812612337 4975.5000000000009 1.0000000180025095e-35 8.7922112358916067 15184.500000000002 6971.5000000000009 2019.5000000000002 31.087322931897432 30.958491610009386 928.50000000000011 9904.5000000000018 12053.500000000002 1.0000000180025095e-35 42.845288989930189 49.58469035707116 54757.500000000007 20.811850051578766 1.0000000180025095e-35 17.500000000000004 2023.5000000000002 40975.000000000007 47.052345781429288 49.938894560673965 28.816585107346473 1.0000000180025095e-35 2022.5000000000002 21.981087411853562 21.723685867568019 6.5000000000000009 10.514780309671918 43.955623248403974 82029.000000000015 48.723139267295252 9.5748938426300949 21.280066615632105 2023.5000000000002 1.0000000180025095e-35 71432.500000000015 1.0000000180025095e-35 1.0000000180025095e-35 1.0000000180025095e-35
decision_type=2 2 2 2 2 2 2 2 2 2 2 2 2 2 2 2 2 2 2 2 2 2 2 2 2 2 2 2 2 2 2 2 2 2 2 2 2 2 2 2 2 2 2 2 2 2 2 2 2 2 2 2 2 2 2 2 2 2 2 2 2 2 2
left_child=9 4 5 6 14 -3 7 -4 22 15 11 20 -5 -6 -2 16 -1 47 23 61 30 51 25 28 -14 -8 27 -27 34 38 55 35 -29 -34 -15 -16 -37 -9 40 -33 -22 -31 -28 60 45 56 57 -12 49 -40 53 -21 -53 -49 -24 -10 -30 -39 62 -60 -13 -18 -7
right_child=1 2 3 12 13 58 8 37 10 -11 17 43 24 18 31 -17 19 -19 -20 21 29 -23 54 -25 -26 26 42 32 44 41 -32 39 33 -35 -36 36 -38 46 48 -41 -42 -43 -44 -45 -46 -47 -48 50 -50 -51 -52 52 -54 -55 -56 -57 -58 -59 59 -61 -62 -63 -64
leaf_value=5.104475643630713 4.5592895054262019 5.1549953043011065 4.9519638617634385 5.1759346928385277 5.125644108078844 6.3976020516139283 5.0891418787701461 5.9321844235661443 4.568668187382853 6.1186858676566356 6.0137420377682167 6.2710661961350347 5.1908301397122676 5.3566585925924075 5.0811785214308163 5.3161759234961456 4.8879315414512732 5.1661530663440054 5.2538415067755135 4.1520064725923511 4.5421969755222111 5.6048409494309803 5.0445541870127162 5.2695858958669817 5.9648419425890884 5.0061295027990962 4.9645768618171893 4.6444552405046258 5.895153438023339 4.7417109021323052 4.5518503948976354 5.3944293508291787 4.977064136607523 4.7052177455827273 6.0073973549669724 5.8526585840191139 4.8960970018035077 6.7083160112825428 4.3351112465193031 4.8876965188433195 4.8242872207586753 5.2119217157300497 4.8376167450062937 8.461007643099185 5.4449181164141098 6.0096806836195675 5.3017936124652625 6.5947253855880419 4.5078638898735797 3.4837431867018678 6.0456495995670041 3.7200138509877894 4.3000269007305558 8.1291221226982895 5.2366031428950839 4.3203706367872092 5.6974908201935781 6.1749237505510877 5.6037921323723952 6.2326338202437954 5.5610046393963373 6.0007781689608048 5.744495822271297
leaf_weight=1510 5525 21952 13683 14682 5845 6189 22027 851 4604 1975 1346 1637 1183 3670 16264 1320 681 4373 5365 1826 9312 366 47115 2019 10598 18871 131551 18574 18630 10876 15063 14378 12886 14699 1223 1231 529 5476 1237 1395 7288 1669 21664 54 1393 16617 160 245 10231 493 289 13717 948 187 7875 29849 9068 947 1117 2213 615 248 577
leaf_count=1510 5525 21952 13683 14682 5845 6189 22027 851 4604 1975 1346 1637 1183 3670 16264 1320 681 4373 5365 1826 9312 366 47115 2019 10598 18871 131551 18574 18630 10876 15063 14378 12886 14699 1223 1231 529 5476 1237 1395 7288 1669 21664 54 1393 16617 160 245 10231 493 289 13717 948 187 7875 29849 9068 947 1117 2213 615 248 577
internal_value=0 5.06846 4.97587 4.9382 5.49418 5.49563 4.90292 5.50441 4.87073 4.26556 4.62116 4.55865 5.49255 5.7141 5.13719 4.08803 4.00401 5.52316 5.77341 3.91059 4.51859 3.84035 4.95472 5.82639 5.88712 4.92787 4.91159 4.82905 5.8486 4.64472 4.41387 5.23166 4.75666 4.83221 5.51931 5.12844 5.56515 6.52125 4.57464 5.34961 4.66604 4.80427 4.94663 6.13298 5.88385 5.89765 6.5974 6.27844 4.44779 4.0925 6.7726 3.80119 3.75751 7.25892 5.07206 4.35355 5.83044 6.62967 6.23629 6.0217 6.07716 5.18501 6.34191
internal_weight=0 577410 474258 442210 103152 32048 415747 21117 394630 22591 99368 92928 26463 63830 39322 20616 19296 6440 57985 17786 90622 16857 295262 52620 11781 240272 218245 65030 50601 41106 49516 33797 46159 27585 4893 18024 1760 7434 28561 15773 16600 12545 153215 2306 45708 44315 6583 2067 11961 1730 721 16491 14665 432 54990 34453 27698 6423 10096 3330 2252 929 6766
internal_count=600001 577410 474258 442210 103152 32048 415747 21117 394630 22591 99368 92928 26463 63830 39322 20616 19296 6440 57985 17786 90622 16857 295262 52620 11781 240272 218245 65030 50601 41106 49516 33797 46159 27585 4893 18024 1760 7434 28561 15773 16600 12545 153215 2306 45708 44315 6583 2067 11961 1730 721 16491 14665 432 54990 34453 27698 6423 10096 3330 2252 929 6766
is_linear=0
shrinkage=0.005


Tree=19
num_leaves=64
num_cat=0
split_feature=1 1 37 27 1 1 3 1 1 27 3 9 1 3 3 3 37 3 27 3 1 9 3 1 3 3 1 1 37 3 3 1 17 3 1 1 1 1 26 37 3 1 3 3 9 37 38 3 3 1 3 3 3 3 37 6 1 3 0 1 25 17 1
split_gain=5.55015e+08 9.01332e+08 3.67708e+08 3.42533e+08 3.20703e+08 3.20197e+08 3.18744e+08 4.69766e+08 3.27593e+08 2.94317e+08 2.21874e+08 2.32098e+08 1.30918e+08 8.8231e+07 8.50153e+07 8.42401e+07 7.85639e+07 6.87665e+07 6.3202e+07 6.30447e+07 4.73987e+07 4.61274e+07 3.68421e+07 2.57771e+07 2.5248e+07 2.49772e+07 2.50007e+07 3.38285e+07 2.32602e+07 1.82009e+07 1.63208e+07 1.62956e+07 1.53829e+07 1.47427e+07 1.46645e+07 2.20262e+07 1.32057e+07 1.32017e+07 1.30333e+07 1.26691e+07 1.18677e+07 1.17364e+07 1.09623e+07 1.32137e+07 1.09008e+07 1.0707e+07 1.00941e+07 1.00077e+07 1.18153e+07 9.88793e+06 9.85501e+06 9.73842e+06 9.44926e+06 9.33347e+06 9.09652e+06 9.06143e+06 1.16246e+07 9.05764e+06 9.02346e+06 8.98802e+06 8.98248e+06 8.97697e+06 8.96724e+06
threshold=1.0000000180025095e-35 5090.5000000000009 2019.5000000000002 1.0000000180025095e-35 1510.5000000000002 52861.000000000007 1.0000000180025095e-35 46670.500000000007 46215.500000000007 1.0000000180025095e-35 49.086193642899197 1.0000000180025095e-35 46215.500000000007 1.0000000180025095e-35 3.641052719675467 49.58469035707116 2019.5000000000002 50.849742826575884 1.0000000180025095e-35 1.0000000180025095e-35 79842.500000000015 1.0000000180025095e-35 36.977372812612337 4975.5000000000009 1.0000000180025095e-35 8.7922112358916067 14955.000000000002 6971.5000000000009 2019.5000000000002 31.087322931897432 30.958491610009386 928.50000000000011 1.0000000180025095e-35 34.857935552831549 9904.5000000000018 12053.500000000002 54757.500000000007 114592.50000000001 1.0000000180025095e-35 2023.5000000000002 47.052345781429288 40975.000000000007 49.938894560673965 28.816585107346473 1.0000000180025095e-35 2022.5000000000002 6.5000000000000009 10.514780309671918 43.080037527664238 82029.000000000015 48.723139267295252 9.5748938426300949 22.772026822951499 10.179855106113367 2023.5000000000002 1.0000000180025095e-35 71432.500000000015 11.068548944418653 62.500000000000007 2536.5000000000005 1.0000000180025095e-35 1.0000000180025095e-35 53792.500000000007
decision_type=2 2 2 2 2 2 2 2 2 2 2 2 2 2 2 2 2 2 2 2 2 2 2 2 2 2 2 2 2 2 2 2 2 2 2 2 2 2 2 2 2 2 2 2 2 2 2 2 2 2 2 2 2 2 2 2 2 2 2 2 2 2 2
left_child=9 4 5 6 14 -3 7 -4 22 15 11 20 -5 -6 -2 16 -1 45 23 -18 30 47 25 28 -14 -8 27 -27 32 37 51 33 -15 -16 -29 -36 61 53 -33 -31 -13 -28 43 52 54 -12 49 -21 -49 -47 -24 -10 -30 58 -38 -7 -57 -55 -22 -45 -39 -9 -53
right_child=1 2 3 12 13 55 8 36 10 -11 17 40 24 18 31 -17 19 -19 -20 21 29 -23 50 -25 -26 26 41 34 42 39 -32 38 -34 -35 35 -37 44 60 -40 -41 -42 -43 -44 59 -46 46 -48 48 -50 -51 -52 62 -54 57 -56 56 -58 -59 -60 -61 -62 -63 -64
leaf_value=5.0789532582214143 4.5364930926777394 5.1292203314455689 4.927203972751065 5.1500549683365158 5.100015817577356 6.3101962534535794 5.0636961686965654 6.214119886876686 4.5458246582928812 6.0880924983555005 5.9836733722084521 6.0467692681272274 5.1648760627198804 5.3298753590921617 5.0237047860334112 5.2895951103450676 5.1590850028687578 5.1403224162343388 5.2275723355171397 4.1312464324836204 4.7912955124194756 5.5768165891027195 5.0193313517747686 5.2432379088196912 5.9350177237144299 4.9810988475330529 4.938926998790877 4.6212329536722692 5.8560124479480091 4.7180023335667931 4.5290910298260494 5.2279186241996216 5.9773605598634809 5.3613444953336113 4.9521788642792419 4.6618755911457592 6.6747744159634488 4.7981464628279555 5.540436039127826 5.1858621314207261 8.418702658194082 4.8134286255565817 5.4176934365360152 5.7832860042022185 5.2752846584916124 6.5617517606822808 6.0154213451885434 3.6976542229619414 4.2291965566395344 8.0884764720029381 5.2104202364175949 4.1610951196704082 5.6454357733980656 3.7667723792861487 6.144048977275836 5.5757732229821899 6.2014706020577028 4.4444592432165626 3.2690078794248034 6.0485021652247486 4.4873947989768732 5.0561781585372696 4.3533217451388184
leaf_weight=1510 5525 21952 13683 14682 5845 6766 22027 622 4604 1975 1346 2252 1183 3670 13802 1320 929 4373 5365 1826 2691 366 47115 2019 10598 18871 132995 18574 20500 10876 15063 10981 1223 4222 12886 13255 5476 6914 4792 1669 54 21664 1393 4315 160 245 289 13532 1133 187 7875 8471 7198 510 947 1117 2213 14841 101 12302 3504 229 21378
leaf_count=1510 5525 21952 13683 14682 5845 6766 22027 622 4604 1975 1346 2252 1183 3670 13802 1320 929 4373 5365 1826 2691 366 47115 2019 10598 18871 132995 18574 20500 10876 15063 10981 1223 4222 12886 13255 5476 6914 4792 1669 54 21664 1393 4315 160 245 289 13532 1133 187 7875 8471 7198 510 947 1117 2213 14841 101 12302 3504 229 21378
internal_value=0 5.04312 4.95099 4.91351 5.4667 5.46815 4.8784 5.47689 4.84638 4.24423 4.59805 4.53585 5.46508 5.68553 5.1115 4.06759 3.98399 5.49554 5.74455 3.89103 4.49599 3.82115 4.92995 5.79725 5.85768 4.90323 4.88703 4.80357 5.81936 4.6215 4.39181 5.2055 5.49171 5.10279 4.72865 4.80498 6.48864 4.55177 5.32286 4.78025 6.10231 4.92135 5.85443 5.86816 6.56441 6.24705 6.73874 3.78218 3.73872 7.22263 5.0467 4.33178 5.80129 4.47031 6.59652 6.20511 5.99159 4.42194 4.73623 5.97963 4.69363 5.90252 4.29877
internal_weight=0 577410 474258 442210 103152 32048 415747 21117 394630 22591 99368 92928 26463 63830 39322 20616 19296 6440 57985 17786 90622 16857 295262 52620 11781 240272 218245 63586 50601 41106 49516 33797 4893 18024 44715 26141 7434 28561 15773 12545 2306 154659 45708 44315 6583 2067 721 16491 14665 432 54990 34453 27698 18143 6423 10096 3330 15351 2792 16617 10418 851 29849
internal_count=600001 577410 474258 442210 103152 32048 415747 21117 394630 22591 99368 92928 26463 63830 39322 20616 19296 6440 57985 17786 90622 16857 295262 52620 11781 240272 218245 63586 50601 41106 49516 33797 4893 18024 44715 26141 7434 28561 15773 12545 2306 154659 45708 44315 6583 2067 721 16491 14665 432 54990 34453 27698 18143 6423 10096 3330 15351 2792 16617 10418 851 29849
is_linear=0
shrinkage=0.005


Tree=20
num_leaves=64
num_cat=0
split_feature=1 1 37 27 1 1 3 1 1 27 3 9 1 3 3 3 37 3 27 3 1 9 3 1 3 3 1 1 37 3 3 1 17 37 3 1 1 39 3 1 27 3 1 3 3 3 3 9 1 37 13 0 38 3 3 1 3 3 3 37 1 6 1
split_gain=5.49479e+08 8.92342e+08 3.6404e+08 3.39116e+08 3.17504e+08 3.17003e+08 3.15565e+08 4.6508e+08 3.24326e+08 2.91382e+08 2.1966e+08 2.29782e+08 1.29612e+08 8.73509e+07 8.41673e+07 8.33998e+07 7.77802e+07 6.80805e+07 6.25715e+07 6.24158e+07 4.69258e+07 4.56673e+07 3.64746e+07 2.552e+07 2.49962e+07 2.4728e+07 2.47513e+07 3.34911e+07 2.30282e+07 1.80206e+07 1.6158e+07 1.6133e+07 1.52294e+07 1.46759e+07 1.46434e+07 1.45182e+07 2.18065e+07 1.34913e+07 1.3407e+07 1.3074e+07 1.2904e+07 1.17494e+07 1.16193e+07 1.11208e+07 1.46513e+07 1.08529e+07 1.30819e+07 1.0792e+07 1.07195e+07 1.06002e+07 1.04593e+07 1.02908e+07 9.99342e+06 9.90783e+06 1.17061e+07 9.7893e+06 9.75668e+06 9.64129e+06 9.3569e+06 9.00578e+06 8.99126e+06 8.97104e+06 1.15087e+07
threshold=1.0000000180025095e-35 5090.5000000000009 2019.5000000000002 1.0000000180025095e-35 1510.5000000000002 52861.000000000007 1.0000000180025095e-35 46670.500000000007 46215.500000000007 1.0000000180025095e-35 49.086193642899197 1.0000000180025095e-35 46215.500000000007 1.0000000180025095e-35 3.641052719675467 49.58469035707116 2019.5000000000002 50.849742826575884 1.0000000180025095e-35 1.0000000180025095e-35 79842.500000000015 1.0000000180025095e-35 36.977372812612337 4975.5000000000009 1.0000000180025095e-35 8.7922112358916067 14955.000000000002 6971.5000000000009 2019.5000000000002 30.958491610009386 30.958491610009386 928.50000000000011 1.0000000180025095e-35 2023.5000000000002 42.845288989930189 9904.5000000000018 12053.500000000002 17.500000000000004 49.58469035707116 54757.500000000007 1.0000000180025095e-35 47.052345781429288 40975.000000000007 20.811850051578766 21.981087411853562 49.938894560673965 28.816585107346473 1.0000000180025095e-35 114592.50000000001 2022.5000000000002 1.0000000180025095e-35 62.500000000000007 6.5000000000000009 10.514780309671918 43.955623248403974 82029.000000000015 48.723139267295252 9.5748938426300949 21.280066615632105 2023.5000000000002 440.50000000000006 1.0000000180025095e-35 71432.500000000015
decision_type=2 2 2 2 2 2 2 2 2 2 2 2 2 2 2 2 2 2 2 2 2 2 2 2 2 2 2 2 2 2 2 2 2 2 2 2 2 2 2 2 2 2 2 2 2 2 2 2 2 2 2 2 2 2 2 2 2 2 2 2 2 2 2
left_child=9 4 5 6 14 -3 7 -4 22 15 11 20 -5 -6 -2 16 -1 49 23 -18 30 53 25 28 -14 -8 27 -27 32 37 57 34 -15 -31 60 -29 -37 -22 -36 -9 -33 -13 -28 -39 -45 46 58 59 50 -12 51 -46 55 -21 -55 -51 -24 -10 -30 -41 -16 -7 -63
right_child=1 2 3 12 13 61 8 39 10 -11 17 41 24 18 31 -17 19 -19 -20 21 29 -23 56 -25 -26 26 42 35 45 33 -32 40 -34 -35 38 36 -38 43 -40 47 -42 -43 -44 44 48 -47 -48 -49 -50 52 -52 -53 -54 54 -56 -57 -58 -59 -60 -61 -62 62 -64
leaf_value=5.0535585245478476 4.513810633159749 5.1035740894969397 4.9025680753011054 5.1243047328324183 5.0745158430135167 6.2786451527627163 5.038377707403896 5.8730107408450296 4.523095688031991 6.0576519364315491 5.9537550880153276 6.0165353290241743 5.1390516018494647 5.3032259445831844 4.8233462096412083 5.2631471941173578 5.1332895926491178 5.1146206946277948 5.2014344960091172 4.1105901154089075 4.4317341738860305 5.5489326997757056 4.9942347585003644 5.2170217338794638 5.9053425751706916 4.9561933923456083 4.9142324287542749 4.5981268257462826 5.8363976374203581 4.6882778628358288 4.5064456324201849 5.3407968275895659 5.9474737199640186 5.1885148593489054 5.7965887070631812 4.92741790964552 4.6385661002669423 4.7773421673557124 4.8448098528182353 6.6414006000439381 4.8371184284276856 8.3766091438576034 4.789361453699426 3.8210049670416373 4.6415539909473846 5.3906050068726232 5.9497342084044478 5.248908262252808 4.9058965092085955 6.5289429956747567 3.8555623861440678 2.9583712773072093 5.9853442032361945 3.682889703055475 4.257380748389501 8.0480342149734501 5.1843680299462971 4.2772749825593239 5.6405591816218781 6.1133287581080742 5.0971488170139798 5.5478941684140963 6.1704633658553369
leaf_weight=1510 5525 21952 13683 14682 5845 6766 22027 851 4604 1975 1346 2252 1183 3670 3965 1320 929 4373 5365 1826 15903 366 47115 2019 10598 18871 132995 18574 18630 11029 15063 14378 1223 1691 1231 12886 13255 7288 529 5476 1395 54 21664 736 2058 1393 16617 160 1627 245 679 95 289 13717 948 187 7875 29849 9068 947 12299 1117 2213
leaf_count=1510 5525 21952 13683 14682 5845 6766 22027 851 4604 1975 1346 2252 1183 3670 3965 1320 929 4373 5365 1826 15903 366 47115 2019 10598 18871 132995 18574 18630 11029 15063 14378 1223 1691 1231 12886 13255 7288 529 5476 1395 54 21664 736 2058 1393 16617 160 1627 245 679 95 289 13717 948 187 7875 29849 9068 947 12299 1117 2213
internal_value=0 5.01791 4.92624 4.88894 5.43937 5.44081 4.85401 5.44951 4.82215 4.22301 4.57506 4.51317 5.43776 5.6571 5.08594 4.04725 3.96407 5.46806 5.71582 3.87158 4.47351 3.80204 4.9053 5.76827 5.82839 4.87871 4.8626 4.77956 5.79026 4.59839 4.36985 5.17947 5.46425 4.75478 5.07728 4.70501 4.78095 4.52831 5.51051 6.4562 5.29625 6.0718 4.89674 4.65134 4.47458 5.82516 5.83882 6.53159 4.58246 6.21582 4.39664 4.56728 6.70505 3.76327 3.72003 7.18651 5.02146 4.31012 5.77228 6.56354 5.0304 6.17408 5.96163
internal_weight=0 577410 474258 442210 103152 32048 415747 21117 394630 22591 99368 92928 26463 63830 39322 20616 19296 6440 57985 17786 90622 16857 295262 52620 11781 240272 218245 63586 50601 41106 49516 33797 4893 12720 18024 44715 26141 28386 1760 7434 15773 2306 154659 12483 5195 45708 44315 6583 4459 2067 2832 2153 721 16491 14665 432 54990 34453 27698 6423 16264 10096 3330
internal_count=600001 577410 474258 442210 103152 32048 415747 21117 394630 22591 99368 92928 26463 63830 39322 20616 19296 6440 57985 17786 90622 16857 295262 52620 11781 240272 218245 63586 50601 41106 49516 33797 4893 12720 18024 44715 26141 28386 1760 7434 15773 2306 154659 12483 5195 45708 44315 6583 4459 2067 2832 2153 721 16491 14665 432 54990 34453 27698 6423 16264 10096 3330
is_linear=0
shrinkage=0.005


Tree=21
num_leaves=64
num_cat=0
split_feature=1 1 37 27 1 1 3 1 1 27 3 9 1 3 3 3 37 3 27 3 1 9 3 1 3 3 1 1 37 3 3 1 1 1 17 3 1 1 26 37 1 3 3 3 9 37 38 3 3 1 3 3 3 39 3 19 0 37 1 32 38 17 37
split_gain=5.43998e+08 8.8344e+08 3.60409e+08 3.35733e+08 3.14337e+08 3.13841e+08 3.12417e+08 4.60441e+08 3.2109e+08 2.88475e+08 2.17469e+08 2.2749e+08 1.28319e+08 8.64796e+07 8.33277e+07 8.25679e+07 7.70044e+07 6.74014e+07 6.19474e+07 6.17932e+07 4.64578e+07 4.52117e+07 3.61108e+07 2.52654e+07 2.47469e+07 2.44813e+07 2.45057e+07 3.2364e+07 2.27985e+07 1.78413e+07 1.59968e+07 1.59721e+07 1.51812e+07 1.97069e+07 1.50775e+07 1.45097e+07 1.30229e+07 1.29435e+07 1.28767e+07 1.24083e+07 1.16392e+07 1.16322e+07 1.07447e+07 1.29514e+07 1.06844e+07 1.04945e+07 9.89374e+06 9.809e+06 1.15914e+07 9.69165e+06 9.65936e+06 9.5451e+06 9.27572e+06 9.26854e+06 1.21791e+07 9.37729e+06 8.95342e+06 9.85764e+06 9.50464e+06 1.43688e+07 9.14304e+06 8.92593e+06 8.91594e+06
threshold=1.0000000180025095e-35 5090.5000000000009 2019.5000000000002 1.0000000180025095e-35 1510.5000000000002 52861.000000000007 1.0000000180025095e-35 46670.500000000007 46215.500000000007 1.0000000180025095e-35 49.086193642899197 1.0000000180025095e-35 46215.500000000007 1.0000000180025095e-35 3.641052719675467 49.58469035707116 2019.5000000000002 50.849742826575884 1.0000000180025095e-35 1.0000000180025095e-35 79842.500000000015 1.0000000180025095e-35 36.977372812612337 4975.5000000000009 1.0000000180025095e-35 8.7922112358916067 15184.500000000002 6971.5000000000009 2019.5000000000002 31.087322931897432 30.958491610009386 928.50000000000011 9904.5000000000018 12053.500000000002 1.0000000180025095e-35 34.857935552831549 114592.50000000001 54757.500000000007 1.0000000180025095e-35 2023.5000000000002 40975.000000000007 47.052345781429288 49.938894560673965 28.816585107346473 1.0000000180025095e-35 2022.5000000000002 6.5000000000000009 10.514780309671918 43.080037527664238 82029.000000000015 48.723139267295252 9.5748938426300949 22.772026822951499 24.500000000000004 20.811850051578766 1.0000000180025095e-35 19.500000000000004 2020.5000000000002 84789.500000000015 1.0000000180025095e-35 9.5000000000000018 1.0000000180025095e-35 2023.5000000000002
decision_type=2 2 2 2 2 2 2 2 2 2 2 2 2 2 2 2 2 2 2 2 2 2 2 2 2 2 2 2 2 2 2 2 2 2 2 2 2 2 2 2 2 2 2 2 2 2 2 2 2 2 2 2 2 2 2 2 2 2 2 2 2 2 2
left_child=9 4 5 6 14 -3 7 -4 22 15 11 20 -5 -6 -2 16 -1 45 23 -18 30 47 25 28 -14 -8 27 -27 34 36 51 35 -29 -34 -15 -16 53 -9 -33 -31 -28 61 43 52 62 -12 49 -21 -49 -47 -24 -10 -30 56 55 -55 57 -22 59 -59 -60 -13 -39
right_child=1 2 3 12 13 -7 8 37 10 -11 17 41 24 18 31 -17 19 -19 -20 21 29 -23 50 -25 -26 26 40 32 42 39 -32 38 33 -35 -36 -37 -38 44 -40 -41 -42 -43 -44 -45 -46 46 -48 48 -50 -51 -52 -53 -54 54 -56 -57 -58 58 60 -61 -62 -63 -64
leaf_value=5.0282906613014395 4.4912415969039516 5.0780563185616563 4.8780551719553573 5.0986832263065329 5.0491431671331473 6.1432130870508717 5.0131857506553548 5.8436458253342174 4.5004800918784893 6.0273637430912332 5.9239861877322371 6.1793942335457359 5.1133563258913952 5.2767098296877473 4.9734317129873036 5.2368314192482464 5.1076231042625322 5.089047647616205 5.1754272023703267 4.090037176924934 3.8461665474293341 5.5211878571028263 4.9692636258126086 5.1909365615006235 5.8758158665869171 4.9314124165476656 4.8904881754653662 4.5751361972588391 5.7976397377276383 4.6709709024808834 4.4839134550752062 5.1753950848236894 4.9027808310975205 4.6349179357465546 5.9177363320977987 5.3083935369511304 4.6472569626624898 6.6081935987557872 5.4860297881064231 5.1339903531354558 4.7654147002866774 8.3347263682330102 5.3636520081796748 5.9199855319804149 5.2226636400818824 6.4962984183175232 5.9554174698043658 3.6607515270328697 4.1872326986093178 8.0077939834059233 5.1584462478030302 4.2558886184654376 5.5890056379259914 5.1256065762124026 4.3145357415388217 4.4441535936828993 4.336375500851573 7.5186983391006343 4.5093199256023739 4.0518774299058649 6.195519876692555 5.4728829853486243 6.0827622801046566
leaf_weight=1510 5525 21952 13683 14682 5845 10096 22027 851 4604 1975 1346 1637 1183 3670 13802 1320 929 4373 5365 1826 180 366 47115 2019 10598 18871 131551 18574 20500 10876 15063 10981 12886 14699 1223 4222 10418 5476 4792 1669 21664 54 1393 16617 160 245 289 13532 1133 187 7875 29849 7198 1431 1620 780 13503 89 394 45 101 615 947
leaf_count=1510 5525 21952 13683 14682 5845 10096 22027 851 4604 1975 1346 1637 1183 3670 13802 1320 929 4373 5365 1826 180 366 47115 2019 10598 18871 131551 18574 20500 10876 15063 10981 12886 14699 1223 4222 10418 5476 4792 1669 21664 54 1393 16617 160 245 289 13532 1133 187 7875 29849 7198 1431 1620 780 13503 89 394 45 101 615 947
internal_value=0 4.99282 4.9016 4.8645 5.41217 5.41361 4.82974 5.42226 4.79803 4.20189 4.55218 4.49061 5.41057 5.62881 5.06051 4.02701 3.94425 5.44072 5.68724 3.85222 4.45115 3.78303 4.88077 5.73943 5.79925 4.85432 4.83829 4.75696 5.76131 4.5754 4.348 5.15358 4.68564 4.76005 5.43693 5.05189 4.50636 6.42392 5.26977 4.73257 4.8728 6.04144 5.79604 5.80963 6.49893 6.18474 6.67152 3.74446 3.70143 7.15058 4.99636 4.28857 5.74342 4.42546 4.64389 4.8852 4.36699 4.87791 5.17316 6.35447 4.85337 5.98645 6.53072
internal_weight=0 577410 474258 442210 103152 32048 415747 21117 394630 22591 99368 92928 26463 63830 39322 20616 19296 6440 57985 17786 90622 16857 295262 52620 11781 240272 218245 65030 50601 41106 49516 33797 46159 27585 4893 18024 28561 7434 15773 12545 153215 2306 45708 44315 6583 2067 721 16491 14665 432 54990 34453 27698 18143 3831 2211 14312 809 629 134 495 2252 6423
internal_count=600001 577410 474258 442210 103152 32048 415747 21117 394630 22591 99368 92928 26463 63830 39322 20616 19296 6440 57985 17786 90622 16857 295262 52620 11781 240272 218245 65030 50601 41106 49516 33797 46159 27585 4893 18024 28561 7434 15773 12545 153215 2306 45708 44315 6583 2067 721 16491 14665 432 54990 34453 27698 18143 3831 2211 14312 809 629 134 495 2252 6423
is_linear=0
shrinkage=0.005


Tree=22
num_leaves=64
num_cat=0
split_feature=1 1 37 27 1 1 3 1 1 27 3 9 1 3 3 3 37 3 27 3 1 9 3 1 3 3 1 1 37 3 3 1 17 3 37 1 1 39 3 1 27 3 1 3 3 3 3 9 1 37 13 0 38 17 1 3 3 3 32 1 1 17 6
split_gain=5.38571e+08 8.74628e+08 3.56814e+08 3.32384e+08 3.11202e+08 3.1071e+08 3.09301e+08 4.55848e+08 3.17888e+08 2.85598e+08 2.153e+08 2.25221e+08 1.27039e+08 8.56169e+07 8.24965e+07 8.17443e+07 7.62363e+07 6.67291e+07 6.13295e+07 6.11768e+07 4.59943e+07 4.47608e+07 3.57506e+07 2.50134e+07 2.45e+07 2.42372e+07 2.4272e+07 3.28339e+07 2.25711e+07 1.76653e+07 1.58373e+07 1.58128e+07 1.49271e+07 1.44112e+07 1.43962e+07 1.42222e+07 2.13882e+07 1.3304e+07 1.32733e+07 1.28144e+07 1.27489e+07 1.15161e+07 1.13905e+07 1.0945e+07 1.45051e+07 1.06375e+07 1.28222e+07 1.05778e+07 1.05479e+07 1.03898e+07 1.03543e+07 1.01872e+07 9.79504e+06 9.76652e+06 9.59498e+06 9.56301e+06 9.44989e+06 9.185e+06 8.91579e+06 8.90252e+06 8.89837e+06 8.88742e+06 8.88155e+06
threshold=1.0000000180025095e-35 5090.5000000000009 2019.5000000000002 1.0000000180025095e-35 1510.5000000000002 52861.000000000007 1.0000000180025095e-35 46670.500000000007 46215.500000000007 1.0000000180025095e-35 49.086193642899197 1.0000000180025095e-35 46215.500000000007 1.0000000180025095e-35 3.641052719675467 49.58469035707116 2019.5000000000002 50.849742826575884 1.0000000180025095e-35 1.0000000180025095e-35 79842.500000000015 1.0000000180025095e-35 36.977372812612337 4975.5000000000009 1.0000000180025095e-35 8.7922112358916067 14955.000000000002 6971.5000000000009 2019.5000000000002 30.958491610009386 30.958491610009386 928.50000000000011 1.0000000180025095e-35 42.845288989930189 2023.5000000000002 9904.5000000000018 12053.500000000002 17.500000000000004 49.58469035707116 54757.500000000007 1.0000000180025095e-35 47.052345781429288 40975.000000000007 20.811850051578766 21.981087411853562 49.938894560673965 28.816585107346473 1.0000000180025095e-35 114592.50000000001 2022.5000000000002 1.0000000180025095e-35 62.500000000000007 6.5000000000000009 1.0000000180025095e-35 82029.000000000015 48.723139267295252 9.5748938426300949 21.280066615632105 1.0000000180025095e-35 440.50000000000006 2536.5000000000005 1.0000000180025095e-35 1.0000000180025095e-35
decision_type=2 2 2 2 2 2 2 2 2 2 2 2 2 2 2 2 2 2 2 2 2 2 2 2 2 2 2 2 2 2 2 2 2 2 2 2 2 2 2 2 2 2 2 2 2 2 2 2 2 2 2 2 2 2 2 2 2 2 2 2 2 2 2
left_child=9 4 5 6 14 -3 7 -4 22 15 11 20 -5 -6 -2 16 -1 49 23 58 30 53 25 28 -14 -8 27 -27 32 37 56 33 -15 59 -31 -29 -37 -22 -35 61 -33 -13 -28 -39 -45 46 57 -41 50 -12 51 -46 54 -21 -51 -24 -10 -30 -18 -16 -48 -9 -7
right_child=1 2 3 12 13 62 8 39 10 -11 17 41 24 18 31 -17 19 -19 -20 21 29 -23 55 -25 -26 26 42 35 45 34 -32 40 -34 38 -36 36 -38 43 -40 47 -42 -43 -44 44 48 -47 60 -49 -50 52 -52 -53 -54 -55 -56 -57 -58 -59 -60 -61 -62 -63 -64
leaf_value=5.0031491781045618 4.4687853502110455 5.0526660627075843 4.8536648651649976 5.0731897379437445 5.023897609266081 6.2165358424442427 4.9881198310440134 6.1244661407225385 4.4779776686532129 5.9972269819624824 5.8943663570900098 5.9565204984696036 5.0877895404256108 5.2503262920152274 4.7740979160393628 5.2106473045096253 4.786491809170502 5.0636024421642851 5.149550054949267 3.8043776393113236 4.3872320077461753 5.4935820751224993 4.9444173143886783 5.1649819363632989 5.8464366899957456 4.9067553208420929 4.8652226255323336 4.5522605699114003 5.7782274728509853 4.6414960627403739 4.4614939024216413 5.2876981322299015 5.8881476671639179 5.7410638022139544 5.1369443162361916 4.8782669520801578 4.5921987228440324 4.7303105454486625 4.7940437837094354 6.4980707756930682 4.7870558141444324 8.2930527637622973 4.7415876811132227 3.779646305066088 4.5966463198966778 5.3368336720066116 5.6950208689182968 5.1965503540635112 4.8581307864697454 6.4638168548272583 3.8146084480093099 2.9219526740340025 5.9256405882534784 3.5374689788273805 7.967754949860395 5.1326540161414371 4.2346091278864222 5.5841962704592918 5.8937743688903508 5.0465458697454117 5.9589110634777436 4.9723140682195472 5.9011073680536166
leaf_weight=1510 5525 21952 13683 14682 5845 6766 22027 622 4604 1975 1346 2252 1183 3670 3965 1320 681 4373 5365 11632 15903 366 47115 2019 10598 18871 132995 18574 18630 11029 15063 14378 1223 1231 1691 12886 13255 7288 529 6423 1395 54 21664 736 2058 1393 4315 160 1627 245 679 95 289 4859 187 7875 29849 9068 248 12299 12302 229 3330
leaf_count=1510 5525 21952 13683 14682 5845 6766 22027 622 4604 1975 1346 2252 1183 3670 3965 1320 681 4373 5365 11632 15903 366 47115 2019 10598 18871 132995 18574 18630 11029 15063 14378 1223 1231 1691 12886 13255 7288 529 6423 1395 54 21664 736 2058 1393 4315 160 1627 245 679 95 289 4859 187 7875 29849 9068 248 12299 12302 229 3330
internal_value=0 4.96785 4.8771 4.84018 5.38511 5.38654 4.80559 5.39515 4.77404 4.18088 4.52942 4.46816 5.38352 5.60067 5.03521 4.00688 3.92453 5.41352 5.65881 3.83296 4.42889 3.76412 4.85637 5.71073 5.77026 4.83005 4.81409 4.73186 5.73251 4.55252 4.32626 5.12781 5.40975 5.02663 4.70736 4.65805 4.73321 4.48313 5.45642 6.3918 5.24342 6.01124 4.8479 4.60531 4.42995 5.76706 5.78058 6.46644 4.53729 6.15381 4.35297 4.52275 6.63816 3.72573 7.11483 4.97137 4.26713 5.7147 5.08209 4.98013 5.89039 5.81443 6.1125
internal_weight=0 577410 474258 442210 103152 32048 415747 21117 394630 22591 99368 92928 26463 63830 39322 20616 19296 6440 57985 17786 90622 16857 295262 52620 11781 240272 218245 63586 50601 41106 49516 33797 4893 18024 12720 44715 26141 28386 1760 7434 15773 2306 154659 12483 5195 45708 44315 6583 4459 2067 2832 2153 721 16491 432 54990 34453 27698 929 16264 16617 851 10096
internal_count=600001 577410 474258 442210 103152 32048 415747 21117 394630 22591 99368 92928 26463 63830 39322 20616 19296 6440 57985 17786 90622 16857 295262 52620 11781 240272 218245 63586 50601 41106 49516 33797 4893 18024 12720 44715 26141 28386 1760 7434 15773 2306 154659 12483 5195 45708 44315 6583 4459 2067 2832 2153 721 16491 432 54990 34453 27698 929 16264 16617 851 10096
is_linear=0
shrinkage=0.005


Tree=23
num_leaves=64
num_cat=0
split_feature=1 1 37 27 1 1 3 1 1 27 3 9 1 3 3 3 37 3 27 3 1 9 3 1 3 3 1 1 37 3 3 1 17 3 37 1 1 3 26 1 39 3 1 37 3 3 37 3 3 3 3 38 1 3 3 3 1 1 17 39 17 13 38
split_gain=5.33199e+08 8.65904e+08 3.53254e+08 3.29069e+08 3.08097e+08 3.07611e+08 3.06215e+08 4.51301e+08 3.14717e+08 2.82749e+08 2.13152e+08 2.22975e+08 1.25772e+08 8.47629e+07 8.16736e+07 8.09289e+07 7.54758e+07 6.60635e+07 6.07177e+07 6.05666e+07 4.55356e+07 4.43143e+07 3.53939e+07 2.47639e+07 2.42556e+07 2.39954e+07 2.40299e+07 3.25064e+07 2.23459e+07 1.74891e+07 1.56793e+07 1.5655e+07 1.47782e+07 1.42805e+07 1.42526e+07 1.40804e+07 2.11749e+07 1.32056e+07 1.2722e+07 1.26866e+07 1.24964e+07 1.14012e+07 1.12769e+07 1.05496e+07 1.05314e+07 1.26943e+07 1.02862e+07 9.77726e+06 1.01127e+07 9.71021e+06 1.1484e+07 9.69734e+06 9.49927e+06 9.46762e+06 9.35563e+06 9.10535e+06 8.8778e+06 8.88273e+06 8.854e+06 1.07166e+07 8.8369e+06 8.83327e+06 9.48548e+06
threshold=1.0000000180025095e-35 5090.5000000000009 2019.5000000000002 1.0000000180025095e-35 1510.5000000000002 52861.000000000007 1.0000000180025095e-35 46670.500000000007 46215.500000000007 1.0000000180025095e-35 49.086193642899197 1.0000000180025095e-35 46215.500000000007 1.0000000180025095e-35 3.641052719675467 49.58469035707116 2019.5000000000002 50.849742826575884 1.0000000180025095e-35 1.0000000180025095e-35 79842.500000000015 1.0000000180025095e-35 36.977372812612337 4975.5000000000009 1.0000000180025095e-35 8.7922112358916067 14955.000000000002 6971.5000000000009 2019.5000000000002 30.958491610009386 30.958491610009386 928.50000000000011 1.0000000180025095e-35 34.857935552831549 2023.5000000000002 9904.5000000000018 12053.500000000002 20.811850051578766 1.0000000180025095e-35 54757.500000000007 17.500000000000004 47.052345781429288 40975.000000000007 2023.5000000000002 49.938894560673965 28.816585107346473 2022.5000000000002 21.981087411853562 21.723685867568019 10.514780309671918 43.955623248403974 6.5000000000000009 82029.000000000015 48.723139267295252 9.5748938426300949 22.772026822951499 53792.500000000007 49397.000000000007 1.0000000180025095e-35 12.500000000000002 1.0000000180025095e-35 1.0000000180025095e-35 1.5000000000000002
decision_type=2 2 2 2 2 2 2 2 2 2 2 2 2 2 2 2 2 2 2 2 2 2 2 2 2 2 2 2 2 2 2 2 2 2 2 2 2 2 2 2 2 2 2 2 2 2 2 2 2 2 2 2 2 2 2 2 2 2 2 2 2 2 2
left_child=9 4 5 6 14 -3 7 -4 22 15 11 20 -5 -6 -2 16 -1 46 23 -18 30 49 25 28 -14 -8 27 -27 32 37 54 33 -15 -16 -31 -29 -37 40 -33 -9 -22 60 -28 -41 45 55 -12 48 -39 -21 58 52 -48 -24 -10 -30 57 -56 -51 -60 -13 -36 -63
right_child=1 2 3 12 13 -7 8 39 10 -11 17 41 24 18 31 -17 19 -19 -20 21 29 -23 53 -25 -26 26 42 35 44 34 -32 38 -34 -35 61 36 -38 47 -40 43 -42 -43 -44 -45 -46 -47 51 -49 -50 50 -52 -53 -54 -55 56 -57 -58 -59 59 -61 -62 62 -64
leaf_value=4.978133585022972 4.4464414266293675 5.027402713669793 4.8293965182652521 5.0478238781075637 4.998778015990049 6.0819344081692455 4.9631792054064787 5.7853553182608097 4.455587797600284 5.9672406684497492 5.8648944405283645 6.1187147471368792 5.062350610118747 5.2240746809617704 4.9236614281244533 5.1845939249974311 5.0566746580972861 5.038284381107637 5.1238023353780635 4.0509415440573102 4.4302257261188505 5.4661141429385536 4.9196951230096362 5.139157062311642 5.8172045200345792 4.8822215898394719 4.840896571655608 4.5294991839140106 5.7398489184452339 4.6182886557921066 4.439186368948639 5.1233975116949946 5.8587069555939175 5.2559664730053557 5.3278815837333822 4.8538756403995498 4.5692378015483568 4.2268616531771537 5.4321612340412129 6.5176146165227991 4.7066589846461584 8.2515871803848846 4.717879685226503 5.9543533165093336 5.3101494962581404 5.8609336455429721 6.431497655673903 4.3924631504186795 3.379988146750502 3.7099919007566373 4.1965243513763486 5.8960122238475972 7.9279161413978123 5.1069906431201906 4.2577276545034808 5.5331397445029964 4.267716275793326 3.9318370778877321 3.7505962729602125 3.2252377680064792 5.4157360580103182 6.3762244321532169 4.2243762598732086
leaf_weight=1510 5525 21952 13683 14682 5845 10096 22027 851 4604 1975 1346 1637 1183 3670 13802 1320 929 4373 5365 1826 9312 366 47115 2019 10598 18871 132995 18574 20500 11029 15063 10981 1223 4222 1244 12886 13255 1237 4792 5607 7288 54 21664 976 1393 16617 245 10056 493 9649 948 289 187 7875 3759 7198 21378 4712 1600 2468 615 59 388
leaf_count=1510 5525 21952 13683 14682 5845 10096 22027 851 4604 1975 1346 1637 1183 3670 13802 1320 929 4373 5365 1826 9312 366 47115 2019 10598 18871 132995 18574 20500 11029 15063 10981 1223 4222 1244 12886 13255 1237 4792 5607 7288 54 21664 976 1393 16617 245 10056 493 9649 948 289 187 7875 3759 7198 21378 4712 1600 2468 615 59 388
internal_value=0 4.94301 4.85271 4.81598 5.35819 5.35961 4.78156 5.36817 4.75017 4.15998 4.50678 4.44581 5.3566 5.57266 5.01004 3.98684 3.90491 5.38645 5.63051 3.81379 4.40675 3.7453 4.83209 5.68218 5.74141 4.8059 4.79002 4.7082 5.70384 4.52976 4.30463 5.10217 5.3827 5.0015 4.68382 4.63476 4.70955 4.46072 5.2172 6.35984 4.55159 5.98118 4.82366 6.43411 5.73822 5.75168 6.12304 4.33273 3.98553 3.70711 3.66429 6.60497 7.07925 4.94652 4.2458 5.68613 4.21344 4.07645 3.62751 3.43187 5.92674 5.11126 4.5084
internal_weight=0 577410 474258 442210 103152 32048 415747 21117 394630 22591 99368 92928 26463 63830 39322 20616 19296 6440 57985 17786 90622 16857 295262 52620 11781 240272 218245 63586 50601 41106 49516 33797 4893 18024 12720 44715 26141 28386 15773 7434 16600 2306 154659 6583 45708 44315 2067 11786 1730 16491 14665 721 432 54990 34453 27698 29849 8471 13717 4068 2252 1691 447
internal_count=600001 577410 474258 442210 103152 32048 415747 21117 394630 22591 99368 92928 26463 63830 39322 20616 19296 6440 57985 17786 90622 16857 295262 52620 11781 240272 218245 63586 50601 41106 49516 33797 4893 18024 12720 44715 26141 28386 15773 7434 16600 2306 154659 6583 45708 44315 2067 11786 1730 16491 14665 721 432 54990 34453 27698 29849 8471 13717 4068 2252 1691 447
is_linear=0
shrinkage=0.005


Tree=24
num_leaves=64
num_cat=0
split_feature=1 1 37 27 1 1 3 1 1 27 3 9 1 3 3 3 37 3 27 3 1 9 3 1 3 3 1 1 37 3 3 1 17 3 1 1 3 1 27 1 37 3 1 9 3 3 37 3 3 38 1 3 3 3 38 0 1 39 11 3 25 3 3
split_gain=5.2788e+08 8.57266e+08 3.49731e+08 3.25786e+08 3.05024e+08 3.04543e+08 3.03161e+08 4.46799e+08 3.11577e+08 2.79928e+08 2.11026e+08 2.2075e+08 1.24517e+08 8.39174e+07 8.08589e+07 8.01216e+07 7.47229e+07 6.54045e+07 6.01121e+07 5.99624e+07 4.50813e+07 4.38722e+07 3.50409e+07 2.45169e+07 2.40137e+07 2.3756e+07 2.37902e+07 3.21821e+07 2.2123e+07 1.7316e+07 1.55229e+07 1.54989e+07 1.46308e+07 1.41826e+07 1.39399e+07 2.09637e+07 1.31409e+07 1.28475e+07 1.25957e+07 1.25601e+07 1.20223e+07 1.12875e+07 1.11644e+07 1.04708e+07 1.04263e+07 1.25677e+07 1.01836e+07 9.61334e+06 1.13706e+07 9.60061e+06 9.40451e+06 9.37319e+06 9.2623e+06 9.17798e+06 1.47196e+07 1.05603e+07 9.74495e+06 1.28741e+07 9.57989e+06 9.01626e+06 8.89306e+06 8.93323e+06 8.91077e+06
threshold=1.0000000180025095e-35 5090.5000000000009 2019.5000000000002 1.0000000180025095e-35 1510.5000000000002 52861.000000000007 1.0000000180025095e-35 46670.500000000007 46215.500000000007 1.0000000180025095e-35 49.086193642899197 1.0000000180025095e-35 46215.500000000007 1.0000000180025095e-35 3.641052719675467 49.58469035707116 2019.5000000000002 50.849742826575884 1.0000000180025095e-35 1.0000000180025095e-35 79842.500000000015 1.0000000180025095e-35 36.977372812612337 4975.5000000000009 1.0000000180025095e-35 8.7922112358916067 14955.000000000002 6971.5000000000009 2019.5000000000002 31.087322931897432 30.958491610009386 928.50000000000011 1.0000000180025095e-35 42.845288989930189 9904.5000000000018 12053.500000000002 49.58469035707116 114592.50000000001 1.0000000180025095e-35 54757.500000000007 2023.5000000000002 47.052345781429288 40975.000000000007 1.0000000180025095e-35 49.938894560673965 28.816585107346473 2022.5000000000002 10.514780309671918 43.080037527664238 6.5000000000000009 82029.000000000015 48.723139267295252 9.5748938426300949 28.684346822020917 11.500000000000002 39.500000000000007 96798.500000000015 26.500000000000004 1.0000000180025095e-35 21.280066615632105 1.0000000180025095e-35 8.5967842720601748 30.958491610009386
decision_type=2 2 2 2 2 2 2 2 2 2 2 2 2 2 2 2 2 2 2 2 2 2 2 2 2 2 2 2 2 2 2 2 2 2 2 2 2 2 2 2 2 2 2 2 2 2 2 2 2 2 2 2 2 2 2 2 2 2 2 2 2 2 2
left_child=9 4 5 6 14 -3 7 -4 22 15 11 20 -5 -6 -2 16 -1 46 23 -18 30 47 25 28 -14 -8 27 -27 32 37 52 33 -15 -16 -29 -36 -35 53 -33 -9 -31 -13 -28 -41 45 59 -12 -21 -49 50 -48 -24 -10 56 -55 -56 57 -22 -59 -30 61 -39 -63
right_child=1 2 3 12 13 -7 8 39 10 -11 17 41 24 18 31 -17 19 -19 -20 21 29 -23 51 -25 -26 26 42 34 44 40 -32 38 -34 36 35 -37 -38 60 -40 43 -42 -43 -44 -45 -46 -47 49 48 -50 -51 -52 -53 -54 54 55 -57 -58 58 -60 -61 -62 62 -64
leaf_value=4.953242817691768 4.4242092999902107 5.0022656780915913 4.8052495958225858 5.0225847360312814 4.9737841220477117 6.0515248741425296 4.9383634087493684 5.7564285388109129 4.4333098720282731 5.9374044866803333 5.8355701278245293 5.8971040971658555 5.0370388129174657 5.1979541582395852 4.9303552805184649 5.158671031597776 5.0313912537280148 5.0130929166506721 5.0981832640864591 4.0306867694182307 4.4133050041549202 5.4387835847957904 4.8950966931241444 5.113461261481091 5.7881184794012546 4.8578104281733507 4.81669210096487 4.5068517890467934 5.7206371140165064 4.6013170667985985 4.4169904010386123 5.2351281929753819 5.8294134224158087 5.6860786938466354 4.8296062816763774 4.5463915452022725 4.7437937139608461 5.1982778624270738 4.7375036431736843 6.4334075793667083 5.0570771381650017 8.2103294605678983 4.6942903199284292 5.1384901008605963 5.2835988042462407 5.8316290658185235 6.3993403806102513 3.6056854972932566 4.1271295772541547 5.8665321709091893 7.8882763874849537 5.0814557912457365 4.192368993081252 3.8961896954127702 3.891965298441852 7.1733121427942494 4.2316738419971287 5.1271075182698294 4.2116497556533199 5.528396420907443 4.373835902181475 4.6044116098478769 6.8885031859819277
leaf_weight=1510 5525 21952 13683 14682 5845 10096 22027 851 4604 1975 1346 2252 1183 3670 16264 1320 929 4373 5365 1826 9000 366 47115 2019 10598 18871 132995 18574 18630 10876 15063 14378 1223 1231 12886 13255 529 750 1395 6423 1669 54 21664 160 1393 16617 245 13532 1133 289 187 7875 29849 1624 41 61 5859 1181 377 9068 3504 6121 43
leaf_count=1510 5525 21952 13683 14682 5845 10096 22027 851 4604 1975 1346 2252 1183 3670 16264 1320 929 4373 5365 1826 9000 366 47115 2019 10598 18871 132995 18574 18630 10876 15063 14378 1223 1231 12886 13255 529 750 1395 6423 1669 54 21664 160 1393 16617 245 13532 1133 289 187 7875 29849 1624 41 61 5859 1181 377 9068 3504 6121 43
internal_value=0 4.9183 4.82845 4.7919 5.3314 5.33281 4.75766 5.34133 4.72642 4.13918 4.48424 4.42359 5.32981 5.5448 4.98498 3.96691 3.88538 5.35952 5.60236 3.79472 4.38471 3.72657 4.80793 5.65377 5.7127 4.78187 4.76607 4.68466 5.67532 4.50711 4.2831 5.07666 5.35579 4.97649 4.61158 4.686 5.40286 4.4391 5.19112 6.32804 4.66195 5.95127 4.79955 6.40193 5.70953 5.72292 6.09243 3.68857 3.64597 6.57195 7.04386 4.92178 4.22457 4.35874 4.01191 5.85434 4.3952 4.48595 4.90559 5.6577 4.57904 4.68304 4.62035
internal_weight=0 577410 474258 442210 103152 32048 415747 21117 394630 22591 99368 92928 26463 63830 39322 20616 19296 6440 57985 17786 90622 16857 295262 52620 11781 240272 218245 63586 50601 41106 49516 33797 4893 18024 44715 26141 1760 28561 15773 7434 12545 2306 154659 6583 45708 44315 2067 16491 14665 721 432 54990 34453 18143 1726 102 16417 10558 1558 27698 10418 6914 6164
internal_count=600001 577410 474258 442210 103152 32048 415747 21117 394630 22591 99368 92928 26463 63830 39322 20616 19296 6440 57985 17786 90622 16857 295262 52620 11781 240272 218245 63586 50601 41106 49516 33797 4893 18024 44715 26141 1760 28561 15773 7434 12545 2306 154659 6583 45708 44315 2067 16491 14665 721 432 54990 34453 18143 1726 102 16417 10558 1558 27698 10418 6914 6164
is_linear=0
shrinkage=0.005


Tree=25
num_leaves=64
num_cat=0
split_feature=1 1 37 27 1 1 3 1 1 27 3 9 1 3 3 3 37 3 27 3 1 9 3 1 3 1 1 37 3 3 1 17 3 3 3 3 26 1 37 3 33 39 3 37 3 3 37 3 17 38 38 3 1 3 9 3 3 32 1 17 6 1 27
split_gain=5.22615e+08 8.48715e+08 3.46242e+08 3.22537e+08 3.01981e+08 3.01505e+08 3.00137e+08 4.42343e+08 3.08469e+08 2.77136e+08 2.08921e+08 2.18548e+08 1.23275e+08 8.30803e+07 8.00524e+07 7.93224e+07 7.39776e+07 6.47521e+07 5.95124e+07 5.93643e+07 4.46316e+07 4.34346e+07 3.46913e+07 2.42723e+07 2.37741e+07 2.35256e+07 3.91244e+07 2.19024e+07 1.71432e+07 1.5368e+07 1.53443e+07 1.44848e+07 1.40839e+07 1.46667e+07 1.40539e+07 1.27336e+07 1.25692e+07 1.24348e+07 1.19024e+07 1.13349e+07 1.1177e+07 1.54982e+07 1.11749e+07 1.04428e+07 1.03223e+07 1.24423e+07 1.0082e+07 9.92454e+06 9.58192e+06 9.50484e+06 9.34293e+06 1.02472e+07 9.30248e+06 9.16992e+06 9.0224e+06 8.94415e+06 8.93812e+06 8.82686e+06 8.80959e+06 8.79877e+06 8.79296e+06 1.13939e+07 8.91535e+06
threshold=1.0000000180025095e-35 5090.5000000000009 2019.5000000000002 1.0000000180025095e-35 1510.5000000000002 52861.000000000007 1.0000000180025095e-35 46670.500000000007 46215.500000000007 1.0000000180025095e-35 49.086193642899197 1.0000000180025095e-35 46215.500000000007 1.0000000180025095e-35 3.641052719675467 49.58469035707116 2019.5000000000002 50.849742826575884 1.0000000180025095e-35 1.0000000180025095e-35 79842.500000000015 1.0000000180025095e-35 36.977372812612337 4975.5000000000009 1.0000000180025095e-35 14955.000000000002 5991.5000000000009 2019.5000000000002 31.087322931897432 30.958491610009386 928.50000000000011 1.0000000180025095e-35 15.775500275987469 27.146896532695873 34.857935552831549 19.490564829142787 1.0000000180025095e-35 54757.500000000007 2023.5000000000002 15.055163987698602 1.0000000180025095e-35 24.500000000000004 47.052345781429288 2023.5000000000002 49.938894560673965 28.816585107346473 2022.5000000000002 10.826844230134546 1.0000000180025095e-35 6.5000000000000009 1.5000000000000002 49.938894560673965 40975.000000000007 9.5748938426300949 1.0000000180025095e-35 48.723139267295252 22.772026822951499 1.0000000180025095e-35 2536.5000000000005 1.0000000180025095e-35 1.0000000180025095e-35 71432.500000000015 1.0000000180025095e-35
decision_type=2 2 2 2 2 2 2 2 2 2 2 2 2 2 2 2 2 2 2 2 2 2 2 2 2 2 2 2 2 2 2 2 2 2 2 2 2 2 2 2 2 2 2 2 2 2 2 2 2 2 2 2 2 2 2 2 2 2 2 2 2 2 2
left_child=9 4 5 6 14 -3 7 -4 22 15 11 20 -5 -6 -2 16 -1 46 23 57 29 48 25 27 -14 26 -8 31 35 53 34 -15 39 -34 -16 40 -32 59 -30 54 41 -22 -13 -39 45 56 -12 -28 -21 50 51 -48 55 -10 -27 -24 -29 -18 -47 -9 62 -62 -7
right_child=1 2 3 12 13 60 8 37 10 -11 17 42 24 18 30 -17 19 -19 -20 21 28 -23 52 -25 -26 32 47 44 38 -31 36 -33 33 -35 -36 -37 -38 43 -40 -41 -42 -43 -44 -45 -46 58 49 -49 -50 -51 -52 -53 -54 -55 -56 -57 -58 -59 -60 -61 61 -63 -64
leaf_value=4.9284766734712671 4.4020882236068068 4.9772543276603463 4.7812232559007839 4.9974718798283924 4.9489152554837466 6.180204025074409 4.9538648505944813 6.0361348524890914 4.4111434626383144 5.9077175292144855 5.8063921401518739 5.867618680204898 5.0118536384974304 5.1719644820887174 4.8743913855212133 5.1328776147444595 4.7121189780224784 4.9880275263675644 5.0726923953050056 3.7480238629400828 4.3393330652773079 5.4115895281170232 4.8909873721593931 5.0878939936856575 5.7591779957571374 4.8317588602894306 4.7923113118647569 5.6826341278335386 4.5783104881237886 4.3949054886736754 5.0719210580240626 5.8002662917130907 4.7137816608493921 4.8273707902752196 5.2040499876477693 4.3064796190762653 5.3788247442454757 6.4530108862674149 5.0317916329936256 5.140568372315264 4.7444625329527632 4.8048191229329937 8.1692776263201683 5.8926068970805305 5.2571808988621829 5.6080830399218611 3.483235373132759 4.6033341111159256 3.483649583171335 5.8371995548909101 7.3510904074807879 7.1389706681414351 4.6979683971481139 4.1714071286133096 5.4970684571983748 5.0825151413676819 5.4778320472136395 5.813865088887753 5.8706535280196332 4.8897434609842092 5.3992658394651167 6.0187222358902233 5.5303630188970052
leaf_weight=1510 5525 21952 13683 14682 5845 6189 11026 622 4604 1975 1346 2252 1183 3670 13802 1320 681 4373 5365 11632 8682 366 42580 2019 10598 48441 8052 20500 10876 15063 10981 1223 70784 47481 4222 13640 4792 5607 1669 3322 3987 2252 54 976 1393 4315 36 50651 4859 289 355 41 5296 29849 515 7114 7198 248 12302 229 1117 2213 577
leaf_count=1510 5525 21952 13683 14682 5845 6189 11026 622 4604 1975 1346 2252 1183 3670 13802 1320 681 4373 5365 11632 8682 366 42580 2019 10598 48441 8052 20500 10876 15063 10981 1223 70784 47481 4222 13640 4792 5607 1669 3322 3987 2252 54 976 1393 4315 36 50651 4859 289 355 41 5296 29849 515 7114 7198 248 12302 229 1117 2213 577
internal_value=0 4.89371 4.80431 4.76794 5.30474 5.30615 4.73387 5.31462 4.70279 4.11848 4.46182 4.40147 5.30317 5.51708 4.96006 3.94708 3.86596 5.33272 5.57435 3.77575 4.36279 3.70794 4.78389 5.6255 5.68413 4.75796 4.68058 5.64695 4.48457 4.26169 5.05128 5.32901 4.7896 4.75939 4.95161 4.4169 5.16516 6.2964 4.63864 4.85794 4.51784 4.43521 5.92152 6.36993 5.68098 5.6943 6.06197 4.62926 3.67013 6.53909 7.00864 5.4298 4.89718 4.20344 4.83876 4.91841 5.62941 5.00623 5.80247 5.72765 6.02127 5.81093 6.12479
internal_weight=0 577410 474258 442210 103152 32048 415747 21117 394630 22591 99368 92928 26463 63830 39322 20616 19296 6440 57985 17786 90622 16857 295262 52620 11781 240272 69729 50601 41106 49516 33797 4893 170543 118265 18024 28561 15773 7434 12545 52278 14921 10934 2306 6583 45708 44315 2067 58703 16491 721 432 77 54990 34453 48956 49694 27698 929 16617 851 10096 3330 6766
internal_count=600001 577410 474258 442210 103152 32048 415747 21117 394630 22591 99368 92928 26463 63830 39322 20616 19296 6440 57985 17786 90622 16857 295262 52620 11781 240272 69729 50601 41106 49516 33797 4893 170543 118265 18024 28561 15773 7434 12545 52278 14921 10934 2306 6583 45708 44315 2067 58703 16491 721 432 77 54990 34453 48956 49694 27698 929 16617 851 10096 3330 6766
is_linear=0
shrinkage=0.005


Tree=26
num_leaves=64
num_cat=0
split_feature=1 1 37 27 1 1 3 1 1 27 3 9 1 3 3 3 37 3 27 3 1 9 3 1 3 3 1 1 37 3 3 1 17 3 3 1 27 1 37 1 3 9 3 3 37 3 3 38 1 1 3 3 3 0 3 3 1 25 3 3 3 3 1
split_gain=5.17402e+08 8.40249e+08 3.42788e+08 3.19319e+08 2.98969e+08 2.98497e+08 2.97143e+08 4.3793e+08 3.05392e+08 2.74372e+08 2.06837e+08 2.16368e+08 1.22045e+08 8.22516e+07 7.92538e+07 7.85312e+07 7.32397e+07 6.41062e+07 5.89188e+07 5.87722e+07 4.41864e+07 4.30014e+07 3.43453e+07 2.40302e+07 2.3537e+07 2.34032e+07 2.33196e+07 3.11278e+07 2.16839e+07 1.69723e+07 1.52148e+07 1.51912e+07 1.43404e+07 1.39577e+07 1.30098e+07 1.27188e+07 1.24443e+07 1.23107e+07 1.17836e+07 1.11834e+07 1.10635e+07 1.03648e+07 1.02194e+07 1.23182e+07 9.98143e+06 9.51652e+06 1.12661e+07 9.41003e+06 9.30456e+06 9.20969e+06 9.0803e+06 9.07844e+06 9.04352e+06 8.92749e+06 8.85494e+06 8.85064e+06 8.81557e+06 8.80248e+06 8.82802e+06 8.82586e+06 1.07103e+07 9.26067e+06 8.78924e+06
threshold=1.0000000180025095e-35 5090.5000000000009 2019.5000000000002 1.0000000180025095e-35 1510.5000000000002 52861.000000000007 1.0000000180025095e-35 46670.500000000007 46215.500000000007 1.0000000180025095e-35 49.086193642899197 1.0000000180025095e-35 46215.500000000007 1.0000000180025095e-35 3.641052719675467 49.58469035707116 2019.5000000000002 50.849742826575884 1.0000000180025095e-35 1.0000000180025095e-35 79842.500000000015 1.0000000180025095e-35 36.977372812612337 4975.5000000000009 1.0000000180025095e-35 8.7922112358916067 15184.500000000002 5991.5000000000009 2019.5000000000002 31.087322931897432 30.958491610009386 928.50000000000011 1.0000000180025095e-35 42.845288989930189 49.58469035707116 114592.50000000001 1.0000000180025095e-35 54757.500000000007 2023.5000000000002 40975.000000000007 47.052345781429288 1.0000000180025095e-35 49.938894560673965 28.816585107346473 2022.5000000000002 10.514780309671918 43.955623248403974 6.5000000000000009 82029.000000000015 40975.000000000007 10.179855106113367 9.5748938426300949 11.068548944418653 62.500000000000007 48.723139267295252 21.280066615632105 440.50000000000006 1.0000000180025095e-35 8.5967842720601748 30.958491610009386 27.735929573093696 10.179855106113367 53792.500000000007
decision_type=2 2 2 2 2 2 2 2 2 2 2 2 2 2 2 2 2 2 2 2 2 2 2 2 2 2 2 2 2 2 2 2 2 2 2 2 2 2 2 2 2 2 2 2 2 2 2 2 2 2 2 2 2 2 2 2 2 2 2 2 2 2 2
left_child=9 4 5 6 14 -3 7 -4 22 15 11 20 -5 -6 -2 16 -1 44 23 -18 30 45 25 28 -14 -8 27 -27 32 35 51 33 -15 56 -35 50 -33 -9 -31 -28 -13 -39 43 55 -12 -21 -47 48 -46 54 53 -10 -52 -22 -24 -30 -16 58 -37 60 61 -60 -53
right_child=1 2 3 12 13 -7 8 37 10 -11 17 40 24 18 31 -17 19 -19 -20 21 29 -23 49 -25 -26 26 39 -29 42 38 -32 36 -34 34 -36 57 -38 41 -40 -41 -42 -43 -44 -45 47 46 -48 -49 -50 -51 52 62 -54 -55 -56 -57 -58 -59 59 -61 -62 -63 -64
leaf_value=4.9038343306595511 4.3800778575088506 4.9523680325397139 4.7573172112124746 4.972484488724767 4.9241705680436061 5.9911608163329371 4.8894977288924455 5.6990082440449124 4.3890875953709791 5.8781789529933199 5.77736017396776 5.838280485935285 4.9867943772519938 5.1461047049732809 4.6760627911752852 5.1072133592358142 4.98120313591411 4.9630873424129627 5.0473289430746666 3.992166107822539 4.6319227562148564 5.3845317601600833 4.8665324748189152 5.06245453820127 5.7303820022561709 4.8967375404463969 4.7694993515131676 4.5927011651152911 5.6636208484178576 4.5554190139622444 4.3729310290493961 5.1830814973207104 5.7712648722736537 5.631628015745374 4.6940544391478394 5.1497212611095113 4.6884564714978669 6.369388616155951 5.0066327984673027 4.6468989402989127 8.1284314876132537 5.0810403547286986 5.2308948505344111 5.7734585016744902 6.3325118923600838 3.5729606010776083 4.1365508797249211 5.8080136506202722 7.8135150506279683 4.6744785640635209 3.6124958347666496 4.0142497529803203 4.2896542790647327 3.1177522729292959 5.0571026435724153 5.473153998781112 4.9471770771611698 4.3299011557314495 3.8631243256275924 6.8325283907735068 4.0367268542230308 4.6993100829466234 4.2045589042642355
leaf_weight=1510 5525 21952 13683 14682 5845 10096 22027 851 4604 1975 1346 2252 1183 3670 3965 1320 929 4373 5365 1826 2691 366 42580 2019 10598 9937 131551 55093 18630 10876 15063 14378 1223 1231 529 750 1395 6423 1669 21664 54 160 1393 16617 245 13717 948 289 187 5296 510 8471 14841 101 7114 9068 12299 3504 355 43 845 4921 21378
leaf_count=1510 5525 21952 13683 14682 5845 10096 22027 851 4604 1975 1346 2252 1183 3670 3965 1320 929 4373 5365 1826 2691 366 42580 2019 10598 9937 131551 55093 18630 10876 15063 14378 1223 1231 529 750 1395 6423 1669 21664 54 160 1393 16617 245 13717 948 289 187 5296 510 8471 14841 101 7114 9068 12299 3504 355 43 845 4921 21378
internal_value=0 4.86924 4.78028 4.7441 5.27822 5.27962 4.7102 5.28805 4.67928 4.09789 4.43951 4.37946 5.27665 5.48949 4.93526 3.92734 3.84663 5.30606 5.54648 3.75687 4.34097 3.6894 4.75997 5.59737 5.65571 4.73417 4.71849 4.63916 5.61871 4.46215 4.24038 5.02602 5.30236 4.92685 5.34982 4.39482 5.13934 6.26492 4.61545 4.75216 5.89191 6.33808 5.65258 5.66583 6.03166 3.65178 3.60939 6.50639 6.97359 4.87269 4.31486 4.18243 4.26716 4.57715 4.89381 5.60126 4.88108 4.53406 4.63752 4.5752 4.55934 4.64305 4.15055
internal_weight=0 577410 474258 442210 103152 32048 415747 21117 394630 22591 99368 92928 26463 63830 39322 20616 19296 6440 57985 17786 90622 16857 295262 52620 11781 240272 218245 65030 50601 41106 49516 33797 4893 18024 1760 28561 15773 7434 12545 153215 2306 6583 45708 44315 2067 16491 14665 721 432 54990 18143 34453 15351 2792 49694 27698 16264 10418 6914 6164 6121 5276 29849
internal_count=600001 577410 474258 442210 103152 32048 415747 21117 394630 22591 99368 92928 26463 63830 39322 20616 19296 6440 57985 17786 90622 16857 295262 52620 11781 240272 218245 65030 50601 41106 49516 33797 4893 18024 1760 28561 15773 7434 12545 153215 2306 6583 45708 44315 2067 16491 14665 721 432 54990 18143 34453 15351 2792 49694 27698 16264 10418 6914 6164 6121 5276 29849
is_linear=0
shrinkage=0.005


Tree=27
num_leaves=64
num_cat=0
split_feature=1 1 37 27 1 1 3 1 1 27 3 9 1 3 3 3 37 3 27 3 1 9 3 1 3 3 1 1 37 3 1 1 17 3 1 1 1 26 1 37 3 1 1 3 37 37 17 3 3 17 39 2 3 38 0 1 39 11 17 3 3 32 1
split_gain=5.12241e+08 8.31868e+08 3.39369e+08 3.16134e+08 2.95987e+08 2.9552e+08 2.94179e+08 4.33562e+08 3.02386e+08 2.71635e+08 2.03396e+08 2.1616e+08 1.20828e+08 8.14311e+07 7.84633e+07 7.77478e+07 7.25091e+07 6.41004e+07 5.83311e+07 5.81859e+07 4.74749e+07 4.25724e+07 3.32358e+07 2.37905e+07 2.33022e+07 2.28592e+07 2.27619e+07 3.14213e+07 2.14676e+07 1.6803e+07 1.59953e+07 1.50397e+07 1.41973e+07 1.38319e+07 1.38011e+07 2.07537e+07 1.25919e+07 1.24183e+07 1.21879e+07 1.16661e+07 1.16469e+07 1.16138e+07 1.08201e+07 1.04691e+07 1.04437e+07 1.03372e+07 1.01359e+07 1.01174e+07 1.21953e+07 9.48513e+06 9.19736e+06 1.11635e+07 9.05084e+06 1.45728e+07 1.0455e+07 9.648e+06 1.26957e+07 9.48423e+06 8.99956e+06 8.77396e+06 8.7666e+06 8.73881e+06 8.72171e+06
threshold=1.0000000180025095e-35 5090.5000000000009 2019.5000000000002 1.0000000180025095e-35 1510.5000000000002 52861.000000000007 1.0000000180025095e-35 46670.500000000007 46670.500000000007 1.0000000180025095e-35 49.086193642899197 1.0000000180025095e-35 46215.500000000007 1.0000000180025095e-35 3.641052719675467 49.58469035707116 2019.5000000000002 50.849742826575884 1.0000000180025095e-35 1.0000000180025095e-35 79842.500000000015 1.0000000180025095e-35 36.977372812612337 4975.5000000000009 1.0000000180025095e-35 8.7922112358916067 14955.000000000002 6971.5000000000009 2019.5000000000002 31.087322931897432 53792.500000000007 928.50000000000011 1.0000000180025095e-35 34.857935552831549 9904.5000000000018 12053.500000000002 114592.50000000001 1.0000000180025095e-35 54757.500000000007 2023.5000000000002 47.052345781429288 40975.000000000007 40975.000000000007 36.977372812612337 2022.5000000000002 2023.5000000000002 1.0000000180025095e-35 49.938894560673965 28.816585107346473 1.0000000180025095e-35 19.500000000000004 3.5000000000000004 28.684346822020917 11.500000000000002 39.500000000000007 96798.500000000015 26.500000000000004 1.0000000180025095e-35 1.0000000180025095e-35 22.772026822951499 48.723139267295252 1.0000000180025095e-35 2536.5000000000005
decision_type=2 2 2 2 2 2 2 2 2 2 2 2 2 2 2 2 2 2 2 2 2 2 2 2 2 2 2 2 2 2 2 2 2 2 2 2 2 2 2 2 2 2 2 2 2 2 2 2 2 2 2 2 2 2 2 2 2 2 2 2 2 2 2
left_child=9 4 5 6 14 -3 7 -4 22 15 11 20 -5 -6 -2 16 -1 44 23 61 30 49 25 28 -14 -8 27 -27 32 36 46 33 -15 -16 -29 -36 52 -33 -9 -31 58 -28 60 -32 -12 -40 -10 48 59 -21 51 -46 55 -54 -55 56 -22 -58 -13 -30 -24 -18 -50
right_child=1 2 3 12 13 -7 8 38 10 -11 17 40 24 18 31 -17 19 -19 -20 21 29 -23 42 -25 -26 26 41 34 47 39 43 37 -34 -35 35 -37 -38 -39 45 -41 -42 -43 -44 -45 50 -47 -48 -49 62 -51 -52 -53 53 54 -56 -57 57 -59 -60 -61 -62 -63 -64
leaf_value=4.8793151776691932 4.3581773053426147 4.9276062476530988 4.7335305926644127 4.9476220642786766 4.899549698825572 5.9612050940747565 4.8628138959457496 5.670513248699252 4.1473138224342616 5.8487880691936498 5.7513329686924042 6.0179074604773213 4.9618604401240187 5.1203740760013261 4.8256113743700784 5.0816772336815346 4.6636524487381994 4.9354292192243863 5.0220922720817516 3.7110199625135505 4.3476532970649284 5.357608872196062 4.842199859875036 5.0371422148069689 5.7017301849166016 4.7857919046874384 4.74484832862096 4.4382838680898651 5.6259896335371753 4.5326419314780457 4.2237818445311941 5.0209601310169294 5.7424086357586139 5.1526555934158731 4.7594234713513979 4.4776306305017384 4.5113873009427765 5.3260151480485529 6.389049280036339 4.9815995850514483 8.1943914168735716 4.6228748356961313 4.6393453171866765 4.4533950738630654 7.3491494315948049 5.8314881750599286 3.83648422066676 5.2047404221401994 5.5511753672712238 3.4479843258671576 5.7821934903109513 5.2989837125452555 3.8337280267058169 3.8295247823327054 7.0944648372345283 4.1667849717489958 5.0569231711396485 4.1460474966013861 5.3026869984116436 5.423077014416589 5.0318170420205472 5.7598899311211804 5.8124329910135781
leaf_weight=1510 5525 21952 13683 14682 5845 10096 22193 851 8813 1975 1327 1611 1183 3670 13802 1320 681 4342 5365 11632 9000 366 42580 2019 10598 18871 132995 18574 20500 10876 29322 10981 1223 4222 12886 13255 10418 4792 5607 1669 53 22872 5700 5976 349 976 3734 1393 4315 4859 270 82 1624 41 61 5859 1181 377 605 7198 7114 248 12302
leaf_count=1510 5525 21952 13683 14682 5845 10096 22193 851 8813 1975 1327 1611 1183 3670 13802 1320 681 4342 5365 11632 9000 366 42580 2019 10598 18871 132995 18574 20500 10876 29322 10981 1223 4222 12886 13255 10418 4792 5607 1669 53 22872 5700 5976 349 976 3734 1393 4315 4859 270 82 1624 41 61 5859 1181 377 605 7198 7114 248 12302
internal_value=0 4.84489 4.75638 4.72038 5.25182 5.25322 4.68665 5.26161 4.65588 4.0774 4.41441 4.35409 5.25027 5.46204 4.91058 3.9077 3.82739 5.27821 5.51874 3.73809 4.31522 3.67095 4.73521 5.56938 5.62744 4.70989 4.69443 4.6147 5.59062 4.43984 4.20815 5.00089 5.27585 4.90222 4.54249 4.61654 4.37284 5.11364 6.23359 4.59237 5.87804 4.72695 4.84568 4.26266 6.01212 6.30638 4.05481 5.62431 5.6375 3.63352 6.50579 6.95909 4.29329 3.94887 5.78209 4.3295 4.41979 4.83651 5.82264 5.57326 4.86934 4.9563 5.74459
internal_weight=0 577410 474258 442210 103152 32048 415747 21117 394630 22591 97590 91220 26463 63830 39322 20616 19296 6370 57985 17786 88951 16857 297040 52620 11781 241646 219453 63586 50601 41106 47845 33797 4893 18024 44715 26141 28561 15773 7434 12545 2269 155867 55394 35298 2028 6583 12547 45708 44315 16491 701 431 18143 1726 102 16417 10558 1558 2216 27698 49694 929 16617
internal_count=600001 577410 474258 442210 103152 32048 415747 21117 394630 22591 97590 91220 26463 63830 39322 20616 19296 6370 57985 17786 88951 16857 297040 52620 11781 241646 219453 63586 50601 41106 47845 33797 4893 18024 44715 26141 28561 15773 7434 12545 2269 155867 55394 35298 2028 6583 12547 45708 44315 16491 701 431 18143 1726 102 16417 10558 1558 2216 27698 49694 929 16617
is_linear=0
shrinkage=0.005


Tree=28
num_leaves=64
num_cat=0
split_feature=1 1 37 27 1 1 3 1 1 27 3 9 1 3 3 3 37 3 27 3 1 9 3 1 3 3 1 1 37 3 1 1 17 3 1 1 3 3 27 1 37 3 1 33 39 1 3 37 9 17 3 3 3 3 39 2 17 3 1 17 6 1 27
split_gain=5.07131e+08 8.2357e+08 3.35984e+08 3.1298e+08 2.93034e+08 2.92572e+08 2.91245e+08 4.29237e+08 2.9937e+08 2.68925e+08 2.01367e+08 2.14004e+08 1.19623e+08 8.06188e+07 7.76806e+07 7.69723e+07 7.17858e+07 6.3461e+07 5.77492e+07 5.76055e+07 4.70014e+07 4.21478e+07 3.29043e+07 2.35532e+07 2.30698e+07 2.26312e+07 2.25349e+07 3.11079e+07 2.12534e+07 1.66354e+07 1.58358e+07 1.48896e+07 1.40557e+07 1.37364e+07 1.36635e+07 2.05467e+07 1.28801e+07 1.25365e+07 1.22947e+07 1.20664e+07 1.15497e+07 1.15307e+07 1.1498e+07 1.10697e+07 1.5293e+07 1.07121e+07 1.03646e+07 1.03395e+07 1.02599e+07 1.00348e+07 1.00165e+07 1.20737e+07 9.42067e+06 1.11539e+07 9.10561e+06 1.10521e+07 8.90979e+06 8.76472e+06 8.72855e+06 8.711e+06 8.70525e+06 1.12802e+07 8.82642e+06
threshold=1.0000000180025095e-35 5090.5000000000009 2019.5000000000002 1.0000000180025095e-35 1510.5000000000002 52861.000000000007 1.0000000180025095e-35 46670.500000000007 46670.500000000007 1.0000000180025095e-35 49.086193642899197 1.0000000180025095e-35 46215.500000000007 1.0000000180025095e-35 3.641052719675467 49.58469035707116 2019.5000000000002 50.849742826575884 1.0000000180025095e-35 1.0000000180025095e-35 79842.500000000015 1.0000000180025095e-35 36.977372812612337 4975.5000000000009 1.0000000180025095e-35 8.7922112358916067 14955.000000000002 6971.5000000000009 2019.5000000000002 31.087322931897432 53792.500000000007 928.50000000000011 1.0000000180025095e-35 42.845288989930189 9904.5000000000018 12053.500000000002 49.58469035707116 19.490564829142787 1.0000000180025095e-35 54757.500000000007 2023.5000000000002 47.052345781429288 40975.000000000007 1.0000000180025095e-35 24.500000000000004 40975.000000000007 36.977372812612337 2022.5000000000002 1.0000000180025095e-35 1.0000000180025095e-35 49.938894560673965 28.816585107346473 10.514780309671918 43.080037527664238 19.500000000000004 3.5000000000000004 1.0000000180025095e-35 18.00213777698308 440.50000000000006 1.0000000180025095e-35 1.0000000180025095e-35 71432.500000000015 1.0000000180025095e-35
decision_type=2 2 2 2 2 2 2 2 2 2 2 2 2 2 2 2 2 2 2 2 2 2 2 2 2 2 2 2 2 2 2 2 2 2 2 2 2 2 2 2 2 2 2 2 2 2 2 2 2 2 2 2 2 2 2 2 2 2 2 2 2 2 2
left_child=9 4 5 6 14 -3 7 -4 22 15 11 20 -5 -6 -2 16 -1 47 23 -18 30 52 25 28 -14 -8 27 -27 32 37 49 33 -15 58 -29 -36 -35 43 -33 59 -31 56 -28 44 -22 -24 -32 -12 -41 -10 51 -30 -21 -54 55 -49 -13 -46 -16 -9 62 -62 -7
right_child=1 2 3 12 13 60 8 39 10 -11 17 41 24 18 31 -17 19 -19 -20 21 29 -23 45 -25 -26 26 42 34 50 40 46 38 -34 36 35 -37 -38 -39 -40 48 -42 -43 -44 -45 57 -47 -48 54 -50 -51 -52 -53 53 -55 -56 -57 -58 -59 -60 -61 61 -63 -64
leaf_value=4.8549185707528171 4.3363864925835802 4.9029682763045281 4.7098630284181224 4.9228839725082008 4.8750520337389718 6.0895411666157298 4.8384998697478965 5.9491064963463423 4.126577275420054 5.8195440518342991 5.7225765348787858 5.9878179556129512 4.9370512054607412 5.0947722649277472 4.6282962358595441 5.0562687360522425 4.9315156317886419 4.9107521554079545 4.99698173781099 3.9540210696757003 4.2736600481769562 5.3308209729585494 4.8449980192191351 5.0119565254352425 5.6732214353023371 4.7618629234040917 4.7211240898727063 4.4160924520337046 5.545391546092401 4.5099787352491019 4.2026628835227555 5.1315529007386091 5.713696513424277 5.5777064975870996 4.7356262240972962 4.4552425224516181 4.6448208920266092 4.2414150960601775 4.6399094605732136 6.3060076254000279 4.9566915261525821 8.153419443886234 4.5997604357218353 4.6766648964724684 4.8472716499675252 4.6161486223495842 4.4311280596807316 7.3124036351760004 5.0241952581405638 3.817301789597515 5.1787167207623934 5.7158682147130619 3.5332804340085922 4.0497301508707881 5.7532825068632762 5.2724888353158796 5.276173489081958 3.8611997805664857 4.8980690751134226 4.8084471154004733 5.3125078316602519 5.928866687823934 5.442949354297367
leaf_weight=1510 5525 21952 13683 14682 5845 6189 22193 622 8813 1975 1327 1611 1183 3670 3965 1320 929 4342 5365 1826 8682 366 49694 2019 10598 18871 132995 18574 27698 10876 29322 14378 1223 1231 12886 13255 529 13640 1395 6423 1669 53 22872 3987 1998 5700 5976 349 160 3734 1393 16617 13532 1133 270 82 605 254 12299 229 1117 2213 577
leaf_count=1510 5525 21952 13683 14682 5845 6189 22193 622 8813 1975 1327 1611 1183 3670 3965 1320 929 4342 5365 1826 8682 366 49694 2019 10598 18871 132995 18574 27698 10876 29322 14378 1223 1231 12886 13255 529 13640 1395 6423 1669 53 22872 3987 1998 5700 5976 349 160 3734 1393 16617 13532 1133 270 82 605 254 12299 229 1117 2213 577
internal_value=0 4.82067 4.7326 4.69677 5.22557 5.22695 4.66321 5.2353 4.6326 4.05701 4.39234 4.33232 5.22402 5.43473 4.88603 3.88816 3.80826 5.25182 5.49115 3.7194 4.29364 3.6526 4.71154 5.54154 5.5993 4.68634 4.67095 4.59163 5.56267 4.41764 4.18711 4.97588 5.24947 4.87771 4.51978 4.59346 5.29731 4.35098 5.08807 6.20243 4.56941 5.84865 4.70332 4.45113 4.3689 4.82145 4.24134 5.98206 6.27485 4.03454 5.59619 5.60932 3.61535 3.57318 6.47327 6.9243 5.79353 4.73605 4.8323 5.64216 5.9314 5.72212 6.0344
internal_weight=0 577410 474258 442210 103152 32048 415747 21117 394630 22591 97590 91220 26463 63830 39322 20616 19296 6370 57985 17786 88951 16857 297040 52620 11781 241646 219453 63586 50601 41106 47845 33797 4893 18024 44715 26141 1760 28561 15773 7434 12545 2269 155867 14921 10934 55394 35298 2028 6583 12547 45708 44315 16491 14665 701 431 2216 2252 16264 851 10096 3330 6766
internal_count=600001 577410 474258 442210 103152 32048 415747 21117 394630 22591 97590 91220 26463 63830 39322 20616 19296 6370 57985 17786 88951 16857 297040 52620 11781 241646 219453 63586 50601 41106 47845 33797 4893 18024 44715 26141 1760 28561 15773 7434 12545 2269 155867 14921 10934 55394 35298 2028 6583 12547 45708 44315 16491 14665 701 431 2216 2252 16264 851 10096 3330 6766
is_linear=0
shrinkage=0.005


Tree=29
num_leaves=64
num_cat=0
split_feature=1 1 37 27 1 1 3 1 1 27 3 9 1 3 3 3 37 3 27 3 1 9 3 1 3 3 1 1 37 3 1 1 17 3 37 39 26 1 1 3 1 3 3 1 13 3 37 37 0 17 3 3 17 39 2 17 13 38 3 3 32 1 0
split_gain=5.02072e+08 8.15355e+08 3.32633e+08 3.09859e+08 2.90111e+08 2.89654e+08 2.88339e+08 4.24955e+08 2.96384e+08 2.66243e+08 1.99358e+08 2.11869e+08 1.1843e+08 7.98147e+07 7.69058e+07 7.62045e+07 7.10697e+07 6.2828e+07 5.71732e+07 5.70309e+07 4.65325e+07 4.17273e+07 3.25761e+07 2.33182e+07 2.28396e+07 2.24055e+07 2.23147e+07 3.04152e+07 2.10414e+07 1.64716e+07 1.56778e+07 1.47411e+07 1.39155e+07 1.36134e+07 1.3476e+07 1.28936e+07 1.22691e+07 1.1946e+07 1.15168e+07 1.14157e+07 1.06053e+07 1.04286e+07 1.43283e+07 1.03317e+07 1.02626e+07 1.02612e+07 1.02364e+07 1.02326e+07 1.00807e+07 9.93471e+06 9.91659e+06 1.19533e+07 9.38898e+06 9.01478e+06 1.09419e+07 8.82091e+06 8.74504e+06 9.38918e+06 8.68802e+06 8.67915e+06 8.65164e+06 8.63472e+06 8.62909e+06
threshold=1.0000000180025095e-35 5090.5000000000009 2019.5000000000002 1.0000000180025095e-35 1510.5000000000002 52861.000000000007 1.0000000180025095e-35 46670.500000000007 46670.500000000007 1.0000000180025095e-35 49.086193642899197 1.0000000180025095e-35 46215.500000000007 1.0000000180025095e-35 3.641052719675467 49.58469035707116 2019.5000000000002 50.849742826575884 1.0000000180025095e-35 1.0000000180025095e-35 79842.500000000015 1.0000000180025095e-35 36.977372812612337 4975.5000000000009 1.0000000180025095e-35 8.7922112358916067 15184.500000000002 5991.5000000000009 2019.5000000000002 30.958491610009386 53792.500000000007 928.50000000000011 1.0000000180025095e-35 34.857935552831549 2023.5000000000002 17.500000000000004 1.0000000180025095e-35 54757.500000000007 40975.000000000007 47.052345781429288 40975.000000000007 20.811850051578766 21.981087411853562 114592.50000000001 1.0000000180025095e-35 36.977372812612337 2022.5000000000002 2023.5000000000002 62.500000000000007 1.0000000180025095e-35 49.938894560673965 28.816585107346473 1.0000000180025095e-35 19.500000000000004 3.5000000000000004 1.0000000180025095e-35 1.0000000180025095e-35 1.5000000000000002 21.280066615632105 48.723139267295252 1.0000000180025095e-35 2536.5000000000005 46.500000000000007
decision_type=2 2 2 2 2 2 2 2 2 2 2 2 2 2 2 2 2 2 2 2 2 2 2 2 2 2 2 2 2 2 2 2 2 2 2 2 2 2 2 2 2 2 2 2 2 2 2 2 2 2 2 2 2 2 2 2 2 2 2 2 2 2 2
left_child=9 4 5 6 14 -3 7 -4 22 15 11 20 -5 -6 -2 16 -1 46 23 60 30 52 25 28 -14 -8 27 -27 32 35 49 33 -15 -16 -31 -22 -33 -9 -28 55 59 -37 -43 44 48 -32 -12 62 -44 -10 51 58 -21 54 -48 -13 -36 -58 -30 -24 -18 -53 -39
right_child=1 2 3 12 13 -7 8 37 10 -11 17 39 24 18 31 -17 19 -19 -20 21 29 -23 40 -25 -26 26 38 -29 50 34 45 36 -34 -35 56 41 -38 47 -40 -41 -42 42 43 -45 -46 -47 53 -49 -50 -51 -52 61 -54 -55 -56 -57 57 -59 -60 -61 -62 -63 -64
leaf_value=4.8306438615608167 4.3147045376255706 4.8784534087213052 4.686313590518365 4.8982695382102737 4.8506767649099904 5.9017421043194567 4.8143074132907833 5.6139498865324242 4.1059443619076017 5.7904462554889395 5.6939634692948662 5.9578789405941892 4.9123659205184786 5.0692984566823336 4.7773192898796353 5.0309875381959204 4.6156765545989975 4.8861982959814121 4.971996913918356 3.6743817420263039 4.2341402049452732 5.3041668912125095 4.7937638797700659 4.986896711961653 5.6448554625243341 4.8245155453334796 4.6983220101409335 4.5239798372119582 5.5794457381665792 4.4813449719218834 4.181649614920488 4.970509856349878 5.6851280465251772 5.1017698363350972 5.1762341681606712 4.5708445562696154 5.2737274085943948 6.177329092705043 4.5767616738715962 8.1126520916201041 4.5930677994088125 3.6313255254237955 4.4444518697870024 4.701873522406351 3.6659469090964483 4.4089724732604445 7.275841636480096 5.7709910725814391 2.7785344511129355 3.798215294020459 5.1528231615427682 5.4948400714920265 3.4126827991766393 5.7245161635390041 5.2461263491176977 5.2497926994532591 6.2191742359985742 4.0782776327776853 5.3907367736264167 4.9824330085371447 5.7064328899691183 5.7547914776788707 6.5849962432614619
leaf_weight=1510 5525 21952 13683 14682 5845 10096 22193 851 8813 1975 1327 1611 1183 3670 13802 1320 681 4342 5365 11632 15903 366 42580 2019 10598 9937 131551 55093 18630 11029 29322 10981 1223 4222 1244 7288 4792 3566 22872 53 5700 736 2058 1627 679 5976 349 976 95 3734 1393 4315 4859 270 82 605 59 388 9068 7114 248 12302 2041
leaf_count=1510 5525 21952 13683 14682 5845 10096 22193 851 8813 1975 1327 1611 1183 3670 13802 1320 681 4342 5365 11632 15903 366 42580 2019 10598 9937 131551 55093 18630 11029 29322 10981 1223 4222 1244 7288 4792 3566 22872 53 5700 736 2058 1627 679 5976 349 976 95 3734 1393 4315 4859 270 82 605 59 388 9068 7114 248 12302 2041
internal_value=0 4.79656 4.70894 4.67329 5.19944 5.20082 4.6399 5.20913 4.60944 4.03673 4.37038 4.31066 5.1979 5.40756 4.8616 3.86872 3.78922 5.22556 5.4637 3.7008 4.27217 3.63433 4.68798 5.51383 5.5713 4.66291 4.6476 4.5699 5.53485 4.39555 4.16617 4.951 5.22322 4.85332 4.54507 4.32855 5.06263 6.17141 4.68032 5.81941 4.79734 4.44883 4.27766 4.38434 4.20191 4.22014 5.95215 6.24348 4.37094 4.01436 5.56821 5.58127 3.59727 6.4409 6.88968 5.76456 4.9607 4.36086 5.51766 4.82077 4.90686 5.68729 6.32572
internal_weight=0 577410 474258 442210 103152 32048 415747 21117 394630 22591 97590 91220 26463 63830 39322 20616 19296 6370 57985 17786 88951 16857 297040 52620 11781 241646 219453 65030 50601 41106 47845 33797 4893 18024 12720 28386 15773 7434 154423 2269 55394 12483 5195 4459 2832 35298 2028 6583 2153 12547 45708 44315 16491 701 431 2216 1691 447 27698 49694 929 16617 5607
internal_count=600001 577410 474258 442210 103152 32048 415747 21117 394630 22591 97590 91220 26463 63830 39322 20616 19296 6370 57985 17786 88951 16857 297040 52620 11781 241646 219453 65030 50601 41106 47845 33797 4893 18024 12720 28386 15773 7434 154423 2269 55394 12483 5195 4459 2832 35298 2028 6583 2153 12547 45708 44315 16491 701 431 2216 1691 447 27698 49694 929 16617 5607
is_linear=0
shrinkage=0.005


Tree=30
num_leaves=64
num_cat=0
split_feature=1 1 37 27 1 1 3 1 1 27 3 9 1 3 3 3 37 3 27 3 1 9 3 1 3 3 1 1 37 3 3 1 17 37 39 1 27 3 1 3 3 3 1 13 9 0 3 3 37 3 3 38 38 3 3 3 3 3 3 13 38 17 6
split_gain=4.97064e+08 8.07222e+08 3.29314e+08 3.06768e+08 2.87218e+08 2.86764e+08 2.85463e+08 4.20716e+08 2.93437e+08 2.63587e+08 1.98774e+08 2.07887e+08 1.17248e+08 7.90186e+07 7.61386e+07 7.54443e+07 7.03608e+07 6.16045e+07 5.66029e+07 5.6462e+07 4.2472e+07 4.13111e+07 3.30016e+07 2.30856e+07 2.26118e+07 2.24919e+07 2.24129e+07 3.01118e+07 2.08316e+07 1.63073e+07 1.48436e+07 1.45962e+07 1.37767e+07 1.33416e+07 1.2765e+07 1.18268e+07 1.10122e+07 1.08209e+07 1.07432e+07 1.06222e+07 1.03246e+07 1.41854e+07 1.02287e+07 1.01602e+07 1.01551e+07 9.98017e+06 9.81768e+06 1.1834e+07 9.59189e+06 9.32578e+06 1.1052e+07 9.31459e+06 9.25559e+06 1.0145e+07 9.07023e+06 9.84669e+06 8.97585e+06 8.9393e+06 8.76533e+06 8.6578e+06 9.29552e+06 8.62411e+06 8.61841e+06
threshold=1.0000000180025095e-35 5090.5000000000009 2019.5000000000002 1.0000000180025095e-35 1510.5000000000002 52861.000000000007 1.0000000180025095e-35 46670.500000000007 46215.500000000007 1.0000000180025095e-35 49.086193642899197 1.0000000180025095e-35 46215.500000000007 1.0000000180025095e-35 3.641052719675467 49.58469035707116 2019.5000000000002 50.849742826575884 1.0000000180025095e-35 1.0000000180025095e-35 79842.500000000015 1.0000000180025095e-35 36.977372812612337 4975.5000000000009 1.0000000180025095e-35 8.7922112358916067 15184.500000000002 5991.5000000000009 2019.5000000000002 30.958491610009386 30.958491610009386 440.50000000000006 1.0000000180025095e-35 2023.5000000000002 17.500000000000004 54757.500000000007 1.0000000180025095e-35 43.080037527664238 40975.000000000007 47.052345781429288 20.811850051578766 21.981087411853562 114592.50000000001 1.0000000180025095e-35 1.0000000180025095e-35 62.500000000000007 49.938894560673965 28.816585107346473 2022.5000000000002 10.514780309671918 43.955623248403974 6.5000000000000009 1.5000000000000002 49.938894560673965 49.58469035707116 32.959592599707712 9.5748938426300949 48.723139267295252 15.775500275987469 1.0000000180025095e-35 1.5000000000000002 1.0000000180025095e-35 1.0000000180025095e-35
decision_type=2 2 2 2 2 2 2 2 2 2 2 2 2 2 2 2 2 2 2 2 2 2 2 2 2 2 2 2 2 2 2 2 2 2 2 2 2 2 2 2 2 2 2 2 2 2 2 2 2 2 2 2 2 2 2 2 2 2 2 2 2 2 2
left_child=9 4 5 6 14 -3 7 -4 22 15 11 20 -5 -6 -2 16 -1 48 23 -18 30 49 25 28 -14 -8 27 -27 32 34 56 37 -15 -31 -22 61 54 -16 -28 -13 -36 -42 43 45 -37 -43 47 -30 -12 -21 -51 52 53 -50 55 58 -10 -24 -33 -35 -61 -9 -7
right_child=1 2 3 12 13 62 8 35 10 -11 17 39 24 18 31 -17 19 -19 -20 21 29 -23 57 -25 -26 26 38 -29 46 33 -32 36 -34 59 40 44 -38 -39 -40 -41 41 42 -44 -45 -46 -47 -48 -49 51 50 -52 -53 -54 -55 -56 -57 -58 -59 -60 60 -62 -63 -64
leaf_value=4.8064907920538067 4.2931309231944077 4.8540610117302343 4.6628820326157649 4.8737781175059522 4.8264233207277334 5.9747194210738339 4.7924720952573221 5.8912912316720973 4.3043967826300653 5.7614942432521969 5.6628684136612462 5.7224582263038597 4.8878040428798482 5.0439519156201236 4.5775337425374758 5.00583254175001 4.8823237629303762 4.8646412311676315 4.9471369477433518 3.9162480864103428 4.2129695189109366 5.2776460911015999 4.7499185008875013 4.9619622342270047 5.6166311786816747 4.8003929801204288 4.6748303490283254 4.5013599073930424 5.490076306268671 4.4589382112817546 4.2870733822565716 5.1063177073008283 5.6567025513195253 5.1503531355013727 4.5479903151927275 6.2432562778270011 4.6506117786436372 5.4306534698242093 4.5546674692513083 7.9664695296464139 3.613168893577531 4.4222296141300879 4.6783642073067222 3.6476171411233729 4.9680080237388609 2.7646417564843833 5.1270590082313721 5.6588525491486994 3.3340901300642223 3.5012456931282219 4.059456273789551 5.6827050244519457 7.1832084171679664 6.9715429101339206 4.4865236677673268 5.1806798494067241 4.0672108796685125 4.9319131897657069 4.8814560670322207 6.1880784646535325 4.0578863366520439 4.7563352301482551 5.6639988177027609
leaf_weight=1510 5525 21952 13683 14682 5845 6766 22027 622 4604 1975 1346 2252 1183 3670 3978 1320 929 4373 5365 1826 15903 366 47115 2019 10598 9937 131551 55093 27698 11029 15063 6498 1223 1244 7288 6423 2524 410 21664 54 736 2058 1627 679 160 95 1393 16617 36 13717 948 289 355 41 846 6528 29849 7875 13013 59 388 229 3330
leaf_count=1510 5525 21952 13683 14682 5845 6766 22027 622 4604 1975 1346 2252 1183 3670 3978 1320 929 4373 5365 1826 15903 366 47115 2019 10598 9937 131551 55093 27698 11029 15063 6498 1223 1244 7288 6423 2524 410 21664 54 736 2058 1627 679 160 95 1393 16617 36 13717 948 289 355 41 846 6528 29849 7875 13013 59 388 229 3330
internal_value=0 4.77258 4.68539 4.64992 5.17344 5.17481 4.6167 5.18308 4.58639 4.01655 4.35137 4.2925 5.17191 5.38052 4.83729 3.84938 3.77027 5.20085 5.43638 3.6823 4.25477 3.61616 4.66549 5.48626 5.54345 4.6402 4.62483 4.54705 5.50718 4.37357 4.15615 4.92625 5.19711 4.52234 4.30691 6.14056 4.96639 4.65725 4.65784 5.77501 4.42659 4.25627 4.36242 4.1809 6.21226 4.34909 5.54037 5.55336 5.91215 3.57929 3.53733 6.37753 6.84236 5.27092 4.99603 5.01259 4.09891 4.77598 4.95634 4.93589 4.33905 5.58588 5.87223
internal_weight=0 577410 474258 442210 103152 32048 415747 21117 394630 22591 99368 92928 26463 63830 39322 20616 19296 6440 57985 17786 90622 16857 295262 52620 11781 240272 218245 65030 50601 41106 49516 33797 4893 12720 28386 7434 29409 4388 153215 2306 12483 5195 4459 2832 6583 2153 45708 44315 2067 16491 14665 721 432 77 26885 26039 34453 54990 19511 1691 447 851 10096
internal_count=600001 577410 474258 442210 103152 32048 415747 21117 394630 22591 99368 92928 26463 63830 39322 20616 19296 6440 57985 17786 90622 16857 295262 52620 11781 240272 218245 65030 50601 41106 49516 33797 4893 12720 28386 7434 29409 4388 153215 2306 12483 5195 4459 2832 6583 2153 45708 44315 2067 16491 14665 721 432 77 26885 26039 34453 54990 19511 1691 447 851 10096
is_linear=0
shrinkage=0.005


Tree=31
num_leaves=64
num_cat=0
split_feature=1 1 37 27 1 1 3 1 1 27 3 9 1 3 3 3 37 3 27 3 1 9 3 1 3 3 1 1 37 3 1 1 17 1 1 3 3 1 26 1 3 37 1 1 37 3 37 17 3 3 17 39 2 3 38 0 1 39 11 17 25 3 3
split_gain=4.92106e+08 7.9917e+08 3.2603e+08 3.03708e+08 2.84353e+08 2.83904e+08 2.82616e+08 4.1652e+08 2.90557e+08 2.60958e+08 1.95416e+08 2.07692e+08 1.16079e+08 7.82304e+07 7.53791e+07 7.46918e+07 6.9659e+07 6.15897e+07 5.60383e+07 5.58988e+07 4.56297e+07 4.0899e+07 3.19224e+07 2.28554e+07 2.23863e+07 2.1959e+07 2.18861e+07 3.03952e+07 2.06238e+07 1.61455e+07 1.55222e+07 1.45404e+07 1.36393e+07 1.35272e+07 2.03417e+07 1.34684e+07 1.26802e+07 1.2375e+07 1.21285e+07 1.17089e+07 1.11935e+07 1.11896e+07 1.11398e+07 1.04917e+07 1.0129e+07 1.00879e+07 1.0037e+07 9.83557e+06 9.71974e+06 1.1716e+07 9.29413e+06 8.92685e+06 1.08345e+07 8.9026e+06 1.44248e+07 1.03541e+07 9.55503e+06 1.24634e+07 9.40486e+06 8.73292e+06 8.71479e+06 8.74218e+06 1.26552e+07
threshold=1.0000000180025095e-35 5090.5000000000009 2019.5000000000002 1.0000000180025095e-35 1510.5000000000002 52861.000000000007 1.0000000180025095e-35 46670.500000000007 46670.500000000007 1.0000000180025095e-35 49.086193642899197 1.0000000180025095e-35 46215.500000000007 1.0000000180025095e-35 3.641052719675467 49.58469035707116 2019.5000000000002 50.849742826575884 1.0000000180025095e-35 1.0000000180025095e-35 79842.500000000015 1.0000000180025095e-35 36.977372812612337 4975.5000000000009 1.0000000180025095e-35 8.7922112358916067 14955.000000000002 6971.5000000000009 2019.5000000000002 31.087322931897432 53792.500000000007 928.50000000000011 1.0000000180025095e-35 9904.5000000000018 12053.500000000002 42.845288989930189 49.58469035707116 114592.50000000001 1.0000000180025095e-35 54757.500000000007 47.052345781429288 2023.5000000000002 40975.000000000007 40975.000000000007 2023.5000000000002 36.977372812612337 2022.5000000000002 1.0000000180025095e-35 49.938894560673965 28.816585107346473 1.0000000180025095e-35 19.500000000000004 3.5000000000000004 28.684346822020917 11.500000000000002 39.500000000000007 96798.500000000015 26.500000000000004 1.0000000180025095e-35 1.0000000180025095e-35 1.0000000180025095e-35 27.735929573093696 30.958491610009386
decision_type=2 2 2 2 2 2 2 2 2 2 2 2 2 2 2 2 2 2 2 2 2 2 2 2 2 2 2 2 2 2 2 2 2 2 2 2 2 2 2 2 2 2 2 2 2 2 2 2 2 2 2 2 2 2 2 2 2 2 2 2 2 2 2
left_child=9 4 5 6 14 -3 7 -4 22 15 11 20 -5 -6 -2 16 -1 46 23 -18 30 50 25 28 -14 -8 27 -27 32 37 47 35 -15 -29 -35 -16 -37 53 -33 -9 59 -31 -28 -24 -41 -32 -12 -10 49 -30 -21 52 -48 56 -55 -56 57 -22 -59 -13 61 -39 -63
right_child=1 2 3 12 13 -7 8 39 10 -11 17 40 24 18 31 -17 19 -19 -20 21 29 -23 43 -25 -26 26 42 33 48 41 45 38 -34 34 -36 36 -38 60 -40 44 -42 -43 -44 -45 -46 -47 51 -49 -50 -51 -52 -53 -54 54 55 -57 -58 58 -60 -61 -62 62 -64
leaf_value=4.7824582057488918 4.2716653927271855 4.8297908939388439 4.6395677405488831 4.849409217961699 4.8022912083506277 5.8428722246949478 4.7662891668057785 5.5579506115627622 4.0646321627666291 5.7326865799170506 5.6371794909634083 5.8994771873247984 4.8633650132749215 5.0187321866587498 4.7596388285724975 4.9808034407153272 4.8579121443889113 4.8374441940006934 4.922401324126227 3.638108488523851 4.26146147143145 5.2512578496817355 4.7727892479993921 4.9371523795463608 5.5885480217810333 4.6913483033631262 4.6506715505412171 4.3488852730945284 5.4626259732282714 4.4427274313169551 4.1400980240983047 4.9208902019350864 5.6284189919438994 4.6668213445661113 4.3878395651896351 5.4983022614463462 4.5726811917923351 4.5945797913258888 5.2223658451961059 6.2630279977032055 8.0322565258673908 4.8824207652725811 4.5312130630912728 4.5463071532375983 5.7111094493162433 4.3654922226807944 7.207652309391765 3.7584423532171138 5.1014237392602295 5.6305582976991211 3.3777346593949558 5.6639237363250166 5.1879248949958061 3.7510254987632958 3.7463501276621005 6.9954901687434461 4.0811520638035805 4.9653141109020806 4.0582576616823829 5.1949312949426902 4.2202427283483743 3.9285283950115804 6.7091878895426911
leaf_weight=1510 5525 21952 13683 14682 5845 10096 22193 851 8813 1975 1327 1611 1183 3670 16264 1320 929 4342 5365 11632 9000 366 49694 2019 10598 18871 132995 18574 27698 10876 29322 10981 1223 12886 13255 1231 529 6026 4792 5607 53 1669 22872 5700 976 5976 349 3734 1393 16617 4859 270 82 1624 41 61 5859 1181 377 605 3504 845 43
leaf_count=1510 5525 21952 13683 14682 5845 10096 22193 851 8813 1975 1327 1611 1183 3670 16264 1320 929 4342 5365 11632 9000 366 49694 2019 10598 18871 132995 18574 27698 10876 29322 10981 1223 12886 13255 1231 529 6026 4792 5607 53 1669 22872 5700 976 5976 349 3734 1393 16617 4859 270 82 1624 41 61 5859 1181 377 605 3504 845 43
internal_value=0 4.74872 4.66197 4.62667 5.14757 5.14894 4.59362 5.15717 4.56346 3.99646 4.32676 4.26764 5.14605 5.35362 4.81311 3.83013 3.75142 5.17345 5.4092 3.66388 4.22953 3.59808 4.64122 5.45883 5.51573 4.61641 4.60125 4.52307 5.47964 4.35171 4.12456 4.90162 5.17112 4.45206 4.52536 4.8046 5.22009 4.28603 5.01248 6.10985 5.76144 4.50122 4.63314 4.74948 6.1812 4.17826 5.89284 3.97351 5.51267 5.5256 3.56139 6.3768 6.82339 4.20717 3.86558 5.68946 4.24308 4.33294 4.74583 5.70713 4.42338 4.52633 4.06318
internal_weight=0 577410 474258 442210 103152 32048 415747 21117 394630 22591 97590 91220 26463 63830 39322 20616 19296 6370 57985 17786 88951 16857 297040 52620 11781 241646 219453 63586 50601 41106 47845 33797 4893 44715 26141 18024 1760 28561 15773 7434 2269 12545 155867 55394 6583 35298 2028 12547 45708 44315 16491 701 431 18143 1726 102 16417 10558 1558 2216 10418 6914 888
internal_count=600001 577410 474258 442210 103152 32048 415747 21117 394630 22591 97590 91220 26463 63830 39322 20616 19296 6370 57985 17786 88951 16857 297040 52620 11781 241646 219453 63586 50601 41106 47845 33797 4893 44715 26141 18024 1760 28561 15773 7434 2269 12545 155867 55394 6583 35298 2028 12547 45708 44315 16491 701 431 18143 1726 102 16417 10558 1558 2216 10418 6914 888
is_linear=0
shrinkage=0.005


Tree=32
num_leaves=64
num_cat=0
split_feature=1 1 37 27 1 1 3 1 1 27 3 9 1 3 3 3 37 3 27 3 1 9 3 1 3 3 1 1 37 3 1 1 17 1 1 3 37 27 1 3 1 9 3 37 17 3 3 3 3 3 3 3 3 39 2 0 3 1 17 9 3 3 32
split_gain=4.87197e+08 7.91198e+08 3.22777e+08 3.00678e+08 2.81516e+08 2.81072e+08 2.79797e+08 4.12365e+08 2.87659e+08 2.58354e+08 1.93467e+08 2.0562e+08 1.14921e+08 7.745e+07 7.46272e+07 7.39467e+07 6.89641e+07 6.09753e+07 5.54793e+07 5.53412e+07 4.51745e+07 4.04911e+07 3.16039e+07 2.26274e+07 2.2163e+07 2.17531e+07 2.11641e+07 3.19914e+07 2.0418e+07 1.59844e+07 1.53673e+07 1.44005e+07 1.35032e+07 1.22516e+07 1.15921e+07 1.10818e+07 1.1078e+07 1.08868e+07 1.07744e+07 1.065e+07 1.0387e+07 1.00523e+07 9.98725e+06 9.93688e+06 9.73747e+06 9.62278e+06 1.15991e+07 9.23186e+06 1.09415e+07 8.95972e+06 9.70707e+06 8.86627e+06 9.01438e+06 8.8378e+06 1.07264e+07 8.83324e+06 8.67592e+06 8.67378e+06 8.64581e+06 8.61474e+06 8.61281e+06 8.60629e+06 8.56534e+06
threshold=1.0000000180025095e-35 5090.5000000000009 2019.5000000000002 1.0000000180025095e-35 1510.5000000000002 52861.000000000007 1.0000000180025095e-35 46670.500000000007 46670.500000000007 1.0000000180025095e-35 49.086193642899197 1.0000000180025095e-35 46215.500000000007 1.0000000180025095e-35 3.641052719675467 49.58469035707116 2019.5000000000002 50.849742826575884 1.0000000180025095e-35 1.0000000180025095e-35 79842.500000000015 1.0000000180025095e-35 36.977372812612337 4975.5000000000009 1.0000000180025095e-35 9.5748938426300949 15184.500000000002 5991.5000000000009 2019.5000000000002 31.087322931897432 53792.500000000007 440.50000000000006 1.0000000180025095e-35 114592.50000000001 54757.500000000007 47.052345781429288 2023.5000000000002 1.0000000180025095e-35 40975.000000000007 43.080037527664238 40975.000000000007 1.0000000180025095e-35 36.977372812612337 2022.5000000000002 1.0000000180025095e-35 49.938894560673965 28.816585107346473 10.514780309671918 43.955623248403974 49.58469035707116 32.959592599707712 10.179855106113367 11.068548944418653 19.500000000000004 3.5000000000000004 62.500000000000007 15.775500275987469 144028.00000000003 1.0000000180025095e-35 1.0000000180025095e-35 22.772026822951499 26.988004809714827 1.0000000180025095e-35
decision_type=2 2 2 2 2 2 2 2 2 2 2 2 2 2 2 2 2 2 2 2 2 2 2 2 2 2 2 2 2 2 2 2 2 2 2 2 2 2 2 2 2 2 2 2 2 2 2 2 2 2 2 2 2 2 2 2 2 2 2 2 2 2 2
left_child=9 4 5 6 14 -3 7 -4 22 15 11 20 -5 -6 -2 16 -1 43 23 62 30 47 25 28 -14 -8 27 -27 32 33 44 39 -15 51 -9 58 -31 49 61 59 -24 -36 -32 -12 -10 46 60 -21 -49 50 56 55 -53 54 -45 -22 -33 -35 -13 -16 -30 -28 -18
right_child=1 2 3 12 13 -7 8 34 10 -11 17 35 24 18 31 -17 19 -19 -20 21 29 -23 40 -25 -26 26 38 -29 45 36 42 37 -34 57 41 -37 -38 -39 -40 -41 -42 -43 -44 53 -46 -47 -48 48 -50 -51 -52 52 -54 -55 -56 -57 -58 -59 -60 -61 -62 -63 -64
leaf_value=4.7585459049795045 4.2503070250298371 4.8056418179196587 4.6163697465110971 4.8251622998105796 4.778279813650629 5.8136577520360424 4.727438562337186 5.5301608992351348 4.0443090194299138 5.7040231590361534 5.6089935559506534 5.869979799305713 4.8390482741861351 4.993638527883415 4.5048512702541972 4.9558993480169411 4.5438970926119548 4.8132569048339562 4.8977892621210382 3.878843499971278 4.499792119181067 5.225001416981546 4.7489253703514249 4.9124667375326281 5.5606051609219724 4.7640655151417768 4.5983258573008197 4.4524413260383708 5.4875582173984228 4.4205136549883841 4.1193975510638152 5.0562712440986237 5.6002769019907364 4.4476213152317445 6.1811317837063848 7.9920953585966581 4.8580085273428972 4.6030052905207395 4.5075771759181702 5.3771939620448324 4.5235756733678416 4.9123530604839321 4.3436648085824503 7.1716140728283744 3.7396500939200457 5.0759167324033303 5.6024054050035135 3.4659350407913649 4.0213474678037544 4.4400585932060901 5.1298040759851062 3.4853856829958509 4.1614524046667407 5.6356041192081241 5.161985175202533 2.9936353080107434 4.8325594061541413 3.9522749669525106 5.1689566932118627 6.6143749423902864 5.2865176268240734 4.6859749477073738 5.6291994596296737
leaf_weight=1510 5525 21952 13683 14682 5845 10096 26873 851 8813 1975 1327 1611 1183 3670 3929 1320 681 4342 5365 1826 2691 366 49694 2019 10598 9721 87549 53910 20500 10876 29322 6498 1223 9443 6423 53 1669 2524 22413 410 5700 160 5976 349 3734 1393 16617 13717 948 846 6528 510 14841 270 82 101 13013 975 605 49 7198 41180 248
leaf_count=1510 5525 21952 13683 14682 5845 10096 26873 851 8813 1975 1327 1611 1183 3670 3929 1320 681 4342 5365 1826 2691 366 49694 2019 10598 9721 87549 53910 20500 10876 29322 6498 1223 9443 6423 53 1669 2524 22413 410 5700 160 5976 349 3734 1393 16617 13717 948 846 6528 510 14841 270 82 101 13013 975 605 49 7198 41180 248
internal_value=0 4.72497 4.63866 4.60354 5.12184 5.12319 4.57065 5.13138 4.54064 3.97648 4.30513 4.2463 5.12032 5.32685 4.78904 3.81098 3.73266 5.14758 5.38215 3.64557 4.20838 3.58009 4.61802 5.43153 5.48815 4.59333 4.57654 4.50005 5.45224 4.32995 4.10394 4.87711 5.14527 4.2646 6.0793 5.73263 4.47872 4.91698 4.60875 4.60992 4.72574 6.15029 4.15737 5.86337 3.95364 5.48511 5.49797 3.54358 3.50184 4.94645 4.96291 4.18613 4.13899 6.34492 6.78927 4.44531 4.90707 4.40126 5.67859 4.53084 5.43531 4.62636 4.83362
internal_weight=0 577410 474258 442210 103152 32048 415747 21117 394630 22591 97590 91220 26463 63830 39322 20616 19296 6370 57985 17786 88951 16857 297040 52620 11781 241646 214773 63631 50601 41106 47845 33797 4893 28561 7434 2269 12545 29409 151142 4388 55394 6583 35298 2028 12547 45708 44315 16491 14665 26885 26039 18143 15351 701 431 2792 19511 10418 2216 3978 27698 128729 929
internal_count=600001 577410 474258 442210 103152 32048 415747 21117 394630 22591 97590 91220 26463 63830 39322 20616 19296 6370 57985 17786 88951 16857 297040 52620 11781 241646 214773 63631 50601 41106 47845 33797 4893 28561 7434 2269 12545 29409 151142 4388 55394 6583 35298 2028 12547 45708 44315 16491 14665 26885 26039 18143 15351 701 431 2792 19511 10418 2216 3978 27698 128729 929
is_linear=0
shrinkage=0.005


Tree=33
num_leaves=64
num_cat=0
split_feature=1 1 37 27 1 1 3 1 1 27 3 9 1 3 3 3 37 3 27 3 1 9 3 1 3 3 1 1 37 3 1 1 1 1 17 3 3 3 26 1 3 37 33 39 1 1 37 3 37 17 3 3 17 39 2 3 1 1 17 1 0 37 17
split_gain=4.82338e+08 7.83306e+08 3.19558e+08 2.97679e+08 2.78708e+08 2.78268e+08 2.77006e+08 4.08252e+08 2.84789e+08 2.55777e+08 1.91537e+08 2.03569e+08 1.13774e+08 7.66774e+07 7.38828e+07 7.32091e+07 6.82762e+07 6.03671e+07 5.49259e+07 5.47892e+07 4.47239e+07 4.00872e+07 3.12887e+07 2.24017e+07 2.19419e+07 2.15449e+07 2.14628e+07 2.98891e+07 2.02144e+07 1.5825e+07 1.5214e+07 1.43424e+07 1.33927e+07 2.01381e+07 1.33685e+07 1.32847e+07 1.24835e+07 1.22158e+07 1.19896e+07 1.14764e+07 1.09713e+07 1.09675e+07 1.09621e+07 1.49352e+07 1.09226e+07 1.02834e+07 1.00265e+07 9.88762e+06 9.83777e+06 9.64033e+06 9.5268e+06 1.14834e+07 9.20025e+06 8.74965e+06 1.06194e+07 8.6728e+06 8.60176e+06 2.56923e+07 8.55957e+06 8.5486e+06 8.54109e+06 9.82604e+06 8.53809e+06
threshold=1.0000000180025095e-35 5090.5000000000009 2019.5000000000002 1.0000000180025095e-35 1510.5000000000002 52861.000000000007 1.0000000180025095e-35 46670.500000000007 46670.500000000007 1.0000000180025095e-35 49.086193642899197 1.0000000180025095e-35 46215.500000000007 1.0000000180025095e-35 3.641052719675467 49.58469035707116 2019.5000000000002 50.849742826575884 1.0000000180025095e-35 1.0000000180025095e-35 79842.500000000015 1.0000000180025095e-35 36.977372812612337 4975.5000000000009 1.0000000180025095e-35 8.7922112358916067 14955.000000000002 6971.5000000000009 2019.5000000000002 31.087322931897432 53792.500000000007 928.50000000000011 9904.5000000000018 12053.500000000002 1.0000000180025095e-35 42.845288989930189 49.58469035707116 19.490564829142787 1.0000000180025095e-35 54757.500000000007 47.052345781429288 2023.5000000000002 1.0000000180025095e-35 24.500000000000004 40975.000000000007 40975.000000000007 2023.5000000000002 36.977372812612337 2022.5000000000002 1.0000000180025095e-35 49.938894560673965 28.816585107346473 1.0000000180025095e-35 19.500000000000004 3.5000000000000004 18.00213777698308 6792.5000000000009 5991.5000000000009 1.0000000180025095e-35 2536.5000000000005 46.500000000000007 2021.5000000000002 1.0000000180025095e-35
decision_type=2 2 2 2 2 2 2 2 2 2 2 2 2 2 2 2 2 2 2 2 2 2 2 2 2 2 2 2 2 2 2 2 2 2 2 2 2 2 2 2 2 2 2 2 2 2 2 2 2 2 2 2 2 2 2 2 2 2 2 2 2 2 2
left_child=9 4 5 6 14 -3 7 -4 22 15 11 20 -5 -6 -2 16 -1 48 23 -18 30 52 25 28 -14 -8 27 56 34 37 49 35 -29 -34 -15 -16 -37 42 -33 62 58 -31 43 -22 -28 -24 60 -32 -12 -10 51 -30 -21 54 -50 -45 57 -27 -13 -53 61 -41 -9
right_child=1 2 3 12 13 -7 8 39 10 -11 17 40 24 18 31 -17 19 -19 -20 21 29 -23 45 -25 -26 26 44 32 50 41 47 38 33 -35 -36 36 -38 -39 -40 46 -42 -43 -44 55 -46 -47 -48 -49 53 -51 -52 59 -54 -55 -56 -57 -58 -59 -60 -61 -62 -63 -64
leaf_value=4.7347531667928155 4.2290555301929729 4.781613603549923 4.5932879629854675 4.8010363840373165 4.7543883759667471 5.7845895455685845 4.7188205710155833 5.806394386674814 4.0240874583487001 5.6755031487437746 5.580948419260884 5.8406300246027376 4.8148529107874971 4.9686703059186081 4.7117156128734772 4.9311198051337035 4.809454503731784 4.7891906994303239 4.8733003068885736 3.6021951174237827 4.166194168849743 5.1988765606658704 4.725180700483147 4.8879042988239156 5.5328022519975004 4.7291179145725151 4.6042848256611313 4.3048477949539032 5.4081362349208524 4.3984112362073935 4.0988005829145413 4.8717652688201376 4.6211947723533244 4.3436124339026696 5.5722753796027709 5.445061704658281 4.5266504381802672 4.1351272412472397 5.1715090945726239 6.3090963525104682 7.9521347465253669 4.8337185649282741 4.5665788632468161 4.7337793136556803 4.4859970667615565 4.5009578125854004 5.6518365715370811 4.3219465110686377 7.135756021808076 3.7209518853628065 5.0505370981061706 5.3829066682082898 3.3431397580830864 5.6074260868165231 5.1361753207881282 3.7528918826392319 4.8396885283636584 4.276447605727463 5.1431119501378912 5.6415585752304303 6.4589023392274072 5.7839949869876213 4.6771129081967615
leaf_weight=1510 5525 21952 13683 14682 5845 10096 22193 622 8813 1975 1327 1611 1183 3670 16264 1320 929 4342 5365 11632 8682 366 49694 2019 10598 9937 132995 18574 27698 10876 29322 10981 12886 13255 1223 1231 529 13640 4792 1829 53 1669 3987 1998 22872 5700 976 5976 349 3734 1393 4315 4859 270 82 254 4355 4579 605 12302 2041 1737 229
leaf_count=1510 5525 21952 13683 14682 5845 10096 22193 622 8813 1975 1327 1611 1183 3670 16264 1320 929 4342 5365 11632 8682 366 49694 2019 10598 9937 132995 18574 27698 10876 29322 10981 12886 13255 1223 1231 529 13640 4792 1829 53 1669 3987 1998 22872 5700 976 5976 349 3734 1393 4315 4859 270 82 254 4355 4579 605 12302 2041 1737 229
internal_value=0 4.70135 4.61546 4.58052 5.09623 5.09758 4.54779 5.10572 4.51794 3.9566 4.2836 4.22507 5.09471 5.30022 4.7651 3.79193 3.714 5.12184 5.35524 3.62734 4.18734 3.56219 4.59493 5.40438 5.46071 4.57036 4.55534 4.47793 5.42498 4.3083 4.08342 4.85272 4.4075 4.48044 5.11954 4.75637 5.16902 4.24328 4.96283 6.04891 5.70397 4.45632 4.34215 4.26031 4.58693 4.70211 6.11954 4.13658 5.83406 3.93387 5.45768 5.47048 3.52587 6.3132 6.75533 4.62315 4.6448 4.58633 5.6502 5.57439 6.20096 6.05332 5.50251
internal_weight=0 577410 474258 442210 103152 32048 415747 21117 394630 22591 97590 91220 26463 63830 39322 20616 19296 6370 57985 17786 88951 16857 297040 52620 11781 241646 219453 63586 50601 41106 47845 33797 44715 26141 4893 18024 1760 28561 15773 7434 2269 12545 14921 10934 155867 55394 6583 35298 2028 12547 45708 44315 16491 701 431 2252 18871 14516 2216 16617 5607 3566 851
internal_count=600001 577410 474258 442210 103152 32048 415747 21117 394630 22591 97590 91220 26463 63830 39322 20616 19296 6370 57985 17786 88951 16857 297040 52620 11781 241646 219453 63586 50601 41106 47845 33797 44715 26141 4893 18024 1760 28561 15773 7434 2269 12545 14921 10934 155867 55394 6583 35298 2028 12547 45708 44315 16491 701 431 2252 18871 14516 2216 16617 5607 3566 851
is_linear=0
shrinkage=0.005


Tree=34
num_leaves=64
num_cat=0
split_feature=1 1 37 27 1 1 3 1 1 27 3 9 1 3 3 3 37 3 27 3 1 9 3 1 3 3 1 1 37 3 3 1 17 37 39 1 27 3 1 3 3 3 1 13 9 0 3 3 3 37 38 38 3 3 3 3 3 3 1 3 13 38 6
split_gain=4.77526e+08 7.75492e+08 3.1637e+08 2.9471e+08 2.75928e+08 2.75492e+08 2.74243e+08 4.04179e+08 2.81949e+08 2.53226e+08 1.91026e+08 1.99738e+08 1.1264e+08 7.59126e+07 7.31459e+07 7.24788e+07 6.75952e+07 5.92006e+07 5.4378e+07 5.42426e+07 4.08242e+07 3.96873e+07 3.17104e+07 2.21782e+07 2.1723e+07 2.16379e+07 2.15463e+07 2.90218e+07 2.00127e+07 1.56687e+07 1.44898e+07 1.42074e+07 1.32352e+07 1.28497e+07 1.25517e+07 1.1362e+07 1.07629e+07 1.04818e+07 1.03231e+07 1.01983e+07 1.00825e+07 1.40738e+07 1.00548e+07 1.00645e+07 9.94825e+06 9.87823e+06 9.43177e+06 1.13689e+07 9.22252e+06 9.21755e+06 9.22018e+06 9.17379e+06 1.00449e+07 9.13887e+06 1.08414e+07 8.85062e+06 9.56942e+06 8.85026e+06 8.82326e+06 8.58742e+06 8.57141e+06 9.20183e+06 8.53244e+06
threshold=1.0000000180025095e-35 5090.5000000000009 2019.5000000000002 1.0000000180025095e-35 1510.5000000000002 52861.000000000007 1.0000000180025095e-35 46670.500000000007 46215.500000000007 1.0000000180025095e-35 49.086193642899197 1.0000000180025095e-35 46215.500000000007 1.0000000180025095e-35 3.641052719675467 49.58469035707116 2019.5000000000002 50.849742826575884 1.0000000180025095e-35 1.0000000180025095e-35 79842.500000000015 1.0000000180025095e-35 36.977372812612337 4975.5000000000009 1.0000000180025095e-35 8.7922112358916067 15184.500000000002 5991.5000000000009 2019.5000000000002 30.958491610009386 29.984256972886694 440.50000000000006 1.0000000180025095e-35 2023.5000000000002 17.500000000000004 54757.500000000007 1.0000000180025095e-35 43.080037527664238 40975.000000000007 47.052345781429288 20.811850051578766 21.981087411853562 114592.50000000001 1.0000000180025095e-35 1.0000000180025095e-35 62.500000000000007 49.938894560673965 28.816585107346473 9.5748938426300949 2022.5000000000002 6.5000000000000009 1.5000000000000002 49.938894560673965 10.514780309671918 43.080037527664238 49.58469035707116 32.959592599707712 48.723139267295252 53792.500000000007 15.775500275987469 1.0000000180025095e-35 1.5000000000000002 1.0000000180025095e-35
decision_type=2 2 2 2 2 2 2 2 2 2 2 2 2 2 2 2 2 2 2 2 2 2 2 2 2 2 2 2 2 2 2 2 2 2 2 2 2 2 2 2 2 2 2 2 2 2 2 2 2 2 2 2 2 2 2 2 2 2 2 2 2 2 2
left_child=9 4 5 6 14 -3 7 -4 22 15 11 20 -5 -6 -2 16 -1 49 23 -18 30 53 25 28 -14 -8 27 -27 32 34 48 37 -15 -31 -22 -9 55 -16 -28 -13 -36 -42 43 45 -37 -43 47 -30 -10 -12 51 52 -51 -21 -55 56 59 -24 -50 -33 -35 -62 -7
right_child=1 2 3 12 13 62 8 35 10 -11 17 39 24 18 31 -17 19 -19 -20 21 29 -23 57 -25 -26 26 38 -29 46 33 -32 36 -34 60 40 44 -38 -39 -40 -41 41 42 -44 -45 -46 -47 -48 -49 58 50 -52 -53 -54 54 -56 -57 -58 -59 -60 -61 61 -63 -64
leaf_value=4.7110795088801165 4.207910149329213 4.7577055869373952 4.5703215225937512 4.777031246553693 4.7306164039305081 5.8576402587534986 4.6974470668893948 5.4749976545046977 4.2213715879284379 5.6471256944264043 5.5506482765224678 5.6089338423876791 4.7907787170152192 4.94382692735494 4.4846111447767525 4.9064641927661317 4.7854071159178009 4.768149471716943 4.8489338171670955 3.8418035911740112 4.1282581866519727 5.1728819974841649 4.6552597656791459 4.8634647481869715 5.5051382494807966 4.7054724445149096 4.5820387756923884 4.4119014062080932 5.3810955612093947 4.3703586617416157 4.195693024405724 5.0067195099700905 5.5444140396933044 5.0518258243181124 4.4600548609284099 6.1196225201157466 4.5558805631066894 5.32425869310193 4.4642484972143528 7.8077181046538886 3.5312087781459054 4.3376984308013444 4.5907547017472172 3.5667713512660768 4.8574278101921085 2.6885983877746686 5.0252844172010134 5.5465215255056286 3.8404944524712783 3.2219567761818571 5.5599311184372668 7.0530325897780939 6.8414310357628807 3.4273649919823921 3.9365300807569894 4.3940655673578837 5.0794304841533124 4.8363457766963753 4.0354150460473139 4.784151602067511 6.0842673848367355 3.9648373702352808 5.5484731770875575
leaf_weight=1510 5525 21952 13683 14682 5845 6766 22027 851 4604 1975 1346 2252 1183 3670 3978 1320 929 4373 5365 1826 15903 366 47115 2019 10598 9937 131551 55093 27698 11029 16299 6498 1223 1244 7288 6423 2524 410 21664 54 736 2058 1627 679 160 95 1393 16617 8097 36 289 355 41 13532 1133 846 6528 7875 20516 13013 59 388 3330
leaf_count=1510 5525 21952 13683 14682 5845 6766 22027 851 4604 1975 1346 2252 1183 3670 3978 1320 929 4373 5365 1826 15903 366 47115 2019 10598 9937 131551 55093 27698 11029 16299 6498 1223 1244 7288 6423 2524 410 21664 54 736 2058 1627 679 160 95 1393 16617 8097 36 289 355 41 13532 1133 846 6528 7875 20516 13013 59 388 3330
internal_value=0 4.67784 4.59239 4.55762 5.07075 5.07209 4.52505 5.08019 4.49535 3.93681 4.26497 4.20726 5.06924 5.27372 4.74127 3.77297 3.69543 5.09774 5.32846 3.6092 4.17028 3.54438 4.57288 5.37735 5.43341 4.54809 4.53302 4.45676 5.39786 4.28676 4.07359 4.82846 5.09394 4.43259 4.22141 6.01866 4.86806 4.56306 4.56538 5.66042 4.34008 4.17177 4.27751 4.09754 6.08894 4.26493 5.43039 5.44313 4.01368 5.79502 6.25123 6.71369 5.14921 3.50824 3.4667 4.89737 4.91372 4.68119 3.98026 4.85828 4.83844 4.24458 5.75567
internal_weight=0 577410 474258 442210 103152 32048 415747 21117 394630 22591 99368 92928 26463 63830 39322 20616 19296 6440 57985 17786 90622 16857 295262 52620 11781 240272 218245 65030 50601 41106 49516 33797 4893 12720 28386 7434 29409 4388 153215 2306 12483 5195 4459 2832 6583 2153 45708 44315 33217 2067 721 432 77 16491 14665 26885 26039 54990 28613 19511 1691 447 10096
internal_count=600001 577410 474258 442210 103152 32048 415747 21117 394630 22591 99368 92928 26463 63830 39322 20616 19296 6440 57985 17786 90622 16857 295262 52620 11781 240272 218245 65030 50601 41106 49516 33797 4893 12720 28386 7434 29409 4388 153215 2306 12483 5195 4459 2832 6583 2153 45708 44315 33217 2067 721 432 77 16491 14665 26885 26039 54990 28613 19511 1691 447 10096
is_linear=0
shrinkage=0.005


Tree=35
num_leaves=64
num_cat=0
split_feature=1 1 37 27 1 1 3 1 1 27 3 9 1 3 3 3 37 3 27 3 1 9 3 1 3 3 1 1 37 3 1 1 3 17 37 39 26 1 3 1 1 3 3 1 13 37 0 3 37 17 3 3 17 39 2 3 3 3 13 38 32 17 1
split_gain=4.72763e+08 7.67756e+08 3.13214e+08 2.9177e+08 2.73176e+08 2.72744e+08 2.71507e+08 4.00148e+08 2.79206e+08 2.507e+08 1.87752e+08 1.99557e+08 1.11516e+08 7.51553e+07 7.24162e+07 7.17559e+07 6.69209e+07 5.91772e+07 5.38356e+07 5.37016e+07 4.38613e+07 3.92914e+07 3.06597e+07 2.1957e+07 2.15063e+07 2.11485e+07 2.05483e+07 3.10758e+07 1.98131e+07 1.55124e+07 1.49796e+07 1.41471e+07 1.31175e+07 1.31031e+07 1.27215e+07 1.24265e+07 1.18523e+07 1.12486e+07 1.07578e+07 1.04309e+07 1.01731e+07 9.9819e+06 1.39334e+07 9.95448e+06 9.96411e+06 9.92502e+06 9.77969e+06 9.74085e+06 9.64614e+06 9.54394e+06 9.33769e+06 1.12555e+07 9.10697e+06 8.66432e+06 1.05152e+07 8.52842e+06 8.52046e+06 8.4912e+06 8.48592e+06 9.11004e+06 8.4799e+06 8.47419e+06 8.46332e+06
threshold=1.0000000180025095e-35 5090.5000000000009 2019.5000000000002 1.0000000180025095e-35 1510.5000000000002 52861.000000000007 1.0000000180025095e-35 46670.500000000007 46670.500000000007 1.0000000180025095e-35 49.086193642899197 1.0000000180025095e-35 46215.500000000007 1.0000000180025095e-35 3.641052719675467 49.58469035707116 2019.5000000000002 50.849742826575884 1.0000000180025095e-35 1.0000000180025095e-35 79842.500000000015 1.0000000180025095e-35 36.977372812612337 4975.5000000000009 1.0000000180025095e-35 9.5748938426300949 15184.500000000002 5991.5000000000009 2019.5000000000002 30.958491610009386 53792.500000000007 928.50000000000011 34.857935552831549 1.0000000180025095e-35 2023.5000000000002 17.500000000000004 1.0000000180025095e-35 54757.500000000007 47.052345781429288 40975.000000000007 40975.000000000007 20.811850051578766 21.981087411853562 114592.50000000001 1.0000000180025095e-35 2023.5000000000002 62.500000000000007 36.977372812612337 2022.5000000000002 1.0000000180025095e-35 49.938894560673965 28.816585107346473 1.0000000180025095e-35 19.500000000000004 3.5000000000000004 21.280066615632105 26.988004809714827 23.726451398639828 1.0000000180025095e-35 1.5000000000000002 1.0000000180025095e-35 1.0000000180025095e-35 2536.5000000000005
decision_type=2 2 2 2 2 2 2 2 2 2 2 2 2 2 2 2 2 2 2 2 2 2 2 2 2 2 2 2 2 2 2 2 2 2 2 2 2 2 2 2 2 2 2 2 2 2 2 2 2 2 2 2 2 2 2 2 2 2 2 2 2 2 2
left_child=9 4 5 6 14 -3 7 -4 22 15 11 20 -5 -6 -2 16 -1 48 23 60 30 52 25 28 -14 -8 27 -27 33 35 49 32 -16 -15 -31 -22 -33 -9 61 56 -24 -37 -43 44 46 -39 -44 -32 -12 -10 51 55 -21 54 -50 -30 57 -28 -36 -60 -18 -13 -53
right_child=1 2 3 12 13 -7 8 37 10 -11 17 38 24 18 31 -17 19 -19 -20 21 29 -23 40 -25 -26 26 39 -29 50 34 47 36 -34 -35 58 41 -38 45 -40 -41 -42 42 43 -45 -46 -47 -48 -49 53 -51 -52 62 -54 -55 -56 -57 -58 -59 59 -61 -62 -63 -64
leaf_value=4.687524040741982 4.1868707011279511 4.7339169694258558 4.5474699573605104 4.7531461059057625 4.7069633859515294 5.7268881844875992 4.6570185185266881 5.4476226015572822 3.9839961047237069 5.6188898646475387 5.5252904530306379 5.7833820328510459 4.7668248521122809 4.9191077329020247 4.6340188934772053 4.8819319272829276 4.4732032351136732 4.7414040046615957 4.8246890796222983 3.5666367178261305 4.107616908877465 5.1470176284731739 4.6781489067737736 4.8391474396631002 5.477612604378475 4.6930722206802464 4.5538677186719427 4.3859401604931838 5.4154010825865146 4.3485068468438701 4.0578747461440177 4.8231302097252007 4.9525058783096858 5.516691912309323 5.0265668375699084 4.4377546106814689 5.121152169729438 6.1394998363636812 7.8733355999892618 4.4404222727653551 4.4551316669543715 3.5135527566857334 4.3160099488434289 4.5678009404654176 3.5489374708819903 5.5931668554124281 2.6751553887379802 4.279358238424118 7.0688981414396306 3.6823798300311101 5.0001579047379012 5.3282596151135344 3.3088978787668299 5.548051203495926 5.0791552426756885 5.2284335537388245 4.6166135184864157 4.4302942721166696 6.0538458400055513 3.9450131599620448 5.5530790705065582 5.0893517385731064 5.5856181000659424
leaf_weight=1510 5525 21952 13683 14682 5845 10096 26873 851 8813 1975 1327 1611 1183 3670 13802 1320 681 4342 5365 11632 15903 366 49694 2019 10598 9721 70216 53910 18630 11029 29322 10981 4222 1223 1244 7288 4792 5607 53 22413 5700 736 2058 1627 679 976 95 5976 349 3734 1393 4315 4859 270 82 9068 41180 17333 59 388 248 605 12302
leaf_count=1510 5525 21952 13683 14682 5845 10096 26873 851 8813 1975 1327 1611 1183 3670 13802 1320 681 4342 5365 11632 15903 366 49694 2019 10598 9721 70216 53910 18630 11029 29322 10981 4222 1223 1244 7288 4792 5607 53 22413 5700 736 2058 1627 679 976 95 5976 349 3734 1393 4315 4859 270 82 9068 41180 17333 59 388 248 605 12302
internal_value=0 4.65445 4.56942 4.53483 5.04539 5.04673 4.50243 5.05479 4.47287 3.91713 4.24084 4.18289 5.04389 5.24735 4.71756 3.7541 3.67695 5.07076 5.30182 3.59115 4.14554 3.52666 4.5491 5.35047 5.40624 4.52478 4.50824 4.43286 5.37087 4.26532 4.04263 4.80432 4.70862 5.06847 4.41042 4.2003 4.91367 5.98857 5.64715 4.53997 4.6552 4.31838 4.15092 4.25612 4.07705 6.0585 4.24361 4.09537 5.77592 3.89423 5.40324 5.41591 3.4907 6.25037 6.69034 5.35419 4.5573 4.5294 4.81425 4.22336 4.76148 5.5939 5.51879
internal_weight=0 577410 474258 442210 103152 32048 415747 21117 394630 22591 97590 91220 26463 63830 39322 20616 19296 6370 57985 17786 88951 16857 297040 52620 11781 241646 214773 63631 50601 41106 47845 33797 18024 4893 12720 28386 15773 7434 2269 151142 55394 12483 5195 4459 2832 6583 2153 35298 2028 12547 45708 44315 16491 701 431 27698 128729 87549 1691 447 929 2216 16617
internal_count=600001 577410 474258 442210 103152 32048 415747 21117 394630 22591 97590 91220 26463 63830 39322 20616 19296 6370 57985 17786 88951 16857 297040 52620 11781 241646 214773 63631 50601 41106 47845 33797 18024 4893 12720 28386 15773 7434 2269 151142 55394 12483 5195 4459 2832 6583 2153 35298 2028 12547 45708 44315 16491 701 431 27698 128729 87549 1691 447 929 2216 16617
is_linear=0
shrinkage=0.005


Tree=36
num_leaves=64
num_cat=0
split_feature=1 1 37 27 1 1 3 1 1 27 3 9 1 3 3 3 37 3 27 3 1 9 3 1 3 3 1 1 37 3 1 1 17 1 1 3 27 37 3 1 1 9 3 37 17 3 3 3 3 3 3 3 38 0 1 39 11 25 3 3 3 3 39
split_gain=4.68047e+08 7.60098e+08 3.1009e+08 2.88859e+08 2.70451e+08 2.70024e+08 2.68799e+08 3.96156e+08 2.76421e+08 2.48199e+08 1.85879e+08 1.97567e+08 1.10404e+08 7.44057e+07 7.16939e+07 7.10401e+07 6.62534e+07 5.8587e+07 5.32986e+07 5.31659e+07 4.34238e+07 3.88995e+07 3.03538e+07 2.1738e+07 2.12918e+07 2.09376e+07 2.03434e+07 3.07658e+07 1.96155e+07 1.53589e+07 1.48301e+07 1.40155e+07 1.29724e+07 1.20405e+07 1.11364e+07 1.06505e+07 1.06393e+07 1.0625e+07 1.03441e+07 1.03269e+07 1.00716e+07 9.84757e+06 9.64368e+06 9.54991e+06 9.44874e+06 9.24455e+06 1.11432e+07 9.04683e+06 1.07336e+07 8.7818e+06 9.4209e+06 8.75084e+06 1.42782e+07 1.02541e+07 9.46274e+06 1.22334e+07 9.32637e+06 8.62672e+06 8.68616e+06 8.63387e+06 1.04934e+07 9.20564e+06 8.57789e+06
threshold=1.0000000180025095e-35 5090.5000000000009 2019.5000000000002 1.0000000180025095e-35 1510.5000000000002 52861.000000000007 1.0000000180025095e-35 46670.500000000007 46670.500000000007 1.0000000180025095e-35 49.086193642899197 1.0000000180025095e-35 46215.500000000007 1.0000000180025095e-35 3.641052719675467 49.58469035707116 2019.5000000000002 50.849742826575884 1.0000000180025095e-35 1.0000000180025095e-35 79842.500000000015 1.0000000180025095e-35 36.977372812612337 4975.5000000000009 1.0000000180025095e-35 9.5748938426300949 15184.500000000002 5991.5000000000009 2019.5000000000002 31.087322931897432 53792.500000000007 440.50000000000006 1.0000000180025095e-35 114592.50000000001 54757.500000000007 47.052345781429288 1.0000000180025095e-35 2023.5000000000002 43.080037527664238 40975.000000000007 40975.000000000007 1.0000000180025095e-35 36.977372812612337 2022.5000000000002 1.0000000180025095e-35 49.938894560673965 28.816585107346473 10.514780309671918 43.955623248403974 49.58469035707116 32.959592599707712 28.684346822020917 11.500000000000002 39.500000000000007 96798.500000000015 26.500000000000004 1.0000000180025095e-35 1.0000000180025095e-35 8.5967842720601748 30.958491610009386 27.735929573093696 10.179855106113367 19.500000000000004
decision_type=2 2 2 2 2 2 2 2 2 2 2 2 2 2 2 2 2 2 2 2 2 2 2 2 2 2 2 2 2 2 2 2 2 2 2 2 2 2 2 2 2 2 2 2 2 2 2 2 2 2 2 2 2 2 2 2 2 2 2 2 2 2 2
left_child=9 4 5 6 14 -3 7 -4 22 15 11 20 -5 -6 -2 16 -1 43 23 -18 30 47 25 28 -14 -8 27 -27 32 33 44 38 -15 51 -9 -13 49 -31 -16 -28 -24 -36 -32 -12 -10 46 -30 -21 -49 50 -33 54 -53 -54 55 -22 -57 58 -35 60 61 -60 -45
right_child=1 2 3 12 13 -7 8 34 10 -11 17 35 24 18 31 -17 19 -19 -20 21 29 -23 40 -25 -26 26 39 -29 45 37 42 36 -34 57 41 -37 -38 -39 -40 -41 -42 -43 -44 62 -46 -47 -48 48 -50 -51 -52 52 53 -55 -56 56 -58 -59 59 -61 -62 -63 -64
leaf_value=4.6640863671281707 4.1659362718797919 4.7102474839405808 4.5247325783832064 4.7293803766702309 4.6834285393740194 5.6982537765152719 4.6337334238575441 5.4203843862616781 3.9640761106410456 5.5907953986175833 5.4976641564487787 5.5659324027326242 4.7429906665482768 4.8945122565821997 4.4387621423019246 4.8575223338044049 4.7376727300978585 4.7176969277641847 4.8005655865317625 3.8051248443567345 4.1563642585693135 5.1212826585004239 4.6547581465494252 4.8149517399394437 5.4502243384695843 4.6696068343401675 4.5345145503329656 4.3640104781286446 5.3274192067868782 4.3328247319215736 4.0375853945637026 4.8100436550580232 5.4891086123287929 4.9259136540732786 6.0587297646726164 7.83396903271945 4.509245026117271 4.7612820868766406 5.2728748451820229 4.4182201384968769 4.43285605345703 4.8029382226467137 4.2579614420279039 6.6568874624751837 3.6639679414911983 4.9751571460369357 5.4911949774728832 3.3963563222427666 3.9464662368492447 4.3474253663624998 5.0294749248457054 3.6495153696945382 3.6443739416541123 6.8777866434660107 3.9766111028098163 4.8548089364289631 3.9515454032787911 4.113312316641645 3.6455937054106888 6.588667910431707 3.8230460354371889 4.4792914837445883 5.5203109262298655
leaf_weight=1510 5525 21952 13683 14682 5845 10096 26873 851 8813 1975 1327 2216 1183 3670 3978 1320 929 4342 5365 1826 9000 366 49694 2019 10598 9721 128729 53910 27698 10876 29322 19511 1223 750 6423 53 2524 1669 410 22413 5700 160 5976 431 3734 1393 16617 13717 948 846 6528 1624 41 61 5859 1181 377 3504 355 43 845 4921 270
leaf_count=1510 5525 21952 13683 14682 5845 10096 26873 851 8813 1975 1327 2216 1183 3670 3978 1320 929 4342 5365 1826 9000 366 49694 2019 10598 9721 128729 53910 27698 10876 29322 19511 1223 750 6423 53 2524 1669 410 22413 5700 160 5976 431 3734 1393 16617 13717 948 846 6528 1624 41 61 5859 1181 377 3504 355 43 845 4921 270
internal_value=0 4.63118 4.54658 4.51216 5.02016 5.0215 4.47992 5.02952 4.45051 3.89754 4.21964 4.16197 5.01868 5.22111 4.69398 3.73533 3.65857 5.04541 5.27531 3.5732 4.12481 3.50902 4.52636 5.32371 5.37921 4.50216 4.48569 4.4107 5.34401 4.244 4.02241 4.7803 5.04313 4.17994 5.95863 5.61891 4.81963 4.38983 4.5167 4.51727 4.63192 6.02821 4.0749 5.74704 3.87476 5.37622 5.38883 3.47324 3.43192 4.84877 4.86506 4.10215 3.76349 5.57808 4.13775 4.22718 4.63624 4.31542 4.41785 4.35603 4.34035 4.4232 6.21912
internal_weight=0 577410 474258 442210 103152 32048 415747 21117 394630 22591 97590 91220 26463 63830 39322 20616 19296 6370 57985 17786 88951 16857 297040 52620 11781 241646 214773 63631 50601 41106 47845 33797 4893 28561 7434 2269 29409 12545 4388 151142 55394 6583 35298 2028 12547 45708 44315 16491 14665 26885 26039 18143 1726 102 16417 10558 1558 10418 6914 6164 6121 5276 701
internal_count=600001 577410 474258 442210 103152 32048 415747 21117 394630 22591 97590 91220 26463 63830 39322 20616 19296 6370 57985 17786 88951 16857 297040 52620 11781 241646 214773 63631 50601 41106 47845 33797 4893 28561 7434 2269 29409 12545 4388 151142 55394 6583 35298 2028 12547 45708 44315 16491 14665 26885 26039 18143 1726 102 16417 10558 1558 10418 6914 6164 6121 5276 701
is_linear=0
shrinkage=0.005


Tree=37
num_leaves=64
num_cat=0
split_feature=1 1 37 27 1 1 3 1 1 27 3 9 1 3 3 3 37 3 27 3 1 9 3 1 3 3 1 1 37 3 1 1 1 1 3 17 3 1 27 1 3 37 1 1 37 3 37 17 3 3 17 1 1 3 3 0 1 39 2 0 1 3 38
split_gain=4.63378e+08 7.52516e+08 3.06997e+08 2.85978e+08 2.67753e+08 2.6733e+08 2.66118e+08 3.92205e+08 2.73663e+08 2.45724e+08 1.84025e+08 1.95596e+08 1.09302e+08 7.36635e+07 7.09787e+07 7.03315e+07 6.55925e+07 5.80025e+07 5.27669e+07 5.26356e+07 4.29906e+07 3.85115e+07 3.00511e+07 2.15211e+07 2.10794e+07 2.07375e+07 2.06542e+07 2.90037e+07 1.94198e+07 1.52057e+07 1.46822e+07 1.39561e+07 1.32599e+07 1.9936e+07 1.29782e+07 1.2843e+07 1.22208e+07 1.19204e+07 1.17341e+07 1.10253e+07 1.05443e+07 1.0519e+07 1.04784e+07 9.97114e+06 9.82458e+06 9.54748e+06 9.45466e+06 9.35449e+06 9.15233e+06 1.1032e+07 9.01498e+06 8.72358e+06 2.49348e+07 8.67001e+06 8.97877e+06 8.74187e+06 8.59314e+06 8.49232e+06 1.04103e+07 8.48078e+06 8.45874e+06 9.02884e+06 1.07535e+07
threshold=1.0000000180025095e-35 5090.5000000000009 2019.5000000000002 1.0000000180025095e-35 1510.5000000000002 52861.000000000007 1.0000000180025095e-35 46670.500000000007 46670.500000000007 1.0000000180025095e-35 49.086193642899197 1.0000000180025095e-35 46215.500000000007 1.0000000180025095e-35 3.641052719675467 49.58469035707116 2019.5000000000002 50.849742826575884 1.0000000180025095e-35 1.0000000180025095e-35 79842.500000000015 1.0000000180025095e-35 36.977372812612337 4975.5000000000009 1.0000000180025095e-35 8.7922112358916067 14955.000000000002 6971.5000000000009 2019.5000000000002 31.087322931897432 53792.500000000007 928.50000000000011 9904.5000000000018 12053.500000000002 42.845288989930189 1.0000000180025095e-35 49.58469035707116 114592.50000000001 1.0000000180025095e-35 54757.500000000007 47.052345781429288 2023.5000000000002 40975.000000000007 40975.000000000007 2023.5000000000002 36.977372812612337 2022.5000000000002 1.0000000180025095e-35 49.938894560673965 28.816585107346473 1.0000000180025095e-35 6792.5000000000009 5991.5000000000009 10.179855106113367 11.068548944418653 62.500000000000007 144028.00000000003 19.500000000000004 3.5000000000000004 36.500000000000007 107061.50000000001 28.684346822020917 11.500000000000002
decision_type=2 2 2 2 2 2 2 2 2 2 2 2 2 2 2 2 2 2 2 2 2 2 2 2 2 2 2 2 2 2 2 2 2 2 2 2 2 2 2 2 2 2 2 2 2 2 2 2 2 2 2 2 2 2 2 2 2 2 2 2 2 2 2
left_child=9 4 5 6 14 -3 7 -4 22 15 11 20 -5 -6 -2 16 -1 46 23 -18 30 50 25 28 -14 -8 27 51 35 37 47 34 -29 -34 -16 -15 59 53 -33 -9 -13 -31 -28 -24 -41 -32 -12 -10 49 -30 -21 52 -27 55 -55 -22 -39 58 -48 -36 61 -56 -63
right_child=1 2 3 12 13 -7 8 39 10 -11 17 40 24 18 31 -17 19 -19 -20 21 29 -23 43 -25 -26 26 42 32 48 41 45 38 33 -35 36 -37 -38 56 -40 44 -42 -43 -44 -45 -46 -47 57 -49 -50 -51 -52 -53 -54 54 60 -57 -58 -59 -60 -61 -62 62 -64
leaf_value=4.640765941610276 4.1451066178645952 4.6866962694562231 4.5021089215708532 4.7057334882209476 4.6600114467937379 5.6697625368118736 4.6253008087536953 5.3932825917628904 3.9442557161309471 5.5628415051905415 5.470175690286216 5.5381025982595009 4.7192756663473201 4.8700397622007925 4.617211136255448 4.8332347060927319 4.7139843883452812 4.6941084185352473 4.7765628551934665 3.5314325256550751 4.3921327792352258 5.0956760956159703 4.6314843948721895 4.7908768983222192 5.4229732485073692 4.6351395287978798 4.5129003142554049 4.2174535542145843 5.3007820161885553 4.3111605916262965 4.0173974404305 4.9074878952940955 4.5322200296905422 4.2560345365978645 4.8302437923775345 5.4616629395773444 4.433632202267872 4.3399855693041678 4.427184652125109 6.0786554410500342 7.7947991410741269 4.7374757598096773 4.3970424984604932 4.4106918319402295 5.5350939229680378 4.236671595904812 7.0002692212962838 3.6456480646154428 4.9502813285279004 5.4637389976660362 3.2749987525461264 4.7496187189898178 4.1891922759945333 3.3827101844829675 4.1499862745240756 2.8937858274667572 3.8469470412819811 5.4927094035678445 5.020475047666852 5.6786673109672599 3.7379558778553381 3.6305115402063333 5.3427121129327899
leaf_weight=1510 5525 21952 13683 14682 5845 10096 22193 851 8813 1975 1327 2216 1183 3670 16264 1320 929 4342 5365 11632 2691 366 49694 2019 10598 9937 132995 18574 27698 10876 29322 14378 12886 13255 488 1223 529 9443 1395 5607 53 1669 22872 5700 976 5976 349 3734 1393 16617 4859 4355 4579 510 11498 101 975 270 82 743 1818 1427 98
leaf_count=1510 5525 21952 13683 14682 5845 10096 22193 851 8813 1975 1327 2216 1183 3670 16264 1320 929 4342 5365 11632 2691 366 49694 2019 10598 9937 132995 18574 27698 10876 29322 14378 12886 13255 488 1223 529 9443 1395 5607 53 1669 22872 5700 976 5976 349 3734 1393 16617 4859 4355 4579 510 11498 101 975 270 82 743 1818 1427 98
internal_value=0 4.60803 4.52384 4.4896 4.99506 4.99639 4.45752 5.00437 4.42826 3.87806 4.19854 4.14116 4.99358 5.19501 4.67051 3.71666 3.64027 5.02018 5.24893 3.55533 4.10419 3.49148 4.50373 5.2971 5.35231 4.47965 4.46492 4.38897 5.31729 4.22278 4.0023 4.7564 4.3196 4.39218 4.66135 5.01792 5.0692 4.15904 4.86501 5.92883 5.59082 4.36788 4.4959 4.60877 5.99807 4.05452 5.71831 3.85539 5.34934 5.36189 3.45588 4.55335 4.49447 4.08164 4.03502 4.33793 4.29384 6.18802 6.6236 5.34233 4.05744 4.10204 3.74054
internal_weight=0 577410 474258 442210 103152 32048 415747 21117 394630 22591 97590 91220 26463 63830 39322 20616 19296 6370 57985 17786 88951 16857 297040 52620 11781 241646 219453 63586 50601 41106 47845 33797 44715 26141 18024 4893 1760 28561 15773 7434 2269 12545 155867 55394 6583 35298 2028 12547 45708 44315 16491 18871 14516 18143 15351 2792 10418 701 431 1231 14841 13023 1525
internal_count=600001 577410 474258 442210 103152 32048 415747 21117 394630 22591 97590 91220 26463 63830 39322 20616 19296 6370 57985 17786 88951 16857 297040 52620 11781 241646 219453 63586 50601 41106 47845 33797 44715 26141 18024 4893 1760 28561 15773 7434 2269 12545 155867 55394 6583 35298 2028 12547 45708 44315 16491 18871 14516 18143 15351 2792 10418 701 431 1231 14841 13023 1525
is_linear=0
shrinkage=0.005


Tree=38
num_leaves=64
num_cat=0
split_feature=1 1 37 27 1 1 3 1 1 27 3 9 1 3 3 3 37 3 27 3 1 9 3 1 3 3 1 1 37 3 1 1 17 37 39 1 27 3 3 1 1 3 3 1 13 9 0 3 37 17 3 3 3 3 3 3 9 3 3 17 6 1 27
split_gain=4.58756e+08 7.4501e+08 3.03935e+08 2.83125e+08 2.65082e+08 2.64664e+08 2.63463e+08 3.88292e+08 2.70934e+08 2.43272e+08 1.82189e+08 1.93645e+08 1.08212e+08 7.29287e+07 7.02707e+07 6.96299e+07 6.49382e+07 5.7424e+07 5.22406e+07 5.21105e+07 4.25618e+07 3.81273e+07 2.97512e+07 2.13065e+07 2.08692e+07 2.05424e+07 1.99433e+07 3.01717e+07 1.92261e+07 1.50554e+07 1.45358e+07 1.38283e+07 1.27149e+07 1.23656e+07 1.22638e+07 1.09154e+07 1.04531e+07 1.04391e+07 1.01793e+07 1.01217e+07 9.87167e+06 9.82498e+06 1.38348e+07 9.77827e+06 9.87028e+06 9.74791e+06 9.67925e+06 9.45225e+06 9.36034e+06 9.26118e+06 9.06104e+06 1.0922e+07 8.95571e+06 1.06348e+07 8.67531e+06 9.28784e+06 8.52899e+06 8.49712e+06 8.45462e+06 8.45292e+06 8.44733e+06 1.11677e+07 8.73837e+06
threshold=1.0000000180025095e-35 5090.5000000000009 2019.5000000000002 1.0000000180025095e-35 1510.5000000000002 52861.000000000007 1.0000000180025095e-35 46670.500000000007 46670.500000000007 1.0000000180025095e-35 49.086193642899197 1.0000000180025095e-35 46215.500000000007 1.0000000180025095e-35 3.641052719675467 49.58469035707116 2019.5000000000002 50.849742826575884 1.0000000180025095e-35 1.0000000180025095e-35 79842.500000000015 1.0000000180025095e-35 36.977372812612337 4975.5000000000009 1.0000000180025095e-35 9.5748938426300949 15184.500000000002 5991.5000000000009 2019.5000000000002 30.958491610009386 53792.500000000007 440.50000000000006 1.0000000180025095e-35 2023.5000000000002 17.500000000000004 54757.500000000007 1.0000000180025095e-35 47.052345781429288 43.080037527664238 40975.000000000007 40975.000000000007 20.811850051578766 21.981087411853562 114592.50000000001 1.0000000180025095e-35 1.0000000180025095e-35 62.500000000000007 36.977372812612337 2022.5000000000002 1.0000000180025095e-35 49.938894560673965 28.816585107346473 10.514780309671918 43.080037527664238 49.58469035707116 32.959592599707712 1.0000000180025095e-35 15.775500275987469 22.772026822951499 1.0000000180025095e-35 1.0000000180025095e-35 71432.500000000015 1.0000000180025095e-35
decision_type=2 2 2 2 2 2 2 2 2 2 2 2 2 2 2 2 2 2 2 2 2 2 2 2 2 2 2 2 2 2 2 2 2 2 2 2 2 2 2 2 2 2 2 2 2 2 2 2 2 2 2 2 2 2 2 2 2 2 2 2 2 2 2
left_child=9 4 5 6 14 -3 7 -4 22 15 11 20 -5 -6 -2 16 -1 48 23 -18 30 52 25 28 -14 -8 27 -27 32 34 49 38 -15 -31 -22 59 54 -13 56 -28 -24 -36 -43 44 46 -37 -44 -32 -12 -10 51 58 -21 -54 55 57 -16 -33 -30 -9 62 -62 -7
right_child=1 2 3 12 13 60 8 35 10 -11 17 37 24 18 31 -17 19 -19 -20 21 29 -23 40 -25 -26 26 39 -29 50 33 47 36 -34 -35 41 45 -38 -39 -40 -41 -42 42 43 -45 -46 -47 -48 -49 -50 -51 -52 -53 53 -55 -56 -57 -58 -59 -60 -61 61 -63 -64
leaf_value=4.6175622542250832 4.1243810936564298 4.6632626734408191 4.4795983447869485 4.6822047401365152 4.6367113681398369 5.7977426619072583 4.5875769649797178 5.6686809093929185 3.9245344642480942 5.5350273862814605 5.4428248325942512 5.5104120805742562 4.6956793205312826 4.8456895641338598 4.367613183790171 4.8090684971502338 4.6904144326323971 4.6706379479265943 4.7526799818567884 3.7688037549047393 4.0455301637731953 5.0701976880480037 4.6083268467569365 4.7669225025070725 5.3958584868489918 4.6230830543666306 4.4892774828373847 4.3204515635624503 5.3260413866334444 4.2835651636420629 3.9973104947580711 4.909792022219059 5.4343546118506234 4.7427431944948477 4.3733416232895355 5.9984434968454901 4.4640267253432153 7.7558249362009875 5.2209116019795578 4.374143869500819 4.3886383218220582 3.4536637354242292 4.2539206121922026 4.5025073614793465 3.4904992484886184 4.7490228769779206 2.6215136324229991 4.215488281590563 6.1570833032626062 3.6274198120160013 4.925529876212293 5.4364201676065482 3.358519715167755 3.8628091032593286 4.302271028861016 4.980007409332412 6.4666115538927977 4.6883973636586624 5.1268556073638392 4.5450460082266533 5.0276939571213273 5.6409711788299131 5.1543839916987171
leaf_weight=1510 5525 21952 13683 14682 5845 6189 26873 622 8813 1975 1327 2216 1183 3670 3929 1320 929 4342 5365 1826 15903 366 49694 2019 10598 9721 128729 53910 20500 11029 29322 6498 1223 1691 7288 6423 2524 53 410 22413 5700 736 2058 1627 679 160 95 5976 701 3734 1393 16617 13532 1133 846 6528 49 13013 7198 229 1117 2213 577
leaf_count=1510 5525 21952 13683 14682 5845 6189 26873 622 8813 1975 1327 2216 1183 3670 3929 1320 929 4342 5365 1826 15903 366 49694 2019 10598 9721 128729 53910 20500 11029 29322 6498 1223 1691 7288 6423 2524 53 410 22413 5700 736 2058 1627 679 160 95 5976 701 3734 1393 16617 13532 1133 846 6528 49 13013 7198 229 1117 2213 577
internal_value=0 4.58499 4.50122 4.46715 4.97009 4.97141 4.43523 4.97935 4.40611 3.85867 4.17755 4.12046 4.96861 5.16903 4.64715 3.69807 3.62207 4.99508 5.22269 3.53756 4.08367 3.47402 4.48121 5.27061 5.32555 4.45725 4.44094 4.36669 5.29071 4.20166 3.98229 4.73261 4.99283 4.34461 4.13761 5.89919 4.77168 5.56286 4.47078 4.4722 4.58572 4.25491 4.08877 4.1936 4.01612 5.96808 4.18189 4.03425 5.68972 3.83611 5.3226 5.33508 3.4386 3.39748 4.80056 4.81675 4.39347 4.76213 5.27428 5.36632 5.64141 5.43526 5.74288
internal_weight=0 577410 474258 442210 103152 32048 415747 21117 394630 22591 97590 91220 26463 63830 39322 20616 19296 6370 57985 17786 88951 16857 297040 52620 11781 241646 214773 63631 50601 41106 47845 33797 4893 12720 28386 7434 29409 2269 4388 151142 55394 12483 5195 4459 2832 6583 2153 35298 2028 12547 45708 44315 16491 14665 26885 26039 3978 19511 27698 851 10096 3330 6766
internal_count=600001 577410 474258 442210 103152 32048 415747 21117 394630 22591 97590 91220 26463 63830 39322 20616 19296 6370 57985 17786 88951 16857 297040 52620 11781 241646 214773 63631 50601 41106 47845 33797 4893 12720 28386 7434 29409 2269 4388 151142 55394 12483 5195 4459 2832 6583 2153 35298 2028 12547 45708 44315 16491 14665 26885 26039 3978 19511 27698 851 10096 3330 6766
is_linear=0
shrinkage=0.005


Tree=39
num_leaves=64
num_cat=0
split_feature=1 1 37 27 1 1 3 1 1 27 3 9 1 3 3 3 37 3 27 3 1 9 3 1 3 3 1 1 37 3 1 1 1 1 3 17 3 3 26 33 39 1 3 37 1 1 37 3 37 17 3 3 17 1 1 3 0 37 3 38 3 3 3
split_gain=4.5418e+08 7.37578e+08 3.00903e+08 2.80301e+08 2.62438e+08 2.62024e+08 2.60835e+08 3.84419e+08 2.68231e+08 2.40846e+08 1.80372e+08 1.91713e+08 1.07133e+08 7.22012e+07 6.95698e+07 6.89354e+07 6.42904e+07 5.68512e+07 5.17195e+07 5.15907e+07 4.21372e+07 3.7747e+07 2.94545e+07 2.10939e+07 2.0661e+07 2.03464e+07 2.0255e+07 2.85218e+07 1.90343e+07 1.49053e+07 1.43908e+07 1.37661e+07 1.31281e+07 1.97365e+07 1.28016e+07 1.25881e+07 1.20311e+07 1.18198e+07 1.16748e+07 1.08587e+07 1.45124e+07 1.08065e+07 1.0335e+07 1.03017e+07 1.02741e+07 9.77321e+06 9.72515e+06 9.35796e+06 9.26697e+06 9.1688e+06 8.97066e+06 1.08131e+07 8.92358e+06 8.7056e+06 2.45219e+07 8.58277e+06 8.45304e+06 9.72398e+06 8.42719e+06 8.41207e+06 8.43873e+06 9.74875e+06 1.08503e+07
threshold=1.0000000180025095e-35 5090.5000000000009 2019.5000000000002 1.0000000180025095e-35 1510.5000000000002 52861.000000000007 1.0000000180025095e-35 46670.500000000007 46670.500000000007 1.0000000180025095e-35 49.086193642899197 1.0000000180025095e-35 46215.500000000007 1.0000000180025095e-35 3.641052719675467 49.58469035707116 2019.5000000000002 50.849742826575884 1.0000000180025095e-35 1.0000000180025095e-35 79842.500000000015 1.0000000180025095e-35 36.977372812612337 4975.5000000000009 1.0000000180025095e-35 8.7922112358916067 14955.000000000002 6971.5000000000009 2019.5000000000002 31.087322931897432 53792.500000000007 928.50000000000011 9904.5000000000018 12053.500000000002 42.845288989930189 1.0000000180025095e-35 49.58469035707116 19.490564829142787 1.0000000180025095e-35 1.0000000180025095e-35 24.500000000000004 54757.500000000007 47.052345781429288 2023.5000000000002 40975.000000000007 40975.000000000007 2023.5000000000002 36.977372812612337 2022.5000000000002 1.0000000180025095e-35 49.938894560673965 28.816585107346473 1.0000000180025095e-35 6792.5000000000009 5991.5000000000009 18.00213777698308 46.500000000000007 2021.5000000000002 48.723139267295252 10.500000000000002 26.988004809714827 15.775500275987469 15.055163987698602
decision_type=2 2 2 2 2 2 2 2 2 2 2 2 2 2 2 2 2 2 2 2 2 2 2 2 2 2 2 2 2 2 2 2 2 2 2 2 2 2 2 2 2 2 2 2 2 2 2 2 2 2 2 2 2 2 2 2 2 2 2 2 2 2 2
left_child=9 4 5 6 14 -3 7 -4 22 15 11 20 -5 -6 -2 16 -1 48 23 -18 30 52 25 28 -14 -8 27 53 35 37 49 34 -29 -34 -16 -15 -36 39 -33 40 -22 -9 -13 -31 59 58 56 -32 -12 -10 51 -30 -21 54 -27 -42 57 -43 -24 60 61 62 -28
right_child=1 2 3 12 13 -7 8 41 10 -11 17 42 24 18 31 -17 19 -19 -20 21 29 -23 45 -25 -26 26 44 32 50 43 47 38 33 -35 36 -37 -38 -39 -40 -41 55 46 -44 -45 -46 -47 -48 -49 -50 -51 -52 -53 -54 -55 -56 -57 -58 -59 -60 -61 -62 -63 -64
leaf_value=4.5944743650220463 4.1037591762453891 4.6399463801051057 4.4572004328802395 4.6587937942113555 4.6135277747944752 5.6132067211332437 4.5792364089939612 5.3394846243716856 3.904911783764812 5.5073521122123621 5.415610888797759 5.4828600976254709 4.6722009754583986 4.8214611353770271 4.5707169172221871 4.7850231844006164 4.6669623272898892 4.6472846884169767 4.728916566132833 3.4965761791975423 4.0405808654071738 5.0448468378169942 4.5586711058241773 4.7430879102625534 5.3688790874924157 4.5888521380778045 4.5004424559425207 4.1747340713188121 5.2479067572591216 4.2681869598239546 3.9773239483171614 4.7269597583204135 4.4879272222737132 4.2131271024699126 5.2906223801555532 5.4071828476600938 4.3890042712805624 4.0111679503708135 5.0227424396799636 4.4381751417674185 4.6010755780203318 6.1259882101483392 7.7170457246168613 4.6900746496506551 4.3531651879409177 4.3666951519178649 5.4776120178230476 4.1944108242229863 6.126297965663646 3.609282737012192 4.9009022711500876 5.4092382027535084 3.2414456261441313 4.7042377098221015 4.1466125225451318 3.6252923133617312 6.2750298624953365 5.6036209632321619 4.7445814772227992 4.3706704336694076 4.547883887454848 4.4149981052160774 4.8477204978889032
leaf_weight=1510 5525 21952 13683 14682 5845 10096 22193 851 8813 1975 1327 2216 1183 3670 16264 1320 929 4342 5365 11632 8682 366 42580 2019 10598 9937 24167 18574 27698 10876 29322 10981 12886 13255 1231 1223 529 13640 4792 3987 1998 1829 53 1669 22872 5700 976 5976 701 3734 1393 16617 4859 4355 4579 254 2041 1737 7114 19062 35677 51609 2480
leaf_count=1510 5525 21952 13683 14682 5845 10096 22193 851 8813 1975 1327 2216 1183 3670 16264 1320 929 4342 5365 11632 8682 366 42580 2019 10598 9937 24167 18574 27698 10876 29322 10981 12886 13255 1231 1223 529 13640 4792 3987 1998 1829 53 1669 22872 5700 976 5976 701 3734 1393 16617 4859 4355 4579 254 2041 1737 7114 19062 35677 51609 2480
internal_value=0 4.56206 4.47872 4.44481 4.94524 4.94655 4.41305 4.95445 4.38408 3.83937 4.15666 4.09986 4.94377 5.14319 4.62392 3.67958 3.60396 4.9701 5.19658 3.51987 4.06325 3.45665 4.4588 5.24426 5.29892 4.43496 4.42037 4.34516 5.26425 4.18065 3.96238 4.70895 4.27637 4.34859 4.61455 4.96786 5.01962 4.11755 4.81682 4.2148 4.13335 5.86969 5.53505 4.32432 4.45105 4.56279 5.93824 4.01408 5.66127 3.81693 5.29598 5.3084 3.4214 4.50817 4.44935 4.49102 6.01842 5.87154 4.58529 4.46789 4.48415 4.4551 4.53276
internal_weight=0 577410 474258 442210 103152 32048 415747 21117 394630 22591 97590 91220 26463 63830 39322 20616 19296 6370 57985 17786 88951 16857 297040 52620 11781 241646 219453 63586 50601 41106 47845 33797 44715 26141 18024 4893 1760 28561 15773 14921 10934 7434 2269 12545 155867 55394 6583 35298 2028 12547 45708 44315 16491 18871 14516 2252 5607 3566 49694 132995 113933 78256 26647
internal_count=600001 577410 474258 442210 103152 32048 415747 21117 394630 22591 97590 91220 26463 63830 39322 20616 19296 6370 57985 17786 88951 16857 297040 52620 11781 241646 219453 63586 50601 41106 47845 33797 44715 26141 18024 4893 1760 28561 15773 14921 10934 7434 2269 12545 155867 55394 6583 35298 2028 12547 45708 44315 16491 18871 14516 2252 5607 3566 49694 132995 113933 78256 26647
is_linear=0
shrinkage=0.005


Tree=40
num_leaves=64
num_cat=0
split_feature=1 1 37 27 1 1 3 1 1 27 3 9 1 3 3 3 37 3 27 3 1 9 3 3 1 3 3 1 1 37 37 3 1 24 1 1 1 17 1 27 3 9 1 3 1 1 4 0 3 3 3 3 0 37 38 1 3 1 1 3 3 9 3
split_gain=4.4965e+08 7.30221e+08 2.97901e+08 2.77505e+08 2.5982e+08 2.5941e+08 2.58233e+08 3.80584e+08 2.65563e+08 2.38443e+08 1.79978e+08 1.88114e+08 1.06064e+08 7.1481e+07 6.88758e+07 6.82477e+07 6.36491e+07 5.57726e+07 5.12036e+07 5.10761e+07 3.87516e+07 3.73705e+07 2.9869e+07 2.47853e+07 2.08835e+07 2.04549e+07 2.04495e+07 2.03271e+07 2.82373e+07 1.88445e+07 1.7366e+07 1.41393e+07 1.36429e+07 1.30689e+07 1.29971e+07 1.95396e+07 1.2589e+07 1.24625e+07 1.06987e+07 1.0334e+07 1.00183e+07 9.64698e+06 9.61645e+06 9.59272e+06 9.23124e+06 9.01372e+06 9.00913e+06 8.90096e+06 8.88117e+06 1.07052e+07 8.86551e+06 1.05296e+07 8.74531e+06 8.68369e+06 9.12313e+06 9.1097e+06 8.6807e+06 8.61875e+06 2.42773e+07 8.56971e+06 9.156e+06 8.44401e+06 8.41047e+06
threshold=1.0000000180025095e-35 5090.5000000000009 2019.5000000000002 1.0000000180025095e-35 1510.5000000000002 52861.000000000007 1.0000000180025095e-35 46670.500000000007 46215.500000000007 1.0000000180025095e-35 49.086193642899197 1.0000000180025095e-35 46215.500000000007 1.0000000180025095e-35 3.641052719675467 49.58469035707116 2019.5000000000002 50.849742826575884 1.0000000180025095e-35 1.0000000180025095e-35 114592.50000000001 1.0000000180025095e-35 36.977372812612337 31.087322931897432 4975.5000000000009 1.0000000180025095e-35 8.7922112358916067 14955.000000000002 6971.5000000000009 2019.5000000000002 2023.5000000000002 9.5748938426300949 440.50000000000006 1.0000000180025095e-35 9904.5000000000018 12053.500000000002 53792.500000000007 1.0000000180025095e-35 54757.500000000007 1.0000000180025095e-35 43.080037527664238 1.0000000180025095e-35 40975.000000000007 47.052345781429288 49397.000000000007 86554.500000000015 1.0000000180025095e-35 63.500000000000007 49.938894560673965 28.816585107346473 10.514780309671918 43.955623248403974 41.500000000000007 2022.5000000000002 6.5000000000000009 82029.000000000015 48.723139267295252 6792.5000000000009 5991.5000000000009 49.58469035707116 32.959592599707712 1.0000000180025095e-35 15.775500275987469
decision_type=2 2 2 2 2 2 2 2 2 2 2 2 2 2 2 2 2 2 2 2 2 2 2 2 2 2 2 2 2 2 2 2 2 2 2 2 2 2 2 2 2 2 2 2 2 2 2 2 2 2 2 2 2 2 2 2 2 2 2 2 2 2 2
left_child=9 4 5 6 14 -3 7 -4 22 15 11 20 -5 -6 -2 16 -1 53 24 -18 23 50 26 31 29 -14 -8 28 57 37 -25 -10 40 -22 -30 -36 44 -15 -9 59 61 -40 -29 -13 -33 -32 -47 -46 49 -31 -21 -52 -38 -12 55 -55 -24 58 -28 60 62 -16 -34
right_child=1 2 3 12 13 -7 8 38 10 -11 17 43 25 18 32 -17 19 -19 -20 21 33 -23 56 30 -26 -27 27 42 34 48 45 36 39 -35 35 -37 52 -39 41 -41 -42 -43 -44 -45 47 46 -48 -49 -50 -51 51 -53 -54 54 -56 -57 -58 -59 -60 -61 -62 -63 -64
leaf_value=4.5715019885521899 4.0832403788919294 4.6167466563273107 4.4349144561248881 4.6354997729235077 4.5904601499134907 5.5851405718407214 4.5585455241487152 5.3127871441392873 4.1501909864907844 5.4798153882962239 5.3865109694246511 5.4428686409193494 4.6488398787094596 4.7973537078189592 4.3229096043655275 4.7610979777944813 4.6436274941385882 4.6270033601549638 4.7052720632403675 3.7328366361745924 4.1744898925279674 5.0196225633060996 4.5168449789228253 4.0844140924756678 4.7193724567989657 5.342034651110299 4.5659079056350214 4.4455484696730281 4.1538603518893709 5.2216672673952536 4.3359254093399038 3.9198992300400093 4.861691755959022 4.4877335581276121 4.4654875661292133 4.1920614415044408 4.0240176595715988 5.3801470597406347 5.9387543573045249 4.4183143409882364 5.1695084538343474 4.6958186705112457 4.3319485563245994 7.5753713183932838 3.6221701561874795 4.4317068388821586 5.536126625181236 2.189398502916903 4.8763977504127416 5.3821919158248148 3.3281664739735901 3.8730245552914622 3.8707917588354053 5.8921914942069931 5.3788508705593721 7.3576044675245651 4.6961879450041151 4.6807164365707399 4.1258795230169696 4.2576773392970964 4.9311101403655302 6.4114248585214426 4.6414288902884806
leaf_weight=1510 5525 21952 13683 14682 5845 10096 22027 851 7013 1975 1346 2252 1183 3670 3929 1320 929 4373 5365 1826 9968 366 47115 19841 2019 10598 9937 132995 18574 27698 2284 3781 6498 5000 12886 13255 18955 1223 6423 2524 410 160 21664 54 4625 378 361 111 1393 16617 13717 948 18305 245 289 187 7875 4355 4579 846 6528 49 13013
leaf_count=1510 5525 21952 13683 14682 5845 10096 22027 851 7013 1975 1346 2252 1183 3670 3929 1320 929 4373 5365 1826 9968 366 47115 19841 2019 10598 9937 132995 18574 27698 2284 3781 6498 5000 12886 13255 18955 1223 6423 2524 410 160 21664 54 4625 378 361 111 1393 16617 13717 948 18305 245 289 187 7875 4355 4579 846 6528 49 13013
internal_value=0 4.53925 4.45632 4.42259 4.92051 4.92182 4.39099 4.92968 4.36216 3.82018 4.13858 4.08256 4.91905 5.11747 4.6008 3.66118 3.58594 4.94691 5.17059 3.50227 4.04668 3.43937 4.43741 4.00069 5.21804 5.27243 4.41335 4.3987 4.32344 5.23793 4.1382 3.94113 4.68541 4.27913 4.25499 4.32684 3.9091 4.94302 5.84035 4.72421 4.42534 5.90854 4.42964 5.49281 3.73567 4.49123 4.97121 3.58859 5.2695 5.28186 3.4043 3.36339 3.94874 5.6237 6.0665 6.52653 4.54253 4.48563 4.4271 4.75293 4.76902 4.34864 4.71479
internal_weight=0 577410 474258 442210 103152 32048 415747 21117 394630 22591 99368 92928 26463 63830 39322 20616 19296 6440 57985 17786 90622 16857 295262 75654 52620 11781 240272 218245 63586 50601 22864 52790 33797 14968 44715 26141 45777 4893 7434 29409 4388 6583 154659 2306 8517 3023 739 4736 45708 44315 16491 14665 37260 2067 721 432 54990 18871 14516 26885 26039 3978 19511
internal_count=600001 577410 474258 442210 103152 32048 415747 21117 394630 22591 99368 92928 26463 63830 39322 20616 19296 6440 57985 17786 90622 16857 295262 75654 52620 11781 240272 218245 63586 50601 22864 52790 33797 14968 44715 26141 45777 4893 7434 29409 4388 6583 154659 2306 8517 3023 739 4736 45708 44315 16491 14665 37260 2067 721 432 54990 18871 14516 26885 26039 3978 19511
is_linear=0
shrinkage=0.005


Tree=41
num_leaves=64
num_cat=0
split_feature=1 1 37 27 1 1 3 1 1 27 3 9 1 3 3 3 37 3 27 3 1 9 3 1 3 3 1 1 37 3 1 1 3 17 39 37 26 1 3 1 1 3 3 37 1 13 0 3 37 17 17 3 3 39 2 13 38 32 17 1 3 3 17
split_gain=4.45164e+08 7.22937e+08 2.9493e+08 2.74737e+08 2.57228e+08 2.56822e+08 2.55657e+08 3.76788e+08 2.62949e+08 2.36065e+08 1.768e+08 1.87932e+08 1.05006e+08 7.0768e+07 6.81888e+07 6.7567e+07 6.30142e+07 5.57281e+07 5.06928e+07 5.05666e+07 4.14388e+07 3.69977e+07 2.88637e+07 2.06752e+07 2.02508e+07 1.99696e+07 1.93651e+07 2.93104e+07 1.86565e+07 1.46701e+07 1.41452e+07 1.35786e+07 1.26414e+07 1.23382e+07 1.20939e+07 1.20148e+07 1.15412e+07 1.0592e+07 1.0134e+07 9.80655e+06 9.66892e+06 9.62707e+06 1.36977e+07 9.62673e+06 9.61548e+06 9.77275e+06 9.57794e+06 9.21275e+06 9.08484e+06 9.07693e+06 8.83344e+06 8.79258e+06 1.05984e+07 8.41164e+06 1.02988e+07 8.406e+06 9.01574e+06 8.39531e+06 8.38966e+06 8.37891e+06 8.37576e+06 8.37174e+06 8.3686e+06
threshold=1.0000000180025095e-35 5090.5000000000009 2019.5000000000002 1.0000000180025095e-35 1510.5000000000002 52861.000000000007 1.0000000180025095e-35 46670.500000000007 46670.500000000007 1.0000000180025095e-35 49.086193642899197 1.0000000180025095e-35 46215.500000000007 1.0000000180025095e-35 3.641052719675467 49.58469035707116 2019.5000000000002 50.849742826575884 1.0000000180025095e-35 1.0000000180025095e-35 79842.500000000015 1.0000000180025095e-35 36.977372812612337 4975.5000000000009 1.0000000180025095e-35 9.5748938426300949 15184.500000000002 5991.5000000000009 2019.5000000000002 30.958491610009386 53792.500000000007 928.50000000000011 34.857935552831549 1.0000000180025095e-35 17.500000000000004 2023.5000000000002 1.0000000180025095e-35 54757.500000000007 47.052345781429288 40975.000000000007 40975.000000000007 20.811850051578766 21.981087411853562 2023.5000000000002 114592.50000000001 1.0000000180025095e-35 62.500000000000007 36.977372812612337 2022.5000000000002 1.0000000180025095e-35 1.0000000180025095e-35 49.938894560673965 28.816585107346473 19.500000000000004 3.5000000000000004 1.0000000180025095e-35 1.5000000000000002 1.0000000180025095e-35 1.0000000180025095e-35 2536.5000000000005 47.880588994942194 21.280066615632105 1.0000000180025095e-35
decision_type=2 2 2 2 2 2 2 2 2 2 2 2 2 2 2 2 2 2 2 2 2 2 2 2 2 2 2 2 2 2 2 2 2 2 2 2 2 2 2 2 2 2 2 2 2 2 2 2 2 2 2 2 2 2 2 2 2 2 2 2 2 2 2
left_child=9 4 5 6 14 -3 7 -4 22 15 11 20 -5 -6 -2 16 -1 48 23 57 30 50 25 28 -14 -8 27 -27 33 34 49 32 -16 -15 -22 -31 -33 62 58 -28 -24 -36 -43 -39 45 46 -44 -32 -12 -10 -21 52 61 54 -50 -37 -57 -18 -13 -54 -38 -30 -9
right_child=1 2 3 12 13 -7 8 37 10 -11 17 38 24 18 31 -17 19 -19 -20 21 29 -23 40 -25 -26 26 39 -29 51 35 47 36 -34 -35 41 55 60 43 -40 -41 -42 42 44 -45 -46 -47 -48 -49 53 -51 -52 -53 59 -55 -56 56 -58 -59 -60 -61 -62 -63 -64
leaf_value=4.5486444304774309 4.0628242603132732 4.5936630033266681 4.4127398277538594 4.6123222789099243 4.5675078247174676 5.5572148474490364 4.5192305818051732 5.587076046796474 3.8660027446135419 5.4524163471037443 5.3616001320071653 5.6167644093304991 4.6255957594264494 4.7733669035246429 4.4949880518941576 4.73729265291876 4.3335739526734658 4.6009132880398012 4.6817457639717492 3.462067049089161 3.9844569759939019 4.9945245298205831 4.5396462292254602 4.6957757046223865 5.3153244566881561 4.5541938516751461 4.4222654420794489 4.2559130643159158 5.2562050639643978 4.2200578782629297 3.9374539035628464 4.6797665861368252 4.8076414053274776 5.3532462006916992 4.3096138553974823 4.8839939412862732 5.0201415137371752 5.9587753065184765 7.6405838473337999 4.3089386654939306 4.3222254414959957 3.3959713434335606 4.1928373126457545 5.4207146863468356 4.4385573421564288 3.4332183396964386 2.5689962655619571 4.1528498539788128 6.8734188863131243 3.5718585217639958 3.2082283521421835 4.8520158043339023 5.1657043883209983 5.3732657200318794 4.9042500366815709 5.9055656130435104 3.807676013725013 5.4080504811194636 4.9262040331422794 5.4217761707389132 4.0298720697845729 5.0709628450486646 4.4690594006100399
leaf_weight=1510 5525 21952 13683 14682 5845 10096 26873 622 8813 1975 1327 1611 1183 3670 13802 1320 681 4342 5365 11632 15903 366 49694 2019 10598 9721 128729 53910 18630 11029 29322 10981 4222 1223 7288 1244 4568 5607 53 22413 5700 736 2058 976 1627 679 95 5976 349 3734 4859 1393 4315 270 82 59 388 248 605 12302 224 9068 229
leaf_count=1510 5525 21952 13683 14682 5845 10096 26873 622 8813 1975 1327 1611 1183 3670 13802 1320 681 4342 5365 11632 15903 366 49694 2019 10598 9721 128729 53910 18630 11029 29322 10981 4222 1223 7288 1244 4568 5607 53 22413 5700 736 2058 976 1627 679 95 5976 349 3734 4859 1393 4315 270 82 59 388 248 605 12302 224 9068 229
internal_value=0 4.51655 4.43404 4.40048 4.89591 4.89721 4.36903 4.90503 4.34035 3.80108 4.11518 4.05894 4.89446 5.09188 4.57779 3.64288 3.56801 4.92053 5.14474 3.48476 4.02269 3.42217 4.41433 5.19195 5.24606 4.39073 4.37465 4.30148 5.21174 4.13912 3.92266 4.66198 4.56822 4.91831 4.07589 4.28023 4.76911 5.81114 5.47991 4.40546 4.51727 4.19238 4.02792 5.879 4.13223 3.95624 4.12119 3.97392 5.60483 3.77847 3.38727 5.24316 5.25545 6.06527 6.49877 4.67268 4.08458 4.62041 5.42823 5.35528 4.97385 5.19556 5.28622
internal_weight=0 577410 474258 442210 103152 32048 415747 21117 394630 22591 97590 91220 26463 63830 39322 20616 19296 6370 57985 17786 88951 16857 297040 52620 11781 241646 214773 63631 50601 41106 47845 33797 18024 4893 28386 12720 15773 7434 2269 151142 55394 12483 5195 6583 4459 2832 2153 35298 2028 12547 16491 45708 44315 701 431 1691 447 929 2216 16617 4792 27698 851
internal_count=600001 577410 474258 442210 103152 32048 415747 21117 394630 22591 97590 91220 26463 63830 39322 20616 19296 6370 57985 17786 88951 16857 297040 52620 11781 241646 214773 63631 50601 41106 47845 33797 18024 4893 28386 12720 15773 7434 2269 151142 55394 12483 5195 6583 4459 2832 2153 35298 2028 12547 16491 45708 44315 701 431 1691 447 929 2216 16617 4792 27698 851
is_linear=0
shrinkage=0.005


Tree=42
num_leaves=64
num_cat=0
split_feature=1 1 37 27 1 1 3 1 1 27 3 9 1 3 3 3 37 3 27 3 1 9 3 1 3 3 1 1 37 3 1 1 17 39 37 1 27 3 3 1 1 9 3 3 1 13 0 3 37 17 3 3 3 3 3 3 6 1 27 9 3 3 9
split_gain=4.40724e+08 7.15726e+08 2.91988e+08 2.71997e+08 2.54662e+08 2.54261e+08 2.53107e+08 3.7303e+08 2.60326e+08 2.3371e+08 1.75036e+08 1.86058e+08 1.03959e+08 7.0062e+07 6.75086e+07 6.6893e+07 6.23857e+07 5.51722e+07 5.01871e+07 5.00622e+07 4.10254e+07 3.66286e+07 2.85758e+07 2.0469e+07 2.00489e+07 1.97704e+07 1.91719e+07 2.90181e+07 1.84704e+07 1.45238e+07 1.40041e+07 1.34587e+07 1.22151e+07 1.19733e+07 1.18949e+07 1.04863e+07 1.02152e+07 1.00329e+07 9.88652e+06 9.70873e+06 9.57249e+06 9.54934e+06 9.53104e+06 1.35611e+07 9.51956e+06 9.67527e+06 9.4824e+06 9.12085e+06 8.99422e+06 8.98639e+06 8.77621e+06 1.04321e+07 8.70487e+06 1.04927e+07 8.47593e+06 9.01896e+06 8.36307e+06 1.10563e+07 8.65121e+06 8.35974e+06 8.35705e+06 8.37841e+06 8.40924e+06
threshold=1.0000000180025095e-35 5090.5000000000009 2019.5000000000002 1.0000000180025095e-35 1510.5000000000002 52861.000000000007 1.0000000180025095e-35 46670.500000000007 46670.500000000007 1.0000000180025095e-35 49.086193642899197 1.0000000180025095e-35 46215.500000000007 1.0000000180025095e-35 3.641052719675467 49.58469035707116 2019.5000000000002 50.849742826575884 1.0000000180025095e-35 1.0000000180025095e-35 79842.500000000015 1.0000000180025095e-35 36.977372812612337 4975.5000000000009 1.0000000180025095e-35 9.5748938426300949 15184.500000000002 5991.5000000000009 2019.5000000000002 30.958491610009386 53792.500000000007 440.50000000000006 1.0000000180025095e-35 17.500000000000004 2023.5000000000002 54757.500000000007 1.0000000180025095e-35 47.052345781429288 43.080037527664238 40975.000000000007 40975.000000000007 1.0000000180025095e-35 20.811850051578766 21.981087411853562 114592.50000000001 1.0000000180025095e-35 62.500000000000007 36.977372812612337 2022.5000000000002 1.0000000180025095e-35 10.514780309671918 43.080037527664238 49.938894560673965 28.816585107346473 49.58469035707116 32.959592599707712 1.0000000180025095e-35 71432.500000000015 1.0000000180025095e-35 1.0000000180025095e-35 26.988004809714827 23.726451398639828 1.0000000180025095e-35
decision_type=2 2 2 2 2 2 2 2 2 2 2 2 2 2 2 2 2 2 2 2 2 2 2 2 2 2 2 2 2 2 2 2 2 2 2 2 2 2 2 2 2 2 2 2 2 2 2 2 2 2 2 2 2 2 2 2 2 2 2 2 2 2 2
left_child=9 4 5 6 14 -3 7 -4 22 15 11 20 -5 -6 -2 16 -1 48 23 -18 30 50 25 28 -14 -8 27 -27 32 33 49 38 -15 -22 -31 -9 54 -13 59 60 -24 -37 -35 -44 45 46 -45 -32 -12 -10 -21 -52 53 -30 55 -33 58 -58 -7 -16 61 62 -28
right_child=1 2 3 12 13 56 8 35 10 -11 17 37 24 18 31 -17 19 -19 -20 21 29 -23 40 -25 -26 26 39 -29 52 34 47 36 -34 42 -36 41 -38 -39 -40 -41 -42 -43 43 44 -46 -47 -48 -49 -50 -51 51 -53 -54 -55 -56 -57 57 -59 -60 -61 -62 -63 -64
leaf_value=4.525901304212689 4.0425101195513058 4.5706946549261991 4.3906761748761074 4.5892606524393589 4.5446703521232505 5.6849761943090789 4.4966344663157667 5.2597920226602524 3.8466727552172246 5.425154338701013 5.3347921987224902 5.4010902911791447 4.6024677022513156 4.7495002030744864 4.2785691389816956 4.7136061416909554 4.5973073683513892 4.5779086569058336 4.6583369364387393 3.6972200470855143 3.9645346904186494 4.9695518026716723 4.5169480877455674 4.6722967541297518 5.2887479898265495 4.5314228925859332 4.3914235807086541 4.2346334994976917 5.1695810184219191 4.1989576065965295 3.9177666071822315 4.6679397165600038 5.3264800935033296 4.2880657993589297 4.6493126014969901 5.8796633064318122 4.3730768241736859 7.6023809836045748 5.1196227289031189 4.287393967372628 4.3006142787850745 4.6430333504676824 3.3789914755592041 4.1718731093227106 4.416364476491446 3.4160522608790376 2.5561512811058447 4.1320856010257065 6.0349424396227835 3.5539991711616423 3.2910491386583414 3.7905092633796889 4.827755687324931 5.3285045333961083 4.2132294245596196 4.8826390372023933 4.9187776543353428 5.5289886155604666 5.0448342224444218 6.3566375872553618 4.4588950279301551 4.2740765523048845 4.9509755445370631
leaf_weight=1510 5525 21952 13683 14682 5845 6189 26873 851 8813 1975 1327 2216 1183 3670 3929 1320 929 4342 5365 1826 15903 366 49694 2019 10598 9721 69538 53910 27698 11029 29322 19511 1223 7288 1691 6423 2524 53 410 22413 5700 160 736 2058 1627 679 95 5976 701 3734 13532 1133 1393 16617 846 6528 1117 2213 577 49 41180 17333 678
leaf_count=1510 5525 21952 13683 14682 5845 6189 26873 851 8813 1975 1327 2216 1183 3670 3929 1320 929 4342 5365 1826 15903 366 49694 2019 10598 9721 69538 53910 27698 11029 29322 19511 1223 7288 1691 6423 2524 53 410 22413 5700 160 736 2058 1627 679 95 5976 701 3734 13532 1133 1393 16617 846 6528 1117 2213 577 49 41180 17333 678
internal_value=0 4.49397 4.41187 4.37847 4.87143 4.87272 4.34719 4.88051 4.31865 3.78207 4.0946 4.03865 4.86998 5.06642 4.5549 3.62466 3.55017 4.89593 5.11902 3.46733 4.00258 3.40506 4.39226 5.16599 5.21983 4.36878 4.35278 4.27997 5.18568 4.11843 3.90305 4.63867 4.89372 4.05551 4.25883 5.78209 4.67721 5.45251 4.38036 4.38343 4.49469 5.84961 4.17142 4.00778 4.11157 3.93646 4.10058 3.95405 5.57681 3.75957 3.37034 3.32964 5.21694 5.22917 4.70576 4.72177 5.52943 5.3243 5.63039 4.30417 4.40015 4.37252 4.39683
internal_weight=0 577410 474258 442210 103152 32048 415747 21117 394630 22591 97590 91220 26463 63830 39322 20616 19296 6370 57985 17786 88951 16857 297040 52620 11781 241646 214773 63631 50601 41106 47845 33797 4893 28386 12720 7434 29409 2269 4388 151142 55394 6583 12483 5195 4459 2832 2153 35298 2028 12547 16491 14665 45708 44315 26885 26039 10096 3330 6766 3978 128729 87549 70216
internal_count=600001 577410 474258 442210 103152 32048 415747 21117 394630 22591 97590 91220 26463 63830 39322 20616 19296 6370 57985 17786 88951 16857 297040 52620 11781 241646 214773 63631 50601 41106 47845 33797 4893 28386 12720 7434 29409 2269 4388 151142 55394 6583 12483 5195 4459 2832 2153 35298 2028 12547 16491 14665 45708 44315 26885 26039 10096 3330 6766 3978 128729 87549 70216
is_linear=0
shrinkage=0.005


Tree=43
num_leaves=64
num_cat=0
split_feature=1 1 37 27 1 1 3 1 1 27 3 9 1 3 3 3 37 3 27 3 1 9 3 1 3 3 1 1 37 3 1 1 3 17 39 3 37 26 1 3 1 37 1 3 3 1 13 0 3 37 17 17 3 3 3 0 0 37 39 2 13 38 32
split_gain=4.36328e+08 7.08587e+08 2.89075e+08 2.69283e+08 2.52122e+08 2.51724e+08 2.50582e+08 3.69309e+08 2.57729e+08 2.31379e+08 1.7329e+08 1.84202e+08 1.02922e+08 6.93632e+07 6.68352e+07 6.62257e+07 6.17634e+07 5.46219e+07 4.96865e+07 4.95629e+07 4.06162e+07 3.62633e+07 2.82908e+07 2.02648e+07 1.98489e+07 1.95889e+07 1.95092e+07 2.8661e+07 1.82861e+07 1.43789e+07 1.38644e+07 1.33953e+07 1.2507e+07 1.20933e+07 1.18538e+07 1.1778e+07 1.17763e+07 1.14089e+07 1.03817e+07 9.93281e+06 9.74296e+06 9.5293e+06 9.477e+06 9.43597e+06 1.34258e+07 9.4246e+06 9.57876e+06 9.38781e+06 9.02987e+06 8.9045e+06 8.89675e+06 8.74389e+06 8.67467e+06 8.61804e+06 1.0388e+07 8.39742e+06 8.36685e+06 9.62434e+06 8.32773e+06 1.01961e+07 8.32215e+06 8.92581e+06 8.31157e+06
threshold=1.0000000180025095e-35 5090.5000000000009 2019.5000000000002 1.0000000180025095e-35 1510.5000000000002 52861.000000000007 1.0000000180025095e-35 46670.500000000007 46670.500000000007 1.0000000180025095e-35 49.086193642899197 1.0000000180025095e-35 46215.500000000007 1.0000000180025095e-35 3.641052719675467 49.58469035707116 2019.5000000000002 50.849742826575884 1.0000000180025095e-35 1.0000000180025095e-35 79842.500000000015 1.0000000180025095e-35 36.977372812612337 4975.5000000000009 1.0000000180025095e-35 10.696799138597948 15184.500000000002 5991.5000000000009 2019.5000000000002 30.958491610009386 53792.500000000007 928.50000000000011 42.845288989930189 1.0000000180025095e-35 17.500000000000004 49.58469035707116 2023.5000000000002 1.0000000180025095e-35 54757.500000000007 47.052345781429288 40975.000000000007 2023.5000000000002 40975.000000000007 20.811850051578766 21.981087411853562 114592.50000000001 1.0000000180025095e-35 62.500000000000007 36.977372812612337 2022.5000000000002 1.0000000180025095e-35 1.0000000180025095e-35 26.988004809714827 49.938894560673965 28.816585107346473 36.500000000000007 46.500000000000007 2021.5000000000002 19.500000000000004 3.5000000000000004 1.0000000180025095e-35 1.5000000000000002 1.0000000180025095e-35
decision_type=2 2 2 2 2 2 2 2 2 2 2 2 2 2 2 2 2 2 2 2 2 2 2 2 2 2 2 2 2 2 2 2 2 2 2 2 2 2 2 2 2 2 2 2 2 2 2 2 2 2 2 2 2 2 2 2 2 2 2 2 2 2 2
left_child=9 4 5 6 14 -3 7 -4 22 15 11 20 -5 -6 -2 16 -1 49 23 62 30 51 25 28 -14 -8 27 -27 33 34 50 32 -16 -15 -22 55 -31 -33 -9 -13 52 56 -24 -36 -45 46 47 -46 -32 -12 -10 -21 -28 54 -30 -34 57 -40 59 -51 -38 -62 -18
right_child=1 2 3 12 13 -7 8 38 10 -11 17 39 24 18 31 -17 19 -19 -20 21 29 -23 42 -25 -26 26 40 -29 53 36 48 37 35 -35 43 -37 60 -39 41 -41 -42 -43 -44 44 45 -47 -48 -49 -50 58 -52 -53 -54 -55 -56 -57 -58 -59 -60 -61 61 -63 -64
leaf_value=4.5032718121234003 4.022297548730692 4.5478411285938956 4.3687226990413084 4.5663143421595054 4.5219469659379454 5.5017816444053667 4.4580994022321212 5.2334930619341788 3.8274393844276688 5.3980284017739413 5.3081182551321096 5.3740848665938641 4.5794554646823329 4.7257526863023172 4.4790291375294604 4.6900381607467478 4.2889194835545208 4.5550191085252658 4.6350453290007074 3.4278989040789209 3.944712016433078 4.9447041733066248 4.494363313535926 4.6489353760874703 5.2623042303485441 4.5083511075787062 4.3478562365112259 4.2084145216133768 5.1437331986204287 4.1779628136242328 3.8981777944880025 4.6330513187317033 4.6813101016107153 5.2998476120185352 4.266625468923376 4.2987893182118135 4.8363274271491541 4.9254464018205573 6.0067434221841784 7.5643691570353964 4.2623247404907936 5.3643965718052424 4.2791112366231907 3.3620965336313793 4.1510137462878438 4.3942827064306291 3.3989719840666948 2.5433705232519852 4.1114251979845644 6.8088770599351571 3.5362291958123189 3.1753501762869192 4.4366005299421936 4.8036169762655891 5.3018621661892693 5.5255535736776302 6.1550299238002166 5.4870594178717509 5.3162246051894293 4.8495540893950118 5.8527912381543956 3.7653910413046474 5.3580236447241996
leaf_weight=1510 5525 21952 13683 14682 5845 10096 34046 851 8813 1975 1327 2216 1183 3670 16264 1320 681 4342 5365 11632 15903 366 49694 2019 10598 9397 83115 52257 27698 11029 29322 10981 488 1223 7288 529 1244 4792 1829 53 21651 976 5700 736 2058 1627 679 95 5976 349 3734 4859 41180 1393 16617 743 2041 1737 270 82 59 388 248
leaf_count=1510 5525 21952 13683 14682 5845 10096 34046 851 8813 1975 1327 2216 1183 3670 16264 1320 681 4342 5365 11632 15903 366 49694 2019 10598 9397 83115 52257 27698 11029 29322 10981 488 1223 7288 529 1244 4792 1829 53 21651 976 5700 736 2058 1627 679 95 5976 349 3734 4859 41180 1393 16617 743 2041 1737 270 82 59 388 248
internal_value=0 4.4715 4.38981 4.35658 4.84707 4.84836 4.32545 4.8561 4.29706 3.76316 4.07413 4.01845 4.84563 5.04109 4.53213 3.60654 3.53242 4.87145 5.09342 3.45 3.98257 3.38804 4.3703 5.14016 5.19374 4.34693 4.3287 4.25413 5.15976 4.09784 3.88354 4.61548 4.52236 4.86925 4.03524 4.92274 4.23753 4.72188 5.75318 5.42525 4.36021 5.82036 4.47221 4.15056 3.98774 4.09101 3.91678 4.08008 3.93428 5.54892 3.74077 3.35349 4.37726 5.19086 5.20303 5.19087 5.89973 5.75361 6.00477 6.43611 4.62607 4.04091 4.57432
internal_weight=0 577410 474258 442210 103152 32048 415747 21117 394630 22591 97590 91220 26463 63830 39322 20616 19296 6370 57985 17786 88951 16857 297040 52620 11781 241646 207600 61654 50601 41106 47845 33797 18024 4893 28386 1760 12720 15773 7434 2269 145946 6583 55394 12483 5195 4459 2832 2153 35298 2028 12547 16491 124295 45708 44315 1231 5607 3566 701 431 1691 447 929
internal_count=600001 577410 474258 442210 103152 32048 415747 21117 394630 22591 97590 91220 26463 63830 39322 20616 19296 6370 57985 17786 88951 16857 297040 52620 11781 241646 207600 61654 50601 41106 47845 33797 18024 4893 28386 1760 12720 15773 7434 2269 145946 6583 55394 12483 5195 4459 2832 2153 35298 2028 12547 16491 124295 45708 44315 1231 5607 3566 701 431 1691 447 929
is_linear=0
shrinkage=0.005


Tree=44
num_leaves=64
num_cat=0
split_feature=1 1 37 27 1 1 3 1 1 27 3 9 1 3 3 3 37 3 27 3 1 9 3 3 1 3 3 1 1 37 37 3 1 24 1 1 1 17 1 27 3 9 1 3 1 0 1 1 3 3 1 4 0 3 3 3 3 3 26 1 0 37 38
split_gain=4.31975e+08 7.01518e+08 2.86192e+08 2.66597e+08 2.49607e+08 2.49213e+08 2.48083e+08 3.65625e+08 2.55167e+08 2.29071e+08 1.72965e+08 1.8074e+08 1.01895e+08 6.86713e+07 6.61685e+07 6.55651e+07 6.11473e+07 5.35968e+07 4.91909e+07 4.90685e+07 3.76551e+07 3.59015e+07 2.87008e+07 2.40231e+07 2.00626e+07 1.9735e+07 1.96509e+07 1.95591e+07 2.74015e+07 1.81037e+07 1.69914e+07 1.39311e+07 1.3279e+07 1.29459e+07 1.28685e+07 1.93425e+07 1.22139e+07 1.19727e+07 1.02781e+07 1.00991e+07 9.7288e+06 9.45046e+06 9.24813e+06 9.20959e+06 9.03101e+06 8.8117e+06 8.7341e+06 2.35622e+07 8.68782e+06 1.03295e+07 8.68207e+06 8.9205e+06 8.64648e+06 8.59421e+06 8.53656e+06 9.44178e+06 8.37276e+06 8.89314e+06 8.44037e+06 1.2988e+07 1.17048e+07 8.34482e+06 9.02889e+06
threshold=1.0000000180025095e-35 5090.5000000000009 2019.5000000000002 1.0000000180025095e-35 1510.5000000000002 52861.000000000007 1.0000000180025095e-35 46670.500000000007 46215.500000000007 1.0000000180025095e-35 49.086193642899197 1.0000000180025095e-35 46215.500000000007 1.0000000180025095e-35 3.641052719675467 49.58469035707116 2019.5000000000002 50.849742826575884 1.0000000180025095e-35 1.0000000180025095e-35 114592.50000000001 1.0000000180025095e-35 36.977372812612337 31.087322931897432 4975.5000000000009 8.7922112358916067 1.0000000180025095e-35 14955.000000000002 6971.5000000000009 2019.5000000000002 2023.5000000000002 9.5748938426300949 440.50000000000006 1.0000000180025095e-35 9904.5000000000018 12053.500000000002 53792.500000000007 1.0000000180025095e-35 54757.500000000007 1.0000000180025095e-35 43.080037527664238 1.0000000180025095e-35 40975.000000000007 47.052345781429288 49397.000000000007 63.500000000000007 6792.5000000000009 5991.5000000000009 10.514780309671918 43.955623248403974 86554.500000000015 1.0000000180025095e-35 41.500000000000007 48.723139267295252 50.849742826575884 28.816585107346473 49.58469035707116 34.857935552831549 1.0000000180025095e-35 860.50000000000011 28.500000000000004 2022.5000000000002 6.5000000000000009
decision_type=2 2 2 2 2 2 2 2 2 2 2 2 2 2 2 2 2 2 2 2 2 2 2 2 2 2 2 2 2 2 2 2 2 2 2 2 2 2 2 2 2 2 2 2 2 2 2 2 2 2 2 2 2 2 2 2 2 2 2 2 2 2 2
left_child=9 4 5 6 14 -3 7 -4 22 15 11 20 -5 -6 -2 16 -1 61 24 -18 23 48 25 31 29 -8 -14 28 46 37 -25 -10 40 -22 -30 -36 44 -15 -9 56 -16 -40 -29 -13 -33 -46 47 -27 -21 -50 -32 -52 -38 -24 55 -31 57 58 -34 -60 -61 -12 -63
right_child=1 2 3 12 13 -7 8 38 10 -11 17 43 26 18 32 -17 19 -19 -20 21 33 -23 53 30 -26 27 -28 42 34 54 50 36 39 -35 35 -37 52 -39 41 -41 -42 -43 -44 -45 45 -47 -48 -49 49 -51 51 -53 -54 -55 -56 -57 -58 -59 59 60 -62 62 -64
leaf_value=4.4807553613984474 4.0021860541498571 4.5251020268093916 4.3468791364836106 4.5434827224361385 4.4993371546780381 5.4742727710341628 4.4683828964515824 5.2073257052212014 4.0698654887481354 5.3710382863021167 5.2797750072843259 5.3348924804401463 4.5565581825881916 4.7021239779509951 4.2602363729393025 4.6665878348133782 4.551449268790698 4.5352285035366524 4.6118700702641462 3.6619505506648653 4.0913125053813744 4.9199805403765433 4.4268184169807636 4.0031631648043202 4.6256906488043299 4.4751297828192174 5.2359927592922171 4.3573056183432213 4.0694730458115052 5.1180145862337785 4.2531461831762893 3.84195005925055 4.5555007167512587 4.403078853418231 4.3795410500438381 4.1074971357767041 3.9444521290835564 5.2733483744486378 5.8211574802249464 4.3282814447904121 5.0691620084134543 4.5909469027519227 4.2459024496846443 7.4243752042010982 3.5476649468186219 2.1220956540000331 4.5936893252922664 4.0416303100856563 3.2613377521327584 3.800994130715508 4.3397909348698525 5.4387648270070716 3.7920944806846872 4.6052657094811638 4.7018220683142884 5.2676063779902949 4.1695445839451279 4.8546792910042385 4.5082645221100099 4.4749281267192229 5.0998080731175399 6.4040074638304887 5.262275917233068
leaf_weight=1510 5525 21952 13683 14682 5845 10096 22027 851 7013 1975 1346 2252 1183 3670 3978 1320 929 4373 5365 1826 9968 366 47115 19841 2019 9937 10598 132995 18574 27698 2284 3781 13680 5000 12886 13255 18955 1223 6423 2524 410 160 21664 54 4625 111 4355 4579 13717 948 378 361 18305 7875 974 17036 846 5445 2814 987 3113 432 289
leaf_count=1510 5525 21952 13683 14682 5845 10096 22027 851 7013 1975 1346 2252 1183 3670 3978 1320 929 4373 5365 1826 9968 366 47115 19841 2019 9937 10598 132995 18574 27698 2284 3781 13680 5000 12886 13255 18955 1223 6423 2524 410 160 21664 54 4625 111 4355 4579 13717 948 378 361 18305 7875 974 17036 846 5445 2814 987 3113 432 289
internal_value=0 4.44914 4.36786 4.3348 4.82284 4.82412 4.30383 4.83182 4.27557 3.74434 4.05641 4.00149 4.82141 5.01589 4.50947 3.58851 3.51476 4.84883 5.06795 3.43275 3.96632 3.37109 4.34933 3.92098 5.11446 4.32575 5.16777 4.31135 4.23753 5.13396 4.05637 3.86235 4.5924 4.19546 4.1701 4.2416 3.83055 4.8449 5.72441 4.63068 4.33582 5.79126 4.3417 5.38382 3.65973 3.51425 4.3973 4.33838 3.33672 3.29622 4.40556 4.87664 3.8696 4.45237 5.1649 5.17498 4.65907 4.67498 4.62746 4.76985 4.94938 5.51229 5.94636
internal_weight=0 577410 474258 442210 103152 32048 415747 21117 394630 22591 99368 92928 26463 63830 39322 20616 19296 6440 57985 17786 90622 16857 295262 75654 52620 240272 11781 218245 63586 50601 22864 52790 33797 14968 44715 26141 45777 4893 7434 29409 4388 6583 154659 2306 8517 4736 18871 14516 16491 14665 3023 739 37260 54990 45708 44734 26885 26039 20594 6914 4100 2067 721
internal_count=600001 577410 474258 442210 103152 32048 415747 21117 394630 22591 99368 92928 26463 63830 39322 20616 19296 6440 57985 17786 90622 16857 295262 75654 52620 240272 11781 218245 63586 50601 22864 52790 33797 14968 44715 26141 45777 4893 7434 29409 4388 6583 154659 2306 8517 4736 18871 14516 16491 14665 3023 739 37260 54990 45708 44734 26885 26039 20594 6914 4100 2067 721
is_linear=0
shrinkage=0.005


Tree=45
num_leaves=64
num_cat=0
split_feature=1 1 37 27 1 1 3 1 1 27 3 9 1 3 3 3 37 3 27 3 1 9 3 1 3 3 1 1 37 3 1 1 3 17 39 3 37 27 1 3 1 37 1 3 3 1 13 0 3 17 37 17 3 3 3 0 17 3 1 17 0 37 6
split_gain=4.27666e+08 6.94521e+08 2.83337e+08 2.63938e+08 2.47117e+08 2.46727e+08 2.45608e+08 3.61978e+08 2.52654e+08 2.26786e+08 1.6986e+08 1.80569e+08 1.00879e+08 6.79863e+07 6.55085e+07 6.49111e+07 6.05373e+07 5.35443e+07 4.87002e+07 4.8579e+07 3.99419e+07 3.55434e+07 2.77231e+07 1.98625e+07 1.94549e+07 1.92379e+07 1.91351e+07 2.81118e+07 1.79231e+07 1.4149e+07 1.36275e+07 1.31624e+07 1.23231e+07 1.18532e+07 1.17352e+07 1.15934e+07 1.15466e+07 1.12126e+07 1.01756e+07 9.73967e+06 9.53722e+06 9.43286e+06 9.37635e+06 9.33166e+06 1.32928e+07 9.26741e+06 9.48411e+06 9.2895e+06 8.88961e+06 8.8076e+06 8.73049e+06 8.65556e+06 8.58815e+06 8.46734e+06 1.01868e+07 8.31411e+06 8.30598e+06 8.29934e+06 8.29532e+06 8.28512e+06 8.28248e+06 9.52702e+06 8.27964e+06
threshold=1.0000000180025095e-35 5090.5000000000009 2019.5000000000002 1.0000000180025095e-35 1510.5000000000002 52861.000000000007 1.0000000180025095e-35 46670.500000000007 46670.500000000007 1.0000000180025095e-35 49.086193642899197 1.0000000180025095e-35 46215.500000000007 1.0000000180025095e-35 3.641052719675467 49.58469035707116 2019.5000000000002 50.849742826575884 1.0000000180025095e-35 1.0000000180025095e-35 79842.500000000015 1.0000000180025095e-35 36.977372812612337 4975.5000000000009 1.0000000180025095e-35 10.696799138597948 15184.500000000002 5991.5000000000009 2019.5000000000002 30.958491610009386 53792.500000000007 928.50000000000011 42.845288989930189 1.0000000180025095e-35 17.500000000000004 49.58469035707116 2023.5000000000002 1.0000000180025095e-35 54757.500000000007 47.052345781429288 40975.000000000007 2023.5000000000002 40975.000000000007 20.811850051578766 21.981087411853562 114592.50000000001 1.0000000180025095e-35 62.500000000000007 36.977372812612337 1.0000000180025095e-35 2022.5000000000002 1.0000000180025095e-35 26.988004809714827 49.938894560673965 28.816585107346473 36.500000000000007 1.0000000180025095e-35 22.772026822951499 2536.5000000000005 1.0000000180025095e-35 46.500000000000007 2021.5000000000002 1.0000000180025095e-35
decision_type=2 2 2 2 2 2 2 2 2 2 2 2 2 2 2 2 2 2 2 2 2 2 2 2 2 2 2 2 2 2 2 2 2 2 2 2 2 2 2 2 2 2 2 2 2 2 2 2 2 2 2 2 2 2 2 2 2 2 2 2 2 2 2
left_child=9 4 5 6 14 -3 7 -4 22 15 11 20 -5 -6 -2 16 -1 50 23 -18 30 51 25 28 -14 -8 27 -27 33 34 49 32 -16 -15 -22 55 -31 -33 59 56 52 60 -24 -36 -45 46 47 -46 -32 -10 -12 -21 -28 54 57 -34 -13 -30 -56 -9 61 -40 -7
right_child=1 2 3 12 13 62 8 38 10 -11 17 39 24 18 31 -17 19 -19 -20 21 29 -23 42 -25 -26 26 40 -29 53 36 48 37 35 -35 43 -37 -38 -39 41 -41 -42 -43 -44 44 45 -47 -48 -49 -50 -51 -52 -53 -54 -55 58 -57 -58 -59 -60 -61 -62 -63 -64
leaf_value=4.4583516317537883 3.9821750731864967 4.502476487555553 4.3251447666244172 4.5207653811986752 4.4768406007226664 5.5473530405860734 4.4137466423745479 5.4806376915892221 3.7893070568834468 5.3441831306045575 5.2551787985853444 5.5081302580642522 4.5337753818464401 4.6786132915715104 4.434122563008728 4.643254922050418 4.5286920394579226 4.5095679347847861 4.5888107049309363 3.3940710636680791 3.9049602556947454 4.8953806243340177 4.4496297002335821 4.6025621419238716 5.2098127785155341 4.4634337145668104 4.3043304438973156 4.1663849221084295 5.1437101011746833 4.1367171993774514 3.859101699364814 4.7164397483483107 4.6335552799701691 5.2469815649639262 4.2251975005820173 4.2555188594558517 4.5804295923765297 4.246931296956582 5.947738348873278 7.4894253669144977 4.2198718991824684 5.3086516037729918 4.2355237080420061 3.3253217703414801 4.1108965871349135 4.3513478821189358 3.3626004108652716 2.5116932014415139 4.0706864423274878 3.4995595317766925 5.9449877984615602 3.1428011613890732 4.3926310787937011 4.7552388148776767 5.0603859150351687 5.473600308022851 4.8210226255059245 4.9463619367239433 5.3151772509435107 4.3682110695651524 6.0952786814097628 5.4306883347384467 5.242800379389041
leaf_weight=1510 5525 21952 13683 14682 5845 6766 34046 622 8813 1975 1327 1611 1183 3670 16264 1320 929 4342 5365 11632 15903 366 49694 2019 10598 9397 83115 52257 20500 11029 29322 14378 488 1223 7288 529 1691 1395 1829 53 21651 976 5700 736 2058 1627 679 95 5976 3734 701 4859 41180 1393 4315 743 605 7198 12302 229 2041 1737 3330
leaf_count=1510 5525 21952 13683 14682 5845 6766 34046 622 8813 1975 1327 1611 1183 3670 16264 1320 929 4342 5365 11632 15903 366 49694 2019 10598 9397 83115 52257 20500 11029 29322 14378 488 1223 7288 529 1691 1395 1829 53 21651 976 5700 736 2058 1627 679 95 5976 3734 701 4859 41180 1393 4315 743 605 7198 12302 229 2041 1737 3330
internal_value=0 4.4269 4.34603 4.31312 4.79872 4.8 4.28231 4.80766 4.25419 3.72562 4.03347 3.97835 4.7973 4.99081 4.48692 3.57057 3.49718 4.82286 5.04261 3.41558 3.94282 3.35424 4.32671 5.08888 5.14193 4.30358 4.28552 4.21166 5.10829 4.05713 3.84461 4.56944 4.47713 4.82068 3.99503 4.87456 4.1957 4.67492 5.69579 5.3712 4.31672 5.7623 4.4276 4.10978 3.94786 4.05061 3.87784 4.04033 3.89492 3.70308 5.49362 3.32004 4.33359 5.13908 5.15114 5.14058 5.32054 5.09242 5.24901 5.18129 5.84127 5.69588 5.4469
internal_weight=0 577410 474258 442210 103152 32048 415747 21117 394630 22591 97590 91220 26463 63830 39322 20616 19296 6370 57985 17786 88951 16857 297040 52620 11781 241646 207600 61654 50601 41106 47845 33797 18024 4893 28386 1760 12720 15773 7434 2269 145946 6583 55394 12483 5195 4459 2832 2153 35298 12547 2028 16491 124295 45708 44315 1231 2216 27698 16617 851 5607 3566 10096
internal_count=600001 577410 474258 442210 103152 32048 415747 21117 394630 22591 97590 91220 26463 63830 39322 20616 19296 6370 57985 17786 88951 16857 297040 52620 11781 241646 207600 61654 50601 41106 47845 33797 18024 4893 28386 1760 12720 15773 7434 2269 145946 6583 55394 12483 5195 4459 2832 2153 35298 12547 2028 16491 124295 45708 44315 1231 2216 27698 16617 851 5607 3566 10096
is_linear=0
shrinkage=0.005


Tree=46
num_leaves=64
num_cat=0
split_feature=1 1 37 27 1 1 3 1 1 27 3 9 1 3 3 3 37 3 27 3 1 9 3 1 3 3 1 1 37 3 1 1 1 1 17 3 33 39 1 27 3 3 1 37 9 1 3 17 1 1 37 3 3 3 3 3 38 27 6 1 1 9 3
split_gain=4.234e+08 6.87593e+08 2.80511e+08 2.61305e+08 2.44652e+08 2.44266e+08 2.43158e+08 3.58367e+08 2.50133e+08 2.24524e+08 1.68166e+08 1.78768e+08 9.98722e+07 6.73081e+07 6.4855e+07 6.42636e+07 5.99335e+07 5.30102e+07 4.82144e+07 4.80944e+07 3.95435e+07 3.51889e+07 2.74466e+07 1.96644e+07 1.92608e+07 1.90845e+07 1.89309e+07 2.69502e+07 1.77444e+07 1.40081e+07 1.34916e+07 1.31018e+07 1.27403e+07 1.91487e+07 1.1735e+07 1.14247e+07 1.07494e+07 1.40773e+07 1.00741e+07 9.92206e+06 9.64252e+06 9.57355e+06 9.56398e+06 9.56003e+06 9.3526e+06 9.28281e+06 8.80093e+06 8.71975e+06 8.7124e+06 2.3175e+07 8.64341e+06 8.60032e+06 1.02332e+07 8.48888e+06 8.38288e+06 1.00852e+07 8.32879e+06 8.27794e+06 9.12182e+06 1.51196e+07 8.43872e+06 8.27658e+06 8.27129e+06
threshold=1.0000000180025095e-35 5090.5000000000009 2019.5000000000002 1.0000000180025095e-35 1510.5000000000002 52861.000000000007 1.0000000180025095e-35 46670.500000000007 46670.500000000007 1.0000000180025095e-35 49.086193642899197 1.0000000180025095e-35 46215.500000000007 1.0000000180025095e-35 3.641052719675467 49.58469035707116 2019.5000000000002 50.849742826575884 1.0000000180025095e-35 1.0000000180025095e-35 79842.500000000015 1.0000000180025095e-35 36.977372812612337 4975.5000000000009 1.0000000180025095e-35 8.7922112358916067 14955.000000000002 6971.5000000000009 2019.5000000000002 31.087322931897432 53792.500000000007 440.50000000000006 9904.5000000000018 12053.500000000002 1.0000000180025095e-35 19.490564829142787 1.0000000180025095e-35 24.500000000000004 54757.500000000007 1.0000000180025095e-35 47.052345781429288 43.080037527664238 40975.000000000007 2023.5000000000002 1.0000000180025095e-35 40975.000000000007 36.977372812612337 1.0000000180025095e-35 6792.5000000000009 5991.5000000000009 2022.5000000000002 10.514780309671918 43.080037527664238 18.00213777698308 49.938894560673965 28.816585107346473 10.500000000000002 1.0000000180025095e-35 1.0000000180025095e-35 71432.500000000015 137048.50000000003 1.0000000180025095e-35 49.58469035707116
decision_type=2 2 2 2 2 2 2 2 2 2 2 2 2 2 2 2 2 2 2 2 2 2 2 2 2 2 2 2 2 2 2 2 2 2 2 2 2 2 2 2 2 2 2 2 2 2 2 2 2 2 2 2 2 2 2 2 2 2 2 2 2 2 2
left_child=9 4 5 6 14 -3 7 -4 22 15 11 20 -5 -6 -2 16 -1 50 23 -18 30 51 25 28 -14 -8 27 48 34 35 47 41 -29 -34 -15 36 37 -22 -9 62 -13 61 56 -31 -40 -24 -32 -10 49 -27 -12 -21 -53 -39 55 -30 -28 58 -7 -60 -61 -16 -33
right_child=1 2 3 12 13 57 8 38 10 -11 17 40 24 18 31 -17 19 -19 -20 21 29 -23 45 -25 -26 26 42 32 54 43 46 39 33 -35 -36 -37 -38 53 44 -41 -42 -43 -44 -45 -46 -47 -48 -49 -50 -51 -52 52 -54 -55 -56 -57 -58 -59 59 60 -62 -63 -64
leaf_value=4.4360599134413414 3.9622641843825948 4.4799641258856173 4.3035190403834127 4.4981616065375984 4.4544563695762376 5.5739341743364346 4.4217925359109778 5.1553825414166754 3.7703605208589632 5.3174623074103016 5.2289027456351942 5.2939373178279787 4.5111065214413859 4.6552202201810458 4.1912812291785073 4.6200386150221933 4.5060484827193559 4.4870201350394368 4.5658666543581727 3.6270248174556379 3.8988703087022358 4.870903837309509 4.4273815247974353 4.5795494007579371 5.1837637352449137 4.4304504954095139 4.3300221720113736 4.0282301326351657 5.0669623606848226 4.1220426712348939 3.8398061682892628 4.6285635413680701 4.3367456618826257 4.0660681686845423 5.2207467981178137 3.8710781429532148 4.2935264334588839 4.4519579966682512 5.7632344866279652 4.2848783360020199 7.4519781811732164 5.0191962549628286 4.2031505317811151 4.5284599118433793 4.5394098782539372 4.214346167417629 4.0503329357305615 3.4820616905733215 4.5498210434628961 4.0005278634181813 5.9152628479942626 3.2249256972342226 3.7196028392429863 3.4815266255365582 4.7314626068193455 5.2227695690517031 4.2171025130918984 4.9566292158347656 4.7328714411044039 5.5873489662070943 4.4645838974869774 6.2589874209189906 4.1262042904365153
leaf_weight=1510 5525 21952 13683 14682 5845 6189 22193 851 8813 1975 1327 2216 1183 3670 3929 1320 929 4342 5365 1826 8682 366 49694 2019 10598 9937 113933 18574 27698 10876 29322 26039 12886 13255 1223 13640 3987 1998 6423 2524 53 410 22872 1669 160 5700 5976 3734 4355 4579 701 13532 1133 254 1393 16617 19062 881 992 1850 184 49 846
leaf_count=1510 5525 21952 13683 14682 5845 6189 22193 851 8813 1975 1327 2216 1183 3670 3929 1320 929 4342 5365 1826 8682 366 49694 2019 10598 9937 113933 18574 27698 10876 29322 26039 12886 13255 1223 13640 3987 1998 6423 2524 53 410 22872 1669 160 5700 5976 3734 4355 4579 701 13532 1133 254 1393 16617 19062 881 992 1850 184 49 846
internal_value=0 4.40476 4.3243 4.29156 4.77473 4.776 4.26089 4.78363 4.23292 3.70699 4.01331 3.95846 4.77331 4.96585 4.46449 3.55271 3.4797 4.79874 5.0174 3.39851 3.92311 3.33747 4.30508 5.06344 5.11622 4.28206 4.26793 4.19523 5.08275 4.03684 3.82539 4.54659 4.12835 4.1995 4.79657 3.97567 4.07128 3.99024 5.66731 4.58462 5.34435 4.29173 4.2976 4.17611 5.73349 4.40546 3.87545 3.68456 4.35368 4.29483 5.46615 3.30344 3.26314 4.3425 5.11338 5.12539 4.31384 5.41967 5.46394 5.23896 5.48578 4.21675 4.61276
internal_weight=0 577410 474258 442210 103152 32048 415747 21117 394630 22591 97590 91220 26463 63830 39322 20616 19296 6370 57985 17786 88951 16857 297040 52620 11781 241646 219453 63586 50601 41106 47845 33797 44715 26141 4893 28561 14921 10934 7434 29409 2269 4388 155867 12545 6583 55394 35298 12547 18871 14516 2028 16491 14665 2252 45708 44315 132995 10096 9215 3026 2034 3978 26885
internal_count=600001 577410 474258 442210 103152 32048 415747 21117 394630 22591 97590 91220 26463 63830 39322 20616 19296 6370 57985 17786 88951 16857 297040 52620 11781 241646 219453 63586 50601 41106 47845 33797 44715 26141 4893 28561 14921 10934 7434 29409 2269 4388 155867 12545 6583 55394 35298 12547 18871 14516 2028 16491 14665 2252 45708 44315 132995 10096 9215 3026 2034 3978 26885
is_linear=0
shrinkage=0.005


Tree=47
num_leaves=64
num_cat=0
split_feature=1 1 37 27 1 1 3 1 1 27 3 9 1 3 3 3 37 3 27 3 1 9 3 1 3 3 1 1 37 3 1 1 3 17 39 37 26 1 3 1 37 3 3 3 38 3 17 17 37 3 3 3 39 2 13 38 32 3 17 3 0 26 0
split_gain=4.19177e+08 6.80734e+08 2.77713e+08 2.58699e+08 2.42212e+08 2.4183e+08 2.40733e+08 3.54792e+08 2.47638e+08 2.22284e+08 1.66488e+08 1.76985e+08 9.8876e+07 6.66368e+07 6.42081e+07 6.36226e+07 5.93356e+07 5.24814e+07 4.77335e+07 4.76147e+07 3.91491e+07 3.48379e+07 2.71728e+07 1.94682e+07 1.90687e+07 1.88947e+07 1.87636e+07 2.75732e+07 1.75674e+07 1.3871e+07 1.3357e+07 1.29847e+07 1.22086e+07 1.1618e+07 1.15727e+07 1.13278e+07 1.11243e+07 9.97363e+06 9.54633e+06 9.34995e+06 9.3374e+06 9.23713e+06 9.15279e+06 1.31602e+07 9.20946e+06 8.71314e+06 8.63276e+06 8.56781e+06 8.55719e+06 8.5024e+06 8.31154e+06 9.16751e+06 8.24775e+06 1.00932e+07 8.24397e+06 8.83409e+06 8.22866e+06 8.22426e+06 8.22312e+06 8.21794e+06 8.21173e+06 9.7119e+06 1.04746e+07
threshold=1.0000000180025095e-35 5090.5000000000009 2019.5000000000002 1.0000000180025095e-35 1510.5000000000002 52861.000000000007 1.0000000180025095e-35 46670.500000000007 46670.500000000007 1.0000000180025095e-35 49.086193642899197 1.0000000180025095e-35 46215.500000000007 1.0000000180025095e-35 3.641052719675467 49.58469035707116 2019.5000000000002 50.849742826575884 1.0000000180025095e-35 1.0000000180025095e-35 79842.500000000015 1.0000000180025095e-35 36.977372812612337 4975.5000000000009 1.0000000180025095e-35 10.696799138597948 15184.500000000002 5991.5000000000009 2019.5000000000002 30.958491610009386 53792.500000000007 928.50000000000011 34.857935552831549 1.0000000180025095e-35 17.500000000000004 2023.5000000000002 1.0000000180025095e-35 54757.500000000007 47.052345781429288 40975.000000000007 2023.5000000000002 48.723139267295252 20.811850051578766 21.981087411853562 6.5000000000000009 36.977372812612337 1.0000000180025095e-35 1.0000000180025095e-35 2022.5000000000002 26.988004809714827 50.849742826575884 28.816585107346473 19.500000000000004 3.5000000000000004 1.0000000180025095e-35 1.5000000000000002 1.0000000180025095e-35 32.723439160081561 1.0000000180025095e-35 21.280066615632105 37.500000000000007 1.0000000180025095e-35 27.500000000000004
decision_type=2 2 2 2 2 2 2 2 2 2 2 2 2 2 2 2 2 2 2 2 2 2 2 2 2 2 2 2 2 2 2 2 2 2 2 2 2 2 2 2 2 2 2 2 2 2 2 2 2 2 2 2 2 2 2 2 2 2 2 2 2 2 2
left_child=9 4 5 6 14 -3 7 -4 22 15 11 20 -5 -6 -2 16 -1 48 23 56 30 47 25 28 -14 -8 27 -27 33 34 46 32 -16 -15 -22 -31 -33 -9 58 49 -39 -24 -36 -44 -45 -32 -10 -21 -12 -28 51 59 53 -50 -37 -56 -18 -51 -13 -30 61 62 -54
right_child=1 2 3 12 13 -7 8 37 10 -11 17 38 24 18 31 -17 19 -19 -20 21 29 -23 41 -25 -26 26 39 -29 50 35 45 36 -34 -35 42 54 -38 40 -40 -41 -42 -43 43 44 -46 -47 -48 -49 52 57 -52 -53 60 -55 55 -57 -58 -59 -60 -61 -62 -63 -64
leaf_value=4.4138795526841328 3.9424528622087411 4.4575643236213436 4.2820014530692347 4.4756707160295779 4.4321839919127495 5.39256862083323 4.3698311686492044 5.1296057132324231 3.7515086880412207 5.2908749244963831 5.2027584002650409 5.4541199415592887 4.4885509633504022 4.6319441054977313 4.3602030118627493 4.5969384652321983 4.1995439930004173 4.4645849900680004 4.5430374016911212 3.3605774473879833 3.8657293816120246 4.8465491832214624 4.3569989765116404 4.5566515423600489 5.1578449061367353 4.418964369290487 4.2612397587244963 4.1247748968475584 5.1017140628669049 4.0954407822435099 3.8206071457224158 4.5409032775768221 4.6674577302318898 5.1946430425641976 4.1834319382848584 4.7441993854360183 4.829628397763539 5.7833872203293684 7.4147183380036985 4.1777567624575882 5.2534740386194869 4.541139843018362 3.2893397640962307 4.2232860397554681 3.7677702613513775 4.0300812264886927 3.4646514139821862 3.110584518956145 6.6858340550562039 4.4059032563190303 4.6308794359247791 5.1890306714464556 5.6242604519547639 4.7364216791856579 5.7550747917466243 3.6784269429989083 5.2633024572557021 4.2612032144074448 4.7704479443889021 4.9181812902547533 4.4663057846924925 4.4057564143701038 9.5643988627772192
leaf_weight=1510 5525 21952 13683 14682 5845 10096 34046 851 8813 1975 1327 1611 1183 3670 13802 1320 681 4342 5365 11632 15903 366 47442 2019 10598 9397 83115 52257 18630 11029 29322 10981 4222 1223 7288 1244 4792 5607 53 21651 976 7952 736 2381 2078 5976 3734 4859 349 25014 974 17036 37 82 59 388 248 16166 605 9068 158 44 31
leaf_count=1510 5525 21952 13683 14682 5845 10096 34046 851 8813 1975 1327 1611 1183 3670 13802 1320 681 4342 5365 11632 15903 366 47442 2019 10598 9397 83115 52257 18630 11029 29322 10981 4222 1223 7288 1244 4792 5607 53 21651 976 7952 736 2381 2078 5976 3734 4859 349 25014 974 17036 37 82 59 388 248 16166 605 9068 158 44 31
internal_value=0 4.38274 4.30267 4.2701 4.75086 4.75212 4.23959 4.75971 4.21176 3.68846 3.99324 3.93867 4.74945 4.94102 4.44217 3.53495 3.4623 4.77475 4.99231 3.38151 3.90349 3.32078 4.28355 5.03812 5.09064 4.26065 4.24275 4.16961 5.05733 4.01666 3.80626 4.52386 4.43218 4.77259 3.95517 4.15387 4.62862 5.63897 5.31762 4.27365 5.70482 4.38343 4.06912 3.90876 4.011 3.85607 3.66614 3.28692 5.43882 4.29035 5.08781 5.09776 5.88569 6.31495 4.53493 3.95253 4.48352 4.3491 5.26747 5.04163 5.20046 6.23614 7.4205
internal_weight=0 577410 474258 442210 103152 32048 415747 21117 394630 22591 97590 91220 26463 63830 39322 20616 19296 6370 57985 17786 88951 16857 297040 52620 11781 241646 207600 61654 50601 41106 47845 33797 18024 4893 28386 12720 15773 7434 2269 145946 6583 55394 12483 5195 4459 35298 12547 16491 2028 124295 45708 44734 701 431 1691 447 929 41180 2216 27698 270 112 68
internal_count=600001 577410 474258 442210 103152 32048 415747 21117 394630 22591 97590 91220 26463 63830 39322 20616 19296 6370 57985 17786 88951 16857 297040 52620 11781 241646 207600 61654 50601 41106 47845 33797 18024 4893 28386 12720 15773 7434 2269 145946 6583 55394 12483 5195 4459 35298 12547 16491 2028 124295 45708 44734 701 431 1691 447 929 41180 2216 27698 270 112 68
is_linear=0
shrinkage=0.005


Tree=48
num_leaves=64
num_cat=0
split_feature=1 1 37 27 1 1 3 1 1 27 3 9 1 3 3 3 37 3 27 3 1 9 3 3 1 3 3 1 1 37 37 3 1 24 1 1 1 17 1 27 3 9 1 3 1 0 1 1 0 3 3 3 1 4 38 3 3 3 1 1 17 27 6
split_gain=4.14996e+08 6.73944e+08 2.74942e+08 2.56118e+08 2.39796e+08 2.39418e+08 2.38331e+08 3.51253e+08 2.45188e+08 2.20067e+08 1.66219e+08 1.73656e+08 9.78897e+07 6.5972e+07 6.35676e+07 6.2988e+07 5.87438e+07 5.15038e+07 4.72574e+07 4.71397e+07 3.66965e+07 3.44904e+07 2.75815e+07 2.33044e+07 1.9274e+07 1.90481e+07 1.88785e+07 1.88097e+07 2.65066e+07 1.73921e+07 1.66327e+07 1.37249e+07 1.2925e+07 1.28208e+07 1.26133e+07 1.89568e+07 1.18389e+07 1.15021e+07 9.87414e+06 9.80804e+06 9.44746e+06 9.25794e+06 8.89178e+06 8.84151e+06 8.83553e+06 8.72333e+06 8.69022e+06 2.27943e+07 8.55635e+06 8.5137e+06 1.01332e+07 8.42056e+06 8.36575e+06 8.83214e+06 8.24588e+06 8.23626e+06 9.88992e+06 8.21296e+06 8.574e+06 8.21258e+06 8.20248e+06 8.19538e+06 9.03083e+06
threshold=1.0000000180025095e-35 5090.5000000000009 2019.5000000000002 1.0000000180025095e-35 1510.5000000000002 52861.000000000007 1.0000000180025095e-35 46670.500000000007 46215.500000000007 1.0000000180025095e-35 49.086193642899197 1.0000000180025095e-35 46215.500000000007 1.0000000180025095e-35 3.641052719675467 49.58469035707116 2019.5000000000002 50.849742826575884 1.0000000180025095e-35 1.0000000180025095e-35 114592.50000000001 1.0000000180025095e-35 36.977372812612337 31.087322931897432 4975.5000000000009 8.7922112358916067 1.0000000180025095e-35 14955.000000000002 6971.5000000000009 2019.5000000000002 2023.5000000000002 9.5748938426300949 440.50000000000006 1.0000000180025095e-35 9904.5000000000018 12053.500000000002 53792.500000000007 1.0000000180025095e-35 54757.500000000007 1.0000000180025095e-35 43.080037527664238 1.0000000180025095e-35 40975.000000000007 47.052345781429288 49397.000000000007 63.500000000000007 6792.5000000000009 5991.5000000000009 41.500000000000007 10.514780309671918 43.955623248403974 48.723139267295252 86554.500000000015 1.0000000180025095e-35 10.500000000000002 49.938894560673965 28.816585107346473 50.849742826575884 928.50000000000011 2536.5000000000005 1.0000000180025095e-35 1.0000000180025095e-35 1.0000000180025095e-35
decision_type=2 2 2 2 2 2 2 2 2 2 2 2 2 2 2 2 2 2 2 2 2 2 2 2 2 2 2 2 2 2 2 2 2 2 2 2 2 2 2 2 2 2 2 2 2 2 2 2 2 2 2 2 2 2 2 2 2 2 2 2 2 2 2
left_child=9 4 5 6 14 -3 7 -4 22 15 11 20 -5 -6 -2 16 -1 -12 24 -18 23 49 25 31 29 -8 -14 28 46 37 -25 -10 40 -22 -30 -36 44 -15 60 57 -16 -40 54 -13 -33 -46 47 -27 -38 -21 -51 -24 -32 -54 -29 56 -31 58 -34 -58 -9 62 -7
right_child=1 2 3 12 13 61 8 38 10 -11 17 43 26 18 32 -17 19 -19 -20 21 33 -23 51 30 -26 27 -28 42 34 55 52 36 39 -35 35 -37 48 -39 41 -41 -42 -43 -44 -45 45 -47 -48 -49 -50 50 -52 -53 53 -55 -56 -57 59 -59 -60 -61 -62 -63 -64
leaf_value=4.3918100971239964 3.9227406646137428 4.4352764254656138 4.2605913909168729 4.453292383550207 4.4100231380644166 5.5191017971410181 4.3800141999537061 5.4018095670712345 3.9910226591948237 5.2644206324203102 5.4030582930312736 5.2290552016183218 4.4661081899532507 4.6087843426212629 4.1736191835979257 4.5739538369641615 4.4611007253737442 4.4452631597748722 4.5203221176716069 3.5924393320209491 4.0101154081025019 4.8223165384798099 4.3387197645368962 3.9235020167422183 4.5338683053603139 4.3862167200722499 5.1320555953943412 4.2869069986989654 3.9874020499229124 5.0164194165695379 4.1720171642363164 3.7655443811250904 4.4830695200304795 4.3203715561830851 4.2943728945980979 4.0250550566984886 3.8663916574035389 5.1686697481627464 5.7058920063019238 4.2409959172413769 4.970762945303103 4.4882761836051941 4.1615673255381767 7.2763568392285594 3.4746572878004414 2.0562539145914283 4.5063808452210186 3.9598396036731129 3.7148301046698413 3.1958431352693091 3.7303475877809245 4.5153550744122928 4.2498643926022543 5.3433814459956581 4.174550784545934 4.6838114530125159 4.9830250312792677 3.9737306227241427 4.6640193345278345 5.2365425589983197 4.2949449477341499 4.9048831797464754 5.1858005961417044
leaf_weight=1510 5525 21952 13683 14682 5845 6189 22027 622 7013 1975 2067 2252 1183 3670 3978 1320 929 4373 5365 1826 9968 366 47115 19841 2019 9937 10598 113933 18574 27698 2284 3781 12239 5000 12886 13255 18955 1223 6423 2524 410 160 21664 54 4625 111 4355 4579 18305 13717 948 7875 378 361 19062 1393 4315 571 14075 12302 229 881 3026
leaf_count=1510 5525 21952 13683 14682 5845 6189 22027 622 7013 1975 2067 2252 1183 3670 3978 1320 929 4373 5365 1826 9968 366 47115 19841 2019 9937 10598 113933 18574 27698 2284 3781 12239 5000 12886 13255 18955 1223 6423 2524 410 160 21664 54 4625 111 4355 4579 18305 13717 948 7875 378 361 19062 1393 4315 571 14075 12302 229 881 3026
internal_value=0 4.36083 4.28116 4.24875 4.7271 4.72836 4.21839 4.73591 4.1907 3.67002 3.97586 3.92203 4.7257 4.91632 4.41995 3.51727 3.44499 4.75268 4.96735 3.36461 3.88755 3.30418 4.263 3.8428 5.01293 4.23988 5.06518 4.22574 4.15335 5.03205 3.97614 3.78504 4.50124 4.11376 4.08703 4.15781 3.75349 4.74873 5.61078 4.53901 4.2481 5.6763 4.2555 5.277 3.58531 3.44141 4.31049 4.25172 3.79193 3.27048 3.2304 4.36402 4.32163 4.78405 4.2708 5.06237 5.07427 4.56698 4.57986 5.17071 5.10396 5.36561 5.40965
internal_weight=0 577410 474258 442210 103152 32048 415747 21117 394630 22591 99368 92928 26463 63830 39322 20616 19296 6440 57985 17786 90622 16857 295262 75654 52620 240272 11781 218245 63586 50601 22864 52790 33797 14968 44715 26141 45777 4893 7434 29409 4388 6583 154659 2306 8517 4736 18871 14516 37260 16491 14665 54990 3023 739 132995 45708 44315 26885 26314 16617 851 10096 9215
internal_count=600001 577410 474258 442210 103152 32048 415747 21117 394630 22591 99368 92928 26463 63830 39322 20616 19296 6440 57985 17786 90622 16857 295262 75654 52620 240272 11781 218245 63586 50601 22864 52790 33797 14968 44715 26141 45777 4893 7434 29409 4388 6583 154659 2306 8517 4736 18871 14516 37260 16491 14665 54990 3023 739 132995 45708 44315 26885 26314 16617 851 10096 9215
is_linear=0
shrinkage=0.005


Tree=49
num_leaves=64
num_cat=0
split_feature=1 1 37 27 1 1 3 1 1 27 3 9 1 3 3 3 37 3 27 3 1 9 3 1 3 3 1 1 37 3 1 1 1 1 3 17 37 39 1 27 3 3 1 37 1 3 3 22 3 32 3 39 3 3 1 1 3 17 17 37 3 0 16
split_gain=4.10856e+08 6.67221e+08 2.722e+08 2.53563e+08 2.37404e+08 2.37029e+08 2.35954e+08 3.4775e+08 2.42761e+08 2.17872e+08 1.63192e+08 1.73494e+08 9.69133e+07 6.5314e+07 6.29335e+07 6.23597e+07 5.81578e+07 5.14458e+07 4.6786e+07 4.66695e+07 3.8498e+07 3.41463e+07 2.66274e+07 1.90818e+07 1.86901e+07 1.85572e+07 1.83839e+07 2.62422e+07 1.72186e+07 1.36491e+07 1.31284e+07 1.27961e+07 1.24875e+07 1.87678e+07 1.14631e+07 1.13873e+07 1.11063e+07 1.05361e+07 9.77565e+06 9.7102e+06 9.36076e+06 9.35323e+06 9.27047e+06 9.24291e+06 9.18452e+06 9.06303e+06 9.989e+06 8.62293e+06 1.10941e+07 9.39956e+06 9.79006e+06 8.7535e+06 9.72214e+06 9.00347e+06 8.60353e+06 2.2567e+07 8.57764e+06 8.54626e+06 8.48126e+06 8.47183e+06 8.40793e+06 8.22278e+06 8.33774e+06
threshold=1.0000000180025095e-35 5090.5000000000009 2019.5000000000002 1.0000000180025095e-35 1510.5000000000002 52861.000000000007 1.0000000180025095e-35 46670.500000000007 46670.500000000007 1.0000000180025095e-35 49.086193642899197 1.0000000180025095e-35 46215.500000000007 1.0000000180025095e-35 3.641052719675467 49.58469035707116 2019.5000000000002 50.849742826575884 1.0000000180025095e-35 1.0000000180025095e-35 79842.500000000015 1.0000000180025095e-35 36.977372812612337 4975.5000000000009 1.0000000180025095e-35 8.7922112358916067 14955.000000000002 6971.5000000000009 2019.5000000000002 30.958491610009386 53792.500000000007 440.50000000000006 9904.5000000000018 12053.500000000002 20.811850051578766 1.0000000180025095e-35 2023.5000000000002 17.500000000000004 54757.500000000007 1.0000000180025095e-35 47.052345781429288 43.080037527664238 40975.000000000007 2023.5000000000002 40975.000000000007 21.981087411853562 21.723685867568019 1.0000000180025095e-35 18.545935257120366 1.0000000180025095e-35 18.00213777698308 13.500000000000002 14.605913263954788 9.5748938426300949 6792.5000000000009 5991.5000000000009 36.977372812612337 1.0000000180025095e-35 1.0000000180025095e-35 2022.5000000000002 28.684346822020917 19.500000000000004 1.0000000180025095e-35
decision_type=2 2 2 2 2 2 2 2 2 2 2 2 2 2 2 2 2 2 2 2 2 2 2 2 2 2 2 2 2 2 2 2 2 2 2 2 2 2 2 2 2 2 2 2 2 2 2 2 2 2 2 2 2 2 2 2 2 2 2 2 2 2 2
left_child=9 4 5 6 14 -3 7 -4 22 15 11 20 -5 -6 -2 16 -1 59 23 -18 30 58 25 28 -14 -8 27 54 35 34 57 41 -29 -34 37 -15 -31 47 -9 -33 -13 -16 -28 -40 -24 46 -36 51 49 50 -49 53 -53 -22 55 -27 -32 -10 -21 -12 -47 -55 -63
right_child=1 2 3 12 13 -7 8 38 10 -11 17 40 24 18 31 -17 19 -19 -20 21 29 -23 44 -25 -26 26 42 32 -30 36 56 39 33 -35 45 -37 -38 -39 43 -41 -42 -43 -44 -45 -46 60 -48 48 -50 -51 -52 52 -54 61 -56 -57 -58 -59 -60 -61 -62 62 -64
leaf_value=4.3698511596746892 3.9031269942856079 4.4131001054323562 4.239288408439327 4.4310259254192106 4.3879730228003124 5.3387776654895251 4.3559466758002525 5.0784378905974323 3.7141376588959742 5.2380985649606853 5.1497291714707627 5.2149849394340384 4.4437776131198659 4.5857404782508864 4.1527510620685844 4.5510840060024549 4.4387951912330736 4.4200357574539009 4.4977204867083671 3.3274174240005796 4.2835607419740498 4.7982049555270398 4.3615077659285566 4.5111990124710486 5.1063952802486368 4.3642857125610544 4.2494491199063997 3.967465028666755 5.037063067095521 4.0550096300255278 3.7823095278007863 4.5441489109329289 4.2729010734785122 4.0049297424911305 3.7020914144446606 5.1428265103956088 4.4901788590122331 4.1428165305058933 5.7260830972963035 4.2197909126938775 7.3412628570592631 4.9459091955743189 4.1404737892719403 5.198858053992029 4.1496032561164151 3.9375227061452853 2.8604139977788576 4.3509398615539912 3.4515435115723241 3.6987400259338759 6.3706761162511762 3.0700532080814877 3.8839917465948286 4.7592529995754509 4.4838489428929709 3.9400403719442751 3.9901484574279045 3.4287212069642279 3.0786903924594959 5.8292427896471235 3.6036785946847876 3.5784372377995113 4.1602064338091473
leaf_weight=1510 5525 21952 13683 14682 5845 10096 22193 851 8813 1975 1327 2216 1183 3670 3978 1320 929 4342 5365 11632 1100 366 49694 2019 10598 9937 132995 18574 45708 11029 29322 26885 12886 13255 1237 1223 1691 7288 5607 2524 53 410 22872 976 5700 7541 493 1858 533 599 62 794 682 198 4355 4579 5976 3734 4859 701 2515 2687 799
leaf_count=1510 5525 21952 13683 14682 5845 10096 22193 851 8813 1975 1327 2216 1183 3670 3978 1320 929 4342 5365 11632 1100 366 49694 2019 10598 9937 132995 18574 45708 11029 29322 26885 12886 13255 1237 1223 1691 7288 5607 2524 53 410 22872 976 5700 7541 493 1858 533 599 62 794 682 198 4355 4579 5976 3734 4859 701 2515 2687 799
internal_value=0 4.33902 4.25975 4.22751 4.70347 4.70471 4.1973 4.71223 4.16975 3.65167 3.95339 3.89936 4.70207 4.89174 4.39785 3.49969 3.42776 4.72712 4.94252 3.34778 3.86453 3.28766 4.24083 4.98787 5.03986 4.21816 4.20423 4.13258 5.00689 3.97675 3.76812 4.47873 4.06659 4.13702 3.91576 4.72498 4.11286 4.00043 5.58273 4.51631 5.26465 4.22686 4.23346 5.64792 4.3397 3.79652 3.46224 3.88899 4.1069 4.24556 4.41616 3.78275 3.44614 3.8866 4.28894 4.23046 3.8175 3.6292 3.25413 5.38461 3.85403 3.76808 3.71178
internal_weight=0 577410 474258 442210 103152 32048 415747 21117 394630 22591 97590 91220 26463 63830 39322 20616 19296 6370 57985 17786 88951 16857 297040 52620 11781 241646 219453 63586 50601 41106 47845 33797 44715 26141 28386 4893 12720 16600 7434 29409 2269 4388 155867 6583 55394 11786 1730 9312 3052 2519 1920 6260 1476 4784 18871 14516 35298 12547 16491 2028 10056 3684 3486
internal_count=600001 577410 474258 442210 103152 32048 415747 21117 394630 22591 97590 91220 26463 63830 39322 20616 19296 6370 57985 17786 88951 16857 297040 52620 11781 241646 219453 63586 50601 41106 47845 33797 44715 26141 28386 4893 12720 16600 7434 29409 2269 4388 155867 6583 55394 11786 1730 9312 3052 2519 1920 6260 1476 4784 18871 14516 35298 12547 16491 2028 10056 3684 3486
is_linear=0
shrinkage=0.005


Tree=50
num_leaves=64
num_cat=0
split_feature=1 1 37 27 1 1 3 1 1 27 3 9 1 3 3 3 37 3 27 3 1 9 3 1 3 3 1 1 37 3 1 1 3 39 17 37 26 1 3 9 1 1 3 3 38 3 17 3 3 3 37 3 13 38 39 2 3 3 3 32 3 17 3
split_gain=4.06758e+08 6.60566e+08 2.69485e+08 2.51034e+08 2.35036e+08 2.34665e+08 2.336e+08 3.44281e+08 2.4034e+08 2.15698e+08 1.61564e+08 1.71764e+08 9.59466e+07 6.46625e+07 6.23058e+07 6.17376e+07 5.75777e+07 5.09326e+07 4.63193e+07 4.6204e+07 3.8114e+07 3.38057e+07 2.63618e+07 1.88914e+07 1.85037e+07 1.84087e+07 1.82283e+07 2.67943e+07 1.70469e+07 1.35129e+07 1.29975e+07 1.26723e+07 1.204e+07 1.13728e+07 1.12737e+07 1.09955e+07 1.09768e+07 9.67814e+06 9.26739e+06 9.16425e+06 9.09292e+06 9.06309e+06 8.93742e+06 1.29553e+07 9.11748e+06 8.49208e+06 8.46101e+06 8.42795e+06 1.00382e+07 8.41752e+06 8.38732e+06 8.17816e+06 8.16635e+06 8.74368e+06 8.16548e+06 9.99253e+06 8.16026e+06 8.98822e+06 8.14691e+06 8.14658e+06 8.14224e+06 8.1411e+06 8.20518e+06
threshold=1.0000000180025095e-35 5090.5000000000009 2019.5000000000002 1.0000000180025095e-35 1510.5000000000002 52861.000000000007 1.0000000180025095e-35 46670.500000000007 46670.500000000007 1.0000000180025095e-35 49.086193642899197 1.0000000180025095e-35 46215.500000000007 1.0000000180025095e-35 3.641052719675467 49.58469035707116 2019.5000000000002 50.849742826575884 1.0000000180025095e-35 1.0000000180025095e-35 79842.500000000015 1.0000000180025095e-35 36.977372812612337 4975.5000000000009 1.0000000180025095e-35 10.696799138597948 15184.500000000002 5991.5000000000009 2019.5000000000002 30.958491610009386 53792.500000000007 928.50000000000011 34.857935552831549 17.500000000000004 1.0000000180025095e-35 2023.5000000000002 1.0000000180025095e-35 54757.500000000007 47.052345781429288 1.0000000180025095e-35 40975.000000000007 40975.000000000007 20.811850051578766 21.981087411853562 6.5000000000000009 36.977372812612337 1.0000000180025095e-35 10.514780309671918 43.080037527664238 26.988004809714827 2022.5000000000002 47.880588994942194 1.0000000180025095e-35 1.5000000000000002 19.500000000000004 3.5000000000000004 50.849742826575884 28.816585107346473 22.772026822951499 1.0000000180025095e-35 32.723439160081561 1.0000000180025095e-35 20.167634570558942
decision_type=2 2 2 2 2 2 2 2 2 2 2 2 2 2 2 2 2 2 2 2 2 2 2 2 2 2 2 2 2 2 2 2 2 2 2 2 2 2 2 2 2 2 2 2 2 2 2 2 2 2 2 2 2 2 2 2 2 2 2 2 2 2 2
left_child=9 4 5 6 14 -3 7 -4 22 15 11 20 -5 -6 -2 16 -1 50 23 59 30 47 25 28 -14 -8 27 -27 34 33 46 32 -16 -22 -15 -31 -33 -9 61 -39 -24 49 -35 -44 -45 -32 -10 -21 -49 -28 -12 -38 -37 -54 55 -52 57 58 -30 -18 -51 -13 -63
right_child=1 2 3 12 13 -7 8 37 10 -11 17 38 24 18 31 -17 19 -19 -20 21 29 -23 40 -25 -26 26 41 -29 56 35 45 36 -34 42 -36 52 51 39 -40 -41 -42 -43 43 44 -46 -47 -48 48 -50 60 54 -53 53 -55 -56 -57 -58 -59 -60 -61 -62 62 -64
leaf_value=4.3480018750922325 3.8836113050845613 4.3910346301427898 4.2180919604769995 4.4088708411959026 4.3660331717173744 5.3120838320354613 4.3048354401298985 5.0530456768720464 3.6955669451613815 5.2119080612674171 5.1239805244267576 5.3746290776385131 4.4215587759904711 4.5628117765134322 4.2942921747790574 4.5283285596216745 4.1340467663133369 4.397935514982974 4.4752319204500575 3.5581908198789596 3.8075168628126508 4.7742137861528686 4.3397002211579032 4.4886430032255333 5.0808633844987341 4.3531170061886204 4.1973324155051346 4.0631125342052954 5.0169645896483521 4.0347345504402421 3.7633980063647368 4.4726996488734674 4.5994181821878239 4.1221024437058853 5.117112388600118 4.6760118831504869 4.8052446852920285 5.6491208385830998 7.3045564328499566 4.4376821880340582 4.1288551091225267 4.1154443874525199 3.2361006187874337 4.1633457960707521 3.7101105531803276 3.97019777053062 3.4115775929231704 3.1601226254536114 3.650062580669557 4.341272312291391 6.5962433881489799 3.8267259132010594 5.6813760439420156 3.6153815999289152 5.1182938758532206 4.6565780538393238 4.5591207451350391 5.1121065449390501 4.8214371137608749 5.1924866853221774 4.1972955850205791 5.3906195720659209 4.2073956619353776
leaf_weight=1510 5525 21952 13683 14682 5845 10096 34046 851 8813 1975 1327 1611 1183 3670 13802 1320 681 4342 5365 1826 15903 366 49694 2019 10598 9397 83115 52257 20500 11029 29322 10981 4222 7288 1223 1244 4568 6423 53 160 5700 21651 736 2381 2078 5976 3734 13532 1133 25014 349 224 59 388 270 82 974 17036 7198 248 16166 249 356
leaf_count=1510 5525 21952 13683 14682 5845 10096 34046 851 8813 1975 1327 1611 1183 3670 13802 1320 681 4342 5365 1826 15903 366 49694 2019 10598 9397 83115 52257 20500 11029 29322 10981 4222 7288 1223 1244 4568 6423 53 160 5700 21651 736 2381 2078 5976 3734 13532 1133 25014 349 224 59 388 270 82 974 17036 7198 248 16166 249 356
internal_value=0 4.31733 4.23846 4.20637 4.67995 4.68119 4.17631 4.68867 4.1489 3.63341 3.93362 3.87986 4.67856 4.86728 4.37587 3.48219 3.41063 4.70349 4.9178 3.33104 3.84521 3.27122 4.21962 4.96293 5.01466 4.19707 4.1794 4.10731 4.98185 3.95687 3.74928 4.45634 4.36577 3.89619 4.70136 4.0923 4.55983 5.55481 5.23833 5.61968 4.318 4.20985 4.00915 3.85068 3.95213 3.79841 3.61105 3.23786 3.19797 4.2263 5.35769 4.7595 4.46773 3.88807 5.8001 6.22721 5.01188 5.02174 4.96615 4.4166 4.28475 5.18891 4.69438
internal_weight=0 577410 474258 442210 103152 32048 415747 21117 394630 22591 97590 91220 26463 63830 39322 20616 19296 6370 57985 17786 88951 16857 297040 52620 11781 241646 207600 61654 50601 41106 47845 33797 18024 28386 4893 12720 15773 7434 2269 6583 55394 145946 12483 5195 4459 35298 12547 16491 14665 124295 2028 4792 1691 447 701 431 45708 44734 27698 929 41180 2216 605
internal_count=600001 577410 474258 442210 103152 32048 415747 21117 394630 22591 97590 91220 26463 63830 39322 20616 19296 6370 57985 17786 88951 16857 297040 52620 11781 241646 207600 61654 50601 41106 47845 33797 18024 28386 4893 12720 15773 7434 2269 6583 55394 145946 12483 5195 4459 35298 12547 16491 14665 124295 2028 4792 1691 447 701 431 45708 44734 27698 929 41180 2216 605
is_linear=0
shrinkage=0.005


Tree=51
num_leaves=64
num_cat=0
split_feature=1 1 37 27 1 1 3 1 1 27 3 9 1 3 3 3 37 3 27 3 1 9 3 3 1 3 3 1 1 37 37 3 24 1 1 1 1 17 27 1 3 37 1 0 1 1 1 3 0 17 3 0 37 9 38 1 4 3 3 3 17 27 6
split_gain=4.027e+08 6.53976e+08 2.66797e+08 2.4853e+08 2.32691e+08 2.32324e+08 2.3127e+08 3.40847e+08 2.3795e+08 2.13547e+08 1.61333e+08 1.68524e+08 9.49895e+07 6.40175e+07 6.16843e+07 6.11218e+07 5.70033e+07 4.99882e+07 4.58573e+07 4.57431e+07 3.59874e+07 3.34685e+07 2.67681e+07 2.27716e+07 1.8703e+07 1.85282e+07 1.83191e+07 1.82619e+07 2.58104e+07 1.68768e+07 1.63403e+07 1.35262e+07 1.26952e+07 1.26234e+07 1.23631e+07 1.85797e+07 1.15554e+07 1.11613e+07 9.59855e+06 9.5816e+06 9.2299e+06 9.14937e+06 8.6791e+06 8.63601e+06 8.63181e+06 8.58111e+06 2.21964e+07 8.57561e+06 8.46688e+06 8.39527e+06 8.33665e+06 8.19714e+06 9.42814e+06 8.19396e+06 8.16379e+06 8.13189e+06 8.74464e+06 8.13158e+06 8.68218e+06 8.31534e+06 8.12066e+06 8.11363e+06 8.94076e+06
threshold=1.0000000180025095e-35 5090.5000000000009 2019.5000000000002 1.0000000180025095e-35 1510.5000000000002 52861.000000000007 1.0000000180025095e-35 46670.500000000007 46215.500000000007 1.0000000180025095e-35 49.086193642899197 1.0000000180025095e-35 46215.500000000007 1.0000000180025095e-35 3.641052719675467 49.58469035707116 2019.5000000000002 50.849742826575884 1.0000000180025095e-35 1.0000000180025095e-35 114592.50000000001 1.0000000180025095e-35 36.977372812612337 31.087322931897432 4975.5000000000009 8.7922112358916067 1.0000000180025095e-35 14955.000000000002 6971.5000000000009 2019.5000000000002 2023.5000000000002 9.5748938426300949 1.0000000180025095e-35 440.50000000000006 9904.5000000000018 12053.500000000002 53792.500000000007 1.0000000180025095e-35 1.0000000180025095e-35 54757.500000000007 43.080037527664238 2023.5000000000002 49397.000000000007 63.500000000000007 40975.000000000007 6792.5000000000009 5991.5000000000009 47.052345781429288 41.500000000000007 1.0000000180025095e-35 48.723139267295252 46.500000000000007 2021.5000000000002 1.0000000180025095e-35 10.500000000000002 86554.500000000015 1.0000000180025095e-35 49.58469035707116 32.959592599707712 15.775500275987469 1.0000000180025095e-35 1.0000000180025095e-35 1.0000000180025095e-35
decision_type=2 2 2 2 2 2 2 2 2 2 2 2 2 2 2 2 2 2 2 2 2 2 2 2 2 2 2 2 2 2 2 2 2 2 2 2 2 2 2 2 2 2 2 2 2 2 2 2 2 2 2 2 2 2 2 2 2 2 2 2 2 2 2
left_child=9 4 5 6 14 -3 7 -4 22 15 11 20 -5 -6 -2 16 -1 -12 24 -18 23 49 25 31 29 -8 -14 28 45 37 -25 -10 -22 40 -30 -36 42 -15 57 60 53 51 -33 -44 54 46 -27 -13 -38 -21 -24 52 -41 -16 -29 -32 -57 58 59 -35 -9 62 -7
right_child=1 2 3 12 13 61 8 39 10 -11 17 47 26 18 33 -17 19 -19 -20 21 32 -23 50 30 -26 27 -28 44 34 -31 55 36 -34 38 35 -37 48 -39 -40 41 -42 -43 43 -45 -46 -47 -48 -49 -50 -51 -52 -53 -54 -55 -56 56 -58 -59 -60 -61 -62 -63 -64
leaf_value=4.3262618362393406 3.8641932531175569 4.369079325325548 4.197001510353358 4.386826374311954 4.3442029813859486 5.4382520641911141 4.3148101896591626 5.3241430267260386 3.9325828877978508 5.1858485198635096 5.3225638800928303 5.1510541135962011 4.3994509360841647 4.5399976286602683 4.0849287274697561 4.5056869455977822 4.3945181314911856 4.3789661579113135 4.4528557241711235 3.2945850173829503 3.9503865602705179 4.7503427819524955 4.2737235696913141 3.8648264612251699 4.4661998246125272 4.320711745860776 5.0554590055825104 4.2230805584630655 3.9272498926624402 4.986818308037849 4.1119326865921959 3.7092541599882969 4.2591194532239589 4.6079944803382054 4.2311567446565679 3.9645313355935179 3.8088244321386004 5.0915268059119958 4.1765709746623099 5.7752605511283148 4.8981825274141828 5.144798165623282 3.4210824727910274 2.0097962304922912 4.0994299725280525 4.4410477432754023 3.8999636508525799 7.1673356856240167 3.658057399107661 3.0471220413824063 4.4494765519208572 5.9220485339986526 5.2609009778588822 6.1422883127173602 4.1112849794763164 4.183817013539965 5.2719042938365668 4.0166340148956223 4.67257432093328 4.3889807888546271 4.2228128201784525 4.827104489286425 5.1066172738159556
leaf_weight=1510 5525 21952 13683 14682 5845 6189 22027 622 7013 1975 2067 2252 1183 3670 3929 1320 929 4373 5365 11632 9968 366 47115 19841 2019 9937 10598 113933 18574 45708 2284 3781 5000 6498 12886 13255 18955 1223 2524 1829 410 976 4625 111 21664 4355 4579 54 18305 4859 7875 2041 1737 49 19062 378 361 846 6528 13013 229 881 3026
leaf_count=1510 5525 21952 13683 14682 5845 6189 22027 622 7013 1975 2067 2252 1183 3670 3929 1320 929 4373 5365 11632 9968 366 47115 19841 2019 9937 10598 113933 18574 45708 2284 3781 5000 6498 12886 13255 18955 1223 2524 1829 410 976 4625 111 21664 4355 4579 54 18305 4859 7875 2041 1737 49 19062 378 361 846 6528 13013 229 881 3026
internal_value=0 4.29574 4.21726 4.18534 4.65655 4.65778 4.15543 4.66523 4.12815 3.61524 3.91651 3.86348 4.65517 4.84294 4.35399 3.46478 3.39357 4.68183 4.89321 3.31439 3.82951 3.25486 4.19938 3.78519 4.93811 4.1766 4.98959 4.16265 4.09132 4.95694 3.917 3.7281 4.05352 4.43406 4.02588 4.09596 3.69678 4.67785 4.47138 5.52704 4.18389 5.59158 3.53062 3.38801 4.19198 4.24639 4.18799 5.19827 3.73476 3.22167 4.29889 5.66935 5.52472 4.11027 4.20706 4.25944 4.71535 4.49906 4.51473 4.46192 5.02778 5.28552 5.32935
internal_weight=0 577410 474258 442210 103152 32048 415747 21117 394630 22591 99368 92928 26463 63830 39322 20616 19296 6440 57985 17786 90622 16857 295262 75654 52620 240272 11781 218245 63586 50601 22864 52790 14968 33797 44715 26141 45777 4893 29409 7434 4388 6583 8517 4736 154659 18871 14516 2306 37260 16491 54990 5607 3566 3978 132995 3023 739 26885 26039 19511 851 10096 9215
internal_count=600001 577410 474258 442210 103152 32048 415747 21117 394630 22591 99368 92928 26463 63830 39322 20616 19296 6440 57985 17786 90622 16857 295262 75654 52620 240272 11781 218245 63586 50601 22864 52790 14968 33797 44715 26141 45777 4893 29409 7434 4388 6583 8517 4736 154659 18871 14516 2306 37260 16491 54990 5607 3566 3978 132995 3023 739 26885 26039 19511 851 10096 9215
is_linear=0
shrinkage=0.005


Tree=52
num_leaves=64
num_cat=0
split_feature=1 1 37 27 1 1 3 1 1 27 3 9 1 3 3 3 37 3 27 3 1 9 3 1 3 3 1 1 37 3 1 1 3 3 3 17 26 37 39 1 3 9 1 3 3 1 22 3 32 3 39 3 3 17 3 3 3 3 3 37 0 2 37
split_gain=3.98683e+08 6.47453e+08 2.64135e+08 2.46051e+08 2.3037e+08 2.30007e+08 2.28963e+08 3.37447e+08 2.35606e+08 2.11417e+08 1.58365e+08 1.68376e+08 9.40419e+07 6.33789e+07 6.1069e+07 6.05121e+07 5.64347e+07 4.99276e+07 4.53998e+07 4.52868e+07 3.74794e+07 3.31346e+07 2.58327e+07 1.85164e+07 1.81364e+07 1.80791e+07 1.78788e+07 2.62812e+07 1.67085e+07 1.32967e+07 1.27749e+07 1.24995e+07 1.191e+07 1.1327e+07 1.12661e+07 1.105e+07 1.08513e+07 1.07801e+07 1.03009e+07 9.48602e+06 9.08728e+06 9.06933e+06 8.99637e+06 8.90284e+06 9.88814e+06 8.87155e+06 8.53729e+06 1.09793e+07 9.30599e+06 9.69576e+06 8.66523e+06 9.62971e+06 8.89159e+06 8.37623e+06 8.35993e+06 8.34733e+06 9.93641e+06 8.33348e+06 8.32317e+06 8.30366e+06 8.23094e+06 8.21502e+06 1.243e+07
threshold=1.0000000180025095e-35 5090.5000000000009 2019.5000000000002 1.0000000180025095e-35 1510.5000000000002 52861.000000000007 1.0000000180025095e-35 46670.500000000007 46670.500000000007 1.0000000180025095e-35 49.086193642899197 1.0000000180025095e-35 46215.500000000007 1.0000000180025095e-35 3.641052719675467 49.58469035707116 2019.5000000000002 50.849742826575884 1.0000000180025095e-35 1.0000000180025095e-35 79842.500000000015 1.0000000180025095e-35 36.977372812612337 4975.5000000000009 1.0000000180025095e-35 10.696799138597948 15184.500000000002 5991.5000000000009 2019.5000000000002 30.958491610009386 53792.500000000007 928.50000000000011 42.845288989930189 49.58469035707116 20.811850051578766 1.0000000180025095e-35 1.0000000180025095e-35 2023.5000000000002 17.500000000000004 54757.500000000007 47.052345781429288 1.0000000180025095e-35 40975.000000000007 21.981087411853562 21.723685867568019 40975.000000000007 1.0000000180025095e-35 18.545935257120366 1.0000000180025095e-35 18.00213777698308 13.500000000000002 14.605913263954788 9.5748938426300949 1.0000000180025095e-35 36.977372812612337 43.955623248403974 10.514780309671918 26.988004809714827 28.684346822020917 2022.5000000000002 36.500000000000007 1.0000000180025095e-35 2021.5000000000002
decision_type=2 2 2 2 2 2 2 2 2 2 2 2 2 2 2 2 2 2 2 2 2 2 2 2 2 2 2 2 2 2 2 2 2 2 2 2 2 2 2 2 2 2 2 2 2 2 2 2 2 2 2 2 2 2 2 2 2 2 2 2 2 2 2
left_child=9 4 5 6 14 -3 7 -4 22 15 11 20 -5 -6 -2 16 -1 59 23 -18 30 55 25 28 -14 -8 27 -27 35 34 53 32 -16 60 38 -15 -33 -31 46 -9 -13 -41 -24 44 -36 57 50 48 49 61 52 -52 -22 -10 -32 56 -21 -28 -45 -12 -34 -48 -63
right_child=1 2 3 12 13 -7 8 39 10 -11 17 40 24 18 31 -17 19 -19 -20 21 29 -23 42 -25 -26 26 45 -29 -30 37 54 36 33 -35 43 -37 -38 -39 -40 41 -42 -43 -44 58 -46 -47 47 -49 -50 -51 51 -53 -54 -55 -56 -57 -58 -59 -60 -61 -62 62 -64
leaf_value=4.3046305835570724 3.8448722911246995 4.3472339667989761 4.1760165910871594 4.3648923808364071 4.3224819925502391 5.2590956931264126 4.2620084223053869 5.0026415748013457 3.6587565598020628 5.1599191555421564 5.0717478489300856 5.1372102633140821 4.3774537074313962 4.5172977310155673 4.2796526353132709 4.4831584819040522 4.3725456009383352 4.3540510413612443 4.4305915234965472 3.5242759170203475 4.2232098269931546 4.7265911339834092 4.2965072974304688 4.4438687979312981 5.0301816311240719 4.3097478653808876 4.1553105730564521 4.022533388250773 4.9618842045170819 3.9949030514592296 3.7256743082397659 4.4280394434775827 4.4711070286250507 4.1007591581434744 3.6464725187002238 5.0660691736932186 4.7131992222528787 4.4236342978601728 4.0820861082072701 5.5929116990702488 7.2321970124514596 4.3877631454467778 4.0867845318549687 3.8792179018696689 2.8090549050038778 4.0744552491385457 3.7538278584426759 3.3959780049715436 3.6417834592333227 6.3007032709160162 3.0161948740489839 3.8262549969990931 3.7109394566241769 3.3761936755200681 3.9308586360706665 3.661057833170966 3.1316560429327387 4.2422921316123023 3.547060846877264 5.7444832783036155 5.306939783484661 3.9473878776822655 4.9179032780046716
leaf_weight=1510 5525 21952 13683 14682 5845 10096 34046 851 8813 1975 1327 2216 1183 3670 16264 1320 929 4342 5365 1826 1100 366 49694 2019 10598 9397 83115 52257 45708 11029 29322 10981 488 529 1237 1223 4792 1691 7288 6423 53 160 5700 7541 493 21651 515 533 599 62 794 682 3684 3734 5976 948 13717 41180 2515 701 743 583 760
leaf_count=1510 5525 21952 13683 14682 5845 10096 34046 851 8813 1975 1327 2216 1183 3670 16264 1320 929 4342 5365 1826 1100 366 49694 2019 10598 9397 83115 52257 45708 11029 29322 10981 488 529 1237 1223 4792 1691 7288 6423 53 160 5700 7541 493 21651 515 533 599 62 794 682 3684 3734 5976 948 13717 41180 2515 701 743 583 760
internal_value=0 4.27426 4.19618 4.16441 4.63327 4.6345 4.13466 4.6419 4.10751 3.59717 3.89437 3.84114 4.63189 4.81873 4.33222 3.44745 3.3766 4.65657 4.86875 3.29782 3.80683 3.23859 4.17754 4.91342 4.96464 4.15521 4.1377 4.06631 4.93216 3.91756 3.7117 4.41189 4.32193 4.71265 3.85736 4.65446 4.51467 4.0519 3.9413 5.4994 5.18615 5.56362 4.27493 3.73915 3.40783 4.16786 3.83111 4.04793 4.18588 4.35562 3.7254 3.39049 3.82873 3.57467 3.76041 3.20556 3.17778 4.18413 3.79615 5.30429 4.97559 4.29072 4.4966
internal_weight=0 577410 474258 442210 103152 32048 415747 21117 394630 22591 97590 91220 26463 63830 39322 20616 19296 6370 57985 17786 88951 16857 297040 52620 11781 241646 207600 61654 50601 41106 47845 33797 18024 1760 28386 4893 15773 12720 16600 7434 2269 6583 55394 11786 1730 145946 9312 3052 2519 1920 6260 1476 4784 12547 35298 16491 15543 124295 10056 2028 1231 1858 1343
internal_count=600001 577410 474258 442210 103152 32048 415747 21117 394630 22591 97590 91220 26463 63830 39322 20616 19296 6370 57985 17786 88951 16857 297040 52620 11781 241646 207600 61654 50601 41106 47845 33797 18024 1760 28386 4893 15773 12720 16600 7434 2269 6583 55394 11786 1730 145946 9312 3052 2519 1920 6260 1476 4784 12547 35298 16491 15543 124295 10056 2028 1231 1858 1343
is_linear=0
shrinkage=0.005


Tree=53
num_leaves=64
num_cat=0
split_feature=1 1 37 27 1 1 3 1 1 27 3 9 1 3 3 3 37 3 27 3 1 9 3 1 3 9 1 1 37 3 1 1 1 1 17 1 3 3 3 27 1 9 37 3 3 37 3 1 39 11 1 2 1 37 0 17 17 3 37 0 37 3 3
split_gain=3.94707e+08 6.40995e+08 2.615e+08 2.43597e+08 2.28072e+08 2.27712e+08 2.26679e+08 3.34081e+08 2.33256e+08 2.09308e+08 1.56786e+08 1.66697e+08 9.31039e+07 6.27467e+07 6.04598e+07 5.99085e+07 5.58718e+07 4.94295e+07 4.4947e+07 4.48351e+07 3.71055e+07 3.28041e+07 2.55751e+07 1.83317e+07 1.79555e+07 1.79348e+07 1.83383e+07 2.91064e+07 1.65418e+07 1.31644e+07 1.26474e+07 1.2455e+07 1.21497e+07 1.73683e+07 1.09397e+07 1.09388e+07 1.08884e+07 1.479e+07 1.17942e+07 9.48935e+06 9.3914e+06 9.09887e+06 9.05678e+06 8.99663e+06 8.96507e+06 8.86801e+06 8.84464e+06 8.58777e+06 1.19768e+07 1.07967e+07 8.52562e+06 8.42745e+06 8.61522e+06 1.27432e+07 1.19249e+07 8.31047e+06 8.29267e+06 8.27654e+06 8.22083e+06 8.11448e+06 9.33282e+06 8.09221e+06 9.70751e+06
threshold=1.0000000180025095e-35 5090.5000000000009 2019.5000000000002 1.0000000180025095e-35 1510.5000000000002 52861.000000000007 1.0000000180025095e-35 46670.500000000007 46670.500000000007 1.0000000180025095e-35 49.086193642899197 1.0000000180025095e-35 46215.500000000007 1.0000000180025095e-35 3.641052719675467 49.58469035707116 2019.5000000000002 50.849742826575884 1.0000000180025095e-35 1.0000000180025095e-35 79842.500000000015 1.0000000180025095e-35 36.977372812612337 4975.5000000000009 1.0000000180025095e-35 1.0000000180025095e-35 15184.500000000002 6971.5000000000009 2019.5000000000002 31.087322931897432 53792.500000000007 440.50000000000006 9904.5000000000018 12053.500000000002 1.0000000180025095e-35 114592.50000000001 15.775500275987469 27.146896532695873 15.055163987698602 1.0000000180025095e-35 54757.500000000007 1.0000000180025095e-35 2023.5000000000002 47.052345781429288 48.723139267295252 2023.5000000000002 43.080037527664238 96798.500000000015 26.500000000000004 1.0000000180025095e-35 144028.00000000003 3.5000000000000004 100379.00000000001 2023.5000000000002 30.500000000000004 1.0000000180025095e-35 1.0000000180025095e-35 36.977372812612337 2022.5000000000002 46.500000000000007 2021.5000000000002 49.938894560673965 29.984256972886694
decision_type=2 2 2 2 2 2 2 2 2 2 2 2 2 2 2 2 2 2 2 2 2 2 2 2 2 2 2 2 2 2 2 2 2 2 2 2 2 2 2 2 2 2 2 2 2 2 2 2 2 2 2 2 2 2 2 2 2 2 2 2 2 2 2
left_child=9 4 5 6 14 -3 7 -4 22 15 11 20 -5 -6 -2 16 -1 58 23 -18 30 55 25 28 -14 26 27 -8 34 35 56 41 -29 -34 -15 47 38 -38 -28 -33 -9 46 59 -13 -24 -31 -16 48 -22 -50 -37 52 53 -49 -55 -21 -10 -32 -12 60 -42 62 -30
right_child=1 2 3 12 13 -7 8 40 10 -11 17 43 24 18 31 -17 19 -19 -20 21 29 -23 44 -25 -26 -27 36 32 61 45 57 39 33 -35 -36 50 37 -39 -40 -41 42 -43 -44 -45 -46 -47 -48 51 49 -51 -52 -53 -54 54 -56 -57 -58 -59 -60 -61 -62 -63 -64
leaf_value=4.283107330083058 3.8256479679037678 4.3254977801256222 4.1551364699889719 4.3430678195553627 4.3008695975222953 5.2328002437717007 4.2205375079042087 4.977628373001493 3.64046280218595 5.1341195704218707 5.0463890678432755 5.1115240587605779 4.3555664652762331 4.4947112055438643 4.0430920457873336 4.4607427148963472 4.3506828544214287 4.3322808534399062 4.4084385328759463 3.2620796377591832 3.7786065274137703 4.7029582509479892 4.2275105231711541 4.4216494492766527 5.0050308639580638 4.5555660956902662 4.1991458805799571 3.9017207606882152 4.895260572264414 3.9809076629012261 3.7070459648622847 4.4544212377022046 4.1888562619796925 3.9477564670957936 5.0407387549937601 4.0137633531965671 4.0855642566158545 4.2003049550662404 4.5091379071883084 4.1337730890621094 5.7185514687422918 6.1438725921085906 5.0912886232039964 7.1960360908508303 4.4089193679825209 4.3723390147116747 4.8208790327893301 3.0263007611174029 4.4524623346031165 3.5313791445096339 3.5226656508312009 3.2359662860882823 3.7948694522780295 7.2414284464802066 3.748824058815285 3.0158697049464038 3.3593127306173427 3.9112044161148218 5.7157608883739703 5.8646006155621482 5.2067985231106357 4.5618363582685708 5.0510240502505104
leaf_weight=1510 5525 21952 13683 14682 5845 10096 20599 851 8813 1975 1327 2216 1183 3670 3929 1320 929 4342 5365 11632 9956 366 47442 2019 10598 2502 48412 19994 29063 10876 29322 26885 14068 15926 1223 9443 69938 46931 3276 2524 1829 56 976 53 7952 1669 403 779 1312 420 975 1179 4381 35 81 4859 3734 5976 701 2041 1737 1393 15252
leaf_count=1510 5525 21952 13683 14682 5845 10096 20599 851 8813 1975 1327 2216 1183 3670 3929 1320 929 4342 5365 11632 9956 366 47442 2019 10598 2502 48412 19994 29063 10876 29322 26885 14068 15926 1223 9443 69938 46931 3276 2524 1829 56 976 53 7952 1669 403 779 1312 420 975 1179 4381 35 81 4859 3734 5976 701 2041 1737 1393 15252
internal_value=0 4.25289 4.1752 4.14359 4.6101 4.61132 4.11398 4.61869 4.08697 3.57918 3.8749 3.82194 4.60873 4.79463 4.31055 3.43022 3.35972 4.63329 4.8444 3.28133 3.7878 3.22239 4.15665 4.88885 4.93981 4.13444 4.13003 4.06237 4.9075 3.89797 3.69314 4.38983 3.9972 4.06084 4.63119 3.83867 4.15837 4.13164 4.21879 4.4269 5.47191 4.14134 5.5358 5.16021 4.25355 4.03298 4.11545 3.76452 3.84536 4.2291 3.9678 3.61814 3.70355 3.25653 4.80263 3.18953 3.55679 3.74161 5.27776 5.61318 5.46928 4.93707 4.94887
internal_weight=0 577410 474258 442210 103152 32048 415747 21117 394630 22591 97590 91220 26463 63830 39322 20616 19296 6370 57985 17786 88951 16857 297040 52620 11781 241646 239144 70587 50601 41106 47845 33797 49988 29994 4893 28561 168557 116869 51688 29409 7434 4388 6583 2269 55394 12545 4332 18143 11688 1732 10418 6455 5276 895 116 16491 12547 35298 2028 5607 3566 45708 44315
internal_count=600001 577410 474258 442210 103152 32048 415747 21117 394630 22591 97590 91220 26463 63830 39322 20616 19296 6370 57985 17786 88951 16857 297040 52620 11781 241646 239144 70587 50601 41106 47845 33797 49988 29994 4893 28561 168557 116869 51688 29409 7434 4388 6583 2269 55394 12545 4332 18143 11688 1732 10418 6455 5276 895 116 16491 12547 35298 2028 5607 3566 45708 44315
is_linear=0
shrinkage=0.005


Tree=54
num_leaves=64
num_cat=0
split_feature=1 1 37 27 1 1 3 1 1 27 3 9 1 3 3 3 37 3 27 3 1 9 3 3 3 1 3 1 1 37 37 3 24 1 1 1 3 1 17 26 1 9 1 1 1 0 9 0 1 3 3 3 3 39 3 3 0 32 17 27 6 1 1
split_gain=3.90769e+08 6.34601e+08 2.58892e+08 2.41167e+08 2.25797e+08 2.25441e+08 2.24418e+08 3.30748e+08 2.30947e+08 2.0722e+08 1.56588e+08 1.63538e+08 9.21752e+07 6.21208e+07 5.98567e+07 5.93109e+07 5.53145e+07 4.85152e+07 4.44986e+07 4.43878e+07 3.51534e+07 3.24769e+07 2.59808e+07 2.2218e+07 1.81567e+07 1.81489e+07 1.77764e+07 1.77514e+07 2.51296e+07 1.63768e+07 1.60597e+07 1.33435e+07 1.25669e+07 1.2331e+07 1.21208e+07 1.82278e+07 1.17613e+07 1.12999e+07 1.08306e+07 1.07276e+07 9.29772e+06 8.9754e+06 8.55824e+06 2.18316e+07 8.52004e+06 8.54957e+06 8.51138e+06 8.37925e+06 8.37067e+06 8.31776e+06 8.26391e+06 9.8364e+06 8.21754e+06 1.00013e+07 8.16813e+06 8.0755e+06 8.14084e+06 8.06532e+06 8.03966e+06 8.03269e+06 8.85158e+06 1.49688e+07 8.35454e+06
threshold=1.0000000180025095e-35 5090.5000000000009 2019.5000000000002 1.0000000180025095e-35 1510.5000000000002 52861.000000000007 1.0000000180025095e-35 46670.500000000007 46215.500000000007 1.0000000180025095e-35 49.086193642899197 1.0000000180025095e-35 46215.500000000007 1.0000000180025095e-35 3.641052719675467 49.58469035707116 2019.5000000000002 50.849742826575884 1.0000000180025095e-35 1.0000000180025095e-35 114592.50000000001 1.0000000180025095e-35 36.977372812612337 31.087322931897432 8.7922112358916067 4975.5000000000009 1.0000000180025095e-35 14955.000000000002 6971.5000000000009 2019.5000000000002 2023.5000000000002 9.5748938426300949 1.0000000180025095e-35 928.50000000000011 9904.5000000000018 12053.500000000002 34.857935552831549 53792.500000000007 1.0000000180025095e-35 1.0000000180025095e-35 54757.500000000007 1.0000000180025095e-35 6792.5000000000009 5991.5000000000009 49397.000000000007 63.500000000000007 1.0000000180025095e-35 41.500000000000007 40975.000000000007 47.052345781429288 43.955623248403974 10.514780309671918 17.020581862288818 22.500000000000004 48.723139267295252 47.880588994942194 28.500000000000004 1.0000000180025095e-35 1.0000000180025095e-35 1.0000000180025095e-35 1.0000000180025095e-35 71432.500000000015 137048.50000000003
decision_type=2 2 2 2 2 2 2 2 2 2 2 2 2 2 2 2 2 2 2 2 2 2 2 2 2 2 2 2 2 2 2 2 2 2 2 2 2 2 2 2 2 2 2 2 2 2 2 2 2 2 2 2 2 2 2 2 2 2 2 2 2 2 2
left_child=9 4 5 6 14 -3 7 -4 22 15 11 20 -5 -6 -2 16 -1 -12 25 57 23 50 24 31 -8 29 -14 28 42 38 -25 -10 -22 36 -30 -36 -16 44 -15 -35 58 -42 43 -26 -33 -46 48 -39 -29 -13 51 -21 53 -48 -24 56 -41 -18 -9 60 -7 -62 -63
right_child=1 2 3 12 13 59 8 40 10 -11 17 49 26 18 33 -17 19 -19 -20 21 32 -23 54 30 27 -27 -28 46 34 -31 -32 37 -34 39 35 -37 -38 47 -40 55 41 -43 -44 -45 45 -47 52 -49 -50 -51 -52 -53 -54 -55 -56 -57 -58 -59 -60 -61 61 62 -64
leaf_value=4.2616918997609163 3.8065196135163037 4.303870373299616 4.1343607854936142 4.3213525353374438 4.2793651858934281 5.3586012817963802 4.2510860617956174 5.2476209282951718 3.8752283745350948 5.1084490437325041 5.2432376972106161 5.0741865179680792 4.3337886016870693 4.4722376224558591 4.2078918398681413 4.4384390505172995 4.0477878414131645 4.3136464445334175 4.3863963242770634 3.4906913501121766 3.8911145086834327 4.6794432806870976 4.2098358598202257 3.8069970338793007 4.2564484764683401 4.3995411063988294 4.9800056730369526 4.1405400113628783 3.8679029756974654 4.9123895093485723 4.1982105107257883 3.6536998824893647 4.1982832334840756 4.3838308036614775 4.1688620130361356 3.9047736888025355 4.5094647371246603 3.7522610767135807 5.015535015997493 4.3384744884990525 5.5372625281620333 4.3383713812828066 4.3775423164542859 3.8391726887427864 3.3683195628385607 1.9641144724042567 4.62080333325554 3.6022762570546907 4.0340686256226901 7.0599237046418368 3.6268005813791842 3.1000524565878096 4.2793924214282679 6.359751610829119 4.3838034054246782 3.7404558103026022 4.8318330850514526 5.1009353985324983 4.1517974953464023 4.7505094594230179 4.5250683711736555 5.3752733523252845 4.2581221697163647
leaf_weight=1510 5525 21952 13683 14682 5845 6189 22027 622 7013 1975 2067 2252 1183 3670 13802 1320 681 4373 5365 1826 9968 366 47115 19841 9937 2019 10598 131604 18574 45708 3023 3781 5000 10981 12886 13255 4222 18955 1223 1102 6423 160 4355 4579 4625 111 301 18305 21472 54 948 13717 1168 114 7875 224 3466 248 229 881 992 1850 184
leaf_count=1510 5525 21952 13683 14682 5845 6189 22027 622 7013 1975 2067 2252 1183 3670 13802 1320 681 4373 5365 1826 9968 366 47115 19841 9937 2019 10598 131604 18574 45708 3023 3781 5000 10981 12886 13255 4222 18955 1223 1102 6423 160 4355 4579 4625 111 301 18305 21472 54 948 13717 1168 114 7875 224 3466 248 229 881 992 1850 184
internal_value=0 4.23163 4.15432 4.12287 4.58705 4.58827 4.09341 4.5956 4.06654 3.56128 3.85804 3.80579 4.58569 4.77066 4.289 3.41307 3.34292 4.61201 4.82018 3.26492 3.77233 3.20628 4.13671 3.72852 4.11427 4.86441 4.91512 4.10046 4.03014 4.88296 3.85872 3.67213 3.99372 4.36788 3.96556 4.03495 4.27853 3.64102 4.60803 4.46997 5.44455 5.50812 4.18314 4.12482 3.47671 3.33541 4.12938 3.67858 4.12561 5.12069 3.17359 3.14594 4.49413 5.09849 4.23475 4.66736 4.71281 4.32893 4.95274 5.20664 5.25024 5.02862 5.27421
internal_weight=0 577410 474258 442210 103152 32048 415747 21117 394630 22591 99368 92928 26463 63830 39322 20616 19296 6440 57985 17786 90622 16857 295262 75654 240272 52620 11781 218245 63586 50601 22864 52790 14968 33797 44715 26141 18024 45777 4893 15773 7434 6583 18871 14516 8517 4736 154659 37260 153076 2306 16491 15543 1583 415 54990 4792 4568 929 851 10096 9215 3026 2034
internal_count=600001 577410 474258 442210 103152 32048 415747 21117 394630 22591 99368 92928 26463 63830 39322 20616 19296 6440 57985 17786 90622 16857 295262 75654 240272 52620 11781 218245 63586 50601 22864 52790 14968 33797 44715 26141 18024 45777 4893 15773 7434 6583 18871 14516 8517 4736 154659 37260 153076 2306 16491 15543 1583 415 54990 4792 4568 929 851 10096 9215 3026 2034
is_linear=0
shrinkage=0.005


Tree=55
num_leaves=64
num_cat=0
split_feature=1 1 37 27 1 1 3 1 1 27 3 9 1 3 3 3 37 3 27 3 1 9 3 1 3 3 1 1 37 3 1 1 39 17 37 27 1 9 37 1 3 3 3 3 38 1 17 17 3 3 37 13 38 39 2 0 26 0 3 17 3 0 3
split_gain=3.86871e+08 6.28271e+08 2.5631e+08 2.38761e+08 2.23545e+08 2.23192e+08 2.2218e+08 3.27449e+08 2.28661e+08 2.05153e+08 1.53681e+08 1.63409e+08 9.12558e+07 6.15011e+07 5.92597e+07 5.87193e+07 5.47627e+07 4.84541e+07 4.40547e+07 4.39451e+07 3.65102e+07 3.2153e+07 2.50615e+07 1.79678e+07 1.76988e+07 1.75991e+07 1.73812e+07 2.56093e+07 1.62135e+07 1.29703e+07 1.24308e+07 1.2287e+07 1.11422e+07 1.07226e+07 1.05146e+07 9.38024e+06 9.20497e+06 9.00772e+06 8.96512e+06 8.90169e+06 8.82182e+06 8.72779e+06 8.71647e+06 1.27609e+07 9.02226e+06 8.68423e+06 8.22652e+06 8.20945e+06 8.18676e+06 8.14112e+06 8.13883e+06 8.09038e+06 8.65392e+06 8.08403e+06 9.89286e+06 8.12982e+06 9.61503e+06 1.03701e+07 8.06276e+06 8.05989e+06 8.12333e+06 1.54592e+07 8.03779e+06
threshold=1.0000000180025095e-35 5090.5000000000009 2019.5000000000002 1.0000000180025095e-35 1510.5000000000002 52861.000000000007 1.0000000180025095e-35 46670.500000000007 46670.500000000007 1.0000000180025095e-35 49.086193642899197 1.0000000180025095e-35 46215.500000000007 1.0000000180025095e-35 3.641052719675467 49.58469035707116 2019.5000000000002 50.849742826575884 1.0000000180025095e-35 1.0000000180025095e-35 79842.500000000015 1.0000000180025095e-35 36.977372812612337 4975.5000000000009 10.696799138597948 1.0000000180025095e-35 15184.500000000002 5991.5000000000009 2019.5000000000002 30.958491610009386 53792.500000000007 440.50000000000006 17.500000000000004 1.0000000180025095e-35 2023.5000000000002 1.0000000180025095e-35 54757.500000000007 1.0000000180025095e-35 2023.5000000000002 40975.000000000007 47.052345781429288 43.080037527664238 20.811850051578766 21.981087411853562 6.5000000000000009 40975.000000000007 1.0000000180025095e-35 1.0000000180025095e-35 26.988004809714827 36.977372812612337 2022.5000000000002 1.0000000180025095e-35 1.5000000000000002 19.500000000000004 3.5000000000000004 37.500000000000007 1.0000000180025095e-35 27.500000000000004 32.723439160081561 1.0000000180025095e-35 20.167634570558942 27.500000000000004 50.849742826575884
decision_type=2 2 2 2 2 2 2 2 2 2 2 2 2 2 2 2 2 2 2 2 2 2 2 2 2 2 2 2 2 2 2 2 2 2 2 2 2 2 2 2 2 2 2 2 2 2 2 2 2 2 2 2 2 2 2 2 2 2 2 2 2 2 2
left_child=9 4 5 6 14 -3 7 -4 22 15 11 20 -5 -6 -2 16 -1 50 23 -18 30 46 24 28 -8 -14 27 -26 33 32 47 37 -22 -15 -31 62 -9 41 -38 -24 59 -16 -34 -44 -45 48 -21 -10 -28 -32 -12 -36 -53 54 -52 56 57 -55 -50 -13 61 -61 -33
right_child=1 2 3 12 13 -7 8 36 10 -11 17 40 25 18 31 -17 19 -19 -20 21 29 -23 39 -25 26 -27 45 -29 -30 34 49 35 42 -35 51 -37 38 -39 -40 -41 -42 -43 43 44 -46 -47 -48 -49 58 -51 53 52 -54 55 -56 -57 -58 -59 -60 60 -62 -63 -64
leaf_value=4.240383409881237 3.7874870454737368 4.2823509225751852 4.1136889297259724 4.2997457429281019 4.2579684801224058 5.1806031560860388 4.1988699560519045 4.9279764218111861 3.6041742480784853 5.0829067449657224 4.9949410582379281 5.2453861169797298 4.312119704090934 4.4498765310338557 4.0015949779252846 4.4162467649206523 4.3072847873453695 4.2890511004675487 4.3644644170682891 3.2298967044495628 3.7120631164845856 4.6560460651596713 4.2325836515660678 4.3775434793098666 4.2457925652258037 4.9551057172839705 4.0931460002129123 3.9622730614043866 4.8878274616445436 3.9356722790617842 3.6698724615814564 4.4229583713940341 4.023189116428493 4.990457469355726 4.5664046593408107 4.0914238064609787 5.557565867554298 6.0917099438394819 5.0383239184051263 4.0239674066322673 7.1247564143054891 4.7742272844888438 3.1451925562189782 4.0659384441055311 3.615076064489481 4.0131998799707995 2.9849334656845077 3.3244385519753452 4.2356027450099853 3.8723538589700457 6.4531320112038477 5.5662129116058354 3.5108509799116052 5.4042558025669409 4.523164949184511 4.2520909353298473 4.1918443062088704 9.3246934460055453 4.0923304437685051 7.8440960352471532 4.0839888029620885 4.6603483102817345 3.8233303939314944
leaf_weight=1510 5525 21952 13683 14682 5845 10096 34046 851 8813 1975 1327 1611 1183 3670 3929 1320 929 4342 5365 11632 15903 366 49694 2019 9397 10598 83115 52257 45708 11029 29322 26314 7288 1223 1244 2524 5607 56 976 5700 53 403 736 2381 2078 21651 4859 3734 25014 5976 349 59 388 37 82 158 44 31 16166 47 356 202 571
leaf_count=1510 5525 21952 13683 14682 5845 10096 34046 851 8813 1975 1327 1611 1183 3670 3929 1320 929 4342 5365 11632 15903 366 49694 2019 9397 10598 83115 52257 45708 11029 29322 26314 7288 1223 1244 2524 5607 56 976 5700 53 403 736 2381 2078 21651 4859 3734 25014 5976 349 59 388 37 82 158 44 31 16166 47 356 202 571
internal_value=0 4.21047 4.13355 4.10226 4.56411 4.56533 4.07294 4.57262 4.04621 3.54348 3.83623 3.7838 4.56276 4.74681 4.26756 3.396 3.32621 4.58708 4.79608 3.2486 3.75 3.19025 4.11519 4.84009 4.0932 4.89054 4.07588 4.00549 4.85854 3.85928 3.6561 4.34604 3.79983 4.58499 3.99196 4.38286 5.41732 4.09923 5.48058 4.21112 5.10881 4.07347 3.91164 3.75515 3.85583 4.10561 3.15772 3.52092 4.12171 3.70415 5.22516 4.35909 3.78214 5.66097 6.08595 4.98257 6.01307 7.19151 4.17936 5.0606 4.56853 5.2613 4.41022
internal_weight=0 577410 474258 442210 103152 32048 415747 21117 394630 22591 97590 91220 26463 63830 39322 20616 19296 6370 57985 17786 88951 16857 297040 52620 241646 11781 207600 61654 50601 41106 47845 33797 28386 4893 12720 29409 7434 4388 6583 55394 2269 4332 12483 5195 4459 145946 16491 12547 124295 35298 2028 1691 447 701 431 270 112 68 41180 2216 605 249 26885
internal_count=600001 577410 474258 442210 103152 32048 415747 21117 394630 22591 97590 91220 26463 63830 39322 20616 19296 6370 57985 17786 88951 16857 297040 52620 241646 11781 207600 61654 50601 41106 47845 33797 28386 4893 12720 29409 7434 4388 6583 55394 2269 4332 12483 5195 4459 145946 16491 12547 124295 35298 2028 1691 447 701 431 270 112 68 41180 2216 605 249 26885
is_linear=0
shrinkage=0.005


Tree=56
num_leaves=64
num_cat=0
split_feature=1 1 37 27 1 1 3 1 1 27 3 9 1 3 3 3 37 3 27 3 1 9 3 1 9 1 1 3 37 3 1 1 1 1 3 3 3 3 3 3 17 26 37 39 1 9 1 3 3 3 22 3 32 3 39 3 3 3 3 3 0 2 37
split_gain=3.83012e+08 6.22004e+08 2.53753e+08 2.3638e+08 2.21315e+08 2.20966e+08 2.19963e+08 3.24183e+08 2.2638e+08 2.03107e+08 1.52148e+08 1.61779e+08 9.03455e+07 6.08876e+07 5.86685e+07 5.81336e+07 5.42165e+07 4.79708e+07 4.36153e+07 4.35067e+07 3.6146e+07 3.18322e+07 2.48115e+07 1.77886e+07 1.7645e+07 1.78342e+07 2.83963e+07 1.74235e+07 1.60517e+07 1.2841e+07 1.23068e+07 1.21647e+07 1.19049e+07 1.70351e+07 1.1647e+07 1.11731e+07 1.10724e+07 1.07028e+07 1.45507e+07 1.17132e+07 1.06156e+07 1.06046e+07 1.04098e+07 1.00458e+07 9.11315e+06 8.88456e+06 8.8129e+06 8.7485e+06 9.78954e+06 8.73382e+06 8.4513e+06 1.08681e+07 9.21386e+06 9.60454e+06 8.5755e+06 9.53795e+06 8.78156e+06 8.23981e+06 8.18132e+06 9.73738e+06 8.14785e+06 8.13704e+06 1.23007e+07
threshold=1.0000000180025095e-35 5090.5000000000009 2019.5000000000002 1.0000000180025095e-35 1510.5000000000002 52861.000000000007 1.0000000180025095e-35 46670.500000000007 46670.500000000007 1.0000000180025095e-35 49.086193642899197 1.0000000180025095e-35 46215.500000000007 1.0000000180025095e-35 3.641052719675467 49.58469035707116 2019.5000000000002 50.849742826575884 1.0000000180025095e-35 1.0000000180025095e-35 79842.500000000015 1.0000000180025095e-35 36.977372812612337 4975.5000000000009 1.0000000180025095e-35 15184.500000000002 6971.5000000000009 1.0000000180025095e-35 2019.5000000000002 30.958491610009386 53792.500000000007 928.50000000000011 9904.5000000000018 12053.500000000002 42.845288989930189 49.58469035707116 20.811850051578766 15.775500275987469 27.146896532695873 15.055163987698602 1.0000000180025095e-35 1.0000000180025095e-35 2023.5000000000002 17.500000000000004 54757.500000000007 1.0000000180025095e-35 40975.000000000007 21.981087411853562 21.723685867568019 47.052345781429288 1.0000000180025095e-35 18.545935257120366 1.0000000180025095e-35 18.00213777698308 13.500000000000002 14.605913263954788 9.5748938426300949 28.684346822020917 43.955623248403974 10.514780309671918 36.500000000000007 1.0000000180025095e-35 2021.5000000000002
decision_type=2 2 2 2 2 2 2 2 2 2 2 2 2 2 2 2 2 2 2 2 2 2 2 2 2 2 2 2 2 2 2 2 2 2 2 2 2 2 2 2 2 2 2 2 2 2 2 2 2 2 2 2 2 2 2 2 2 2 2 2 2 2 2
left_child=9 4 5 6 14 -3 7 -4 22 15 11 20 -5 -6 -2 16 -1 -12 23 -18 30 58 24 28 25 26 -8 -14 40 36 -10 34 -28 -34 -16 60 43 39 -39 -27 -15 -33 -31 50 -9 -46 -24 48 -38 -13 54 52 53 61 56 -56 -22 -49 59 -21 -36 -52 -63
right_child=1 2 3 12 13 -7 8 44 10 -11 17 49 27 18 31 -17 19 -19 -20 21 29 -23 46 -25 -26 37 32 -29 -30 42 -32 41 33 -35 35 -37 47 38 -40 -41 -42 -43 -44 -45 45 -47 -48 57 -50 -51 51 -53 -54 -55 55 -57 -58 -59 -60 -61 -62 62 -64
leaf_value=4.2191814445767877 3.768549636539706 4.2609392280451974 4.0931205511397852 4.2782470648800004 4.2366785673299745 5.1547000873321736 4.1578691842528626 4.9033365396887385 3.5033199886720223 5.057492139310475 5.1990339069183049 5.0352926094493817 4.2905590324812994 4.4276270252423977 4.1937569487265192 4.3941655666927497 4.285748431387451 4.2676058903876015 4.3426419705746619 3.4574337752556752 4.1448726366108239 4.6327658773836546 4.2114207978279028 4.3556557648745198 4.4904507517476349 4.1366407499313196 3.842760770013594 4.9303302117948222 4.86338836864011 3.9159938814309396 3.6856320798115605 4.3400655620323754 4.1270504904600251 3.8882747308140275 4.3811633036175719 4.0142258080823208 3.5726511865932524 4.0241117693997346 4.1379202269403423 4.4455659959329035 4.9655051756485111 4.6219658263784389 4.3372962791568286 4.0030731658609264 5.4821710353892534 4.2893622729778293 4.0038475742650927 3.802791643827816 2.7394194318568732 7.0891326335691058 3.6781644804801754 3.3223085080660311 3.5668019649580449 6.2130086185086162 2.9443687352553121 3.7505603933159559 3.6357818897791465 3.4723020780369822 3.592873707782744 3.0687659108625995 5.2127668389184638 3.8710553564494208 4.8365086833458193
leaf_weight=1510 5525 21952 13683 14682 5845 10096 20599 851 12547 1975 2028 2216 1183 3670 16264 1320 929 4342 5365 1826 1100 366 49694 2019 2502 48412 19994 10598 45708 11029 35298 10981 14068 15926 488 529 1237 69938 46931 3276 1223 4792 1691 7288 6423 160 5700 7541 493 53 515 533 599 62 794 682 3684 2515 948 13717 743 583 760
leaf_count=1510 5525 21952 13683 14682 5845 10096 20599 851 12547 1975 2028 2216 1183 3670 16264 1320 929 4342 5365 1826 1100 366 49694 2019 2502 48412 19994 10598 45708 11029 35298 10981 14068 15926 488 529 1237 69938 46931 3276 1223 4792 1691 7288 6423 160 5700 7541 493 53 515 533 599 62 794 682 3684 2515 948 13717 743 583 760
internal_value=0 4.18942 4.11288 4.08175 4.54129 4.5425 4.05258 4.54976 4.02598 3.52576 3.81705 3.76488 4.53995 4.72307 4.24622 3.37902 3.30958 4.56414 4.7721 3.23235 3.73125 3.1743 4.09462 4.81589 4.07274 4.06837 4.00165 4.86609 4.83425 3.83999 3.63782 4.32431 3.93727 4.00027 4.23557 4.62194 3.78083 4.09631 4.06981 4.15622 4.56207 4.42571 3.972 3.86404 5.39024 5.45318 4.19006 3.66363 3.3352 5.08327 3.75522 3.97095 4.1082 4.2771 3.65005 3.31688 3.75284 3.72014 3.14193 3.11443 4.8831 4.2125 4.4174
internal_weight=0 577410 474258 442210 103152 32048 415747 21117 394630 22591 97590 91220 26463 63830 39322 20616 19296 6370 57985 17786 88951 16857 297040 52620 241646 239144 70587 11781 50601 41106 47845 33797 49988 29994 18024 1760 28386 168557 116869 51688 4893 15773 12720 16600 7434 6583 55394 11786 1730 2269 9312 3052 2519 1920 6260 1476 4784 10056 16491 15543 1231 1858 1343
internal_count=600001 577410 474258 442210 103152 32048 415747 21117 394630 22591 97590 91220 26463 63830 39322 20616 19296 6370 57985 17786 88951 16857 297040 52620 241646 239144 70587 11781 50601 41106 47845 33797 49988 29994 18024 1760 28386 168557 116869 51688 4893 15773 12720 16600 7434 6583 55394 11786 1730 2269 9312 3052 2519 1920 6260 1476 4784 10056 16491 15543 1231 1858 1343
is_linear=0
shrinkage=0.005


Tree=57
num_leaves=64
num_cat=0
split_feature=1 1 37 27 1 1 3 1 1 27 3 9 1 3 3 3 37 3 27 3 1 9 3 3 3 1 1 1 3 37 37 3 24 1 1 1 1 17 27 1 9 37 3 1 1 1 0 9 0 1 17 3 39 3 17 0 37 3 3 3 32 17 27
split_gain=3.79192e+08 6.15799e+08 2.51222e+08 2.34022e+08 2.19108e+08 2.18762e+08 2.17769e+08 3.20949e+08 2.24142e+08 2.01081e+08 1.51988e+08 1.587e+08 8.94443e+07 6.02803e+07 5.80833e+07 5.75537e+07 5.36756e+07 4.70877e+07 4.31802e+07 4.30727e+07 3.44778e+07 3.15147e+07 2.52137e+07 2.1773e+07 1.77928e+07 1.76112e+07 1.72552e+07 2.44664e+07 1.72497e+07 1.58916e+07 1.57789e+07 1.31527e+07 1.2443e+07 1.2123e+07 1.18833e+07 1.78826e+07 1.10241e+07 1.05097e+07 9.27353e+06 9.02225e+06 8.91684e+06 8.87439e+06 8.58769e+06 8.53468e+06 2.14734e+07 8.3643e+06 8.46414e+06 8.33403e+06 8.29573e+06 8.20956e+06 8.14342e+06 8.13682e+06 9.90211e+06 8.08672e+06 8.07938e+06 8.03177e+06 9.23723e+06 8.0117e+06 8.81832e+06 8.06696e+06 7.98487e+06 7.95946e+06 7.95256e+06
threshold=1.0000000180025095e-35 5090.5000000000009 2019.5000000000002 1.0000000180025095e-35 1510.5000000000002 52861.000000000007 1.0000000180025095e-35 46670.500000000007 46215.500000000007 1.0000000180025095e-35 49.086193642899197 1.0000000180025095e-35 46215.500000000007 1.0000000180025095e-35 3.641052719675467 49.58469035707116 2019.5000000000002 50.849742826575884 1.0000000180025095e-35 1.0000000180025095e-35 114592.50000000001 1.0000000180025095e-35 36.977372812612337 31.087322931897432 8.7922112358916067 4975.5000000000009 14955.000000000002 6971.5000000000009 1.0000000180025095e-35 2019.5000000000002 2023.5000000000002 9.5748938426300949 1.0000000180025095e-35 440.50000000000006 9904.5000000000018 12053.500000000002 53792.500000000007 1.0000000180025095e-35 1.0000000180025095e-35 54757.500000000007 1.0000000180025095e-35 2023.5000000000002 43.080037527664238 6792.5000000000009 5991.5000000000009 49397.000000000007 63.500000000000007 1.0000000180025095e-35 41.500000000000007 40975.000000000007 1.0000000180025095e-35 17.020581862288818 22.500000000000004 48.723139267295252 1.0000000180025095e-35 46.500000000000007 2021.5000000000002 50.849742826575884 28.816585107346473 21.280066615632105 1.0000000180025095e-35 1.0000000180025095e-35 1.0000000180025095e-35
decision_type=2 2 2 2 2 2 2 2 2 2 2 2 2 2 2 2 2 2 2 2 2 2 2 2 2 2 2 2 2 2 2 2 2 2 2 2 2 2 2 2 2 2 2 2 2 2 2 2 2 2 2 2 2 2 2 2 2 2 2 2 2 2 2
left_child=9 4 5 6 14 -3 7 -4 22 15 11 20 -5 -6 -2 16 -1 -12 25 60 23 50 24 31 -8 29 27 43 -14 37 -25 -10 -22 40 -29 -36 45 -15 -35 61 42 55 -16 44 -26 -33 -47 49 -38 -28 -21 52 -49 -24 -13 56 -41 58 59 -31 -18 -9 -7
right_child=1 2 3 12 13 62 8 39 10 -11 17 54 28 18 33 -17 19 -19 -20 21 32 -23 53 30 26 -27 47 34 -30 57 -32 36 -34 38 35 -37 48 -39 -40 41 -42 -43 -44 -45 -46 46 -48 51 -50 -51 -52 -53 -54 -55 -56 -57 -58 -59 -60 -61 -62 -63 -64
leaf_value=4.1980855497327818 3.7497068636213324 4.2396345456587232 4.0726549414097546 4.2568558126215859 4.2154951888607339 5.1723165204053467 4.1883066872471311 5.1722262763977049 3.8184346847941324 5.0322047857739127 5.1651265892609919 5.226112738176913 4.2691062472819885 4.4054889803748045 3.9606044744535787 4.3721947970507724 3.9845836609562588 4.2493135948797098 4.3209288107224113 3.1980329950089681 3.8331564913955622 4.6096019793910488 4.1467669557032378 3.7502365735836127 4.1931396499371907 4.3338775209396889 4.0787657954526626 3.8094497933665945 4.9056784146795813 4.8533152811693938 4.1380154349931511 3.5989794406429487 4.1388077154982241 4.3664688443075077 4.1074900705760147 3.8459144350511316 3.6963185570452222 4.9406775249875867 4.0494880890496754 5.6073354034621969 6.0399338572365906 4.9858986055264705 4.7270104583395334 4.3149697640830427 3.7793011687754232 3.3163566133961262 1.9191848959579125 4.5547131612213745 3.5470830932505892 3.9733240376263663 2.9543101395603424 4.2149601658054134 6.285016446699176 4.3198653615081497 4.5625954048486452 5.7526444500027649 5.0982098768189097 4.3904544319558196 4.9383518942235654 4.6714762491773465 5.0324656261936314 4.0818819679859946 4.6750804720766563
leaf_weight=1510 5525 21952 13683 14682 5845 9215 22027 622 7013 1975 2067 1674 1183 3670 3929 1320 681 4373 5365 11632 9968 366 47115 19841 9937 2019 131604 18574 10598 18630 3023 3781 5000 26885 12886 13255 18955 1223 2524 1829 56 976 403 4355 4579 4625 111 301 18305 21472 4859 1168 114 7875 632 2041 1737 974 17036 9068 248 229 881
leaf_count=1510 5525 21952 13683 14682 5845 9215 22027 622 7013 1975 2067 1674 1183 3670 3929 1320 681 4373 5365 11632 9968 366 47115 19841 9937 2019 131604 18574 10598 18630 3023 3781 5000 26885 12886 13255 18955 1223 2524 1829 56 976 403 4355 4579 4625 111 301 18305 21472 4859 1168 114 7875 632 2041 1737 974 17036 9068 248 229 881
internal_value=0 4.16847 4.09232 4.06134 4.51859 4.51979 4.03232 4.52701 4.00585 3.50813 3.80044 3.74896 4.51725 4.69946 4.22499 3.36213 3.29303 4.54326 4.74824 3.21619 3.716 3.15843 4.07497 3.67262 4.05287 4.79181 4.0392 3.96986 4.84176 4.81008 3.80151 3.6168 3.93526 4.30269 3.90615 3.97486 3.58591 4.53926 4.33926 5.36329 4.05753 5.42591 4.0319 4.12084 4.0626 3.42361 3.28361 4.06771 3.623 4.06398 3.12622 4.42864 5.03003 4.17156 5.04426 5.50251 5.35934 4.83907 4.84884 4.79378 4.26432 4.87882 5.12893
internal_weight=0 577410 474258 442210 103152 32048 415747 21117 394630 22591 99368 92928 26463 63830 39322 20616 19296 6440 57985 17786 90622 16857 295262 75654 240272 52620 218245 63586 11781 50601 22864 52790 14968 33797 44715 26141 45777 4893 29409 7434 4388 6583 4332 18871 14516 8517 4736 154659 37260 153076 16491 1583 415 54990 2306 5607 3566 45708 44734 27698 929 851 10096
internal_count=600001 577410 474258 442210 103152 32048 415747 21117 394630 22591 99368 92928 26463 63830 39322 20616 19296 6440 57985 17786 90622 16857 295262 75654 240272 52620 218245 63586 11781 50601 22864 52790 14968 33797 44715 26141 45777 4893 29409 7434 4388 6583 4332 18871 14516 8517 4736 154659 37260 153076 16491 1583 415 54990 2306 5607 3566 45708 44734 27698 929 851 10096
is_linear=0
shrinkage=0.005


Tree=58
num_leaves=64
num_cat=0
split_feature=1 1 37 27 1 1 3 1 1 27 3 9 1 3 3 3 37 3 27 3 1 9 3 1 9 1 1 3 37 3 1 1 1 1 39 3 3 3 17 37 27 1 9 9 1 3 3 3 38 3 17 3 3 37 13 38 3 39 2 0 26 0 3
split_gain=3.75409e+08 6.09657e+08 2.48716e+08 2.31687e+08 2.16922e+08 2.1658e+08 2.15597e+08 3.17747e+08 2.2192e+08 1.99075e+08 1.49135e+08 1.58588e+08 8.85521e+07 5.9679e+07 5.75039e+07 5.69796e+07 5.31402e+07 4.70241e+07 4.27495e+07 4.26431e+07 3.55655e+07 3.12003e+07 2.43133e+07 1.74355e+07 1.73635e+07 1.75046e+07 2.78676e+07 1.70777e+07 1.57331e+07 1.26501e+07 1.20958e+07 1.20021e+07 1.16666e+07 1.671e+07 1.09501e+07 1.05503e+07 1.44048e+07 1.1611e+07 1.04049e+07 1.02462e+07 9.18103e+06 8.93225e+06 8.8279e+06 8.79252e+06 8.7198e+06 8.64804e+06 8.51083e+06 1.25624e+07 8.93216e+06 8.50203e+06 8.12706e+06 8.09956e+06 9.63937e+06 8.05764e+06 8.01058e+06 8.56757e+06 8.00799e+06 8.0034e+06 9.79418e+06 8.04872e+06 9.51912e+06 1.02667e+07 7.9507e+06
threshold=1.0000000180025095e-35 5090.5000000000009 2019.5000000000002 1.0000000180025095e-35 1510.5000000000002 52861.000000000007 1.0000000180025095e-35 46670.500000000007 46670.500000000007 1.0000000180025095e-35 49.086193642899197 1.0000000180025095e-35 46215.500000000007 1.0000000180025095e-35 3.641052719675467 49.58469035707116 2019.5000000000002 50.849742826575884 1.0000000180025095e-35 1.0000000180025095e-35 79842.500000000015 1.0000000180025095e-35 36.977372812612337 4975.5000000000009 1.0000000180025095e-35 15184.500000000002 6971.5000000000009 1.0000000180025095e-35 2019.5000000000002 30.958491610009386 53792.500000000007 440.50000000000006 9904.5000000000018 12053.500000000002 17.500000000000004 15.775500275987469 27.146896532695873 15.055163987698602 1.0000000180025095e-35 2023.5000000000002 1.0000000180025095e-35 54757.500000000007 1.0000000180025095e-35 1.0000000180025095e-35 40975.000000000007 47.052345781429288 20.811850051578766 21.981087411853562 6.5000000000000009 43.080037527664238 1.0000000180025095e-35 43.955623248403974 10.514780309671918 2022.5000000000002 1.0000000180025095e-35 1.5000000000000002 36.977372812612337 19.500000000000004 3.5000000000000004 37.500000000000007 1.0000000180025095e-35 27.500000000000004 49.938894560673965
decision_type=2 2 2 2 2 2 2 2 2 2 2 2 2 2 2 2 2 2 2 2 2 2 2 2 2 2 2 2 2 2 2 2 2 2 2 2 2 2 2 2 2 2 2 2 2 2 2 2 2 2 2 2 2 2 2 2 2 2 2 2 2 2 2
left_child=9 4 5 6 14 -3 7 -4 22 15 11 20 -5 -6 -2 16 -1 53 23 -18 30 51 24 28 25 26 -8 -14 38 34 50 42 -28 -34 -22 37 -37 -27 -15 -31 -33 -9 49 -43 -24 -13 -36 -48 -49 -16 -10 52 -21 -12 -41 -56 -32 58 -55 60 61 -59 -30
right_child=1 2 3 12 13 -7 8 41 10 -11 17 45 27 18 31 -17 19 -19 -20 21 29 -23 44 -25 -26 35 32 -29 62 39 56 40 33 -35 46 36 -38 -39 -40 54 -42 43 -44 -45 -46 -47 47 48 -50 -51 -52 -53 -54 57 55 -57 -58 59 -60 -61 -62 -63 -64
leaf_value=4.1770951708806372 3.7309583882760138 4.2184363541644574 4.052291683025099 4.2355714800332125 4.1944176693109494 5.1032819974474704 4.116444842027871 4.8544258062987993 3.5508234678888999 5.0070438585227048 4.9181455216078982 4.9848913182743191 4.2477606788330533 4.3834615349311594 3.9408014830601799 4.3503336938944726 4.2429980720873157 4.2250213471366127 4.2993241320077438 3.4245001378609738 3.6561495773865436 4.5865540433890839 4.1695059043179095 4.3122081363868334 4.4464874656966549 4.095455575662065 3.8043502016580808 4.8811501871446188 4.8265676918564653 3.8773355893742014 3.6147364199635037 4.3446364945937885 4.0858401571822247 3.8493535782918604 3.9642244198958112 3.9836885728277607 4.0969252601469561 4.4030308902756818 4.9159741468107416 4.5016037813054215 4.0292405707335988 5.4276251062460821 6.0097342511585783 4.2410103900432583 3.9630320131032093 7.0286204870691833 3.0941706761515366 4.0083166378301698 3.5597113233080071 4.7033754557711314 3.2724949698552019 3.5592738829987747 3.0377933631879088 6.3690455702860929 5.4963668409444519 3.4512842977722897 3.8155553812819374 5.3254138052141347 4.4487282191544049 4.179009768479987 4.1190643052621327 9.2262493379654433 4.4429329223643084
leaf_weight=1510 5525 21952 13683 14682 5845 10096 20599 851 8813 1975 1327 2216 1183 3670 3929 1320 929 4342 5365 1826 15903 366 49694 2019 2502 48412 19994 10598 44315 11029 29322 26885 14068 15926 7288 69938 46931 3276 1223 1244 2524 6423 56 160 5700 53 736 2381 2078 403 3734 948 13717 349 59 388 5976 37 82 158 44 31 1393
leaf_count=1510 5525 21952 13683 14682 5845 10096 20599 851 8813 1975 1327 2216 1183 3670 3929 1320 929 4342 5365 1826 15903 366 49694 2019 2502 48412 19994 10598 44315 11029 29322 26885 14068 15926 7288 69938 46931 3276 1223 1244 2524 6423 56 160 5700 53 736 2381 2078 403 3734 948 13717 349 59 388 5976 37 82 158 44 31 1393
internal_value=0 4.14763 4.07185 4.04103 4.49599 4.49719 4.01216 4.50437 3.98582 3.49059 3.77896 3.7273 4.49466 4.67596 4.20386 3.34532 3.27656 4.51862 4.7245 3.20011 3.69401 3.14264 4.05378 4.76785 4.03212 4.02779 3.96168 4.81755 4.78603 3.80187 3.60134 4.28117 3.89791 3.96027 3.74316 4.05547 4.02916 4.11495 4.51656 3.9329 4.31757 5.33647 4.03724 5.39878 4.14826 5.03263 3.854 3.69936 3.79926 4.01174 3.46799 3.11059 3.08322 5.14721 4.29532 3.72122 3.64874 5.58084 6.0037 4.90584 5.93119 7.10374 4.81488
internal_weight=0 577410 474258 442210 103152 32048 415747 21117 394630 22591 97590 91220 26463 63830 39322 20616 19296 6370 57985 17786 88951 16857 297040 52620 241646 239144 70587 11781 50601 41106 47845 33797 49988 29994 28386 168557 116869 51688 4893 12720 29409 7434 4388 6583 55394 2269 12483 5195 4459 4332 12547 16491 15543 2028 1691 447 35298 701 431 270 112 68 45708
internal_count=600001 577410 474258 442210 103152 32048 415747 21117 394630 22591 97590 91220 26463 63830 39322 20616 19296 6370 57985 17786 88951 16857 297040 52620 241646 239144 70587 11781 50601 41106 47845 33797 49988 29994 28386 168557 116869 51688 4893 12720 29409 7434 4388 6583 55394 2269 12483 5195 4459 4332 12547 16491 15543 2028 1691 447 35298 701 431 270 112 68 45708
is_linear=0
shrinkage=0.005


Tree=59
num_leaves=64
num_cat=0
split_feature=1 1 37 27 1 1 3 1 1 27 3 9 1 3 3 3 37 3 27 3 1 9 3 3 3 1 1 1 3 37 37 3 24 1 1 1 3 1 26 17 1 37 1 1 1 0 1 0 38 17 3 17 3 0 0 37 39 3 3 32 17 27 6
split_gain=3.71665e+08 6.03575e+08 2.46235e+08 2.29376e+08 2.14758e+08 2.14419e+08 2.13446e+08 3.14578e+08 2.19717e+08 1.97089e+08 1.48992e+08 1.5555e+08 8.76688e+07 5.90837e+07 5.69303e+07 5.64112e+07 5.26102e+07 4.61579e+07 4.23231e+07 4.22177e+07 3.39751e+07 3.08891e+07 2.4714e+07 2.14149e+07 1.75721e+07 1.72616e+07 1.69332e+07 2.39773e+07 1.69073e+07 1.55762e+07 1.55615e+07 1.30086e+07 1.23215e+07 1.19584e+07 1.16504e+07 1.75447e+07 1.15057e+07 1.08398e+07 1.04688e+07 1.03011e+07 8.84315e+06 8.78458e+06 8.44957e+06 2.12586e+07 8.24358e+06 8.37956e+06 8.22044e+06 8.21261e+06 8.08239e+06 8.06116e+06 8.00609e+06 8.0002e+06 7.97505e+06 8.05964e+06 7.95078e+06 9.14385e+06 7.94721e+06 8.32277e+06 9.72387e+06 7.90522e+06 7.88007e+06 7.87324e+06 8.76328e+06
threshold=1.0000000180025095e-35 5090.5000000000009 2019.5000000000002 1.0000000180025095e-35 1510.5000000000002 52861.000000000007 1.0000000180025095e-35 46670.500000000007 46215.500000000007 1.0000000180025095e-35 49.086193642899197 1.0000000180025095e-35 46215.500000000007 1.0000000180025095e-35 3.641052719675467 49.58469035707116 2019.5000000000002 50.849742826575884 1.0000000180025095e-35 1.0000000180025095e-35 114592.50000000001 1.0000000180025095e-35 36.977372812612337 31.087322931897432 8.7922112358916067 4975.5000000000009 14955.000000000002 6971.5000000000009 1.0000000180025095e-35 2019.5000000000002 2023.5000000000002 9.5748938426300949 1.0000000180025095e-35 928.50000000000011 9904.5000000000018 12053.500000000002 34.857935552831549 53792.500000000007 1.0000000180025095e-35 1.0000000180025095e-35 54757.500000000007 2023.5000000000002 6792.5000000000009 5991.5000000000009 49397.000000000007 63.500000000000007 40975.000000000007 41.500000000000007 10.500000000000002 1.0000000180025095e-35 48.723139267295252 1.0000000180025095e-35 47.880588994942194 28.500000000000004 46.500000000000007 2021.5000000000002 15.500000000000002 29.232596759212608 24.58288236567201 1.0000000180025095e-35 1.0000000180025095e-35 1.0000000180025095e-35 1.0000000180025095e-35
decision_type=2 2 2 2 2 2 2 2 2 2 2 2 2 2 2 2 2 2 2 2 2 2 2 2 2 2 2 2 2 2 2 2 2 2 2 2 2 2 2 2 2 2 2 2 2 2 2 2 2 2 2 2 2 2 2 2 2 2 2 2 2 2 2
left_child=9 4 5 6 14 -3 7 -4 22 15 11 20 -5 -6 -2 16 56 -12 25 59 23 49 24 31 -8 29 27 42 -14 39 -25 -10 -22 36 -29 -36 -16 44 -35 -15 60 54 43 -26 -33 -46 48 -39 -28 -21 -24 -13 53 -40 55 -42 -1 58 -58 -18 -9 62 -7
right_child=1 2 3 12 13 61 8 40 10 -11 17 51 28 18 33 -17 19 -19 -20 21 32 -23 50 30 26 -27 46 34 -30 -31 -32 37 -34 38 35 -37 -38 47 52 -41 41 -43 -44 -45 45 -47 -48 -49 -50 -51 -52 -53 -54 -55 -56 -57 57 -59 -60 -61 -62 -63 -64
leaf_value=3.7628823007557339 3.7123036032352918 4.1973441625292462 4.0320301517767314 4.214393667017605 4.1734456271913141 5.2287537898509218 4.1470399510866809 5.1220931011150892 3.781023327308513 4.9820085709602022 5.1136765737668304 5.1748916044108464 4.2265219567936558 4.3615442050200883 4.1019134933775119 4.3285820721667827 3.9434458208014087 4.2069512020433466 4.277827515360916 3.1664853379741937 3.7949701337495942 4.5636213993635337 4.1052849188259453 3.7127621399929409 4.1515707342954133 4.2906470182687118 4.0577575499852596 3.7713535591937171 4.8567443210170005 4.7908017210763703 4.0978604062422344 3.5629374604601454 4.0991250457242803 4.2752114181152887 4.0665052615170962 3.807412709444213 4.4001918200543217 3.6595049983439032 4.228001994238439 4.8913942783773683 5.5522902532194793 4.9340073947339764 4.2727937920365893 3.7398072899137684 3.282434730026738 1.8922611107267775 3.9367829709685926 3.5110191101594355 3.9465207132913021 2.9239966236405577 4.2775182765217625 4.5146333193967614 3.6341779646277428 4.7188938145083261 5.6968681367362972 5.0457447410714167 4.4383420169867973 5.2108036288268673 2.6636874217371789 4.9860882368395405 4.0372003810999182 4.626188616100424 4.900426982471477
leaf_weight=694 5525 21952 13683 14682 5845 6189 22027 622 7013 1975 2067 1674 1183 3670 13802 1320 681 4373 5365 11632 9968 366 47115 19841 9937 2019 113933 18574 10598 45708 3023 3781 5000 10981 12886 13255 4222 18955 1102 1223 1829 976 4355 4579 4625 111 21664 18305 19062 4859 7875 632 224 3466 2041 1737 454 269 93 248 229 881 3026
leaf_count=694 5525 21952 13683 14682 5845 6189 22027 622 7013 1975 2067 1674 1183 3670 13802 1320 681 4373 5365 11632 9968 366 47115 19841 9937 2019 113933 18574 10598 45708 3023 3781 5000 10981 12886 13255 4222 18955 1102 1223 1829 976 4355 4579 4625 111 21664 18305 19062 4859 7875 632 224 3466 2041 1737 454 269 93 248 229 881 3026
internal_value=0 4.12689 4.0515 4.02082 4.47351 4.4747 3.99209 4.48185 3.96589 3.47314 3.76252 3.71155 4.47219 4.65258 4.18284 3.32859 3.26018 4.49798 4.70088 3.18411 3.67892 3.12692 4.03433 3.63585 4.01245 4.74401 3.99886 3.93018 4.79346 4.7621 3.76368 3.58049 3.89657 4.25977 3.8671 3.93513 4.17178 3.54977 4.36031 4.49398 5.30979 5.37179 4.07963 4.02168 3.38884 3.24985 4.0271 3.58656 4.04181 3.09504 4.12995 4.99394 4.5553 4.60047 5.44799 5.30555 4.15621 4.49073 4.13662 4.22178 4.83015 5.07777 5.12094
internal_weight=0 577410 474258 442210 103152 32048 415747 21117 394630 22591 99368 92928 26463 63830 39322 20616 19296 6440 57985 17786 90622 16857 295262 75654 240272 52620 218245 63586 11781 50601 22864 52790 14968 33797 44715 26141 18024 45777 15773 4893 7434 6583 18871 14516 8517 4736 154659 37260 132995 16491 54990 2306 4792 4568 5607 3566 1510 816 547 929 851 10096 9215
internal_count=600001 577410 474258 442210 103152 32048 415747 21117 394630 22591 99368 92928 26463 63830 39322 20616 19296 6440 57985 17786 90622 16857 295262 75654 240272 52620 218245 63586 11781 50601 22864 52790 14968 33797 44715 26141 18024 45777 15773 4893 7434 6583 18871 14516 8517 4736 154659 37260 132995 16491 54990 2306 4792 4568 5607 3566 1510 816 547 929 851 10096 9215
is_linear=0
shrinkage=0.005


Tree=60
num_leaves=64
num_cat=0
split_feature=1 1 37 27 1 1 3 1 1 27 3 9 1 3 3 3 37 3 27 3 1 9 3 9 1 1 1 3 3 37 1 37 1 1 1 1 3 3 17 35 1 0 26 3 3 1 9 9 1 3 3 1 0 3 3 3 37 3 39 2 0 26 0
split_gain=3.67957e+08 5.97554e+08 2.43779e+08 2.27088e+08 2.12616e+08 2.1228e+08 2.11317e+08 3.1144e+08 2.17549e+08 1.95123e+08 1.46182e+08 1.55461e+08 8.67943e+07 5.84943e+07 5.63625e+07 5.58485e+07 5.20854e+07 4.60962e+07 4.19009e+07 4.17966e+07 3.50355e+07 3.0581e+07 2.38251e+07 1.718e+07 1.71751e+07 2.73492e+07 1.70894e+07 1.67386e+07 1.62703e+07 1.54208e+07 1.18401e+07 1.16134e+07 1.18129e+07 1.14328e+07 1.63915e+07 1.12819e+07 1.0429e+07 1.15009e+07 1.01983e+07 9.9704e+06 9.96473e+06 9.96193e+06 9.07576e+06 9.1576e+06 9.01888e+06 8.75494e+06 8.73945e+06 8.70144e+06 8.62771e+06 8.5631e+06 8.38947e+06 8.07744e+06 9.96749e+06 8.14986e+06 8.01862e+06 9.54235e+06 7.97727e+06 7.96657e+06 7.92356e+06 9.69648e+06 7.96844e+06 9.42416e+06 1.01643e+07
threshold=1.0000000180025095e-35 5090.5000000000009 2019.5000000000002 1.0000000180025095e-35 1510.5000000000002 52861.000000000007 1.0000000180025095e-35 46670.500000000007 46670.500000000007 1.0000000180025095e-35 49.086193642899197 1.0000000180025095e-35 46215.500000000007 1.0000000180025095e-35 3.641052719675467 49.58469035707116 2019.5000000000002 50.849742826575884 1.0000000180025095e-35 1.0000000180025095e-35 88202.000000000015 1.0000000180025095e-35 36.977372812612337 1.0000000180025095e-35 15184.500000000002 6971.5000000000009 4975.5000000000009 1.0000000180025095e-35 34.979870140845065 2019.5000000000002 440.50000000000006 2023.5000000000002 114592.50000000001 9904.5000000000018 12053.500000000002 53792.500000000007 13.448529106845264 27.146896532695873 1.0000000180025095e-35 1.0000000180025095e-35 93050.000000000015 45.500000000000007 1.0000000180025095e-35 34.24920207713182 31.935436495857811 54757.500000000007 1.0000000180025095e-35 1.0000000180025095e-35 40975.000000000007 47.052345781429288 43.080037527664238 860.50000000000011 28.500000000000004 6.9174642558718125 43.955623248403974 10.514780309671918 2022.5000000000002 39.238479264830517 19.500000000000004 3.5000000000000004 37.500000000000007 1.0000000180025095e-35 27.500000000000004
decision_type=2 2 2 2 2 2 2 2 2 2 2 2 2 2 2 2 2 2 2 2 2 2 2 2 2 2 2 2 2 2 2 2 2 2 2 2 2 2 2 2 2 2 2 2 2 2 2 2 2 2 2 2 2 2 2 2 2 2 2 2 2 2 2
left_child=9 4 5 6 14 -3 7 -4 22 15 11 20 -5 -6 -2 16 -1 56 26 -18 28 54 23 24 25 -8 29 -14 35 38 46 32 40 -27 -35 -10 -26 -38 -15 44 -22 -30 43 -32 -33 -9 50 -47 -24 -13 -16 -44 -53 -54 55 -21 -12 -43 59 -58 61 62 -60
right_child=1 2 3 12 13 -7 8 45 10 -11 17 49 27 18 30 -17 19 -19 -20 21 31 -23 48 -25 36 33 -28 -29 41 -31 42 39 -34 34 -36 -37 37 -39 -40 -41 -42 57 51 -45 -46 47 -48 -49 -50 -51 -52 52 53 -55 -56 -57 58 -59 60 -61 -62 -63 -64
leaf_value=4.1354286158284213 3.6937420401870225 4.1763574542957409 4.0118700311950803 4.1933216803588564 4.1525784155598453 5.0523767853566266 4.0754337574487662 4.806002957605167 3.3905993778704415 4.9570985281470454 4.8679864199995189 4.9349937615096433 4.2053893416812631 4.3397364795846247 3.9003484277313802 4.3069391955430767 4.2006741623447326 4.1828615177528814 4.2564383907694188 3.3918872516490479 3.8667512227729728 4.5408031184686335 4.1280087460157269 4.4040791781396154 4.087612022557833 3.7663234376312018 4.2691938251826711 4.8324605725346315 3.8617572955190504 4.7668476220764129 4.1557444153933583 3.6921175284556762 3.8628947005221264 4.0450409065839619 3.8108193367059244 3.5813984295337526 3.958468233032693 4.0563197200058356 4.8669372918318503 4.3862631370333194 3.5767266723176006 3.8313596993019265 4.2253794852296718 4.40218881576752 4.3188131249438291 5.373622400395325 5.9587765080588202 4.1931697342395786 3.9226279966415021 6.9686617393313712 4.6578576139599157 4.1491379842029374 5.7506591024516549 4.6061868251459313 3.5259981583439224 3.0071315256091391 6.3116319508453502 3.4014508652332882 5.2732182621311496 4.4009163086879548 4.1325462428829338 4.0729005679217254 9.1545495359359244
leaf_weight=1510 5525 21952 13683 14682 5845 10096 20599 851 9943 1975 1327 2216 1183 3670 3929 1320 929 4342 5365 1826 4081 366 49694 2502 38247 19994 2019 10598 7311 45708 15383 2066 12928 14068 15926 35090 83379 46931 1223 1360 10798 1735 3660 4993 795 6423 56 160 5700 53 403 1302 162 3909 948 13717 349 2844 37 82 158 44 31
leaf_count=1510 5525 21952 13683 14682 5845 10096 20599 851 9943 1975 1327 2216 1183 3670 3929 1320 929 4342 5365 1826 4081 366 49694 2502 38247 19994 2019 10598 7311 45708 15383 2066 12928 14068 15926 35090 83379 46931 1223 1360 10798 1735 3660 4993 795 6423 56 160 5700 53 403 1302 162 3909 948 13717 349 2844 37 82 158 44 31
internal_value=0 4.10625 4.03124 4.00072 4.45115 4.45233 3.97213 4.45944 3.94606 3.45577 3.74125 3.69011 4.44983 4.62932 4.16193 3.31195 3.24388 4.47355 4.67737 3.16819 3.65714 3.11129 4.01335 3.99191 3.9876 3.92212 4.72029 4.76949 3.58271 4.73829 4.23847 3.78943 3.75234 3.85894 3.92068 3.53927 4.01502 3.99371 4.47151 4.0338 3.65627 3.74722 4.27462 4.21613 3.86626 5.28324 3.99619 5.34493 4.10688 4.9825 3.97082 4.40654 4.52994 4.65173 3.07956 3.05233 5.09591 3.56434 5.52737 5.94811 4.85574 5.87596 7.04265
internal_weight=0 577410 474258 442210 103152 32048 415747 21117 394630 22591 97590 91220 26463 63830 39322 20616 19296 6370 57985 17786 88951 16857 297040 241646 239144 70587 52620 11781 56923 50601 33797 32028 27807 49988 29994 45033 168557 130310 4893 4221 14879 11890 29409 20376 2861 7434 4388 6583 55394 2269 4332 9033 5373 4071 16491 15543 2028 4579 701 431 270 112 68
internal_count=600001 577410 474258 442210 103152 32048 415747 21117 394630 22591 97590 91220 26463 63830 39322 20616 19296 6370 57985 17786 88951 16857 297040 241646 239144 70587 52620 11781 56923 50601 33797 32028 27807 49988 29994 45033 168557 130310 4893 4221 14879 11890 29409 20376 2861 7434 4388 6583 55394 2269 4332 9033 5373 4071 16491 15543 2028 4579 701 431 270 112 68
is_linear=0
shrinkage=0.005


Tree=61
num_leaves=64
num_cat=0
split_feature=1 1 37 27 1 1 3 1 1 27 3 9 1 3 3 3 37 3 27 3 1 9 3 3 3 1 1 1 3 37 37 3 24 1 1 1 3 1 27 17 1 37 1 1 1 0 1 0 38 17 3 17 3 3 0 37 39 3 3 3 32 17 27
split_gain=3.64287e+08 5.91594e+08 2.41347e+08 2.24823e+08 2.10495e+08 2.10163e+08 2.0921e+08 3.08333e+08 2.1538e+08 1.93177e+08 1.46055e+08 1.52463e+08 8.59285e+07 5.79108e+07 5.58002e+07 5.52914e+07 5.15658e+07 4.52464e+07 4.14829e+07 4.13797e+07 3.32912e+07 3.0276e+07 2.42242e+07 2.10606e+07 1.7324e+07 1.69189e+07 1.6623e+07 2.34978e+07 1.65717e+07 1.53468e+07 1.5267e+07 1.28766e+07 1.21979e+07 1.17525e+07 1.1422e+07 1.72132e+07 1.13157e+07 1.06479e+07 1.03227e+07 1.00966e+07 8.66761e+06 8.69568e+06 8.36529e+06 2.10459e+07 8.13983e+06 8.131e+06 8.12216e+06 8.29597e+06 8.00207e+06 7.97972e+06 7.92627e+06 7.9218e+06 7.8714e+06 9.52541e+06 7.87061e+06 9.05142e+06 7.86794e+06 8.23975e+06 9.62687e+06 7.85106e+06 7.82636e+06 7.80146e+06 7.7947e+06
threshold=1.0000000180025095e-35 5090.5000000000009 2019.5000000000002 1.0000000180025095e-35 1510.5000000000002 52861.000000000007 1.0000000180025095e-35 46670.500000000007 46215.500000000007 1.0000000180025095e-35 49.086193642899197 1.0000000180025095e-35 46215.500000000007 1.0000000180025095e-35 3.641052719675467 49.58469035707116 2019.5000000000002 50.849742826575884 1.0000000180025095e-35 1.0000000180025095e-35 114592.50000000001 1.0000000180025095e-35 36.977372812612337 31.087322931897432 8.7922112358916067 4975.5000000000009 14955.000000000002 6971.5000000000009 1.0000000180025095e-35 2023.5000000000002 2019.5000000000002 9.5748938426300949 1.0000000180025095e-35 928.50000000000011 9904.5000000000018 12053.500000000002 34.857935552831549 53792.500000000007 1.0000000180025095e-35 1.0000000180025095e-35 54757.500000000007 2023.5000000000002 6792.5000000000009 5991.5000000000009 40975.000000000007 41.500000000000007 49397.000000000007 63.500000000000007 10.500000000000002 1.0000000180025095e-35 48.723139267295252 1.0000000180025095e-35 49.938894560673965 29.984256972886694 46.500000000000007 2021.5000000000002 15.500000000000002 29.232596759212608 24.58288236567201 50.849742826575884 1.0000000180025095e-35 1.0000000180025095e-35 1.0000000180025095e-35
decision_type=2 2 2 2 2 2 2 2 2 2 2 2 2 2 2 2 2 2 2 2 2 2 2 2 2 2 2 2 2 2 2 2 2 2 2 2 2 2 2 2 2 2 2 2 2 2 2 2 2 2 2 2 2 2 2 2 2 2 2 2 2 2 2
left_child=9 4 5 6 14 -3 7 -4 22 15 11 20 -5 -6 -2 16 56 -12 25 60 23 49 24 31 -8 30 27 42 -14 -25 39 -10 -22 36 -29 -36 -16 46 59 -15 61 54 43 -26 48 -39 -33 -48 -28 -21 -24 -13 53 -32 55 -42 -1 58 -58 -35 -18 -9 -7
right_child=1 2 3 12 13 62 8 40 10 -11 17 51 28 18 33 -17 19 -19 -20 21 32 -23 50 29 26 -27 44 34 -30 -31 52 37 -34 38 35 -37 -38 45 -40 -41 41 -43 -44 -45 -46 -47 47 -49 -50 -51 -52 -53 -54 -55 -56 -57 57 -59 -60 -61 -62 -63 -64
leaf_value=3.7233906522786153 3.6752732788621705 4.1554757023371014 3.9918107249842745 4.1723550923258559 4.1318154872995443 5.0700719610275344 4.106065789634914 5.0724527096365044 3.7441865407759325 4.9323129660721063 5.0627393763059283 5.1241763940809584 4.1843623432801724 4.3180378421167429 4.0607622598091497 4.2854044444445867 3.902725206100643 4.1650113566108384 4.2351562373194449 3.1352505376294229 3.756567123927173 4.5180991435930382 4.0642172777400605 3.675776314544227 4.1104149305235298 4.2478478349560032 4.0174215325509595 3.7336380017438211 4.8082982865133443 4.0582085469721507 4.7015423242234036 3.5274209326382699 4.0591921730260552 4.373930267271696 4.0259295808000983 3.7692962436895918 4.3565681317242495 3.6231543750638044 3.9062944856536008 4.8426025804626294 5.4977898947432626 4.8826446334114229 4.231033819556373 3.7007160578205611 3.8970426316813813 3.475408057660355 3.2490695413547916 1.8658467813440271 3.9067388420541538 2.8939897290261949 4.2355899182583041 4.4671612781078753 4.3729298857367906 4.8558379118843265 5.6416400502576129 4.9938110535111866 4.3954730657648939 5.16407234634387 2.6296917880222361 3.5604669389945052 4.9401544332504272 3.9929843874269175 4.5777957662280384
leaf_weight=694 5525 21952 13683 14682 5845 9215 22027 622 7013 1975 2067 1674 1183 3670 13802 1320 681 4373 5365 11632 9968 366 47115 19841 9937 2019 113933 18574 10598 3023 29063 3781 5000 14075 12886 13255 4222 18955 1395 1223 1829 976 4355 4579 21664 18305 4625 111 19062 4859 7875 632 1393 15252 2041 1737 454 269 93 303 248 229 881
leaf_count=694 5525 21952 13683 14682 5845 9215 22027 622 7013 1975 2067 1674 1183 3670 13802 1320 681 4373 5365 11632 9968 366 47115 19841 9937 2019 113933 18574 10598 3023 29063 3781 5000 14075 12886 13255 4222 18955 1395 1223 1829 976 4355 4579 21664 18305 4625 111 19062 4859 7875 632 1393 15252 2041 1737 454 269 93 303 248 229 881
internal_value=0 4.08572 4.01108 3.98072 4.42889 4.43007 3.95227 4.43714 3.92633 3.43849 3.72497 3.67451 4.42758 4.60617 4.14112 3.29539 3.22766 4.45315 4.65399 3.15235 3.64221 3.09573 3.99409 3.59958 3.97243 4.69669 3.95894 3.89088 4.74565 3.72634 4.7146 3.54468 3.85766 4.21727 3.82844 3.8958 4.13005 3.51411 4.31694 4.44915 5.25682 5.31821 4.03884 3.98118 3.98692 3.55057 3.35461 3.21665 4.00156 3.06416 4.08876 4.94411 4.74301 4.75465 5.39402 5.2523 4.11475 4.4476 4.09526 4.35679 4.17967 4.78197 5.02711
internal_weight=0 577410 474258 442210 103152 32048 415747 21117 394630 22591 99368 92928 26463 63830 39322 20616 19296 6440 57985 17786 90622 16857 295262 75654 240272 52620 218245 63586 11781 22864 50601 52790 14968 33797 44715 26141 18024 45777 15773 4893 7434 6583 18871 14516 154659 37260 8517 4736 132995 16491 54990 2306 45708 44315 5607 3566 1510 816 547 14378 929 851 10096
internal_count=600001 577410 474258 442210 103152 32048 415747 21117 394630 22591 99368 92928 26463 63830 39322 20616 19296 6440 57985 17786 90622 16857 295262 75654 240272 52620 218245 63586 11781 22864 50601 52790 14968 33797 44715 26141 18024 45777 15773 4893 7434 6583 18871 14516 154659 37260 8517 4736 132995 16491 54990 2306 45708 44315 5607 3566 1510 816 547 14378 929 851 10096
is_linear=0
shrinkage=0.005


Tree=62
num_leaves=64
num_cat=0
split_feature=1 1 37 27 1 1 3 1 1 27 3 9 1 3 3 3 37 3 27 3 1 9 3 9 1 1 1 3 37 3 17 1 3 3 3 3 17 37 3 39 1 27 9 3 3 1 9 1 3 22 3 32 3 39 3 3 3 3 0 16 3 35 2
split_gain=3.60653e+08 5.85693e+08 2.3894e+08 2.2258e+08 2.08395e+08 2.08067e+08 2.07123e+08 3.05258e+08 2.13263e+08 1.9125e+08 1.43287e+08 1.52395e+08 8.50714e+07 5.73332e+07 5.52436e+07 5.47399e+07 5.10515e+07 4.51865e+07 4.10692e+07 4.09669e+07 3.44742e+07 2.9974e+07 2.33466e+07 1.69984e+07 1.68518e+07 2.69064e+07 1.67502e+07 1.64064e+07 1.51147e+07 1.23583e+07 1.20351e+07 1.16803e+07 1.08509e+07 1.02897e+07 1.41362e+07 1.15615e+07 9.9959e+06 9.92442e+06 9.89572e+06 9.82054e+06 9.12141e+06 8.98544e+06 8.6519e+06 8.59571e+06 9.69342e+06 8.58115e+06 8.6113e+06 8.53662e+06 8.479e+06 8.36794e+06 1.07497e+07 9.12353e+06 9.51979e+06 8.48666e+06 9.45489e+06 8.63071e+06 8.27844e+06 8.15514e+06 8.11167e+06 8.24753e+06 8.54447e+06 8.08405e+06 8.05606e+06
threshold=1.0000000180025095e-35 5090.5000000000009 2019.5000000000002 1.0000000180025095e-35 1510.5000000000002 52861.000000000007 1.0000000180025095e-35 46670.500000000007 46670.500000000007 1.0000000180025095e-35 49.086193642899197 1.0000000180025095e-35 46215.500000000007 1.0000000180025095e-35 3.641052719675467 49.58469035707116 2019.5000000000002 50.849742826575884 1.0000000180025095e-35 1.0000000180025095e-35 79842.500000000015 1.0000000180025095e-35 36.977372812612337 1.0000000180025095e-35 15184.500000000002 5991.5000000000009 4975.5000000000009 1.0000000180025095e-35 2019.5000000000002 30.958491610009386 1.0000000180025095e-35 440.50000000000006 20.811850051578766 15.775500275987469 27.146896532695873 15.055163987698602 1.0000000180025095e-35 2023.5000000000002 30.958491610009386 17.500000000000004 55741.000000000007 1.0000000180025095e-35 1.0000000180025095e-35 21.981087411853562 21.723685867568019 54757.500000000007 1.0000000180025095e-35 40975.000000000007 47.052345781429288 1.0000000180025095e-35 18.545935257120366 1.0000000180025095e-35 18.00213777698308 13.500000000000002 14.605913263954788 9.5748938426300949 43.080037527664238 28.684346822020917 19.500000000000004 1.0000000180025095e-35 20.695004341301857 1.0000000180025095e-35 1.0000000180025095e-35
decision_type=2 2 2 2 2 2 2 2 2 2 2 2 2 2 2 2 2 2 2 2 2 2 2 2 2 2 2 2 2 2 2 2 2 2 2 2 2 2 2 2 2 2 2 2 2 2 2 2 2 2 2 2 2 2 2 2 2 2 2 2 2 2 2
left_child=9 4 5 6 14 -3 7 -4 22 15 11 20 -5 -6 -2 16 -1 -12 26 -18 30 -21 23 24 25 -8 28 -14 36 32 38 42 39 35 -35 -26 -15 -31 -10 49 -32 -33 56 44 -34 -9 -47 -24 -13 53 51 52 62 55 -55 -22 -16 -45 61 60 -60 -57 -51
right_child=1 2 3 12 13 -7 8 45 10 -11 17 48 27 18 31 -17 19 -19 -20 21 29 -23 47 -25 33 -27 -28 -29 -30 37 40 41 43 34 -36 -37 -38 -39 -40 -41 -42 -43 -44 57 -46 46 -48 -49 -50 50 -52 -53 -54 54 -56 58 -58 -59 59 -61 -62 -63 -64
leaf_value=4.0941777201409373 3.6568969727427105 4.1346982214700265 3.9718516656560592 4.1514933130640355 4.1111564534157132 5.0019792599088833 4.1115061865768183 4.7580630333695373 3.5241165677541209 4.9076514885289004 5.0451153219789457 4.8855946789929368 4.1634405506674961 4.2964477004762891 3.8603053585347951 4.2639774476109134 4.1587723762945412 4.141122080973088 4.21398040290181 3.0488432785415314 4.0298415572704238 4.4955087259297812 4.0869248795834023 4.3620840311903271 4.0142583556001092 3.8412534025437863 4.2266087071349965 4.7842568815944553 4.7192983856256854 3.8016616440933078 3.2252555934041029 4.2588719353436124 3.4635145856763505 3.9039418801100734 4.0161178454016628 4.3211773983402786 4.8183897216546177 4.2130255164154038 3.7103210705064935 3.8886429853305531 3.4957852441517874 3.9468535485442744 5.908282679830279 3.6910218736261498 2.6343834124411818 5.3201577347087827 4.1458350641727444 3.8826312279550392 6.9092514148748148 3.5668342140467422 3.2131480228721983 3.4560108388462827 6.0901670288054213 2.8366088240010008 3.6392824732248954 3.8194294964767717 4.612785461505057 3.3622346537936161 3.3066467243198856 3.9152202875559712 5.990074611663819 5.988531264501904 4.3023846905018885
leaf_weight=1510 5525 21952 13683 14682 5845 10096 10890 851 23475 1975 2028 2216 1183 3670 3929 1320 929 4342 5365 16491 1100 366 49694 2502 48412 59697 2019 10598 45708 11029 4642 26885 1237 69938 46931 3276 1223 1691 10251 7288 9477 2524 56 7541 493 6423 160 5700 53 515 533 599 62 794 682 135 403 2515 2657 799 30 63 1343
leaf_count=1510 5525 21952 13683 14682 5845 10096 10890 851 23475 1975 2028 2216 1183 3670 3929 1320 929 4342 5365 16491 1100 366 49694 2502 48412 59697 2019 10598 45708 11029 4642 26885 1237 69938 46931 3276 1223 1691 10251 7288 9477 2524 56 7541 493 6423 160 5700 53 515 533 599 62 794 682 135 403 2515 2657 799 30 63 1343
internal_value=0 4.06529 3.99103 3.96081 4.40675 4.40792 3.93251 4.41496 3.9067 3.4213 3.70391 3.65328 4.40544 4.58314 4.12041 3.27891 3.21152 4.42892 4.63072 3.13659 3.62064 3.08025 3.97332 3.9521 3.94781 3.88295 4.67321 4.72192 4.69102 3.72684 3.5294 4.19619 3.6688 3.97497 3.94899 4.03371 4.42691 3.85635 3.58071 3.75118 3.40684 4.23209 3.95555 3.55279 3.22724 5.23054 5.29162 4.0659 4.93286 3.64359 3.85825 3.99475 4.16282 3.53893 3.20749 3.64119 3.93031 3.60879 3.52514 3.46923 3.33661 4.5096 4.0985
internal_weight=0 577410 474258 442210 103152 32048 415747 21117 394630 22591 97590 91220 26463 63830 39322 20616 19296 6370 57985 17786 88951 16857 297040 241646 239144 70587 52620 11781 50601 41106 47845 33797 28386 168557 116869 51688 4893 12720 33726 16600 14119 29409 4388 11786 1730 7434 6583 55394 2269 9312 3052 2519 1920 6260 1476 4784 4332 10056 3684 3486 2687 198 1858
internal_count=600001 577410 474258 442210 103152 32048 415747 21117 394630 22591 97590 91220 26463 63830 39322 20616 19296 6370 57985 17786 88951 16857 297040 241646 239144 70587 52620 11781 50601 41106 47845 33797 28386 168557 116869 51688 4893 12720 33726 16600 14119 29409 4388 11786 1730 7434 6583 55394 2269 9312 3052 2519 1920 6260 1476 4784 4332 10056 3684 3486 2687 198 1858
is_linear=0
shrinkage=0.005


Tree=63
num_leaves=64
num_cat=0
split_feature=1 1 37 27 1 1 3 1 1 27 3 9 1 3 3 3 37 3 27 3 1 9 3 3 1 3 1 1 3 37 1 37 1 3 1 26 17 1 35 0 3 3 1 37 3 1 1 37 36 3 3 3 3 1 37 3 0 39 2 0 26 0 3
split_gain=3.57056e+08 5.79851e+08 2.36556e+08 2.2036e+08 2.06317e+08 2.05991e+08 2.05057e+08 3.02213e+08 2.11136e+08 1.89342e+08 1.41858e+08 1.50875e+08 8.42227e+07 5.67613e+07 5.46926e+07 5.41939e+07 5.05422e+07 4.47358e+07 4.06595e+07 4.05583e+07 3.41695e+07 2.9675e+07 2.31137e+07 1.68577e+07 1.65831e+07 1.62427e+07 1.61584e+07 2.39409e+07 1.58772e+07 1.49639e+07 1.15941e+07 1.14212e+07 1.15563e+07 1.11759e+07 1.10119e+07 1.02109e+07 9.89619e+06 9.86878e+06 9.86643e+06 9.86379e+06 8.81792e+06 8.53018e+06 8.49556e+06 8.60768e+06 8.39442e+06 8.31025e+06 8.23674e+06 8.22563e+06 1.23429e+07 8.07356e+06 7.93848e+06 9.4463e+06 7.93228e+06 1.12911e+07 7.89769e+06 7.86657e+06 7.89702e+06 7.84452e+06 9.59976e+06 7.88895e+06 9.33016e+06 1.00629e+07 7.8423e+06
threshold=1.0000000180025095e-35 5090.5000000000009 2019.5000000000002 1.0000000180025095e-35 1510.5000000000002 52861.000000000007 1.0000000180025095e-35 46670.500000000007 46670.500000000007 1.0000000180025095e-35 49.086193642899197 1.0000000180025095e-35 46215.500000000007 1.0000000180025095e-35 3.641052719675467 49.58469035707116 2019.5000000000002 50.849742826575884 1.0000000180025095e-35 1.0000000180025095e-35 88202.000000000015 1.0000000180025095e-35 36.977372812612337 10.696799138597948 4975.5000000000009 1.0000000180025095e-35 15184.500000000002 5991.5000000000009 34.979870140845065 2019.5000000000002 928.50000000000011 2023.5000000000002 114592.50000000001 34.857935552831549 53792.500000000007 1.0000000180025095e-35 1.0000000180025095e-35 93050.000000000015 1.0000000180025095e-35 51.500000000000007 31.935436495857811 48.723139267295252 54757.500000000007 2023.5000000000002 47.052345781429288 40975.000000000007 79842.500000000015 2023.5000000000002 1.0000000180025095e-35 43.742172731644068 43.955623248403974 10.514780309671918 42.845288989930189 52861.000000000007 2022.5000000000002 47.880588994942194 28.500000000000004 19.500000000000004 3.5000000000000004 37.500000000000007 1.0000000180025095e-35 27.500000000000004 26.988004809714827
decision_type=2 2 2 2 2 2 2 2 2 2 2 2 2 2 2 2 2 2 2 2 2 2 2 2 2 2 2 2 2 2 2 2 2 2 2 2 2 2 2 2 2 2 2 2 2 2 2 2 2 2 2 2 2 2 2 2 2 2 2 2 2 2 2
left_child=9 4 5 6 14 -3 7 -4 22 15 11 20 -5 -6 -2 16 -1 54 24 -18 28 50 23 -8 29 -14 27 -25 34 36 33 32 37 -16 -10 -32 -15 -22 40 46 -33 -24 -9 -44 -13 62 47 -30 -49 52 51 -21 -41 -54 -12 56 -37 58 -56 60 61 -59 -28
right_child=1 2 3 12 13 -7 8 42 10 -11 17 44 25 18 30 -17 19 -19 -20 21 31 -23 41 26 -26 -27 45 -29 39 -31 35 38 -34 -35 -36 55 -38 -39 -40 49 -42 -43 43 -45 -46 -47 -48 48 -50 -51 -52 -53 53 -55 57 -57 -58 59 -60 -61 -62 -63 -64
leaf_value=4.0737068621240411 3.6386124789346872 4.1140247486622323 3.9519923231652987 4.1307358796253935 4.0906005811405759 4.9769693702616893 4.0354600026484277 4.7342727346565976 3.3392403613153632 4.8831132424801966 4.7931072142650599 4.8611668397219931 4.1426233871146376 4.2749654255914189 4.019714151848194 4.2426576500160227 4.1379786113414623 4.1204165025388297 4.1929105125794539 3.3443475500792919 3.8108454822418429 4.4730310957679329 4.020171327811215 4.0799018500075164 4.2054755983195014 4.7603354409915202 3.9318859208450783 3.8057736989418518 3.6434608084314655 4.6957018758107028 4.1901643098449215 3.6366663889734423 3.8057483920705444 4.3136862898188983 3.5277428040633758 4.1429523118632678 4.7942977973386549 3.5222206655039545 4.3261424167867588 3.5273748354532093 4.2563402522989788 4.1971255220267434 5.3405906592014745 4.8318050752702311 6.8747049835492975 3.8536945874744566 4.1248716455560661 4.5213755532753375 3.3348762696560907 3.0782304602891477 3.4777988625261225 2.9615331485538072 2.3475062179565431 5.2215826770877527 6.2295345278558214 3.5519461876792566 4.6288665972096315 5.1963129053244721 4.3283724485083326 4.0613442450988142 4.0019968454404315 9.0582376295520426 4.0162651826342737
leaf_weight=1510 5525 21952 13683 14682 5845 10096 34046 851 9943 1975 1327 2216 1183 3670 13802 1320 929 4342 5365 1826 4081 366 47442 9397 2019 10598 83115 52257 6305 45708 10981 2066 12928 4222 35090 1102 1223 10798 1360 1970 795 7952 5607 976 53 21651 1432 669 326 991 948 13717 44 153 349 224 3466 37 82 158 44 31 41180
leaf_count=1510 5525 21952 13683 14682 5845 10096 34046 851 9943 1975 1327 2216 1183 3670 13802 1320 929 4342 5365 1826 4081 366 47442 9397 2019 10598 83115 52257 6305 45708 10981 2066 12928 4222 35090 1102 1223 10798 1360 1970 795 7952 5607 976 53 21651 1432 669 326 991 948 13717 44 153 349 224 3466 37 82 158 44 31 41180
internal_value=0 4.04497 3.97107 3.94101 4.38471 4.38588 3.91285 4.39288 3.88716 3.40419 3.68539 3.63502 4.38341 4.56022 4.09981 3.26251 3.19546 4.40678 4.60756 3.1209 3.60254 3.06485 3.95345 3.93234 4.64984 4.69831 3.91542 3.84755 3.52903 4.66757 4.17521 3.73318 3.6964 4.08858 3.48612 4.2742 4.40477 3.60138 3.97553 3.69154 3.80886 4.04557 5.20439 5.26516 4.9082 3.94409 3.77815 3.71014 4.13263 3.45207 3.0336 3.00651 3.62304 4.57966 5.01989 4.46678 4.51164 5.44919 5.86783 4.78092 5.79604 6.9569 3.95984
internal_weight=0 577410 474258 442210 103152 32048 415747 21117 394630 22591 97590 91220 26463 63830 39322 20616 19296 6370 57985 17786 88951 16857 297040 241646 52620 11781 207600 61654 56923 50601 33797 32028 27807 18024 45033 15773 4893 14879 4221 11890 2861 55394 7434 6583 2269 145946 8732 7300 995 3158 16491 15543 2167 197 2028 4792 4568 701 431 270 112 68 124295
internal_count=600001 577410 474258 442210 103152 32048 415747 21117 394630 22591 97590 91220 26463 63830 39322 20616 19296 6370 57985 17786 88951 16857 297040 241646 52620 11781 207600 61654 56923 50601 33797 32028 27807 18024 45033 15773 4893 14879 4221 11890 2861 55394 7434 6583 2269 145946 8732 7300 995 3158 16491 15543 2167 197 2028 4792 4568 701 431 270 112 68 124295
is_linear=0
shrinkage=0.005


Tree=64
num_leaves=64
num_cat=0
split_feature=1 1 37 27 1 1 3 1 1 27 3 9 1 3 3 3 37 3 27 3 1 9 3 3 3 1 1 1 3 37 37 3 24 1 1 1 1 17 26 3 9 1 9 1 1 3 0 1 1 0 38 17 1 0 3 17 3 3 3 33 39 3 3
split_gain=3.53494e+08 5.74066e+08 2.34196e+08 2.18162e+08 2.04259e+08 2.03936e+08 2.03011e+08 2.99198e+08 2.09042e+08 1.87453e+08 1.41759e+08 1.47952e+08 8.33827e+07 5.61951e+07 5.4147e+07 5.36533e+07 5.00381e+07 4.39131e+07 4.02539e+07 4.01537e+07 3.24685e+07 2.9379e+07 2.3512e+07 2.05395e+07 1.69787e+07 1.64177e+07 1.61553e+07 2.29545e+07 1.60807e+07 1.5015e+07 1.48146e+07 1.27022e+07 1.2074e+07 1.15226e+07 1.13079e+07 1.70402e+07 1.04164e+07 9.79747e+06 8.88355e+06 8.98234e+06 8.56522e+06 8.41081e+06 8.52415e+06 8.40212e+06 2.05666e+07 8.16888e+06 8.047e+06 7.98232e+06 7.9741e+06 8.21312e+06 7.92229e+06 7.89911e+06 7.85404e+06 9.7879e+06 8.06553e+06 7.84556e+06 7.80048e+06 8.65729e+06 7.99727e+06 7.86026e+06 7.78946e+06 8.15756e+06 9.53085e+06
threshold=1.0000000180025095e-35 5090.5000000000009 2019.5000000000002 1.0000000180025095e-35 1510.5000000000002 52861.000000000007 1.0000000180025095e-35 46670.500000000007 46215.500000000007 1.0000000180025095e-35 49.086193642899197 1.0000000180025095e-35 46215.500000000007 1.0000000180025095e-35 3.641052719675467 49.58469035707116 2019.5000000000002 50.849742826575884 1.0000000180025095e-35 1.0000000180025095e-35 114592.50000000001 1.0000000180025095e-35 36.977372812612337 31.087322931897432 8.7922112358916067 4975.5000000000009 14955.000000000002 6971.5000000000009 1.0000000180025095e-35 2023.5000000000002 2019.5000000000002 9.5748938426300949 1.0000000180025095e-35 440.50000000000006 9904.5000000000018 12053.500000000002 53792.500000000007 1.0000000180025095e-35 1.0000000180025095e-35 34.24920207713182 1.0000000180025095e-35 54757.500000000007 1.0000000180025095e-35 6792.5000000000009 5991.5000000000009 43.080037527664238 41.500000000000007 40975.000000000007 49397.000000000007 63.500000000000007 10.500000000000002 1.0000000180025095e-35 860.50000000000011 28.500000000000004 6.9174642558718125 1.0000000180025095e-35 50.849742826575884 28.816585107346473 22.772026822951499 1.0000000180025095e-35 15.500000000000002 29.232596759212608 24.58288236567201
decision_type=2 2 2 2 2 2 2 2 2 2 2 2 2 2 2 2 2 2 2 2 2 2 2 2 2 2 2 2 2 2 2 2 2 2 2 2 2 2 2 2 2 2 2 2 2 2 2 2 2 2 2 2 2 2 2 2 2 2 2 2 2 2 2
left_child=9 4 5 6 14 -3 7 -4 22 15 11 20 -5 -6 -2 16 60 -12 25 -18 23 51 24 31 -8 30 27 43 -14 -25 37 -10 -22 40 -29 -36 48 -15 39 -35 45 -9 -43 44 -26 -16 -38 50 -33 -50 -28 -21 -40 -54 -55 -13 57 58 -32 -60 -1 62 -62
right_child=1 2 3 12 13 -7 8 41 10 -11 17 55 28 18 33 -17 19 -19 -20 21 32 -23 -24 29 26 -27 47 34 -30 -31 56 36 -34 38 35 -37 46 -39 52 -41 -42 42 -44 -45 -46 -47 -48 -49 49 -51 -52 -53 53 54 -56 -57 -58 -59 59 -61 61 -63 -64
leaf_value=3.6639342821289596 3.6204194712158917 4.093454670047505 3.9322324193412981 4.1100821440137434 4.0701476453352017 4.9520844798924628 4.0454424323497955 4.7106013162884111 3.6896575259239666 4.8586976388839229 4.9872879662168632 5.049514789067147 4.1219102882633551 4.2535905823868365 3.8206690864376087 4.2214443259794603 4.1172886969583793 4.1028850786960041 4.1719460016769832 3.0891574857980806 3.700015926770309 4.4506660759514149 4.0277516374178752 3.6208912035739242 4.0489019922306708 4.1844481806463687 3.9576539741610515 3.6766534508357838 4.7365339267915276 3.9991670723790333 4.6776544022315889 3.4746166599443375 4.0011007847654296 4.0723241360938118 3.9674776839482657 3.7121371618853551 3.5694141866535314 4.7703261743855112 4.141874215177662 4.3163989634187541 5.8582489831107001 5.267229114120985 4.0988640131950378 4.1715505562296693 3.6438955358684155 4.5681531285411374 3.4224330605089102 3.8383704774662135 3.1989486355866932 1.8226500582050633 3.8475243703934052 2.8491183998224745 4.0648377750656026 5.6561100126195836 4.5175745347748713 4.3956689999601508 4.2295596350353115 4.7705531505489844 4.5805444688399408 4.201360072394591 4.3326563673817642 5.0974126321509425 2.5757039597726639
leaf_weight=694 5525 21952 13683 14682 5845 10096 22027 851 7013 1975 2067 1674 1183 3670 3929 1320 929 4373 5365 11632 9968 366 54990 19841 9937 2019 113933 18574 10598 3023 20500 3781 5000 15383 12886 13255 18955 1223 3660 4993 56 6423 160 4355 4579 403 18305 21664 4625 111 19062 4859 1302 162 3909 632 974 17036 5364 1834 454 269 93
leaf_count=694 5525 21952 13683 14682 5845 10096 22027 851 7013 1975 2067 1674 1183 3670 3929 1320 929 4373 5365 11632 9968 366 54990 19841 9937 2019 113933 18574 10598 3023 20500 3781 5000 15383 12886 13255 18955 1223 3660 4993 56 6423 160 4355 4579 403 18305 21664 4625 111 19062 4859 1302 162 3909 632 974 17036 5364 1834 454 269 93
internal_value=0 4.02474 3.95122 3.9213 4.36279 4.36395 3.89329 4.37092 3.86773 3.38717 3.66936 3.61964 4.36149 4.53742 4.07931 3.2462 3.17949 4.38675 4.58452 3.1053 3.58782 3.04953 3.93449 3.54572 3.91314 4.62659 3.89979 3.8327 4.67482 3.67091 4.64423 3.4915 3.80059 4.15433 3.77098 3.83801 3.46115 4.38275 4.18999 4.13213 3.91532 5.17836 5.23883 3.97893 3.92114 3.89021 3.49721 3.92737 3.30339 3.16669 3.94187 3.01843 4.32051 4.44219 4.56288 4.87032 4.67222 4.68186 4.62731 4.48393 4.05334 4.38452 4.03394
internal_weight=0 577410 474258 442210 103152 32048 415747 21117 394630 22591 99368 92928 26463 63830 39322 20616 19296 6440 57985 17786 90622 16857 295262 75654 240272 52620 218245 63586 11781 22864 50601 52790 14968 33797 44715 26141 45777 4893 29409 20376 4388 7434 6583 18871 14516 4332 37260 154659 8517 4736 132995 16491 9033 5373 4071 2306 45708 44734 27698 7198 1510 816 547
internal_count=600001 577410 474258 442210 103152 32048 415747 21117 394630 22591 99368 92928 26463 63830 39322 20616 19296 6440 57985 17786 90622 16857 295262 75654 240272 52620 218245 63586 11781 22864 50601 52790 14968 33797 44715 26141 45777 4893 29409 20376 4388 7434 6583 18871 14516 4332 37260 154659 8517 4736 132995 16491 9033 5373 4071 2306 45708 44734 27698 7198 1510 816 547
is_linear=0
shrinkage=0.005


Tree=65
num_leaves=64
num_cat=0
split_feature=1 1 37 27 1 1 3 1 1 27 3 9 1 3 3 3 37 3 27 3 1 9 3 9 1 1 1 3 3 37 1 37 1 1 1 1 3 3 3 0 1 35 17 27 3 9 1 1 37 3 3 3 3 3 3 3 3 37 0 37 6 1 9
split_gain=3.49968e+08 5.6834e+08 2.3186e+08 2.15986e+08 2.02221e+08 2.01902e+08 2.00986e+08 2.96214e+08 2.06976e+08 1.85583e+08 1.39048e+08 1.47899e+08 8.25509e+07 5.56346e+07 5.36069e+07 5.31181e+07 4.95389e+07 4.38529e+07 3.98524e+07 3.97532e+07 3.35991e+07 2.90859e+07 2.26495e+07 1.68156e+07 1.63828e+07 2.62744e+07 1.62539e+07 1.59203e+07 1.55887e+07 1.46669e+07 1.14077e+07 1.12818e+07 1.13023e+07 1.10883e+07 1.59296e+07 1.08081e+07 1.01156e+07 1.39056e+07 1.1481e+07 9.7836e+06 9.77052e+06 9.76661e+06 9.69974e+06 8.86335e+06 8.69544e+06 8.47978e+06 8.4468e+06 8.32691e+06 8.52057e+06 8.31198e+06 8.08739e+06 7.93391e+06 8.24293e+06 8.20465e+06 7.87167e+06 7.85914e+06 9.35121e+06 7.81892e+06 7.7904e+06 8.95873e+06 7.78811e+06 1.06909e+07 8.1912e+06
threshold=1.0000000180025095e-35 5090.5000000000009 2019.5000000000002 1.0000000180025095e-35 1510.5000000000002 52861.000000000007 1.0000000180025095e-35 46670.500000000007 46670.500000000007 1.0000000180025095e-35 49.086193642899197 1.0000000180025095e-35 46215.500000000007 1.0000000180025095e-35 3.641052719675467 49.58469035707116 2019.5000000000002 50.849742826575884 1.0000000180025095e-35 1.0000000180025095e-35 88202.000000000015 1.0000000180025095e-35 36.977372812612337 1.0000000180025095e-35 15184.500000000002 6971.5000000000009 4975.5000000000009 1.0000000180025095e-35 34.979870140845065 2019.5000000000002 440.50000000000006 2023.5000000000002 114592.50000000001 9904.5000000000018 12053.500000000002 53792.500000000007 15.775500275987469 27.146896532695873 15.055163987698602 45.500000000000007 93050.000000000015 1.0000000180025095e-35 1.0000000180025095e-35 1.0000000180025095e-35 31.935436495857811 1.0000000180025095e-35 40975.000000000007 54757.500000000007 2023.5000000000002 47.052345781429288 43.080037527664238 49.58469035707116 32.959592599707712 15.775500275987469 39.238479264830517 43.955623248403974 10.514780309671918 2022.5000000000002 46.500000000000007 2021.5000000000002 1.0000000180025095e-35 71432.500000000015 1.0000000180025095e-35
decision_type=2 2 2 2 2 2 2 2 2 2 2 2 2 2 2 2 2 2 2 2 2 2 2 2 2 2 2 2 2 2 2 2 2 2 2 2 2 2 2 2 2 2 2 2 2 2 2 2 2 2 2 2 2 2 2 2 2 2 2 2 2 2 2
left_child=9 4 5 6 14 -3 7 -4 22 15 11 20 -5 -6 -2 16 -1 57 26 -18 28 55 23 24 25 -8 29 -14 35 42 45 32 40 -27 -35 -10 38 -38 -26 -30 -22 44 -15 51 -33 50 -24 -9 58 -13 -16 52 53 -32 -41 56 -21 -12 59 -49 62 -62 -7
right_child=1 2 3 12 13 60 8 47 10 -11 17 49 27 18 30 -17 19 -19 -20 21 31 -23 46 -25 36 33 -28 -29 39 -31 43 41 -34 34 -36 -37 37 -39 -40 54 -42 -43 -44 -45 -46 -47 -48 48 -50 -51 -52 -53 -54 -55 -56 -57 -58 -59 -60 -61 61 -63 -64
leaf_value=4.0330716232104065 3.6023173140407962 4.0729874086591318 3.9125712774421384 4.0895317494939896 4.049796904629984 5.0581111569249151 3.9751756567727821 4.6870484086405382 3.3056602613839075 4.8344040465096887 4.7442051309499869 4.8125059488512552 4.1013006709252791 4.2323226125868851 3.8015658659263249 4.2003371291156064 4.0967021895327536 4.0793000066340079 4.1510862664892256 3.312518533846692 3.7740262782638005 4.4284127090248413 4.0261239901347317 4.3008949580831493 3.9544917498117291 3.6717678454573899 4.1635259932822786 4.7128511516504892 3.7682301707866608 4.648862245604759 4.3047612027234559 3.6001798137914776 3.7677158421493537 3.9463772836999103 3.7154792215934407 3.4924096915308702 3.8451959468053611 3.95645310167557 4.260340655266293 3.7389116851197026 3.4868418788385327 4.2858326861367502 4.7464745248148699 3.8857480527023696 4.2155352943757043 5.8289576475960869 3.8229079596985587 5.3909172007293238 4.7814834493972729 6.8161325985530645 4.5453123325035527 3.7191143341323727 4.3649187028609893 4.0872100878775974 3.3115709486042357 3.4453135085864313 2.9316356339303273 5.3970091042624055 5.5340386843973377 4.8895256198626109 4.3306064316238153 4.9306501888273342 4.117563745160898
leaf_weight=1510 5525 21952 13683 14682 5845 6526 20599 851 9943 1975 1327 2216 1183 3670 3929 1320 929 4342 5365 1826 4081 366 49694 2502 48412 19994 2019 10598 7311 45708 6498 2066 12928 14068 15926 35090 69938 46931 3276 1735 10798 1360 1223 2524 795 56 5700 1829 976 53 403 846 6528 13013 2844 948 13717 701 2041 1737 1117 2213 240
leaf_count=1510 5525 21952 13683 14682 5845 6526 20599 851 9943 1975 1327 2216 1183 3670 3929 1320 929 4342 5365 1826 4081 366 49694 2502 48412 19994 2019 10598 7311 45708 6498 2066 12928 14068 15926 35090 69938 46931 3276 1735 10798 1360 1223 2524 795 56 5700 1829 976 53 403 846 6528 13013 2844 948 13717 701 2041 1737 1117 2213 240
internal_value=0 4.00462 3.93146 3.9017 4.34098 4.34213 3.87382 4.34906 3.84839 3.37024 3.64861 3.59874 4.33969 4.51474 4.05892 3.22997 3.16359 4.36282 4.5616 3.08977 3.56658 3.03428 3.91402 3.89312 3.88885 3.8249 4.60346 4.65144 3.49369 4.62101 4.13356 3.69613 3.65957 3.76298 3.82378 3.45118 3.91563 3.88987 3.97388 3.65472 3.56561 3.93699 4.36083 4.16904 3.77117 3.89575 4.00521 5.15247 5.21264 4.85931 3.87076 4.19564 4.21112 4.15966 3.47349 3.00334 2.97638 4.96985 5.28769 5.14669 4.92732 4.72937 5.02475
internal_weight=0 577410 474258 442210 103152 32048 415747 21117 394630 22591 97590 91220 26463 63830 39322 20616 19296 6370 57985 17786 88951 16857 297040 241646 239144 70587 52620 11781 56923 50601 33797 32028 27807 49988 29994 45033 168557 116869 51688 11890 14879 4221 4893 29409 2861 4388 55394 7434 6583 2269 4332 26885 26039 19511 4579 16491 15543 2028 5607 3566 10096 3330 6766
internal_count=600001 577410 474258 442210 103152 32048 415747 21117 394630 22591 97590 91220 26463 63830 39322 20616 19296 6370 57985 17786 88951 16857 297040 241646 239144 70587 52620 11781 56923 50601 33797 32028 27807 49988 29994 45033 168557 116869 51688 11890 14879 4221 4893 29409 2861 4388 55394 7434 6583 2269 4332 26885 26039 19511 4579 16491 15543 2028 5607 3566 10096 3330 6766
is_linear=0
shrinkage=0.005


Tree=66
num_leaves=64
num_cat=0
split_feature=1 1 37 27 1 1 3 1 1 27 3 9 1 3 3 3 37 3 27 3 1 9 3 3 3 1 1 1 3 37 37 3 24 1 1 1 3 3 1 27 17 1 1 1 9 0 0 1 1 0 38 17 17 3 32 3 3 17 27 6 1 1 39
split_gain=3.46477e+08 5.62671e+08 2.29548e+08 2.13831e+08 2.00204e+08 1.99888e+08 1.98981e+08 2.93259e+08 2.04915e+08 1.83732e+08 1.38965e+08 1.45015e+08 8.17274e+07 5.50796e+07 5.30722e+07 5.25882e+07 4.90448e+07 4.3046e+07 3.94549e+07 3.93566e+07 3.18143e+07 2.87958e+07 2.30461e+07 2.01997e+07 1.67682e+07 1.60918e+07 1.58539e+07 2.24951e+07 1.57615e+07 1.48078e+07 1.45206e+07 1.25738e+07 1.19529e+07 1.13523e+07 1.10863e+07 1.67182e+07 1.09969e+07 1.09954e+07 1.02322e+07 1.00331e+07 9.60299e+06 8.31832e+06 2.03609e+07 8.24386e+06 8.43584e+06 8.06314e+06 7.96703e+06 7.9036e+06 7.85673e+06 8.1312e+06 7.84322e+06 7.81932e+06 7.76867e+06 7.76605e+06 7.7483e+06 7.73375e+06 9.34671e+06 7.72364e+06 7.71245e+06 8.59857e+06 1.47004e+07 8.2712e+06 7.71176e+06
threshold=1.0000000180025095e-35 5090.5000000000009 2019.5000000000002 1.0000000180025095e-35 1510.5000000000002 52861.000000000007 1.0000000180025095e-35 46670.500000000007 46215.500000000007 1.0000000180025095e-35 49.086193642899197 1.0000000180025095e-35 46215.500000000007 1.0000000180025095e-35 3.641052719675467 49.58469035707116 2019.5000000000002 50.849742826575884 1.0000000180025095e-35 1.0000000180025095e-35 114592.50000000001 1.0000000180025095e-35 36.977372812612337 31.087322931897432 8.7922112358916067 4975.5000000000009 14955.000000000002 6971.5000000000009 1.0000000180025095e-35 2023.5000000000002 2019.5000000000002 9.5748938426300949 1.0000000180025095e-35 928.50000000000011 9904.5000000000018 12053.500000000002 42.845288989930189 49.58469035707116 53792.500000000007 1.0000000180025095e-35 1.0000000180025095e-35 6792.5000000000009 5991.5000000000009 54757.500000000007 1.0000000180025095e-35 36.500000000000007 41.500000000000007 40975.000000000007 49397.000000000007 63.500000000000007 10.500000000000002 1.0000000180025095e-35 1.0000000180025095e-35 48.723139267295252 1.0000000180025095e-35 49.938894560673965 29.984256972886694 1.0000000180025095e-35 1.0000000180025095e-35 1.0000000180025095e-35 71432.500000000015 137048.50000000003 15.500000000000002
decision_type=2 2 2 2 2 2 2 2 2 2 2 2 2 2 2 2 2 2 2 2 2 2 2 2 2 2 2 2 2 2 2 2 2 2 2 2 2 2 2 2 2 2 2 2 2 2 2 2 2 2 2 2 2 2 2 2 2 2 2 2 2 2 2
left_child=9 4 5 6 14 -3 7 -4 22 15 11 20 -5 -6 -2 16 62 -12 25 54 23 51 24 31 -8 30 27 41 -14 -25 40 -10 -22 36 -29 -36 -16 45 48 -35 -15 42 -26 57 -45 -38 -40 50 -33 -50 -28 -21 -13 -24 -18 56 -32 -9 59 -7 -61 -62 -1
right_child=1 2 3 12 13 58 8 43 10 -11 17 52 28 18 33 -17 19 -19 -20 21 32 -23 53 29 26 -27 47 34 -30 -31 55 38 -34 39 35 -37 37 -39 46 -41 -42 -43 -44 44 -46 -47 -48 -49 49 -51 -52 -53 -54 -55 -56 -57 -58 -59 -60 60 61 -63 -64
leaf_value=3.6254492265361251 3.5843057715179256 4.0526224715377319 3.8930083824986559 4.0690841121151848 4.0295479255591422 5.0522144785458112 4.0055896726656002 4.952640362981815 3.6537274055023254 4.8102321135681265 4.9376105197779676 5.0000405640713206 4.0807941297626256 4.2111609557938108 3.986540240392439 4.1793353058450826 3.8006578096454189 4.0619831850368975 4.1303308136598709 3.0586905525605532 3.662564661212536 4.4062705349922178 3.9632874934560811 3.5848209710253314 4.0087609023741546 4.1427084160373617 3.9182975226314061 3.6398845919964451 4.6892868538362125 3.9604775720464671 4.5845451518631579 3.4399803251215064 3.9621350770315975 4.2501300070367494 3.9278906857876952 3.6749740962868072 4.1623562449705407 3.7997401768859262 3.5339618884912949 3.8060015682678494 4.7227422656295541 4.1307982178453599 3.6057852551337475 5.2148242942393805 4.0525272603034974 4.9896254448113337 3.3877129271467816 3.7996046118792273 3.1664255671215904 1.797008571474402 3.8087189212135439 2.8198668757667935 4.3494066492043721 4.1329192066662657 4.8328999053278281 4.2587845625059257 4.7373866191309348 3.8785694711177112 4.4557454356297459 4.2279660819681935 5.0709198321771787 3.9593543482122375 4.3424345936684636
leaf_weight=694 5525 21952 13683 14682 5845 6189 22027 622 7013 1975 2067 1674 1183 3670 16264 1320 681 4373 5365 11632 9968 366 47115 19841 9937 2019 113933 18574 10598 3023 29063 3781 5000 14378 12886 13255 488 529 18955 1395 1223 4355 4579 6423 160 743 18305 21664 4625 111 19062 4859 632 7875 248 1393 15252 229 881 992 1850 184 816
leaf_count=694 5525 21952 13683 14682 5845 6189 22027 622 7013 1975 2067 1674 1183 3670 16264 1320 681 4373 5365 11632 9968 366 47115 19841 9937 2019 113933 18574 10598 3023 29063 3781 5000 14378 12886 13255 488 529 18955 1395 1223 4355 4579 6423 160 743 18305 21664 4625 111 19062 4859 632 7875 248 1393 15252 229 881 992 1850 184 816
internal_value=0 3.9846 3.9118 3.88219 4.31927 4.32042 3.85445 4.32732 3.82915 3.35339 3.63275 3.58352 4.31799 4.49216 4.03862 3.21382 3.14777 4.34303 4.53879 3.07432 3.55202 3.01911 3.89524 3.51034 3.87411 4.58044 3.86084 3.79438 4.62818 3.63449 4.59791 3.45658 3.76263 4.11289 3.73328 3.79965 4.02717 4.4026 3.42637 4.21085 4.33903 3.93914 3.88164 5.12671 5.18657 4.66167 3.46211 3.88817 3.27002 3.13433 3.90259 2.98832 4.82172 3.98758 4.07622 4.62562 4.63715 4.66361 4.90269 4.94542 4.72699 4.97037 4.01291
internal_weight=0 577410 474258 442210 103152 32048 415747 21117 394630 22591 99368 92928 26463 63830 39322 20616 19296 6440 57985 17786 90622 16857 295262 75654 240272 52620 218245 63586 11781 22864 50601 52790 14968 33797 44715 26141 18024 1760 45777 15773 4893 18871 14516 7434 6583 1231 37260 154659 8517 4736 132995 16491 2306 54990 929 45708 44315 851 10096 9215 3026 2034 1510
internal_count=600001 577410 474258 442210 103152 32048 415747 21117 394630 22591 99368 92928 26463 63830 39322 20616 19296 6440 57985 17786 90622 16857 295262 75654 240272 52620 218245 63586 11781 22864 50601 52790 14968 33797 44715 26141 18024 1760 45777 15773 4893 18871 14516 7434 6583 1231 37260 154659 8517 4736 132995 16491 2306 54990 929 45708 44315 851 10096 9215 3026 2034 1510
is_linear=0
shrinkage=0.005


Tree=67
num_leaves=64
num_cat=0
split_feature=1 1 37 27 1 1 3 1 1 27 3 9 1 3 3 3 37 3 27 3 1 9 3 9 1 1 1 3 37 3 17 1 1 1 39 3 3 37 17 3 1 26 3 9 3 3 3 38 3 1 37 3 13 38 3 3 37 39 2 0 26 0 1
split_gain=3.43021e+08 5.57058e+08 2.27258e+08 2.11698e+08 1.98207e+08 1.97894e+08 1.96996e+08 2.90334e+08 2.02899e+08 1.819e+08 1.36294e+08 1.44983e+08 8.09122e+07 5.45302e+07 5.25428e+07 5.20637e+07 4.85556e+07 4.29876e+07 3.90613e+07 3.89641e+07 3.30841e+07 2.85085e+07 2.21945e+07 1.6638e+07 1.60744e+07 2.57862e+07 1.59313e+07 1.56043e+07 1.43757e+07 1.20064e+07 1.19113e+07 1.12555e+07 1.08662e+07 1.56259e+07 1.07626e+07 1.00078e+07 1.11113e+07 9.51157e+06 9.5072e+06 9.459e+06 8.87955e+06 8.7616e+06 8.82927e+06 8.39423e+06 8.35846e+06 8.28142e+06 1.23674e+07 8.8324e+06 8.23036e+06 8.16162e+06 8.43434e+06 7.95701e+06 7.94017e+06 8.48292e+06 7.7806e+06 9.25708e+06 7.74092e+06 7.76628e+06 9.504e+06 7.81026e+06 9.23709e+06 9.9625e+06 7.72374e+06
threshold=1.0000000180025095e-35 5090.5000000000009 2019.5000000000002 1.0000000180025095e-35 1510.5000000000002 52861.000000000007 1.0000000180025095e-35 46670.500000000007 46670.500000000007 1.0000000180025095e-35 49.086193642899197 1.0000000180025095e-35 46215.500000000007 1.0000000180025095e-35 3.641052719675467 49.58469035707116 2019.5000000000002 50.849742826575884 1.0000000180025095e-35 1.0000000180025095e-35 79842.500000000015 1.0000000180025095e-35 36.977372812612337 1.0000000180025095e-35 15184.500000000002 6971.5000000000009 4975.5000000000009 1.0000000180025095e-35 2019.5000000000002 30.958491610009386 1.0000000180025095e-35 440.50000000000006 9904.5000000000018 12053.500000000002 17.500000000000004 13.448529106845264 27.146896532695873 2023.5000000000002 1.0000000180025095e-35 30.958491610009386 55741.000000000007 1.0000000180025095e-35 34.24920207713182 1.0000000180025095e-35 48.723139267295252 20.811850051578766 21.981087411853562 6.5000000000000009 47.052345781429288 54757.500000000007 2023.5000000000002 43.080037527664238 1.0000000180025095e-35 1.5000000000000002 43.955623248403974 10.514780309671918 2022.5000000000002 19.500000000000004 3.5000000000000004 37.500000000000007 1.0000000180025095e-35 27.500000000000004 860.50000000000011
decision_type=2 2 2 2 2 2 2 2 2 2 2 2 2 2 2 2 2 2 2 2 2 2 2 2 2 2 2 2 2 2 2 2 2 2 2 2 2 2 2 2 2 2 2 2 2 2 2 2 2 2 2 2 2 2 2 2 2 2 2 2 2 2 2
left_child=9 4 5 6 14 -3 7 -4 22 15 11 20 -5 -6 -2 16 -1 56 26 -18 30 54 23 24 25 -8 28 -14 38 34 39 43 -27 -34 -22 -26 -37 -31 -15 -10 -32 42 -33 51 -24 -36 -47 -48 -13 -9 -51 -16 -39 -54 55 -21 -12 58 -58 60 61 -59 -43
right_child=1 2 3 12 13 -7 8 49 10 -11 17 48 27 18 31 -17 19 -19 -20 21 29 -23 44 -25 35 32 -28 -29 -30 37 40 41 33 -35 45 36 -38 52 -40 -41 -42 62 -44 -45 -46 46 47 -49 -50 50 -52 -53 53 -55 -56 -57 57 59 -60 -61 -62 -63 -64
leaf_value=3.9928417475558327 3.5663842192671216 4.0323593156356052 3.8735433985979326 4.0487386632207185 4.0094001731252549 4.8781740528293724 3.9355737564766797 4.6402950224788153 3.4373209894253915 4.7861809452461292 4.695796075282729 4.7643312856382174 4.0603901774018674 4.1901051444278101 3.7626118581447647 4.1584387478358824 4.0558376512229763 4.0385934907626249 4.1096792429688369 3.2809992064057822 3.4915623987848772 4.3842392572744293 3.940109897139263 4.2599096791508142 3.9476900643513284 3.63506523701946 4.1219947260275571 4.6658405665387113 4.6024898524823685 3.7091386123127497 3.140517717323732 4.0108146896813945 3.906969735059227 3.6782834129870681 3.7964402958361227 3.821064290608855 3.9172439965367727 4.3172348111684036 4.6991284468811454 3.6193702941517194 3.4074367250562756 4.080043630925684 4.2528008270243074 5.7795396825245451 4.1152738409928444 2.9346961787406798 3.8421775054997473 3.3960843884282319 6.7580952417625575 5.2353112828848474 4.7316745540362284 4.50033859641617 5.3066441542415292 3.2716896416177765 3.4131410998851455 2.9020381383785896 6.1217773497685322 5.0937217704669848 4.2301209515478551 3.9644280060031747 3.9053773004358465 8.9363367978988162 4.3778615177493068
leaf_weight=1510 5525 21952 13683 14682 5845 10096 20599 851 23475 1975 1327 2216 1183 3670 3929 1320 929 4342 5365 1826 15903 366 47442 2502 38247 19994 2019 10598 45708 11029 4642 15383 14068 15926 7288 83379 46931 1244 1223 10251 9477 3660 4993 56 7952 736 2381 2078 53 5607 976 403 59 388 948 13717 349 37 82 158 44 31 5373
leaf_count=1510 5525 21952 13683 14682 5845 10096 20599 851 23475 1975 1327 2216 1183 3670 3929 1320 929 4342 5365 1826 15903 366 47442 2502 38247 19994 2019 10598 45708 11029 4642 15383 14068 15926 7288 83379 46931 1244 1223 10251 9477 3660 4993 56 7952 736 2381 2078 53 5607 976 403 59 388 948 13717 349 37 82 158 44 31 5373
internal_value=0 3.96467 3.89224 3.86278 4.29767 4.29881 3.83518 4.30568 3.81 3.33662 3.6122 3.56283 4.2964 4.4697 4.01843 3.19775 3.13203 4.31931 4.5161 3.05895 3.53099 3.00401 3.87499 3.85429 3.85005 3.7867 4.55754 4.60504 4.57492 3.63502 3.44161 4.09233 3.72536 3.78554 3.57782 3.87658 3.8557 3.76268 4.31733 3.49265 3.31968 4.12757 4.07011 3.85611 3.96526 3.68771 3.53517 3.63429 4.8109 5.10108 5.16064 3.83124 4.11186 3.54029 2.97338 2.94656 4.92032 5.34534 5.76188 4.68041 5.69045 6.8455 4.25719
internal_weight=0 577410 474258 442210 103152 32048 415747 21117 394630 22591 97590 91220 26463 63830 39322 20616 19296 6370 57985 17786 88951 16857 297040 241646 239144 70587 52620 11781 50601 41106 47845 33797 49988 29994 28386 168557 130310 12720 4893 33726 14119 29409 20376 4388 55394 12483 5195 4459 2269 7434 6583 4332 1691 447 16491 15543 2028 701 431 270 112 68 9033
internal_count=600001 577410 474258 442210 103152 32048 415747 21117 394630 22591 97590 91220 26463 63830 39322 20616 19296 6370 57985 17786 88951 16857 297040 241646 239144 70587 52620 11781 50601 41106 47845 33797 49988 29994 28386 168557 130310 12720 4893 33726 14119 29409 20376 4388 55394 12483 5195 4459 2269 7434 6583 4332 1691 447 16491 15543 2028 701 431 270 112 68 9033
is_linear=0
shrinkage=0.005


Tree=68
num_leaves=64
num_cat=0
split_feature=1 1 37 27 1 1 3 1 1 27 3 9 1 3 3 3 37 3 27 3 1 9 3 3 3 1 1 1 3 37 37 3 24 1 1 1 3 3 1 27 17 1 1 1 9 0 0 1 38 1 0 17 3 3 17 37 3 32 27 6 1 1 3
split_gain=3.39599e+08 5.51502e+08 2.24991e+08 2.09587e+08 1.9623e+08 1.9592e+08 1.95031e+08 2.87438e+08 2.00877e+08 1.80085e+08 1.3622e+08 1.42137e+08 8.01052e+07 5.39863e+07 5.20187e+07 5.15443e+07 4.80712e+07 4.21941e+07 3.86717e+07 3.85754e+07 3.13507e+07 2.82242e+07 2.25922e+07 1.98306e+07 1.65313e+07 1.57723e+07 1.55637e+07 2.20447e+07 1.54486e+07 1.46042e+07 1.42323e+07 1.24353e+07 1.18362e+07 1.11569e+07 1.0869e+07 1.64023e+07 1.08145e+07 1.08848e+07 1.0088e+07 9.90934e+06 9.41237e+06 8.23536e+06 2.01572e+07 8.08021e+06 8.35046e+06 7.98246e+06 7.88723e+06 7.82607e+06 7.76526e+06 7.7462e+06 8.04999e+06 7.74033e+06 7.72144e+06 7.70825e+06 7.69251e+06 7.68059e+06 8.85808e+06 7.67101e+06 7.65867e+06 8.34877e+06 1.5424e+07 8.48181e+06 7.65849e+06
threshold=1.0000000180025095e-35 5090.5000000000009 2019.5000000000002 1.0000000180025095e-35 1510.5000000000002 52861.000000000007 1.0000000180025095e-35 46670.500000000007 46215.500000000007 1.0000000180025095e-35 49.086193642899197 1.0000000180025095e-35 46215.500000000007 1.0000000180025095e-35 3.641052719675467 49.58469035707116 2019.5000000000002 50.849742826575884 1.0000000180025095e-35 1.0000000180025095e-35 114592.50000000001 1.0000000180025095e-35 36.977372812612337 31.087322931897432 8.7922112358916067 4975.5000000000009 14955.000000000002 6971.5000000000009 1.0000000180025095e-35 2023.5000000000002 2019.5000000000002 9.5748938426300949 1.0000000180025095e-35 928.50000000000011 9904.5000000000018 12053.500000000002 42.845288989930189 49.58469035707116 53792.500000000007 1.0000000180025095e-35 1.0000000180025095e-35 6792.5000000000009 5991.5000000000009 54757.500000000007 1.0000000180025095e-35 36.500000000000007 41.500000000000007 40975.000000000007 10.500000000000002 49397.000000000007 63.500000000000007 1.0000000180025095e-35 50.849742826575884 51.827496266194082 1.0000000180025095e-35 2023.5000000000002 51.539245530873195 1.0000000180025095e-35 1.0000000180025095e-35 1.0000000180025095e-35 71432.500000000015 137048.50000000003 50.849742826575884
decision_type=2 2 2 2 2 2 2 2 2 2 2 2 2 2 2 2 2 2 2 2 2 2 2 2 2 2 2 2 2 2 2 2 2 2 2 2 2 2 2 2 2 2 2 2 2 2 2 2 2 2 2 2 2 2 2 2 2 2 2 2 2 2 2
left_child=9 4 5 6 14 -3 7 -4 22 15 11 20 -5 -6 -2 16 -1 -12 25 57 23 51 24 31 -8 30 27 41 -14 -25 40 -10 -22 36 -29 -36 -16 45 49 52 -15 42 -26 -9 -45 -38 -40 48 -28 -33 -51 -21 -35 58 -13 -24 -57 -18 59 -7 -61 -62 -32
right_child=1 2 3 12 13 53 8 43 10 -11 17 54 28 18 33 -17 19 -19 -20 21 32 -23 55 29 26 -27 47 34 -30 -31 62 38 -34 39 35 -37 37 -39 46 -41 -42 -43 -44 44 -46 -47 -48 -49 -50 50 -52 -53 -54 -55 -56 56 -58 -59 -60 60 61 -63 -64
leaf_value=3.9728775418982503 3.5485522574558854 4.0121975077826662 3.8541757118741198 4.0284949272791275 3.9893531330327279 5.0167919525026949 3.9660166495172793 4.6170935860461828 3.6179886062246607 4.7622499995903125 4.888396756178409 4.9510516528944128 4.0400883363367441 4.169154614621271 3.9465933044814996 4.1376465195198966 3.7613754294307222 4.021477631456297 4.0891307971941906 3.0285257076230692 3.6260656754334644 4.3623179933269984 3.9251778000249069 3.5488803962532249 3.9690186614820098 4.1013848409604297 3.8793501722873298 3.6034832203092257 4.6425113261303599 3.9219453612625541 4.5890274665863613 3.4054027612679962 3.924169910811365 4.2250150747962705 3.8886987276048384 3.6381830493987271 4.1201426688764915 3.7593662602092457 3.4988647941035467 3.7666339045904018 4.6756329224661348 4.0904477284406271 3.5680635630112403 5.1629448987884272 4.0065444638729097 4.943262798787968 3.3533500996073293 3.7612418750271046 3.770317518269426 3.1338449841687162 1.7712832870139732 2.7909113918625725 3.4182951589464752 3.5313382806690461 4.3036148278259594 4.0713341641130105 5.126162535504597 4.7884562244722915 4.4219558599451929 4.1786730339592628 5.0466835204246951 3.9062409667046376 4.140861028075463
leaf_weight=1510 5525 21952 13683 14682 5845 6127 22027 851 7013 1975 2067 1674 1183 3670 16264 1320 681 4373 5365 11632 9968 366 47952 19841 9937 2019 113933 18574 10598 3023 44734 3781 5000 14075 12886 13255 488 529 18955 1395 1223 4355 4579 6423 160 743 18305 21664 19062 4625 111 4859 303 109 632 6833 205 248 877 976 1828 179 974
leaf_count=1510 5525 21952 13683 14682 5845 6127 22027 851 7013 1975 2067 1674 1183 3670 16264 1320 681 4373 5365 11632 9968 366 47952 19841 9937 2019 113933 18574 10598 3023 44734 3781 5000 14075 12886 13255 488 529 18955 1395 1223 4355 4579 6423 160 743 18305 21664 19062 4625 111 4859 303 109 632 6833 205 248 877 976 1828 179 974
internal_value=0 3.94485 3.87278 3.84346 4.27619 4.27732 3.816 4.28415 3.79095 3.31994 3.59649 3.54776 4.27492 4.44735 3.99834 3.18176 3.11637 4.29973 4.49352 3.04366 3.51657 2.98899 3.85639 3.4752 3.83547 4.53475 3.82229 3.75644 4.58202 3.59821 4.55204 3.42193 3.72565 4.07187 3.69596 3.76167 3.98688 4.35919 3.39189 4.16898 4.29575 3.89975 3.84254 5.07557 5.13484 4.61696 3.42738 3.84937 3.86372 3.23664 3.10191 2.95851 4.20801 4.85378 4.77361 3.94782 4.10206 4.03556 4.86822 4.91118 4.69425 4.94497 4.57948
internal_weight=0 577410 474258 442210 103152 32048 415747 21117 394630 22591 99368 92928 26463 63830 39322 20616 19296 6440 57985 17786 90622 16857 295262 75654 240272 52620 218245 63586 11781 22864 50601 52790 14968 33797 44715 26141 18024 1760 45777 15773 4893 18871 14516 7434 6583 1231 37260 154659 132995 8517 4736 16491 14378 10096 2306 54990 7038 929 9987 9110 2983 2007 45708
internal_count=600001 577410 474258 442210 103152 32048 415747 21117 394630 22591 99368 92928 26463 63830 39322 20616 19296 6440 57985 17786 90622 16857 295262 75654 240272 52620 218245 63586 11781 22864 50601 52790 14968 33797 44715 26141 18024 1760 45777 15773 4893 18871 14516 7434 6583 1231 37260 154659 132995 8517 4736 16491 14378 10096 2306 54990 7038 929 9987 9110 2983 2007 45708
is_linear=0
shrinkage=0.005


Tree=69
num_leaves=64
num_cat=0
split_feature=1 1 37 27 1 1 3 1 1 27 3 9 1 3 3 3 37 3 27 3 1 9 3 9 1 1 1 3 37 3 17 1 39 3 3 3 37 17 3 1 26 3 1 9 3 3 38 3 1 37 13 38 3 0 37 3 3 3 25 28 37 39 2
split_gain=3.36212e+08 5.46001e+08 2.22747e+08 2.07496e+08 1.94272e+08 1.93966e+08 1.93086e+08 2.8457e+08 1.98901e+08 1.78289e+08 1.33595e+08 1.42124e+08 7.93061e+07 5.34477e+07 5.14998e+07 5.10302e+07 4.75917e+07 4.21392e+07 3.82859e+07 3.81906e+07 3.25532e+07 2.79426e+07 2.17486e+07 1.64623e+07 1.57718e+07 2.53877e+07 1.5615e+07 1.52945e+07 1.40904e+07 1.18288e+07 1.17918e+07 1.11054e+07 1.06549e+07 9.86579e+06 1.36463e+07 1.14311e+07 9.36181e+06 9.31847e+06 9.26631e+06 8.75744e+06 8.65957e+06 8.72729e+06 8.35361e+06 8.30953e+06 8.18973e+06 1.22449e+07 8.74403e+06 8.14953e+06 7.99961e+06 8.34899e+06 7.86184e+06 8.39829e+06 7.82872e+06 7.71102e+06 8.86698e+06 7.70284e+06 9.16391e+06 7.68748e+06 8.30247e+06 8.47762e+06 7.66371e+06 7.68881e+06 9.4092e+06
threshold=1.0000000180025095e-35 5090.5000000000009 2019.5000000000002 1.0000000180025095e-35 1510.5000000000002 52861.000000000007 1.0000000180025095e-35 46670.500000000007 46670.500000000007 1.0000000180025095e-35 49.086193642899197 1.0000000180025095e-35 46215.500000000007 1.0000000180025095e-35 3.641052719675467 49.58469035707116 2019.5000000000002 50.849742826575884 1.0000000180025095e-35 1.0000000180025095e-35 79842.500000000015 1.0000000180025095e-35 36.977372812612337 1.0000000180025095e-35 15184.500000000002 5991.5000000000009 4975.5000000000009 1.0000000180025095e-35 2019.5000000000002 30.958491610009386 1.0000000180025095e-35 440.50000000000006 17.500000000000004 15.775500275987469 27.146896532695873 15.055163987698602 2023.5000000000002 1.0000000180025095e-35 30.958491610009386 55741.000000000007 1.0000000180025095e-35 34.24920207713182 40975.000000000007 1.0000000180025095e-35 20.811850051578766 21.981087411853562 6.5000000000000009 47.052345781429288 54757.500000000007 2023.5000000000002 1.0000000180025095e-35 1.5000000000000002 43.080037527664238 46.500000000000007 2021.5000000000002 43.955623248403974 10.514780309671918 11.699842995178455 1.0000000180025095e-35 1.0000000180025095e-35 2022.5000000000002 19.500000000000004 3.5000000000000004
decision_type=2 2 2 2 2 2 2 2 2 2 2 2 2 2 2 2 2 2 2 2 2 2 2 2 2 2 2 2 2 2 2 2 2 2 2 2 2 2 2 2 2 2 2 2 2 2 2 2 2 2 2 2 2 2 2 2 2 2 2 2 2 2 2
left_child=9 4 5 6 14 -3 7 -4 22 15 11 20 -5 -6 -2 16 -1 60 26 -18 30 55 23 24 25 -8 28 -14 37 32 38 43 -22 35 -35 -26 -31 -15 -10 -32 41 -33 -24 52 -34 -46 -47 -13 -9 53 -38 -52 -16 54 -50 56 -21 58 -41 -60 -12 62 -62
right_child=1 2 3 12 13 -7 8 48 10 -11 17 47 27 18 31 -17 19 -19 -20 21 29 -23 42 -25 33 -27 -28 -29 -30 36 39 40 44 34 -36 -37 50 -39 -40 57 -42 -43 -44 -45 45 46 -48 -49 49 -51 51 -53 -54 -55 -56 -57 -58 -59 59 -61 61 -63 -64
leaf_value=3.953013116689732 3.5308095214773898 3.9921365813318568 3.8349047102332596 4.0083524575872591 3.9694064610973192 4.8295142868847076 3.9708997390965619 4.5940080583697904 3.4031111399401359 4.7384388414431973 4.6478750444662333 4.7166381402458954 4.0198878067303596 4.1483089260376014 3.7240525262340141 4.1169583245167569 4.0153806430171972 3.9982931447353081 4.068685145734741 3.2497867138009737 3.4563419940074334 4.3405064032507727 3.946491077085069 4.2193234949924054 3.876085491401061 3.7083847416823379 4.0808779180185697 4.6192988095212124 4.5565800059564596 3.6725359247797833 3.1078470136012197 3.9704369206499348 3.7596320300329831 3.768210002475243 3.8784248034338105 4.1812690356901427 4.2764335277427437 4.652254642212089 3.5832966554492227 3.4463094611700145 4.2153776689393894 4.2110215495737862 3.7443991596293031 5.7305709593636651 2.9023203674477083 3.8052848360524463 3.3614288026544767 6.7005877815102632 5.2861506076462614 4.6823732488174912 5.2608515758837688 3.2360735457298375 4.4558079370848889 5.4285474778051057 4.7873331328624271 3.3812786484943538 2.8727376355371841 3.3156888375875471 3.5906209700782554 4.9787030903408427 6.066726352041294 4.6325647810311228 4.1845284559959319
leaf_weight=1510 5525 21952 13683 14682 5845 10096 10890 851 23475 1975 1327 2216 1183 3670 3929 1320 929 4342 5365 1826 15903 366 49694 2502 48412 59697 2019 10598 45708 11029 4642 15383 7288 69938 46931 3276 1244 1223 10251 878 9033 4993 5700 56 736 2381 2078 53 1829 976 59 388 403 2041 1737 948 13717 8159 219 221 349 270 82
leaf_count=1510 5525 21952 13683 14682 5845 10096 10890 851 23475 1975 1327 2216 1183 3670 3929 1320 929 4342 5365 1826 15903 366 49694 2502 48412 59697 2019 10598 45708 11029 4642 15383 7288 69938 46931 3276 1244 1223 10251 878 9033 4993 5700 56 736 2381 2078 53 1829 976 59 388 403 2041 1737 948 13717 8159 219 221 349 270 82
internal_value=0 3.92512 3.85342 3.82425 4.2548 4.25593 3.79692 4.26273 3.772 3.30334 3.57616 3.52727 4.25354 4.42512 3.97835 3.16585 3.10079 4.27622 4.47105 3.02844 3.49575 2.97405 3.83634 3.81585 3.81163 3.74888 4.51208 4.55911 4.52928 3.59894 3.40709 4.05151 3.54217 3.83791 3.81247 3.89543 3.72565 4.27427 3.45788 3.28577 4.08652 4.02939 3.9257 3.81687 3.65151 3.49982 3.59844 4.76298 5.05019 5.10916 4.07207 3.50333 3.79213 5.18346 5.04318 2.94372 2.91703 3.37292 3.72724 4.28782 4.87127 5.29417 5.70863
internal_weight=0 577410 474258 442210 103152 32048 415747 21117 394630 22591 97590 91220 26463 63830 39322 20616 19296 6370 57985 17786 88951 16857 297040 241646 239144 70587 52620 11781 50601 41106 47845 33797 28386 168557 116869 51688 12720 4893 33726 14119 29409 20376 55394 4388 12483 5195 4459 2269 7434 6583 1691 447 4332 5607 3566 16491 15543 9477 1318 440 2028 701 431
internal_count=600001 577410 474258 442210 103152 32048 415747 21117 394630 22591 97590 91220 26463 63830 39322 20616 19296 6370 57985 17786 88951 16857 297040 241646 239144 70587 52620 11781 50601 41106 47845 33797 28386 168557 116869 51688 12720 4893 33726 14119 29409 20376 55394 4388 12483 5195 4459 2269 7434 6583 1691 447 4332 5607 3566 16491 15543 9477 1318 440 2028 701 431
is_linear=0
shrinkage=0.005


Tree=70
num_leaves=64
num_cat=0
split_feature=1 1 37 27 1 1 3 1 1 27 3 9 1 3 3 3 37 3 27 3 1 9 3 9 1 1 1 3 3 37 37 1 1 3 1 1 1 3 3 27 0 1 35 17 3 1 3 1 3 37 36 1 37 3 1 33 3 15 14 3 17 3 17
split_gain=3.32858e+08 5.40554e+08 2.20525e+08 2.05426e+08 1.92335e+08 1.92031e+08 1.9116e+08 2.81732e+08 1.96917e+08 1.7651e+08 1.32262e+08 1.40706e+08 7.8515e+07 5.29146e+07 5.09861e+07 5.05211e+07 4.7117e+07 4.17189e+07 3.7904e+07 3.78097e+07 3.22867e+07 2.76639e+07 2.15317e+07 1.62981e+07 1.56144e+07 2.51388e+07 1.54592e+07 1.5142e+07 1.5003e+07 1.39498e+07 1.10107e+07 1.10063e+07 1.09215e+07 1.06636e+07 1.06484e+07 1.53279e+07 1.03972e+07 9.80411e+06 1.09072e+07 9.79601e+06 9.68571e+06 9.67162e+06 9.66513e+06 9.22553e+06 8.40497e+06 8.27028e+06 8.06824e+06 8.05615e+06 7.96065e+06 7.95445e+06 1.2219e+07 7.91981e+06 8.26571e+06 7.87018e+06 1.1172e+07 7.80854e+06 8.57797e+06 8.50649e+06 1.06459e+07 7.69644e+06 7.66214e+06 7.65616e+06 7.6466e+06
threshold=1.0000000180025095e-35 5090.5000000000009 2019.5000000000002 1.0000000180025095e-35 1510.5000000000002 52861.000000000007 1.0000000180025095e-35 46670.500000000007 46670.500000000007 1.0000000180025095e-35 49.086193642899197 1.0000000180025095e-35 46215.500000000007 1.0000000180025095e-35 3.641052719675467 49.58469035707116 2019.5000000000002 50.849742826575884 1.0000000180025095e-35 1.0000000180025095e-35 88202.000000000015 1.0000000180025095e-35 36.977372812612337 1.0000000180025095e-35 15184.500000000002 6971.5000000000009 4975.5000000000009 1.0000000180025095e-35 34.979870140845065 2019.5000000000002 2023.5000000000002 928.50000000000011 114592.50000000001 34.857935552831549 9904.5000000000018 12053.500000000002 53792.500000000007 13.448529106845264 27.146896532695873 1.0000000180025095e-35 51.500000000000007 93050.000000000015 1.0000000180025095e-35 1.0000000180025095e-35 31.935436495857811 40975.000000000007 47.052345781429288 79842.500000000015 43.742172731644068 2023.5000000000002 1.0000000180025095e-35 54757.500000000007 2023.5000000000002 42.845288989930189 52861.000000000007 1.0000000180025095e-35 35.95967257737481 1.0000000180025095e-35 1.0000000180025095e-35 23.726451398639828 1.0000000180025095e-35 50.849742826575884 1.0000000180025095e-35
decision_type=2 2 2 2 2 2 2 2 2 2 2 2 2 2 2 2 2 2 2 2 2 2 2 2 2 2 2 2 2 2 2 2 2 2 2 2 2 2 2 2 2 2 2 2 2 2 2 2 2 2 2 2 2 2 2 2 2 2 2 2 2 2 2
left_child=9 4 5 6 14 -3 7 -4 22 15 11 20 -5 -6 -2 16 -1 -12 26 -18 28 60 23 24 25 -8 29 -14 36 43 32 33 41 -16 -27 -36 -10 -26 59 61 47 -22 44 -15 -32 -24 -13 49 53 -30 -51 62 -53 -42 -55 57 -57 58 -49 -39 -21 -33 -9
right_child=1 2 3 12 13 -7 8 51 10 -11 17 46 27 18 31 -17 19 -19 -20 21 30 -23 45 -25 37 34 -28 -29 40 -31 42 39 -34 -35 35 -37 -38 38 -40 -41 48 -43 -44 -45 -46 -47 -48 55 -50 50 -52 52 -54 54 -56 56 -58 -59 -60 -61 -62 -63 -64
leaf_value=3.9332480407489205 3.51315546911251 3.9721758552582123 3.8157302523544354 3.9883107043399408 3.9495593272422096 4.8053666279474205 3.8771310360652946 4.8586202057680996 3.2223832640069543 4.714746611290038 4.8469166981621372 4.6930550737646728 3.9997883690441451 4.127567305397922 3.8795771048766792 4.0963735261866541 3.9953037481236122 3.978301691862363 4.0483416279084974 2.9986600190716475 3.6841384756566873 4.3188038536433968 3.9267586109805821 4.1982268846085029 3.8891055477371204 3.5801875054197643 4.0604735157831051 4.5962021449134589 3.5177822254992912 4.5337971025015218 3.5101424869116022 4.1834445346135443 3.6754514492747323 4.1667328731706501 3.849413385880406 3.6229178374529853 3.4055488035098027 3.7915543475677955 3.8590326743321022 3.7276665269371434 3.4019706159965302 3.3984113278761603 4.1902342786535698 4.6289934885336157 4.1151325361623705 3.7256771714515855 6.667084976412216 4.8422239677245411 2.9562740511135184 4.3856107478220192 3.2050795541731127 5.1575377722523816 4.6589613836808281 2.2297705379399386 5.088659009814652 5.7713846010320324 3.1384112609475414 3.4251145872173385 3.5733191426340332 3.680772549021849 2.7622488568199794 3.3801420439587964 3.7899196253333032
leaf_weight=1510 5525 21952 13683 14682 5845 10096 20599 622 9943 1975 2028 2216 1183 3670 13802 1320 929 4342 5365 11632 4081 366 49694 2502 38247 19994 2019 10598 6305 45708 2066 14075 12928 4222 14068 15926 35090 62445 46931 1395 1970 10798 1360 1223 795 5700 53 563 991 669 326 5607 976 44 153 34 343 258 234 20934 4859 303 229
leaf_count=1510 5525 21952 13683 14682 5845 10096 20599 622 9943 1975 2028 2216 1183 3670 13802 1320 929 4342 5365 11632 4081 366 49694 2502 38247 19994 2019 10598 6305 45708 2066 14075 12928 4222 14068 15926 35090 62445 46931 1395 1970 10798 1360 1223 795 5700 53 563 991 669 326 5607 976 44 153 34 343 258 234 20934 4859 303 229
internal_value=0 3.9055 3.83415 3.80513 4.23353 4.23465 3.77794 4.24142 3.75314 3.28682 3.55828 3.50963 4.23227 4.40299 3.95845 3.15003 3.08529 4.25484 4.4487 3.0133 3.47827 2.95918 3.81716 3.79677 3.79257 3.73014 4.48952 4.53631 3.40682 4.50663 3.60527 4.03125 3.56915 3.94684 3.66957 3.72915 3.36511 3.81872 3.79806 4.1277 3.56479 3.47678 3.84321 4.2529 3.67825 3.90607 4.73917 3.65061 3.32749 3.58335 3.99882 5.02494 5.08362 3.49726 4.45013 3.99351 3.37587 4.21423 4.46967 3.76374 2.929 4.16652 4.57104
internal_weight=0 577410 474258 442210 103152 32048 415747 21117 394630 22591 97590 91220 26463 63830 39322 20616 19296 6370 57985 17786 88951 16857 297040 241646 239144 70587 52620 11781 56923 50601 32028 33797 27807 18024 49988 29994 45033 168557 130310 15773 11890 14879 4221 4893 2861 55394 2269 8732 3158 7300 995 7434 6583 2167 197 1432 377 1055 797 83379 16491 14378 851
internal_count=600001 577410 474258 442210 103152 32048 415747 21117 394630 22591 97590 91220 26463 63830 39322 20616 19296 6370 57985 17786 88951 16857 297040 241646 239144 70587 52620 11781 56923 50601 32028 33797 27807 18024 49988 29994 45033 168557 130310 15773 11890 14879 4221 4893 2861 55394 2269 8732 3158 7300 995 7434 6583 2167 197 1432 377 1055 797 83379 16491 14378 851
is_linear=0
shrinkage=0.005


Tree=71
num_leaves=64
num_cat=0
split_feature=1 1 37 27 1 1 3 1 1 27 3 9 1 3 3 3 37 3 27 3 1 9 3 3 3 1 1 1 3 37 37 3 24 1 1 1 1 17 26 3 9 1 1 1 9 0 1 3 38 39 3 3 3 3 3 17 37 3 1 0 32 3 3
split_gain=3.29538e+08 5.35162e+08 2.18325e+08 2.03377e+08 1.90416e+08 1.90116e+08 1.89253e+08 2.78922e+08 1.94969e+08 1.7475e+08 1.32222e+08 1.37926e+08 7.77318e+07 5.23868e+07 5.04775e+07 5.00172e+07 4.6647e+07 4.09526e+07 3.75259e+07 3.74325e+07 3.05752e+07 2.73879e+07 2.19245e+07 1.93525e+07 1.62598e+07 1.5305e+07 1.51423e+07 2.14566e+07 1.49909e+07 1.42875e+07 1.38107e+07 1.22707e+07 1.17199e+07 1.09556e+07 1.06558e+07 1.60919e+07 9.87047e+06 9.1335e+06 8.55947e+06 8.60651e+06 8.22629e+06 8.21199e+06 1.98253e+07 7.84081e+06 8.26273e+06 7.80835e+06 7.7496e+06 7.72499e+06 7.68809e+06 7.63483e+06 8.07619e+06 9.43578e+06 7.63136e+06 7.62586e+06 9.07167e+06 7.61845e+06 7.60418e+06 8.77041e+06 7.60097e+06 7.9696e+06 7.59449e+06 7.59301e+06 9.25348e+06
threshold=1.0000000180025095e-35 5090.5000000000009 2019.5000000000002 1.0000000180025095e-35 1510.5000000000002 52861.000000000007 1.0000000180025095e-35 46670.500000000007 46215.500000000007 1.0000000180025095e-35 49.086193642899197 1.0000000180025095e-35 46215.500000000007 1.0000000180025095e-35 3.641052719675467 49.58469035707116 2019.5000000000002 50.849742826575884 1.0000000180025095e-35 1.0000000180025095e-35 114592.50000000001 1.0000000180025095e-35 36.977372812612337 31.087322931897432 8.7922112358916067 4975.5000000000009 14955.000000000002 6971.5000000000009 1.0000000180025095e-35 2023.5000000000002 2019.5000000000002 9.5748938426300949 1.0000000180025095e-35 440.50000000000006 9904.5000000000018 12053.500000000002 53792.500000000007 1.0000000180025095e-35 1.0000000180025095e-35 34.24920207713182 1.0000000180025095e-35 6792.5000000000009 5991.5000000000009 54757.500000000007 1.0000000180025095e-35 41.500000000000007 40975.000000000007 43.080037527664238 10.500000000000002 15.500000000000002 29.232596759212608 24.58288236567201 51.827496266194082 43.955623248403974 10.514780309671918 1.0000000180025095e-35 2023.5000000000002 51.539245530873195 49397.000000000007 63.500000000000007 1.0000000180025095e-35 49.938894560673965 29.984256972886694
decision_type=2 2 2 2 2 2 2 2 2 2 2 2 2 2 2 2 2 2 2 2 2 2 2 2 2 2 2 2 2 2 2 2 2 2 2 2 2 2 2 2 2 2 2 2 2 2 2 2 2 2 2 2 2 2 2 2 2 2 2 2 2 2 2
left_child=9 4 5 6 14 -3 7 -4 22 15 11 20 -5 -6 -2 16 49 -12 25 60 23 53 24 31 -8 30 27 41 -14 -25 37 -10 -22 40 -29 -36 58 -15 39 -35 47 42 -26 -9 -45 -38 48 -16 -28 -1 51 -51 -7 54 -21 -13 -24 -58 -33 -60 -18 62 -32
right_child=1 2 3 12 13 52 8 43 10 -11 17 55 28 18 33 -17 19 -19 -20 21 32 -23 56 29 26 -27 46 34 -30 -31 61 36 -34 38 35 -37 45 -39 -40 -41 -42 -43 -44 44 -46 -47 -48 -49 -50 50 -52 -53 -54 -55 -56 -57 57 -59 59 -61 -62 -63 -64
leaf_value=3.5280621580353078 3.4955897356734154 3.9523150020821629 3.796651534953853 3.9683691513321468 3.9298115533938049 4.7957010822655972 3.9077016840606178 4.5481828203265033 3.5653346166077884 4.6911728383438973 4.8155760036624455 4.8789221227521544 3.9797894310084621 4.106929532468806 3.6858037406297912 4.0758915674325191 3.7025151072654778 3.9615052042979553 4.0280999286493628 3.2188778345666309 3.5714407085961204 4.2972099663976762 3.8663794713911921 3.4959278888046685 3.9098973483405111 4.0401711447891948 3.8217031026825437 3.5489749090298965 4.5732211729730192 3.8649247633023025 4.4702129324735571 3.3543434498124207 3.8680770098444524 3.9305266343802989 3.8314231824195204 3.583289329161333 3.4469689562474555 4.6058484237944484 4.1739798828222821 4.1694407282866219 5.6821356269291474 4.0320201779323384 3.5122575040414468 5.0861586935752072 3.9358491297960279 3.3021836986513722 3.7041745650026008 4.4126952070160481 3.7132135410021552 4.1898556502642617 4.9507881303519348 2.4416879782112697 3.4655072308461601 3.3497231226228963 2.8437312515454214 4.2346094986400269 4.0118062583338672 5.061401449901302 3.0854842646505056 1.7297434671719871 4.7244606375117462 4.1476480137065259 4.622290226669044
leaf_weight=694 5525 21952 13683 14682 5845 9987 22027 851 7013 1975 2067 1674 1183 3670 3929 1320 681 4373 5365 1826 9968 366 47952 19841 9937 2019 113933 18574 10598 3023 29063 3781 5000 15383 12886 13255 18955 1223 9033 4993 56 4355 4579 6423 160 18305 21664 403 19062 454 269 93 109 948 13717 632 6833 205 4625 111 248 1393 15252
leaf_count=694 5525 21952 13683 14682 5845 9987 22027 851 7013 1975 2067 1674 1183 3670 3929 1320 681 4373 5365 1826 9968 366 47952 19841 9937 2019 113933 18574 10598 3023 29063 3781 5000 15383 12886 13255 18955 1223 9033 4993 56 4355 4579 6423 160 18305 21664 403 19062 454 269 93 109 948 13717 632 6833 205 4625 111 248 1393 15252
internal_value=0 3.88597 3.81498 3.7861 4.21236 4.21348 3.75905 4.22021 3.73437 3.27039 3.5428 3.49478 4.21111 4.38098 3.93866 3.13427 3.06986 4.23563 4.42645 2.99823 3.46405 2.94438 3.79884 3.4232 3.77823 4.46707 3.76516 3.70021 4.51363 3.54472 4.4841 3.37057 3.67053 4.01109 3.64054 3.7056 3.34074 4.23163 4.04587 3.98907 3.77804 3.84159 3.78446 4.99982 5.0582 3.37584 3.79187 3.75343 3.80615 3.91358 4.24146 3.89264 4.78134 2.91436 2.8878 4.70234 3.88891 4.04238 3.18717 3.05371 3.97533 4.51113 4.52255
internal_weight=0 577410 474258 442210 103152 32048 415747 21117 394630 22591 99368 92928 26463 63830 39322 20616 19296 6440 57985 17786 90622 16857 295262 75654 240272 52620 218245 63586 11781 22864 50601 52790 14968 33797 44715 26141 45777 4893 29409 20376 4388 18871 14516 7434 6583 37260 154659 4332 132995 1510 816 547 10096 16491 15543 2306 54990 7038 8517 4736 929 45708 44315
internal_count=600001 577410 474258 442210 103152 32048 415747 21117 394630 22591 99368 92928 26463 63830 39322 20616 19296 6440 57985 17786 90622 16857 295262 75654 240272 52620 218245 63586 11781 22864 50601 52790 14968 33797 44715 26141 45777 4893 29409 20376 4388 18871 14516 7434 6583 37260 154659 4332 132995 1510 816 547 10096 16491 15543 2306 54990 7038 8517 4736 929 45708 44315
is_linear=0
shrinkage=0.005


Tree=72
num_leaves=64
num_cat=0
split_feature=1 1 37 27 1 1 3 1 1 27 3 9 1 3 3 3 37 3 27 3 1 9 3 9 3 1 1 1 3 3 37 37 1 1 3 3 1 27 0 1 35 17 3 3 3 0 3 1 37 3 3 1 0 37 13 1 3 37 39 2 0 26 0
split_gain=3.26251e+08 5.29824e+08 2.16147e+08 2.01348e+08 1.88517e+08 1.88219e+08 1.87365e+08 2.76139e+08 1.93038e+08 1.73007e+08 1.29643e+08 1.37931e+08 7.69564e+07 5.18642e+07 4.9974e+07 4.95183e+07 4.61817e+07 4.08956e+07 3.71516e+07 3.70591e+07 3.1748e+07 2.71147e+07 2.10991e+07 1.6126e+07 1.53475e+07 1.51524e+07 1.48497e+07 2.05115e+07 1.48414e+07 1.47305e+07 1.36729e+07 1.08765e+07 1.08577e+07 1.06816e+07 1.05005e+07 1.07744e+07 1.02046e+07 9.68398e+06 9.60567e+06 9.57533e+06 9.56737e+06 9.0424e+06 8.28831e+06 8.24421e+06 7.98901e+06 7.90193e+06 7.77743e+06 7.7626e+06 8.18205e+06 7.71183e+06 1.05178e+07 7.67793e+06 7.63328e+06 8.77736e+06 7.61671e+06 8.08816e+06 7.59139e+06 7.58726e+06 7.61211e+06 9.31534e+06 7.73235e+06 9.14495e+06 9.86312e+06
threshold=1.0000000180025095e-35 5090.5000000000009 2019.5000000000002 1.0000000180025095e-35 1510.5000000000002 52861.000000000007 1.0000000180025095e-35 46670.500000000007 46670.500000000007 1.0000000180025095e-35 49.086193642899197 1.0000000180025095e-35 46215.500000000007 1.0000000180025095e-35 3.641052719675467 49.58469035707116 2019.5000000000002 50.849742826575884 1.0000000180025095e-35 1.0000000180025095e-35 88202.000000000015 1.0000000180025095e-35 36.977372812612337 1.0000000180025095e-35 9.5748938426300949 4975.5000000000009 15184.500000000002 5991.5000000000009 1.0000000180025095e-35 34.979870140845065 2019.5000000000002 2023.5000000000002 928.50000000000011 114592.50000000001 42.845288989930189 49.58469035707116 53792.500000000007 1.0000000180025095e-35 45.500000000000007 93050.000000000015 1.0000000180025095e-35 1.0000000180025095e-35 31.935436495857811 48.723139267295252 47.052345781429288 36.500000000000007 39.238479264830517 54757.500000000007 2023.5000000000002 27.146896532695873 23.726451398639828 49397.000000000007 46.500000000000007 2021.5000000000002 1.0000000180025095e-35 77396.000000000015 50.849742826575884 2022.5000000000002 19.500000000000004 3.5000000000000004 37.500000000000007 1.0000000180025095e-35 27.500000000000004
decision_type=2 2 2 2 2 2 2 2 2 2 2 2 2 2 2 2 2 2 2 2 2 2 2 2 2 2 2 2 2 2 2 2 2 2 2 2 2 2 2 2 2 2 2 2 2 2 2 2 2 2 2 2 2 2 2 2 2 2 2 2 2 2 2
left_child=9 4 5 6 14 -3 7 -4 22 15 11 20 -5 -6 -2 16 -1 57 25 -18 29 -21 23 24 -8 30 27 -26 -14 36 41 33 34 39 -16 45 -10 56 -31 -22 42 -15 -33 -24 -13 -36 51 -9 52 50 -28 -40 53 -49 -53 -56 -34 -12 59 -59 61 62 -60
right_child=1 2 3 12 13 -7 8 47 10 -11 17 44 28 18 32 -17 19 -19 -20 21 31 -23 43 -25 26 -27 49 -29 -30 38 -32 40 37 -35 35 -37 -38 -39 46 -41 -42 -43 -44 -45 -46 -47 -48 48 -50 -51 -52 54 -54 -55 55 -57 -58 58 60 -61 -62 -63 -64
leaf_value=3.8940139092365467 3.4781117687035707 3.9325534004689859 3.777668356014086 3.9485273370912513 3.910162463818788 4.7574331181822194 3.8680849870593974 4.525442021545877 3.1899772536044582 4.6677169766202757 4.5763232165453749 4.6460746555180972 3.9598905422197794 4.0863948753306429 3.8675013544036787 4.0555121868582384 3.9554505495927561 3.9386026992505734 4.0079594863956478 2.8997857199544796 3.6485665554037565 4.2757237698601891 3.8421256317777717 4.1582366426816764 3.889005439034027 4.0199702415069529 3.7690353051609295 3.6379399201204596 4.5503551197266985 3.6417069943626901 4.4885724348440803 3.4749179778150707 4.1422851013938899 3.6387206722892889 4.0362187643153744 3.6772906563795806 3.3714379103719803 3.689095594707783 4.7232902431550556 3.3642653546191426 4.1512432240002299 4.5828192859030317 4.0756949179281232 4.0160883735970296 6.6103881173763641 4.8551760146130141 3.1887122893493238 5.208627119532304 4.6104066900884524 3.8207917978557924 3.6434252316983344 3.7238493840738505 5.350307332385789 4.7123368108417534 2.6156669278573084 4.3783160998597745 3.3423874168270102 5.9880802386264751 4.9723359722704501 4.115293215455079 3.848688646630396 3.7899331209876324 8.795737974105343
leaf_weight=1510 5525 21952 13683 14682 5845 10096 26546 851 9943 1975 1327 2216 1183 3670 16264 1320 929 4342 5365 16491 4081 366 47442 2502 9597 2019 81731 53405 10598 7311 45708 2066 14075 12928 488 529 35090 1395 143 10798 1360 1223 795 7952 53 743 2844 1829 976 46931 20934 1163 2041 1737 349 80 303 349 37 82 158 44 31
leaf_count=1510 5525 21952 13683 14682 5845 10096 26546 851 9943 1975 1327 2216 1183 3670 16264 1320 929 4342 5365 16491 4081 366 47442 2502 9597 2019 81731 53405 10598 7311 45708 2066 14075 12928 488 529 35090 1395 143 10798 1360 1223 795 7952 53 743 2844 1829 976 46931 20934 1163 2041 1737 349 80 303 349 37 82 158 44 31
internal_value=0 3.86654 3.79591 3.76717 4.1913 4.19241 3.74025 4.19911 3.7157 3.25403 3.52277 3.47461 4.19006 4.35907 3.91897 3.1186 3.05451 4.2124 4.40432 2.98324 3.44356 2.92966 3.77908 3.75891 3.75473 4.44473 3.74058 3.67618 4.49106 3.3727 4.46168 3.56949 3.99104 3.53359 3.9072 4.27407 3.33137 4.08684 3.52924 3.44224 3.80598 4.21048 3.64186 3.8671 4.69196 4.53052 3.34966 4.97482 5.03291 3.76769 3.74342 3.61349 5.10645 4.96688 3.5138 2.94437 4.12543 4.7986 5.21938 5.63177 4.56109 5.56608 6.71536
internal_weight=0 577410 474258 442210 103152 32048 415747 21117 394630 22591 97590 91220 26463 63830 39322 20616 19296 6370 57985 17786 88951 16857 297040 241646 239144 52620 212598 63002 11781 56923 50601 32028 33797 27807 18024 1760 45033 15773 11890 14879 4221 4893 2861 55394 2269 1231 4579 7434 6583 149596 102665 1735 5607 3566 1592 429 14378 2028 701 431 270 112 68
internal_count=600001 577410 474258 442210 103152 32048 415747 21117 394630 22591 97590 91220 26463 63830 39322 20616 19296 6370 57985 17786 88951 16857 297040 241646 239144 52620 212598 63002 11781 56923 50601 32028 33797 27807 18024 1760 45033 15773 11890 14879 4221 4893 2861 55394 2269 1231 4579 7434 6583 149596 102665 1735 5607 3566 1592 429 14378 2028 701 431 270 112 68
is_linear=0
shrinkage=0.005


Tree=73
num_leaves=64
num_cat=0
split_feature=1 1 37 27 1 1 3 1 1 27 3 9 1 3 3 3 37 3 27 3 1 9 3 3 3 1 1 1 3 37 37 3 24 1 1 1 1 17 26 3 1 1 9 0 1 9 1 38 3 17 17 27 6 1 1 17 39 3 39 25 8 3 0
split_gain=3.22996e+08 5.24539e+08 2.13991e+08 1.9934e+08 1.86636e+08 1.86342e+08 1.85496e+08 2.73385e+08 1.91127e+08 1.71281e+08 1.29611e+08 1.35188e+08 7.61888e+07 5.13469e+07 4.94755e+07 4.90243e+07 4.5721e+07 4.01421e+07 3.6781e+07 3.66895e+07 2.99594e+07 2.68443e+07 2.14928e+07 1.90296e+07 1.59568e+07 1.50012e+07 1.48489e+07 2.11055e+07 1.46933e+07 1.40881e+07 1.35365e+07 1.21459e+07 1.16023e+07 1.08095e+07 1.05496e+07 1.59304e+07 9.69537e+06 8.95219e+06 8.45977e+06 8.50722e+06 8.18492e+06 1.95067e+07 8.14328e+06 7.73075e+06 7.68517e+06 8.17712e+06 7.67261e+06 7.61142e+06 7.60039e+06 7.58474e+06 7.57033e+06 7.56228e+06 8.42628e+06 1.4404e+07 8.10356e+06 7.67054e+06 8.64775e+06 7.64798e+06 1.09082e+07 1.11575e+07 1.21569e+07 8.80414e+06 8.89501e+06
threshold=1.0000000180025095e-35 5090.5000000000009 2019.5000000000002 1.0000000180025095e-35 1510.5000000000002 52861.000000000007 1.0000000180025095e-35 46670.500000000007 46215.500000000007 1.0000000180025095e-35 49.086193642899197 1.0000000180025095e-35 46215.500000000007 1.0000000180025095e-35 3.641052719675467 49.58469035707116 2019.5000000000002 50.849742826575884 1.0000000180025095e-35 1.0000000180025095e-35 114592.50000000001 1.0000000180025095e-35 36.977372812612337 31.087322931897432 8.7922112358916067 4975.5000000000009 14955.000000000002 6971.5000000000009 1.0000000180025095e-35 2023.5000000000002 2019.5000000000002 9.5748938426300949 1.0000000180025095e-35 440.50000000000006 9904.5000000000018 12053.500000000002 53792.500000000007 1.0000000180025095e-35 1.0000000180025095e-35 34.24920207713182 6792.5000000000009 5991.5000000000009 1.0000000180025095e-35 41.500000000000007 54757.500000000007 1.0000000180025095e-35 40975.000000000007 10.500000000000002 43.080037527664238 1.0000000180025095e-35 1.0000000180025095e-35 1.0000000180025095e-35 1.0000000180025095e-35 71432.500000000015 137048.50000000003 1.0000000180025095e-35 6.5000000000000009 14.22154768730479 3.5000000000000004 1.0000000180025095e-35 1.0000000180025095e-35 25.032328819264581 29.500000000000004
decision_type=2 2 2 2 2 2 2 2 2 2 2 2 2 2 2 2 2 2 2 2 2 2 2 2 2 2 2 2 2 2 2 2 2 2 2 2 2 2 2 2 2 2 2 2 2 2 2 2 2 2 2 2 2 2 2 2 2 2 2 2 2 2 2
left_child=9 4 5 6 14 -3 7 -4 22 15 11 20 -5 -6 -2 16 -1 -12 25 -18 23 49 24 31 -8 30 27 40 -14 -25 37 -10 -22 42 -29 -36 -33 -15 39 -35 41 -26 48 -38 50 -46 47 -28 -16 -21 -9 52 55 -54 -55 57 -57 -7 59 60 -59 62 -60
right_child=1 2 3 12 13 51 8 44 10 -11 17 -13 28 18 33 -17 19 -19 -20 21 32 -23 -24 29 26 -27 46 34 -30 -31 -32 36 -34 38 35 -37 43 -39 -40 -41 -42 -43 -44 -45 45 -47 -48 -49 -50 -51 -52 -53 53 54 -56 56 -58 58 61 -61 -62 -63 -64
leaf_value=3.8745438189881032 3.4607212104121317 3.9128906665417453 3.7587800130094413 3.9287846820621981 3.8906116710627461 4.6406301062643784 3.8688048092412681 4.7889590566947913 3.5306251816439547 4.6443783692522898 4.7675788712918932 4.6554144061114782 3.9400910057783736 4.0659629466993685 3.6480240178660326 4.0352346752258867 3.9356733914083764 3.9220019200007377 3.9879197114719371 2.954591542452182 3.5352786444718944 4.254345289527393 3.850125322313076 3.4610944668405996 3.8708879608628508 3.999870473235152 3.7837318675183327 3.5129924478329766 4.5276033303903906 3.8275076224829161 4.4661296185479378 3.1549756480733868 3.8304228359513877 3.890953810679989 3.7940251010684576 3.5471397522101338 3.4127378819238237 4.5599050947855657 4.1329884028945649 4.1284858007886331 3.9936143346850419 3.4764559416518148 5.6340535313742501 3.2686738870770733 5.0355579245775104 3.8912229852676394 3.6667888613756436 3.6757846504159359 4.3690296015039864 2.7193775392316986 3.725601942570449 4.2910764464363877 4.0657612885198287 4.9001699642323961 3.7999270240638565 3.8008659605744861 4.7556376532636202 5.5038151128101349 6.116268793546169 4.5796192985005897 7.7884756736142924 4.8103789089695885 5.0994681140931997
leaf_weight=1510 5525 21952 13683 14682 5845 1155 22027 622 7013 1975 2067 2306 1183 3670 3929 1320 929 4373 5365 11632 9968 366 54990 19841 9937 2019 113933 18574 10598 3023 45708 8517 5000 15383 12886 13255 18955 1223 9033 4993 4355 4579 56 18305 6423 160 21664 19062 403 4859 229 881 992 1850 184 284 1438 125 295 101 109 1888 794
leaf_count=1510 5525 21952 13683 14682 5845 1155 22027 622 7013 1975 2067 2306 1183 3670 3929 1320 929 4373 5365 11632 9968 366 54990 19841 9937 2019 113933 18574 10598 3023 45708 8517 5000 15383 12886 13255 18955 1223 9033 4993 4355 4579 56 18305 6423 160 21664 19062 403 4859 229 881 992 1850 184 284 1438 125 295 101 109 1888 794
internal_value=0 3.84721 3.77693 3.74833 4.17034 4.17145 3.72155 4.17812 3.69712 3.23776 3.50744 3.4599 4.16911 4.33727 3.89937 3.10301 3.03924 4.1934 4.3823 2.96832 3.42948 2.91501 3.76095 3.38905 3.74055 4.42251 3.7276 3.66328 4.46861 3.50954 4.43937 3.33686 3.63387 3.97108 3.6041 3.66884 3.30717 4.18942 4.00562 3.94916 3.8035 3.74647 3.73959 3.34196 4.94994 5.00774 3.75405 3.76826 3.7151 2.88529 4.50281 4.73365 4.77596 4.55973 4.80064 4.88168 4.59817 4.99097 5.11314 5.96854 6.56804 5.01689 5.37491
internal_weight=0 577410 474258 442210 103152 32048 415747 21117 394630 22591 99368 92928 26463 63830 39322 20616 19296 6440 57985 17786 90622 16857 295262 75654 240272 52620 218245 63586 11781 22864 50601 52790 14968 33797 44715 26141 45777 4893 29409 20376 18871 14516 4388 37260 7434 6583 154659 132995 4332 16491 851 10096 9215 3026 2034 6189 1722 4467 3312 335 234 2977 1089
internal_count=600001 577410 474258 442210 103152 32048 415747 21117 394630 22591 99368 92928 26463 63830 39322 20616 19296 6440 57985 17786 90622 16857 295262 75654 240272 52620 218245 63586 11781 22864 50601 52790 14968 33797 44715 26141 45777 4893 29409 20376 18871 14516 4388 37260 7434 6583 154659 132995 4332 16491 851 10096 9215 3026 2034 6189 1722 4467 3312 335 234 2977 1089
is_linear=0
shrinkage=0.005


Tree=74
num_leaves=64
num_cat=0
split_feature=1 1 37 27 1 1 3 1 1 27 3 9 1 3 3 3 37 3 27 3 1 9 3 9 3 1 1 1 3 37 17 3 1 1 1 39 3 26 37 17 3 1 1 3 3 38 3 1 1 1 13 38 3 0 39 3 3 1 37 1 1 39 3
split_gain=3.19774e+08 5.19307e+08 2.11857e+08 1.97352e+08 1.84775e+08 1.84483e+08 1.83646e+08 2.70658e+08 1.89251e+08 1.69572e+08 1.27078e+08 1.35213e+08 7.54288e+07 5.08347e+07 4.89819e+07 4.85353e+07 4.5265e+07 4.00886e+07 3.64141e+07 3.63235e+07 3.12397e+07 2.65765e+07 2.0674e+07 1.59555e+07 1.50543e+07 1.48516e+07 1.45655e+07 2.01312e+07 1.45468e+07 1.34015e+07 1.16702e+07 1.14892e+07 1.14021e+07 1.52557e+07 1.07111e+07 1.05493e+07 1.03555e+07 9.58529e+06 8.97044e+06 8.8629e+06 8.86085e+06 8.5329e+06 8.17912e+06 8.08967e+06 1.2123e+07 8.64998e+06 7.90932e+06 7.81281e+06 1.26117e+07 7.87408e+06 7.79178e+06 8.31281e+06 7.68686e+06 7.73923e+06 7.6605e+06 7.63352e+06 1.04133e+07 7.60851e+06 8.09924e+06 7.60786e+06 9.05026e+06 8.09599e+06 7.59795e+06
threshold=1.0000000180025095e-35 5090.5000000000009 2019.5000000000002 1.0000000180025095e-35 1510.5000000000002 52861.000000000007 1.0000000180025095e-35 46670.500000000007 46670.500000000007 1.0000000180025095e-35 49.086193642899197 1.0000000180025095e-35 46215.500000000007 1.0000000180025095e-35 3.641052719675467 49.58469035707116 2019.5000000000002 50.849742826575884 1.0000000180025095e-35 1.0000000180025095e-35 79842.500000000015 1.0000000180025095e-35 36.977372812612337 1.0000000180025095e-35 9.5748938426300949 4975.5000000000009 15184.500000000002 6971.5000000000009 1.0000000180025095e-35 2019.5000000000002 1.0000000180025095e-35 30.958491610009386 9904.5000000000018 12053.500000000002 928.50000000000011 17.500000000000004 34.857935552831549 1.0000000180025095e-35 2023.5000000000002 1.0000000180025095e-35 30.958491610009386 55741.000000000007 40975.000000000007 20.811850051578766 21.981087411853562 6.5000000000000009 47.052345781429288 11353.500000000002 10199.000000000002 10049.500000000002 1.0000000180025095e-35 1.5000000000000002 47.880588994942194 28.500000000000004 19.500000000000004 27.146896532695873 23.726451398639828 54757.500000000007 2023.5000000000002 17095.500000000004 5991.5000000000009 30.500000000000004 11.699842995178455
decision_type=2 2 2 2 2 2 2 2 2 2 2 2 2 2 2 2 2 2 2 2 2 2 2 2 2 2 2 2 2 2 2 2 2 2 2 2 2 2 2 2 2 2 2 2 2 2 2 2 2 2 2 2 2 2 2 2 2 2 2 2 2 2 2
left_child=9 4 5 6 14 -3 7 -4 22 15 11 20 -5 -6 -2 16 -1 -12 25 -18 30 -21 23 24 -8 29 27 -26 -14 39 40 35 -29 47 36 -22 -16 -36 -33 -15 -10 -32 59 -37 -45 54 -13 48 49 -34 -40 -52 53 -39 -46 56 -28 -9 -59 60 -24 -61 -43
right_child=1 2 3 12 13 -7 8 57 10 -11 17 46 28 18 34 -17 19 -19 -20 21 31 -23 42 -25 26 -27 55 32 -30 -31 41 38 33 -35 37 43 -38 52 50 -41 -42 62 -44 44 45 -47 -48 -49 -50 -51 51 -53 -54 -55 -56 -57 -58 58 -60 61 -62 -63 -64
leaf_value=3.8551711315054402 3.4434176694157639 3.8933261553225256 3.7399860807379315 3.9091407696859415 3.8711586018179709 4.7099777582923927 3.8295342067349725 4.4803006780413703 3.3192988509241594 4.6211565289752867 4.7507732787074364 4.5995671743958759 3.9203905781466175 4.0456330694775486 3.8016734052940224 4.015058472012706 3.9159949734406014 3.8992997052609399 3.9679800879215095 2.8708603451590053 3.368917728325759 4.2330734906203116 4.0461970488381711 4.1186353194000098 3.7795226634585499 3.9798710498221146 3.7314439206144123 3.4851277814068649 4.5049653684408888 4.4437989922810202 3.0260090463286251 3.5831547232867589 3.5860140378000289 3.5363627810398652 3.9649543135752929 3.6705753181261573 4.0846500408761681 3.9123205832485279 4.1776993108569522 4.5371055852674793 3.4954981873763353 3.639910081770831 3.649124838580688 2.8178373005858157 4.3805912724762583 3.2747501746666212 6.5540590530971317 3.9479589569290123 3.4924115830041664 4.0499332418864551 5.1566024024936103 3.1421551720567584 3.3286377060030858 4.3933557190291639 3.5951465681356742 3.7829341943155299 3.6064597869738884 5.0558772815872981 4.5623468411750485 3.9142092386851868 3.73786441932402 3.2921264236363084 3.2307647809012536
leaf_weight=1510 5525 21952 13683 14682 5845 10096 26546 851 23475 1975 2028 2216 1183 3670 13802 1320 929 4342 5365 16491 15903 366 2731 2502 18234 2019 81731 18000 10598 45708 4642 11029 1417 14294 10981 7288 4222 1102 1244 1223 10251 1318 5700 736 367 2078 53 4307 4170 2580 59 388 224 3466 2014 46931 20934 5607 976 27917 18513 533 8159
leaf_count=1510 5525 21952 13683 14682 5845 10096 26546 851 23475 1975 2028 2216 1183 3670 13802 1320 929 4342 5365 16491 15903 366 2731 2502 18234 2019 81731 18000 10598 45708 4642 11029 1417 14294 10981 7288 4222 1102 1244 1223 10251 1318 5700 736 367 2078 53 4307 4170 2580 59 388 224 3466 2014 46931 20934 5607 976 27917 18513 533 8159
internal_value=0 3.82797 3.75804 3.72959 4.14949 4.15059 3.70294 4.15722 3.67863 3.22157 3.48761 3.43993 4.14826 4.31559 3.87988 3.0875 3.02404 4.17038 4.36039 2.95348 3.40918 2.90044 3.7414 3.72142 3.71727 4.4004 3.70325 3.63948 4.44626 4.41718 3.32233 3.51027 3.58244 3.64787 3.95123 3.45432 3.86796 4.04638 3.63515 4.16848 3.37285 3.20164 3.82852 3.56311 3.41235 3.51048 4.64522 3.77565 3.68478 3.88547 3.97425 3.40804 4.23296 4.27731 3.71621 3.73011 3.70596 4.92519 4.98271 3.8491 3.7775 3.90255 3.28767
internal_weight=0 577410 474258 442210 103152 32048 415747 21117 394630 22591 97590 91220 26463 63830 39322 20616 19296 6370 57985 17786 88951 16857 297040 241646 239144 52620 212598 63002 11781 50601 47845 41106 44768 26768 33797 28386 18024 15773 12720 4893 33726 14119 55394 12483 5195 4459 2269 12474 8167 3997 1691 447 4792 4568 2381 149596 102665 7434 6583 49694 21244 28450 9477
internal_count=600001 577410 474258 442210 103152 32048 415747 21117 394630 22591 97590 91220 26463 63830 39322 20616 19296 6370 57985 17786 88951 16857 297040 241646 239144 52620 212598 63002 11781 50601 47845 41106 44768 26768 33797 28386 18024 15773 12720 4893 33726 14119 55394 12483 5195 4459 2269 12474 8167 3997 1691 447 4792 4568 2381 149596 102665 7434 6583 49694 21244 28450 9477
is_linear=0
shrinkage=0.005


Tree=75
num_leaves=64
num_cat=0
split_feature=1 1 37 27 1 1 3 1 1 27 3 9 1 3 3 3 37 3 27 3 1 9 3 9 3 1 1 1 3 3 37 37 1 1 1 0 1 35 17 27 3 3 9 1 3 3 3 1 37 36 3 3 3 33 3 15 14 2 39 36 39 3 3
split_gain=3.16585e+08 5.14126e+08 2.09743e+08 1.95383e+08 1.82931e+08 1.82643e+08 1.81814e+08 2.67958e+08 1.87363e+08 1.67881e+08 1.2581e+08 1.33865e+08 7.46764e+07 5.03276e+07 4.84934e+07 4.80512e+07 4.48134e+07 3.96887e+07 3.60509e+07 3.59611e+07 3.09709e+07 2.63114e+07 2.04678e+07 1.57964e+07 1.49041e+07 1.47034e+07 1.44202e+07 1.99768e+07 1.44017e+07 1.43859e+07 1.32678e+07 1.06918e+07 1.06636e+07 1.04476e+07 9.96594e+06 9.51039e+06 9.47978e+06 9.46988e+06 8.77449e+06 8.42236e+06 8.1586e+06 8.10811e+06 8.06171e+06 7.92315e+06 7.84979e+06 7.83042e+06 7.80869e+06 1.10585e+07 7.75287e+06 1.20956e+07 7.75038e+06 7.75532e+06 8.1121e+06 7.7311e+06 8.48629e+06 8.42263e+06 1.05408e+07 7.59658e+06 9.53202e+06 1.18872e+07 7.55867e+06 7.99563e+06 9.34165e+06
threshold=1.0000000180025095e-35 5090.5000000000009 2019.5000000000002 1.0000000180025095e-35 1510.5000000000002 52861.000000000007 1.0000000180025095e-35 46670.500000000007 46670.500000000007 1.0000000180025095e-35 49.086193642899197 1.0000000180025095e-35 46215.500000000007 1.0000000180025095e-35 3.641052719675467 49.58469035707116 2019.5000000000002 50.849742826575884 1.0000000180025095e-35 1.0000000180025095e-35 88202.000000000015 1.0000000180025095e-35 36.977372812612337 1.0000000180025095e-35 9.5748938426300949 4975.5000000000009 15184.500000000002 5991.5000000000009 1.0000000180025095e-35 34.979870140845065 2019.5000000000002 2023.5000000000002 440.50000000000006 114592.50000000001 53792.500000000007 51.500000000000007 93050.000000000015 1.0000000180025095e-35 1.0000000180025095e-35 1.0000000180025095e-35 48.723139267295252 31.935436495857811 1.0000000180025095e-35 79842.500000000015 43.742172731644068 47.052345781429288 42.845288989930189 52861.000000000007 2023.5000000000002 1.0000000180025095e-35 49.58469035707116 32.959592599707712 15.775500275987469 1.0000000180025095e-35 35.95967257737481 1.0000000180025095e-35 1.0000000180025095e-35 1.0000000180025095e-35 23.500000000000004 1.0000000180025095e-35 15.500000000000002 29.232596759212608 24.58288236567201
decision_type=2 2 2 2 2 2 2 2 2 2 2 2 2 2 2 2 2 2 2 2 2 2 2 2 2 2 2 2 2 2 2 2 2 2 2 2 2 2 2 2 2 2 2 2 2 2 2 2 2 2 2 2 2 2 2 2 2 2 2 2 2 2 2
left_child=9 4 5 6 14 -3 7 -4 22 15 11 20 -5 -6 -2 16 60 -12 25 -18 29 -21 23 24 -8 30 27 -26 -14 34 38 33 42 36 -10 43 -22 41 -15 50 -24 -33 -16 48 46 -13 -37 -48 -31 -50 51 52 -34 55 -55 56 57 58 59 -45 -1 62 -62
right_child=1 2 3 12 13 -7 8 -9 10 -11 17 45 28 18 32 -17 19 -19 -20 21 31 -23 40 -25 26 -27 -28 -29 -30 35 -32 37 39 -35 -36 44 -38 -39 -40 -41 -42 -43 -44 53 -46 -47 47 -49 49 -51 -52 -53 -54 54 -56 -57 -58 -59 -60 -61 61 -63 -64
leaf_value=3.4523031410760643 3.4262005239876179 3.8738595529617732 3.7212861716543872 3.889595078274906 3.8518029052662652 4.6864278712450078 3.8103865557239622 4.9005677606118079 3.1415773832350129 4.5980507249723512 4.7270193594556007 4.5765693673445416 3.9007886707631596 4.025404927594785 3.6771765848403302 3.9949832094040785 3.8964149947450029 3.8798031549529099 3.948140163198183 2.8565060473401256 3.5958741696643002 4.2119080937148929 3.7845327426082678 4.0980421442835686 3.8313083521985205 3.9599717575468127 3.7114569074318631 3.5835366110177063 4.4824405241524934 3.4304482110710159 4.4215799476567312 3.4225923177138307 4.1013695623554041 3.5848964166495372 3.3209037513451207 3.3153674893007059 3.3129949133392755 4.0944907065671599 4.5144200417301326 3.6896196578137235 3.9575898999872972 4.0168024949795047 5.5864960125514438 8.1096280942644388 2.8730779118320551 6.5212888400959512 2.1503800734064797 4.9946994521415311 4.2901849536439585 3.1156279609265507 3.5207222486866847 4.1561843222393842 3.8850490374193956 5.6700492334365844 3.0511843473640199 3.3363470285253012 3.4838259301633916 4.434584023000447 3.6105832739898136 4.3951159617900855 4.1107876385886239 4.8679155569227213 2.3713609010429795
leaf_weight=694 5525 21952 13683 14682 5845 10096 26546 7434 9943 1975 2028 2216 1183 3670 4332 1320 929 4342 5365 16491 4081 366 47442 2502 9597 2019 149596 53405 10598 6305 45708 2066 6498 12928 35090 1970 10798 1360 1223 2524 7952 795 56 56 991 53 44 153 669 326 846 6528 13013 34 343 258 234 437 35 35 454 269 93
leaf_count=694 5525 21952 13683 14682 5845 10096 26546 7434 9943 1975 2028 2216 1183 3670 4332 1320 929 4342 5365 16491 4081 366 47442 2502 9597 2019 149596 53405 10598 6305 45708 2066 6498 12928 35090 1970 10798 1360 1223 2524 7952 795 56 56 991 53 44 153 669 326 846 6528 13013 34 343 258 234 437 35 35 454 269 93
internal_value=0 3.80883 3.73925 3.71094 4.12875 4.12984 3.68443 4.13644 3.66024 3.20547 3.47017 3.42273 4.12752 4.29401 3.86048 3.07206 3.00892 4.14953 4.33859 2.93871 3.39214 2.88593 3.72269 3.70282 3.69868 4.37839 3.68473 3.62128 4.42403 3.32215 4.39509 3.51652 3.93147 3.48092 3.28131 3.47684 3.39058 3.75099 4.14763 3.96578 3.80938 3.58771 3.70154 3.56189 3.2417 4.62199 3.41028 4.35942 3.49518 3.90536 3.9917 4.00701 3.95709 3.90194 3.28737 4.12156 4.37574 4.74645 5.82808 6.68097 3.8359 4.16214 3.81505
internal_weight=0 577410 474258 442210 103152 32048 415747 21117 394630 22591 97590 91220 26463 63830 39322 20616 19296 6370 57985 17786 88951 16857 297040 241646 239144 52620 212598 63002 11781 56923 50601 32028 33797 27807 45033 11890 14879 4221 4893 29409 55394 2861 4388 8732 3158 2269 2167 197 7300 995 26885 26039 19511 1432 377 1055 797 563 126 91 1510 816 547
internal_count=600001 577410 474258 442210 103152 32048 415747 21117 394630 22591 97590 91220 26463 63830 39322 20616 19296 6370 57985 17786 88951 16857 297040 241646 239144 52620 212598 63002 11781 56923 50601 32028 33797 27807 45033 11890 14879 4221 4893 29409 55394 2861 4388 8732 3158 2269 2167 197 7300 995 26885 26039 19511 1432 377 1055 797 563 126 91 1510 816 547
is_linear=0
shrinkage=0.005


Tree=76
num_leaves=64
num_cat=0
split_feature=1 1 37 27 1 1 3 1 1 27 3 9 1 3 3 3 37 3 27 3 1 9 3 3 9 3 1 1 1 3 37 37 3 24 1 1 1 3 3 27 1 17 0 1 1 1 0 0 0 3 2 2 31 32 3 3 3 17 1 9 37 3 3
split_gain=3.13427e+08 5.08998e+08 2.07651e+08 1.93434e+08 1.81107e+08 1.80821e+08 1.80001e+08 2.65285e+08 1.85512e+08 1.66206e+08 1.25802e+08 1.31183e+08 7.39315e+07 4.98256e+07 4.80096e+07 4.75719e+07 4.43664e+07 3.89593e+07 3.56913e+07 3.56024e+07 2.92182e+07 2.60489e+07 2.08604e+07 1.85689e+07 1.56017e+07 1.50659e+07 1.45568e+07 1.44246e+07 1.97981e+07 1.4258e+07 1.37836e+07 1.31355e+07 1.19848e+07 1.14885e+07 1.12883e+07 1.51036e+07 1.05649e+07 1.02714e+07 1.06105e+07 9.48666e+06 9.48559e+06 8.68696e+06 7.82347e+06 7.73487e+06 1.24859e+07 7.79554e+06 7.65353e+06 7.55554e+06 8.03557e+06 1.45129e+07 7.99921e+06 8.13802e+06 1.12541e+07 8.07458e+06 7.54965e+06 8.98036e+06 7.54881e+06 7.54636e+06 7.53261e+06 8.09437e+06 7.52849e+06 8.65871e+06 7.51908e+06
threshold=1.0000000180025095e-35 5090.5000000000009 2019.5000000000002 1.0000000180025095e-35 1510.5000000000002 52861.000000000007 1.0000000180025095e-35 46670.500000000007 46215.500000000007 1.0000000180025095e-35 49.086193642899197 1.0000000180025095e-35 46215.500000000007 1.0000000180025095e-35 3.641052719675467 49.58469035707116 2019.5000000000002 50.849742826575884 1.0000000180025095e-35 1.0000000180025095e-35 114592.50000000001 1.0000000180025095e-35 36.977372812612337 31.087322931897432 1.0000000180025095e-35 9.5748938426300949 4975.5000000000009 15184.500000000002 6971.5000000000009 1.0000000180025095e-35 2023.5000000000002 2019.5000000000002 9.5748938426300949 1.0000000180025095e-35 9904.5000000000018 12053.500000000002 928.50000000000011 42.845288989930189 49.58469035707116 1.0000000180025095e-35 53792.500000000007 1.0000000180025095e-35 36.500000000000007 11353.500000000002 10199.000000000002 10049.500000000002 41.500000000000007 61.500000000000007 42.500000000000007 38.636177304899796 2.5000000000000004 1.0000000180025095e-35 1.0000000180025095e-35 1.0000000180025095e-35 43.955623248403974 10.514780309671918 51.827496266194082 1.0000000180025095e-35 54757.500000000007 1.0000000180025095e-35 2023.5000000000002 51.539245530873195 50.849742826575884
decision_type=2 2 2 2 2 2 2 2 2 2 2 2 2 2 2 2 2 2 2 2 2 2 2 2 2 2 2 2 2 2 2 2 2 2 2 2 2 2 2 2 2 2 2 2 2 2 2 2 2 2 2 2 2 2 2 2 2 2 2 2 2 2 2
left_child=9 4 5 6 14 -3 7 -4 22 15 11 20 -5 -6 -2 16 -1 -12 26 -18 23 54 24 32 25 -8 31 28 -27 -14 -25 41 -10 -22 -30 43 37 -16 42 -38 -34 -15 -39 44 45 -36 -42 48 49 -35 51 52 -51 -53 55 -21 -7 -13 -9 -60 -24 -62 -33
right_child=1 2 3 12 13 56 8 58 10 -11 17 57 29 18 36 -17 19 -19 -20 21 33 -23 60 30 -26 27 -28 -29 34 -31 -32 62 40 47 35 -37 39 38 -40 -41 46 -43 -44 -45 -46 -47 -48 -49 -50 50 -52 53 -54 -55 -56 -57 -58 -59 59 -61 61 -63 -64
leaf_value=3.8167157998621239 3.4090695355556671 3.8544902928694258 3.7026797152893618 3.8701471406690593 3.8325438752578203 4.6772790826721611 3.7933371031036365 4.4333963325637207 3.4792597398409324 4.5750604061090501 4.69652853930305 4.7616486505151974 3.8812847356088866 4.0052779214996894 3.7898506282396576 3.9750082004646008 3.8769329289907528 3.8635025233567348 3.9283995009184105 3.145206461521957 3.4820040510095258 4.1908485363480823 3.7702657608777064 3.409441692614064 4.0797341448978113 3.7420553065289504 3.9401719370958914 3.6934681552195325 3.449784422237538 4.4600283599275397 3.7718737280783108 4.4089347799769891 3.1067523277111877 3.4990586965607382 3.5501663396605823 3.5007632979273389 4.0445086839146231 3.9546093068760442 3.5997373603377314 3.6126440922470504 3.3621262206650799 4.4918479955459558 4.7694907316946562 3.9103014894357782 3.4570318092033445 4.0117658854157829 3.2187835158811295 3.0273855889296231 4.0662998367298595 3.2868634372753105 3.5706486008400309 5.1900060386600941 6.6583384278241331 8.0484509254864278 3.2754082681549881 2.7719526242034607 3.3542991602639542 4.1203915819903552 4.9609617361261868 3.8224318797588346 3.9150097492765963 4.9578998645689429 3.9648661663020661
leaf_weight=1510 5525 21952 13683 14682 5845 9987 26357 851 7013 1975 2067 1674 1183 3670 16264 1320 929 4373 5365 1826 9968 366 47952 19841 2474 18234 2019 148439 18000 10598 3023 44734 8517 2309 1417 14294 14378 488 529 1395 18955 1223 743 4307 4170 2580 18305 316 1998 91 133 84 34 35 948 13717 109 632 6423 160 6833 205 974
leaf_count=1510 5525 21952 13683 14682 5845 9987 26357 851 7013 1975 2067 1674 1183 3670 16264 1320 929 4373 5365 1826 9968 366 47952 19841 2474 18234 2019 148439 18000 10598 3023 44734 8517 2309 1417 14294 14378 488 529 1395 18955 1223 743 4307 4170 2580 18305 316 1998 91 133 84 34 35 948 13717 109 632 6423 160 6833 205 974
internal_value=0 3.78979 3.72056 3.69239 4.1081 4.10919 3.66601 4.11576 3.64194 3.18944 3.45507 3.40824 4.10688 4.27254 3.84117 3.0567 2.99388 4.13087 4.31689 2.92402 3.37827 2.8715 3.70483 3.33833 3.68472 3.68061 4.3565 3.66656 3.60317 4.40191 3.45736 4.37311 3.28678 3.58011 3.54661 3.61171 3.91181 3.82912 4.19196 4.00631 3.25729 4.1269 4.44645 3.73885 3.64843 3.84812 3.29171 3.7757 3.82618 3.64757 4.55714 5.09485 4.2039 6.03073 2.84222 2.8158 4.663 4.5859 4.87606 4.93329 3.79268 3.94539 4.39947
internal_weight=0 577410 474258 442210 103152 32048 415747 21117 394630 22591 99368 92928 26463 63830 39322 20616 19296 6440 57985 17786 90622 16857 295262 75654 240272 237798 52620 211441 63002 11781 22864 50601 52790 14968 44768 26768 33797 18024 1760 15773 45777 4893 1231 12474 8167 3997 37260 5000 4684 2686 377 244 125 119 16491 15543 10096 2306 7434 6583 54990 7038 45708
internal_count=600001 577410 474258 442210 103152 32048 415747 21117 394630 22591 99368 92928 26463 63830 39322 20616 19296 6440 57985 17786 90622 16857 295262 75654 240272 237798 52620 211441 63002 11781 22864 50601 52790 14968 44768 26768 33797 18024 1760 15773 45777 4893 1231 12474 8167 3997 37260 5000 4684 2686 377 244 125 119 16491 15543 10096 2306 7434 6583 54990 7038 45708
is_linear=0
shrinkage=0.005


Tree=77
num_leaves=64
num_cat=0
split_feature=1 1 37 27 1 1 3 1 1 27 3 9 1 3 3 3 37 3 27 3 1 9 3 9 1 1 1 3 3 37 37 1 1 1 1 0 1 35 17 3 26 3 1 3 9 3 3 1 13 1 1 1 39 32 37 39 2 0 26 0 17 27 6
split_gain=3.103e+08 5.03921e+08 2.0558e+08 1.91505e+08 1.793e+08 1.79017e+08 1.78205e+08 2.62639e+08 1.83687e+08 1.64548e+08 1.23321e+08 1.31227e+08 7.3194e+07 4.93286e+07 4.75307e+07 4.70973e+07 4.39239e+07 3.89055e+07 3.53352e+07 3.52473e+07 3.04586e+07 2.57891e+07 2.00552e+07 1.54789e+07 1.46314e+07 2.38422e+07 1.44116e+07 1.4127e+07 1.41158e+07 1.30044e+07 1.05621e+07 1.05215e+07 1.02181e+07 9.78961e+06 9.53234e+06 9.43376e+06 9.3854e+06 9.37312e+06 8.60031e+06 8.28826e+06 8.27919e+06 8.31896e+06 8.09369e+06 7.99217e+06 7.98036e+06 7.75354e+06 7.6831e+06 7.6057e+06 7.53662e+06 7.99194e+06 7.53184e+06 8.95961e+06 8.0155e+06 7.51874e+06 7.51158e+06 7.53618e+06 9.22242e+06 7.65522e+06 9.05373e+06 9.76474e+06 7.50812e+06 7.48826e+06 8.34079e+06
threshold=1.0000000180025095e-35 5090.5000000000009 2019.5000000000002 1.0000000180025095e-35 1510.5000000000002 52861.000000000007 1.0000000180025095e-35 46670.500000000007 46670.500000000007 1.0000000180025095e-35 49.086193642899197 1.0000000180025095e-35 46215.500000000007 1.0000000180025095e-35 3.641052719675467 49.58469035707116 2019.5000000000002 50.849742826575884 1.0000000180025095e-35 1.0000000180025095e-35 88202.000000000015 1.0000000180025095e-35 36.977372812612337 1.0000000180025095e-35 15184.500000000002 5991.5000000000009 4975.5000000000009 34.979870140845065 1.0000000180025095e-35 2019.5000000000002 2023.5000000000002 440.50000000000006 114592.50000000001 53792.500000000007 40975.000000000007 45.500000000000007 93050.000000000015 1.0000000180025095e-35 1.0000000180025095e-35 9.5748938426300949 1.0000000180025095e-35 34.24920207713182 40975.000000000007 31.935436495857811 1.0000000180025095e-35 47.052345781429288 39.238479264830517 49397.000000000007 1.0000000180025095e-35 77396.000000000015 17095.500000000004 5991.5000000000009 30.500000000000004 1.0000000180025095e-35 2022.5000000000002 19.500000000000004 3.5000000000000004 37.500000000000007 1.0000000180025095e-35 27.500000000000004 1.0000000180025095e-35 1.0000000180025095e-35 1.0000000180025095e-35
decision_type=2 2 2 2 2 2 2 2 2 2 2 2 2 2 2 2 2 2 2 2 2 2 2 2 2 2 2 2 2 2 2 2 2 2 2 2 2 2 2 2 2 2 2 2 2 2 2 2 2 2 2 2 2 2 2 2 2 2 2 2 2 2 2
left_child=9 4 5 6 14 -3 7 -4 22 15 11 20 -5 -6 -2 16 -1 54 26 53 27 60 23 24 25 -8 29 33 -14 38 32 44 36 -10 39 -29 -22 43 -15 -26 41 -33 50 -32 -16 -13 47 -37 -49 -50 51 -24 -52 -18 -12 56 -56 58 59 -57 -21 62 -7
right_child=1 2 3 12 13 61 8 -9 10 -11 17 45 28 18 31 -17 19 -19 -20 21 30 -23 42 -25 34 -27 -28 35 -30 -31 37 40 -34 -35 -36 46 -38 -39 -40 -41 -42 -43 -44 -45 -46 -47 -48 48 49 -51 52 -53 -54 -55 55 57 -58 -59 -60 -61 -62 -63 -64
leaf_value=3.797632185622803 3.3920242130322427 3.8352178322889454 3.6841663302352017 3.8507963840221131 3.813381135646047 4.786969110883553 3.8165129996293365 4.8516846446154345 3.1099067649381453 4.5521851864590301 4.4587322412870227 4.5307536505103547 3.8618782531106666 3.9852514786109614 3.6396210989053337 3.9551332368977143 3.5861001184718373 3.8410866678358331 3.9087575225903404 2.8969662056917365 3.5611687929752311 4.1698943945798064 3.9879516503562678 4.0571253493645019 3.8090091481711368 3.5621140581714354 3.9204710584421334 3.5536252528264756 4.437728166734443 4.3774746858574858 3.388290578616532 3.8129161436395407 3.549069104088121 3.2876396597063993 3.5967746608054036 4.6309963925818467 3.2797012414886981 4.0564085442702122 4.4693887416442104 3.689183708772485 4.0523304721718389 4.0478051055312134 3.5929170338998762 3.9782369185371222 5.5392836400440766 6.4659025321816506 3.1042348036546463 3.6361507389377339 2.5340386919374112 4.286171441048384 3.8566285059838381 3.6811671269000419 3.2376458606196614 4.6029359997376318 5.8634303861156232 4.8527647187258749 4.0000072985887529 3.7347356577613686 3.6762740555676552 8.6570497032903866 2.6629432536848698 4.1992827051340109 4.4666546897197597
leaf_weight=1510 5525 21952 13683 14682 5845 6189 10890 7434 9943 1975 1327 2216 1183 3670 4332 1320 681 4342 5365 11632 4081 366 2731 2502 16275 59697 2019 7311 10598 45708 2066 15383 12928 35090 24892 143 10798 1360 1223 127390 9033 4993 5700 795 56 53 2844 1163 349 80 27917 18513 533 248 349 37 82 158 44 31 4859 881 3026
leaf_count=1510 5525 21952 13683 14682 5845 6189 10890 7434 9943 1975 1327 2216 1183 3670 4332 1320 681 4342 5365 11632 4081 366 2731 2502 16275 59697 2019 7311 10598 45708 2066 15383 12928 35090 24892 143 10798 1360 1223 127390 9033 4993 5700 795 56 53 2844 1163 349 80 27917 18513 533 248 349 37 82 158 44 31 4859 881 3026
internal_value=0 3.77084 3.70195 3.67393 4.08756 4.08865 3.64768 4.09518 3.62373 3.17349 3.43553 3.38856 4.08635 4.25118 3.82197 3.04141 2.97891 4.10814 4.29531 2.9094 3.35827 2.85715 3.68556 3.66589 3.6618 3.60136 4.33472 3.28887 4.3799 4.35125 3.48162 3.89225 3.44624 3.2484 3.68711 3.44217 3.3569 3.71467 4.10626 3.70276 3.92633 3.87047 3.77137 3.55222 3.66386 4.57596 3.2642 3.52643 3.42721 2.86078 3.79184 3.72061 3.84503 3.85755 4.6799 5.09858 5.5089 4.44357 5.44354 6.58707 2.82801 4.63968 4.68179
internal_weight=0 577410 474258 442210 103152 32048 415747 21117 394630 22591 97590 91220 26463 63830 39322 20616 19296 6370 57985 17786 88951 16857 297040 241646 239144 70587 52620 56923 11781 50601 32028 33797 27807 45033 168557 11890 14879 4221 4893 143665 29409 20376 55394 2861 4388 2269 4579 1735 1592 429 49694 21244 28450 929 2028 701 431 270 112 68 16491 10096 9215
internal_count=600001 577410 474258 442210 103152 32048 415747 21117 394630 22591 97590 91220 26463 63830 39322 20616 19296 6370 57985 17786 88951 16857 297040 241646 239144 70587 52620 56923 11781 50601 32028 33797 27807 45033 168557 11890 14879 4221 4893 143665 29409 20376 55394 2861 4388 2269 4579 1735 1592 429 49694 21244 28450 929 2028 701 431 270 112 68 16491 10096 9215
is_linear=0
shrinkage=0.005


Tree=78
num_leaves=64
num_cat=0
split_feature=1 1 37 27 1 1 3 1 1 27 3 9 1 3 3 3 37 3 27 3 1 9 3 9 3 1 1 1 3 37 17 3 1 1 3 33 39 1 3 3 26 37 3 17 3 1 3 17 0 13 38 1 1 1 3 0 3 3 3 25 28 39 3
split_gain=3.07205e+08 4.98894e+08 2.03529e+08 1.89594e+08 1.77512e+08 1.77231e+08 1.76427e+08 2.60019e+08 1.81855e+08 1.62907e+08 1.22091e+08 1.29918e+08 7.24639e+07 4.88365e+07 4.70566e+07 4.66275e+07 4.34857e+07 3.85174e+07 3.49828e+07 3.48957e+07 3.01639e+07 2.55319e+07 1.98552e+07 1.53245e+07 1.45166e+07 1.42678e+07 1.40215e+07 1.94659e+07 1.3975e+07 1.28747e+07 1.15504e+07 1.11949e+07 1.11757e+07 1.49529e+07 1.04783e+07 1.0571e+07 1.32048e+07 1.04223e+07 1.0142e+07 1.05076e+07 9.39166e+06 8.64694e+06 8.56314e+06 8.51453e+06 8.34735e+06 8.34655e+06 8.06163e+06 7.74844e+06 7.74576e+06 7.71973e+06 8.22688e+06 7.65772e+06 1.23614e+07 7.71778e+06 7.59008e+06 7.66363e+06 7.55618e+06 1.03095e+07 7.52094e+06 8.21817e+06 8.39163e+06 7.48328e+06 7.91587e+06
threshold=1.0000000180025095e-35 5090.5000000000009 2019.5000000000002 1.0000000180025095e-35 1510.5000000000002 52861.000000000007 1.0000000180025095e-35 46670.500000000007 46670.500000000007 1.0000000180025095e-35 49.086193642899197 1.0000000180025095e-35 46215.500000000007 1.0000000180025095e-35 3.641052719675467 49.58469035707116 2019.5000000000002 50.849742826575884 1.0000000180025095e-35 1.0000000180025095e-35 79842.500000000015 1.0000000180025095e-35 36.977372812612337 1.0000000180025095e-35 9.5748938426300949 4975.5000000000009 15184.500000000002 6971.5000000000009 1.0000000180025095e-35 2019.5000000000002 1.0000000180025095e-35 30.958491610009386 9904.5000000000018 12053.500000000002 19.490564829142787 1.0000000180025095e-35 24.500000000000004 928.50000000000011 42.845288989930189 49.58469035707116 1.0000000180025095e-35 2023.5000000000002 30.958491610009386 1.0000000180025095e-35 18.00213777698308 55741.000000000007 48.723139267295252 1.0000000180025095e-35 36.500000000000007 1.0000000180025095e-35 1.5000000000000002 11353.500000000002 10199.000000000002 10049.500000000002 47.880588994942194 28.500000000000004 27.146896532695873 23.726451398639828 11.699842995178455 1.0000000180025095e-35 1.0000000180025095e-35 15.500000000000002 29.232596759212608
decision_type=2 2 2 2 2 2 2 2 2 2 2 2 2 2 2 2 2 2 2 2 2 2 2 2 2 2 2 2 2 2 2 2 2 2 2 2 2 2 2 2 2 2 2 2 2 2 2 2 2 2 2 2 2 2 2 2 2 2 2 2 2 2 2
left_child=9 4 5 6 14 -3 7 -4 22 15 11 20 -5 -6 -2 16 61 -12 25 -18 30 -21 23 24 -8 29 27 -26 -14 43 42 34 -29 51 35 36 -22 38 -16 48 -39 -33 -10 -15 -38 -32 -24 -13 -40 -43 -51 52 53 -34 55 -42 57 -28 59 -47 -61 -1 -63
right_child=1 2 3 12 13 -7 8 -9 10 -11 17 47 28 18 37 -17 19 -19 -20 21 31 -23 46 -25 26 -27 56 32 -30 -31 45 41 33 -35 -36 -37 44 40 39 -41 54 49 -44 -45 -46 58 -48 -49 -50 50 -52 -53 -54 -55 -56 -57 -58 -59 -60 60 -62 62 -64
leaf_value=3.396969885123486 3.375064049678461 3.8160417514584628 3.6657455447346989 3.8315424096110959 3.7943141310306778 4.6164823123961485 3.753732244771403 4.8274262340818446 3.253755032763221 4.5294242905515665 4.6565021707688476 4.7326351898606429 3.8425689144569843 3.9653252139779704 3.7516384551924893 3.9353575506553509 3.838260559537884 3.8218811890621551 3.8892137096177057 2.813872322625854 3.3079794175839545 4.149044979286324 3.7278194335335213 4.0368397272118539 3.7048649559701339 3.9008686619196982 3.6574067318641887 3.4147249503295165 4.4155395063294467 4.355587333921707 2.9623671497908854 3.5130348797695405 3.5146049348617745 3.4654488841342301 3.2844564188412542 3.6972312469035575 3.8461832915355378 3.8860556129569983 3.9150698994442088 3.5618635927509725 3.8322080446714826 4.0995199835707714 3.4269690934569845 4.4470418875771083 2.883875884521665 3.2921073902009699 3.899845030751151 4.077618265615782 4.7258942651010623 5.072928714226868 3.0689205347980879 3.8729394241827726 3.421936151271717 3.9738965125753896 3.252729412003287 4.3108881312049823 3.7086333592506215 3.5330469154254538 3.1645389634680838 3.435680454354308 4.8167046238664053 3.757906326938155 4.8055041476164613
leaf_weight=694 5525 21952 13683 14682 5845 10096 26546 7434 23475 1975 2028 1647 1183 3670 16264 1320 929 4342 5365 16491 8682 366 47442 2502 18234 2019 81731 18000 10598 45708 4642 11029 1417 14294 13465 3987 1998 10981 488 529 1102 1244 10251 1223 254 878 7952 622 743 59 388 4307 4170 2580 224 3466 46931 20934 8159 219 221 547 269
leaf_count=694 5525 21952 13683 14682 5845 10096 26546 7434 23475 1975 2028 1647 1183 3670 16264 1320 929 4342 5365 16491 8682 366 47442 2502 18234 2019 81731 18000 10598 45708 4642 11029 1417 14294 13465 3987 1998 10981 488 529 1102 1244 10251 1223 254 878 7952 622 743 59 388 4307 4170 2580 224 3466 46931 20934 8159 219 221 547 269
internal_value=0 3.75199 3.68344 3.65556 4.06712 4.0682 3.62944 4.0747 3.60561 3.15762 3.41835 3.37162 4.06592 4.22992 3.80286 3.02621 2.96401 4.0876 4.27383 2.89485 3.34148 2.84286 3.66713 3.64756 3.64349 4.31305 3.62972 3.56715 4.358 4.32949 3.25614 3.44082 3.51106 3.57584 3.38558 3.47684 3.39647 3.87279 3.79066 4.1512 3.96665 3.56408 3.3064 4.08573 3.73765 3.13607 3.75251 4.55308 4.40446 3.89701 3.33343 3.70235 3.61238 3.81107 4.15134 4.19541 3.65607 3.63205 3.22115 3.57161 4.12933 3.77864 4.10325
internal_weight=0 577410 474258 442210 103152 32048 415747 21117 394630 22591 97590 91220 26463 63830 39322 20616 19296 6370 57985 17786 88951 16857 297040 241646 239144 52620 212598 63002 11781 50601 47845 41106 44768 26768 28386 14921 10934 33797 18024 1760 15773 12720 33726 4893 2252 14119 55394 2269 1231 1691 447 12474 8167 3997 4792 4568 149596 102665 9477 1318 440 1510 816
internal_count=600001 577410 474258 442210 103152 32048 415747 21117 394630 22591 97590 91220 26463 63830 39322 20616 19296 6370 57985 17786 88951 16857 297040 241646 239144 52620 212598 63002 11781 50601 47845 41106 44768 26768 28386 14921 10934 33797 18024 1760 15773 12720 33726 4893 2252 14119 55394 2269 1231 1691 447 12474 8167 3997 4792 4568 149596 102665 9477 1318 440 1510 816
is_linear=0
shrinkage=0.005


Tree=79
num_leaves=64
num_cat=0
split_feature=1 1 37 27 1 1 3 1 1 27 3 9 1 3 3 3 37 3 27 3 1 9 3 3 3 1 1 1 3 37 37 3 24 1 1 1 1 17 27 1 1 9 3 0 3 3 1 38 0 0 3 2 2 31 32 3 3 3 1 37 0 37 17
split_gain=3.04141e+08 4.93918e+08 2.01499e+08 1.87703e+08 1.75741e+08 1.75464e+08 1.74668e+08 2.57425e+08 1.8005e+08 1.61282e+08 1.22103e+08 1.27294e+08 7.17411e+07 4.83494e+07 4.65872e+07 4.61624e+07 4.3052e+07 3.78114e+07 3.46338e+07 3.45476e+07 2.84924e+07 2.52772e+07 2.02476e+07 1.81181e+07 1.51676e+07 1.41255e+07 1.40404e+07 2.00317e+07 1.38356e+07 1.35398e+07 1.27463e+07 1.18136e+07 1.13748e+07 1.03812e+07 1.01178e+07 1.53257e+07 9.27821e+06 8.42959e+06 8.24519e+06 8.21426e+06 1.90683e+07 7.89984e+06 7.63182e+06 7.57761e+06 7.56528e+06 8.02879e+06 7.52899e+06 7.53521e+06 7.4808e+06 7.95748e+06 1.43432e+07 7.92168e+06 8.05595e+06 1.11414e+07 7.99204e+06 7.4742e+06 8.88996e+06 7.47348e+06 7.45748e+06 8.01727e+06 7.5555e+06 8.68749e+06 7.49481e+06
threshold=1.0000000180025095e-35 5090.5000000000009 2019.5000000000002 1.0000000180025095e-35 1510.5000000000002 52861.000000000007 1.0000000180025095e-35 46670.500000000007 46215.500000000007 1.0000000180025095e-35 49.086193642899197 1.0000000180025095e-35 46215.500000000007 1.0000000180025095e-35 3.641052719675467 49.58469035707116 2019.5000000000002 50.849742826575884 1.0000000180025095e-35 1.0000000180025095e-35 114592.50000000001 1.0000000180025095e-35 36.977372812612337 31.087322931897432 8.7922112358916067 4975.5000000000009 14955.000000000002 6971.5000000000009 1.0000000180025095e-35 2023.5000000000002 2019.5000000000002 9.5748938426300949 1.0000000180025095e-35 440.50000000000006 9904.5000000000018 12053.500000000002 53792.500000000007 1.0000000180025095e-35 1.0000000180025095e-35 6792.5000000000009 5991.5000000000009 1.0000000180025095e-35 49.58469035707116 41.500000000000007 32.959592599707712 15.775500275987469 40975.000000000007 10.500000000000002 61.500000000000007 42.500000000000007 38.636177304899796 2.5000000000000004 1.0000000180025095e-35 1.0000000180025095e-35 1.0000000180025095e-35 43.955623248403974 10.514780309671918 51.827496266194082 54757.500000000007 2023.5000000000002 46.500000000000007 2021.5000000000002 1.0000000180025095e-35
decision_type=2 2 2 2 2 2 2 2 2 2 2 2 2 2 2 2 2 2 2 2 2 2 2 2 2 2 2 2 2 2 2 2 2 2 2 2 2 2 2 2 2 2 2 2 2 2 2 2 2 2 2 2 2 2 2 2 2 2 2 2 2 2 2
left_child=9 4 5 6 14 -3 7 -4 22 15 11 20 -5 -6 -2 16 -1 -12 25 -18 23 55 24 31 -8 30 27 39 -14 -25 37 -10 -22 41 -29 -36 -33 -15 42 40 -26 -16 44 -38 45 -35 47 -28 49 50 -34 52 53 -52 -54 56 -21 -7 62 60 61 -60 -9
right_child=1 2 3 12 13 57 8 58 10 -11 17 -13 28 18 33 -17 19 -19 -20 21 32 -23 -24 29 26 -27 46 34 -30 -31 -32 36 48 38 35 -37 43 -39 -40 -41 -42 -43 -44 -45 -46 -47 -48 -49 -50 -51 51 -53 54 -55 -56 -57 -58 -59 59 -61 -62 -63 -64
leaf_value=3.7597508093873966 3.3581887634458685 3.7969615006527619 3.6474168307467756 3.8123846945931081 3.7753426139772808 4.6076118363287399 3.7547792043228383 4.6475472666883775 3.4285652863284164 4.5067770932835494 4.6265378002697686 4.5174242529578041 3.8233561025427645 3.9454985944821477 3.6024458255699434 3.9156807165288114 3.8190692473304795 3.805876217578795 3.8697676125328018 3.1012562249351152 3.4295245585097693 4.1282996380459416 3.7360898436685273 3.3584690998403768 3.7570522450546009 3.8813642810084712 3.6723008396450694 3.4076875001447817 4.3934618247417436 3.7176821563062989 4.3338094090706729 3.0593035998188851 3.4466126861652033 4.0223515153596932 3.683098503853516 3.4409442379789246 3.3122943915751537 4.424806600605379 3.6140406812127628 3.881627065372248 3.3670770473129679 5.4925002234322688 3.4455653693377268 3.1696644055215382 4.0754546154782894 3.807144637479472 3.5563896699756539 3.5648954168218991 2.9771595703008806 4.0109433356141508 3.2347071446429245 3.5167911202566966 5.1283212727308278 6.5892651165232943 7.9721189049312047 3.2308176176177676 2.7298856474705788 3.2912501142659316 5.0346733440835987 4.4420010869327138 5.1756358198702541 4.5409302075803453 3.5895070188743059
leaf_weight=1510 5525 21952 13683 14682 5845 9987 22027 622 7013 1975 2067 2306 1183 3670 4332 1320 929 4373 5365 1826 9968 366 54990 19841 9937 2019 113933 18574 10598 3023 45708 8517 2309 6498 12886 13255 18955 1223 2524 4355 4579 56 846 18305 6528 13013 21664 19062 316 1998 91 133 84 34 35 948 13717 109 1829 976 2041 1737 229
leaf_count=1510 5525 21952 13683 14682 5845 9987 22027 622 7013 1975 2067 2306 1183 3670 4332 1320 929 4373 5365 1826 9968 366 54990 19841 9937 2019 113933 18574 10598 3023 45708 8517 2309 6498 12886 13255 18955 1223 2524 4355 4579 56 846 18305 6528 13013 21664 19062 316 1998 91 133 84 34 35 948 13717 109 1829 976 2041 1737 229
internal_value=0 3.73323 3.66503 3.63728 4.04679 4.04786 3.61129 4.05433 3.58758 3.14184 3.40348 3.35734 4.04559 4.20877 3.78384 3.01108 2.94919 4.06928 4.25246 2.88038 3.32782 2.82865 3.64954 3.28839 3.62973 4.29148 3.61711 3.55457 4.33621 3.40596 4.30785 3.23747 3.52715 3.85343 3.49691 3.56031 3.20819 4.0653 3.88728 3.69117 3.63404 3.62657 3.91293 3.24222 3.92811 3.87882 3.64283 3.65691 3.72176 3.77199 3.59425 4.49849 5.03359 4.14715 5.96473 2.7998 2.77351 4.5934 4.80329 4.86023 4.93303 4.79417 4.36283
internal_weight=0 577410 474258 442210 103152 32048 415747 21117 394630 22591 99368 92928 26463 63830 39322 20616 19296 6440 57985 17786 90622 16857 295262 75654 240272 52620 218245 63586 11781 22864 50601 52790 14968 33797 44715 26141 45777 4893 29409 18871 14516 4388 26885 37260 26039 19511 154659 132995 5000 4684 2686 377 244 125 119 16491 15543 10096 7434 6583 5607 3566 851
internal_count=600001 577410 474258 442210 103152 32048 415747 21117 394630 22591 99368 92928 26463 63830 39322 20616 19296 6440 57985 17786 90622 16857 295262 75654 240272 52620 218245 63586 11781 22864 50601 52790 14968 33797 44715 26141 45777 4893 29409 18871 14516 4388 26885 37260 26039 19511 154659 132995 5000 4684 2686 377 244 125 119 16491 15543 10096 7434 6583 5607 3566 851
is_linear=0
shrinkage=0.005


Tree=80
num_leaves=64
num_cat=0
split_feature=1 1 37 27 1 1 3 1 1 27 3 9 1 3 3 3 37 3 27 3 1 9 3 9 3 1 3 1 1 3 37 25 1 3 3 39 3 36 2 37 30 1 0 0 0 27 17 1 31 1 0 3 3 3 1 1 2 38 1 3 3 1 1
split_gain=3.01107e+08 4.88991e+08 1.99489e+08 1.85831e+08 1.73988e+08 1.73713e+08 1.72925e+08 2.54858e+08 1.78287e+08 1.59673e+08 1.19675e+08 1.27358e+08 7.10255e+07 4.78671e+07 4.61225e+07 4.5702e+07 4.26225e+07 3.77573e+07 3.42884e+07 3.4203e+07 2.97121e+07 2.5025e+07 1.9455e+07 1.51625e+07 1.42388e+07 1.39846e+07 1.37964e+07 1.37532e+07 1.91274e+07 1.36976e+07 1.26191e+07 1.04889e+07 1.02801e+07 1.00477e+07 1.03484e+07 9.92537e+06 1.23688e+07 1.19794e+07 9.9018e+06 9.59558e+06 1.10603e+07 9.56057e+06 9.53347e+06 1.31445e+07 9.33824e+06 9.29341e+06 8.34551e+06 8.00876e+06 7.9913e+06 7.87609e+06 1.12125e+07 1.52639e+07 9.83619e+06 7.84784e+06 1.01461e+07 7.79267e+06 7.78024e+06 1.15914e+07 1.06583e+07 7.74044e+06 7.74766e+06 1.0946e+07 7.70689e+06
threshold=1.0000000180025095e-35 5090.5000000000009 2019.5000000000002 1.0000000180025095e-35 1510.5000000000002 52861.000000000007 1.0000000180025095e-35 46670.500000000007 46670.500000000007 1.0000000180025095e-35 49.086193642899197 1.0000000180025095e-35 46215.500000000007 1.0000000180025095e-35 3.641052719675467 49.58469035707116 2019.5000000000002 50.849742826575884 1.0000000180025095e-35 1.0000000180025095e-35 88202.000000000015 1.0000000180025095e-35 36.977372812612337 1.0000000180025095e-35 9.5748938426300949 4975.5000000000009 34.979870140845065 15184.500000000002 5991.5000000000009 1.0000000180025095e-35 2019.5000000000002 1.0000000180025095e-35 928.50000000000011 42.845288989930189 49.58469035707116 17.500000000000004 30.958491610009386 1.0000000180025095e-35 1.5000000000000002 2023.5000000000002 1.0000000180025095e-35 53792.500000000007 41.500000000000007 33.500000000000007 51.500000000000007 1.0000000180025095e-35 1.0000000180025095e-35 40975.000000000007 1.0000000180025095e-35 117790.50000000001 28.500000000000004 29.984256972886694 23.566762709339873 33.123583102014415 114592.50000000001 79842.500000000015 1.5000000000000002 3.5000000000000004 137048.50000000003 43.742172731644068 42.845288989930189 52861.000000000007 605.50000000000011
decision_type=2 2 2 2 2 2 2 2 2 2 2 2 2 2 2 2 2 2 2 2 2 2 2 2 2 2 2 2 2 2 2 2 2 2 2 2 2 2 2 2 2 2 2 2 2 2 2 2 2 2 2 2 2 2 2 2 2 2 2 2 2 2 2
left_child=9 4 5 6 14 -3 7 -4 22 15 11 20 -5 -6 -2 16 -1 -12 25 -18 26 -21 23 24 -8 30 41 28 -26 -14 46 35 33 -16 62 36 -22 -37 -39 56 42 -10 43 48 55 -34 -15 -24 -41 52 51 -51 -40 -44 -55 -28 57 58 -38 60 -46 -62 -35
right_child=1 2 3 12 13 -7 8 -9 10 -11 17 -13 29 18 32 -17 19 -19 -20 21 31 -23 47 -25 27 -27 44 -29 -30 -31 -32 -33 45 34 -36 37 39 38 49 40 -42 -43 53 -45 59 -47 -48 -49 -50 50 -52 -53 -54 54 -56 -57 -58 -59 -60 -61 61 -63 -64
leaf_value=3.7409520723442764 3.3413978260436612 3.7779767732831604 3.6291796589330483 3.7933227505803946 3.7564659475533753 4.570432953980001 3.7163198610497692 4.779272648598563 3.0627202220530241 4.4842432787352724 4.6100869375787479 4.5077232427544374 3.8042392506885609 3.9257711388575935 3.7137514470156878 3.8961023340324563 3.799973868325401 3.7837424053960422 3.8504188490644142 2.7858039878887797 3.29020832936278 4.1076582597888232 3.7354383424945645 3.9984020593022103 3.7370493727981868 3.8619574891062154 3.4091806929887056 3.6196012651568741 3.4946024884981091 4.3714945430033421 4.3121403681062178 3.301156103462477 3.9651835245928138 4.7805614214613268 3.5265968111377135 3.7412988499495494 2.6957217439698873 3.6698013826773326 3.319684790645582 5.8068321428922092 3.0569798181519126 3.2383616574191638 7.7659253646388198 2.3640925503541261 3.2309223821408253 3.5377404671492969 4.4026825744610578 3.537561728460564 3.087846189920719 3.5541507046563283 3.1724996348524512 6.8056746382063089 2.3238856733429434 6.3335102342914888 3.6476987344471379 3.8125817550410774 3.3102724831148431 4.057259343018873 5.2014085090403661 2.7920158599324596 2.0731044743277809 4.9029288553802024 3.9881427918982983
leaf_weight=1510 5525 21952 13683 14682 5845 10096 26546 7434 9943 1975 2028 2269 1183 3670 16264 1320 929 4342 5365 16491 8267 366 49694 2502 9597 2019 7300 149596 53405 10598 45708 10584 14378 582 529 6275 317 1437 492 88 138 35090 33 78 1970 1395 1223 5700 39 105 565 55 500 74 67 1432 1755 1110 49 991 44 153 649
leaf_count=1510 5525 21952 13683 14682 5845 10096 26546 7434 9943 1975 2028 2269 1183 3670 16264 1320 929 4342 5365 16491 8267 366 49694 2502 9597 2019 7300 149596 53405 10598 45708 10584 14378 582 529 6275 317 1437 492 88 138 35090 33 78 1970 1395 1223 5700 39 105 565 55 500 74 67 1432 1755 1110 49 991 44 153 649
internal_value=0 3.71456 3.6467 3.61909 4.02655 4.02762 3.59323 4.03406 3.56965 3.12613 3.38423 3.33796 4.02536 4.18773 3.76493 2.99602 2.93445 4.04682 4.2312 2.86598 3.30812 2.8145 3.63056 3.61119 3.60714 4.27002 3.23958 3.5935 3.53153 4.31453 4.28631 3.42995 3.83416 3.75259 4.11146 3.49352 3.39823 3.61495 3.36357 3.63648 4.26894 3.19958 4.71023 3.97964 3.39107 3.92738 4.04497 3.71508 4.97187 3.10727 3.50339 4.67186 2.81777 5.57098 5.05727 3.47534 3.53528 3.80283 3.03118 3.15807 3.32546 4.27089 4.36279
internal_weight=0 577410 474258 442210 103152 32048 415747 21117 394630 22591 97590 91220 26463 63830 39322 20616 19296 6370 57985 17786 88951 16857 297040 241646 239144 52620 56923 212598 63002 11781 50601 32028 33797 18024 1760 21444 12015 9429 3154 3748 517 45033 379 205 11890 15773 4893 55394 127 1717 725 160 992 174 141 8732 3231 1476 366 3158 2167 197 1231
internal_count=600001 577410 474258 442210 103152 32048 415747 21117 394630 22591 97590 91220 26463 63830 39322 20616 19296 6370 57985 17786 88951 16857 297040 241646 239144 52620 56923 212598 63002 11781 50601 32028 33797 18024 1760 21444 12015 9429 3154 3748 517 45033 379 205 11890 15773 4893 55394 127 1717 725 160 992 174 141 8732 3231 1476 366 3158 2167 197 1231
is_linear=0
shrinkage=0.005


Tree=81
num_leaves=64
num_cat=0
split_feature=1 1 37 27 1 1 3 1 1 27 3 9 1 3 3 3 37 3 27 3 1 3 9 9 3 1 3 1 1 3 37 1 1 25 1 39 3 36 2 37 30 1 0 0 0 3 17 26 3 3 31 9 1 0 3 3 3 1 2 38 1 3 0
split_gain=2.98103e+08 4.84113e+08 1.97499e+08 1.83977e+08 1.72252e+08 1.71981e+08 1.712e+08 2.52315e+08 1.76508e+08 1.5808e+08 1.18482e+08 1.26088e+08 7.0317e+07 4.73896e+07 4.56624e+07 4.52461e+07 4.21974e+07 3.73806e+07 3.39463e+07 3.3938e+07 2.94158e+07 1.92609e+07 1.90389e+07 1.50113e+07 1.40968e+07 1.38451e+07 1.36588e+07 1.3616e+07 1.89564e+07 1.35609e+07 1.24933e+07 1.09559e+07 1.46653e+07 1.03843e+07 1.0256e+07 9.82636e+06 1.22454e+07 1.18599e+07 9.80303e+06 9.49987e+06 1.09499e+07 9.4652e+06 9.43838e+06 1.30134e+07 9.26705e+06 8.45522e+06 8.26226e+06 8.10113e+06 8.16071e+06 7.97851e+06 7.91159e+06 7.82038e+06 7.79753e+06 1.11007e+07 1.51117e+07 9.73807e+06 7.76956e+06 1.00449e+07 7.70263e+06 1.14758e+07 1.0552e+07 7.67744e+06 7.61849e+06
threshold=1.0000000180025095e-35 5090.5000000000009 2019.5000000000002 1.0000000180025095e-35 1510.5000000000002 52861.000000000007 1.0000000180025095e-35 46670.500000000007 46670.500000000007 1.0000000180025095e-35 49.086193642899197 1.0000000180025095e-35 46215.500000000007 1.0000000180025095e-35 3.641052719675467 49.58469035707116 2019.5000000000002 50.849742826575884 1.0000000180025095e-35 8.7922112358916067 88202.000000000015 36.977372812612337 1.0000000180025095e-35 1.0000000180025095e-35 9.5748938426300949 4975.5000000000009 34.979870140845065 15184.500000000002 6971.5000000000009 1.0000000180025095e-35 2019.5000000000002 9904.5000000000018 12053.500000000002 1.0000000180025095e-35 440.50000000000006 17.500000000000004 30.958491610009386 1.0000000180025095e-35 1.5000000000000002 2023.5000000000002 1.0000000180025095e-35 53792.500000000007 41.500000000000007 33.500000000000007 45.500000000000007 43.080037527664238 1.0000000180025095e-35 1.0000000180025095e-35 34.24920207713182 48.723139267295252 1.0000000180025095e-35 1.0000000180025095e-35 117790.50000000001 28.500000000000004 29.984256972886694 23.566762709339873 33.123583102014415 114592.50000000001 1.5000000000000002 3.5000000000000004 137048.50000000003 47.052345781429288 57.500000000000007
decision_type=2 2 2 2 2 2 2 2 2 2 2 2 2 2 2 2 2 2 2 2 2 2 2 2 2 2 2 2 2 2 2 2 2 2 2 2 2 2 2 2 2 2 2 2 2 2 2 2 2 2 2 2 2 2 2 2 2 2 2 2 2 2 2
left_child=9 4 5 6 14 -3 7 -4 21 15 11 20 -5 -6 -2 16 -1 -12 25 -18 26 23 45 24 -8 30 41 28 -26 -14 46 -30 -33 35 51 36 -22 -37 62 58 42 -10 43 50 -28 -21 -15 48 -36 -23 -41 -16 55 54 -54 -40 -44 -58 59 60 -38 -13 -39
right_child=1 2 3 12 13 -7 8 -9 10 -11 17 61 29 18 34 -17 19 -19 -20 22 33 49 -24 -25 27 -27 44 -29 31 -31 -32 32 -34 -35 47 37 39 38 52 40 -42 -43 56 -45 -46 -47 -48 -49 -50 -51 -52 -53 53 -55 -56 -57 57 -59 -60 -61 -62 -63 -64
leaf_value=3.722247303056796 3.3246908588841761 3.7590868026374178 3.6110338327406897 3.77435614041705 3.7376836022849362 4.547580769395414 3.6977382934821241 4.7553762915012081 3.0474066322667004 4.4618219374249257 4.5870364869011224 4.4402050813276741 3.7852180460722691 3.906142246094078 3.5655016974534148 3.87662182612672 3.4395622691698633 3.7648237425468452 3.8311666832666806 2.7114678494908127 3.2737572909738741 3.6719343906709354 3.9514457970527475 3.9784100692125439 3.6497744988655376 3.8426476481022362 3.4845838546095154 3.6015032524107231 3.3631399130914525 4.3496370221006861 4.2905796937808995 3.6479463812053301 3.4133378123041447 3.2846503350758423 3.7363743301102064 3.7225923528532654 2.6822432090393749 3.4970782815881551 3.3030863608322978 5.7777979421344678 3.0416949230043788 3.2221698545812023 7.7270957010442558 2.35227210460374 3.1977318293934389 3.1603474916463812 4.3806691321388849 3.9732723343329459 3.9690184866026534 3.8430709143352861 3.0724069554855427 5.4460262652805875 3.5363799456925622 3.1566371352609282 6.7716463023532532 2.3122662659025193 6.3018427082332407 3.6294602447837145 3.2937211789978069 4.0369730938472994 5.1754014855988171 6.3658347518489045 4.5100262074764457
leaf_weight=1510 5525 21952 13683 14682 5845 10096 26546 7434 9943 1975 2028 2216 1183 3670 4332 1320 2157 4342 5365 14162 8267 47442 334 2502 18234 2019 7311 149596 18000 10598 45708 12474 14294 10584 15383 6275 317 1218 492 88 138 35090 33 78 4579 1133 1223 9033 4993 7952 39 56 105 565 55 500 74 67 1755 1110 49 53 219
leaf_count=1510 5525 21952 13683 14682 5845 10096 26546 7434 9943 1975 2028 2216 1183 3670 4332 1320 2157 4342 5365 14162 8267 47442 334 2502 18234 2019 7311 149596 18000 10598 45708 12474 14294 10584 15383 6275 317 1218 492 88 138 35090 33 78 4579 1133 1223 9033 4993 7952 39 56 105 565 55 500 74 67 1755 1110 49 53 219
internal_value=0 3.69599 3.62847 3.601 4.00642 4.00748 3.57527 4.01389 3.5518 3.1105 3.36731 3.32127 4.00523 4.16679 3.7461 2.98104 2.91978 4.02659 4.21004 2.85165 3.29158 3.61241 2.77051 3.59313 3.5891 4.24867 3.22338 3.57554 3.51388 4.29296 4.26487 3.45853 3.52267 3.4128 3.81499 3.47605 3.38124 3.59687 3.34675 3.6183 4.24759 3.18358 4.68668 3.95974 3.37411 2.74472 4.02475 3.84864 3.79338 3.6965 4.94701 3.5895 3.09174 3.48588 4.6485 2.80368 5.54313 5.03199 3.51761 3.78381 3.01603 4.48518 3.65145
internal_weight=0 577410 474258 442210 103152 32048 415747 21117 394630 22591 97590 91220 26463 63830 39322 20616 19296 6370 57985 17786 88951 297040 15629 241646 239144 52620 56923 212598 63002 11781 50601 44768 26768 32028 33797 21444 12015 9429 3154 3748 517 45033 379 205 11890 15295 4893 29409 20376 55394 127 4388 1717 725 160 992 174 141 3231 1476 366 2269 1437
internal_count=600001 577410 474258 442210 103152 32048 415747 21117 394630 22591 97590 91220 26463 63830 39322 20616 19296 6370 57985 17786 88951 297040 15629 241646 239144 52620 56923 212598 63002 11781 50601 44768 26768 32028 33797 21444 12015 9429 3154 3748 517 45033 379 205 11890 15295 4893 29409 20376 55394 127 4388 1717 725 160 992 174 141 3231 1476 366 2269 1437
is_linear=0
shrinkage=0.005


Tree=82
num_leaves=64
num_cat=0
split_feature=1 1 37 27 1 1 3 1 1 27 3 9 1 3 3 3 37 3 3 27 1 9 3 3 9 3 1 1 1 3 37 37 3 24 1 1 17 27 9 3 0 3 3 1 3 37 3 32 17 0 0 3 2 2 31 32 27 6 1 1 17 39 3
split_gain=2.9513e+08 4.79284e+08 1.95529e+08 1.82142e+08 1.70534e+08 1.70265e+08 1.69493e+08 2.49799e+08 1.7476e+08 1.56503e+08 1.18515e+08 1.23522e+08 6.96156e+07 4.69169e+07 4.5207e+07 4.47947e+07 4.17764e+07 3.66973e+07 3.3648e+07 3.36077e+07 2.78329e+07 2.45665e+07 1.9652e+07 1.76761e+07 1.48374e+07 1.42608e+07 1.3707e+07 1.36118e+07 1.8811e+07 1.34257e+07 1.334e+07 1.23687e+07 1.16872e+07 1.11788e+07 1.01537e+07 9.03037e+06 8.17985e+06 8.08258e+06 7.74237e+06 7.55999e+06 7.50361e+06 7.45483e+06 9.16497e+06 8.13062e+06 7.91876e+06 7.45366e+06 8.54889e+06 7.44374e+06 7.43089e+06 7.41951e+06 7.88565e+06 1.41395e+07 7.81066e+06 7.96056e+06 1.10354e+07 7.89871e+06 7.41496e+06 8.25616e+06 1.42589e+07 8.01977e+06 7.59248e+06 8.55894e+06 7.57695e+06
threshold=1.0000000180025095e-35 5090.5000000000009 2019.5000000000002 1.0000000180025095e-35 1510.5000000000002 52861.000000000007 1.0000000180025095e-35 46670.500000000007 46215.500000000007 1.0000000180025095e-35 49.086193642899197 1.0000000180025095e-35 46215.500000000007 1.0000000180025095e-35 3.641052719675467 49.58469035707116 2019.5000000000002 50.849742826575884 1.0000000180025095e-35 1.0000000180025095e-35 114592.50000000001 1.0000000180025095e-35 36.977372812612337 31.087322931897432 1.0000000180025095e-35 9.5748938426300949 4975.5000000000009 15184.500000000002 5991.5000000000009 1.0000000180025095e-35 2023.5000000000002 2019.5000000000002 9.5748938426300949 1.0000000180025095e-35 440.50000000000006 53792.500000000007 1.0000000180025095e-35 1.0000000180025095e-35 1.0000000180025095e-35 50.849742826575884 41.500000000000007 49.938894560673965 28.816585107346473 2536.5000000000005 21.280066615632105 2023.5000000000002 51.539245530873195 1.0000000180025095e-35 1.0000000180025095e-35 61.500000000000007 42.500000000000007 38.636177304899796 2.5000000000000004 1.0000000180025095e-35 1.0000000180025095e-35 1.0000000180025095e-35 1.0000000180025095e-35 1.0000000180025095e-35 71432.500000000015 137048.50000000003 1.0000000180025095e-35 6.5000000000000009 14.22154768730479
decision_type=2 2 2 2 2 2 2 2 2 2 2 2 2 2 2 2 2 2 2 2 2 2 2 2 2 2 2 2 2 2 2 2 2 2 2 2 2 2 2 2 2 2 2 2 2 2 2 2 2 2 2 2 2 2 2 2 2 2 2 2 2 2 2
left_child=9 4 5 6 14 -3 7 -4 22 15 11 20 -5 -6 -2 16 -1 -12 47 26 23 48 24 32 25 -8 31 28 -27 -14 -25 36 -10 -22 38 -34 -15 39 -16 -36 -37 42 44 -44 -33 -24 -47 -18 -20 50 51 -35 53 54 -53 -55 57 60 -59 -60 62 -62 -7
right_child=1 2 3 12 13 56 8 -9 10 -11 17 -13 29 19 34 -17 18 -19 21 -21 33 -23 45 30 -26 27 -28 -29 -30 -31 -32 41 35 49 37 40 -38 -39 -40 -41 -42 -43 43 -45 -46 46 -48 -49 -50 -51 -52 52 -54 55 -56 -57 -58 58 59 -61 61 -63 -64
leaf_value=3.7036360825536567 3.3080673871208637 3.7402914277448391 3.5929785893534039 3.755484406575365 3.7189952308056804 4.4314130703680448 3.6812253736978024 4.7315993673952121 3.3789276695191655 4.4395128121955487 4.5575908748347658 4.4499690813309511 3.766292043835151 3.8866114954337765 3.5476741917614349 3.857238733046886 3.4936852900187176 3.7491099916991484 2.8264976214306965 3.8120108525453054 3.3783518566550605 4.0675864269954909 3.6580437771754557 3.3081399693487756 3.9607772020502927 3.7001153141886931 3.8234344490239267 3.5840214390543617 3.4596821898489445 4.3278889118875989 3.6646927118858645 4.2837360428162814 3.0128498919055415 3.3945616508770899 3.8671410665248391 3.2630381297077862 4.3587657467449485 3.5588625600138197 5.4187961837223604 3.2856083361398687 3.1211062573220163 3.9089692098822257 4.1865354659747105 4.4387847358661832 4.1035751236964675 3.8021084957229752 4.8383637834874591 4.5054369264071985 2.593681416311663 2.9265149134623853 3.9559552338343487 3.1810147960369406 3.4641471791088136 5.0643797881262644 6.5195671101177437 7.891524059840612 4.0866055525692175 3.8612331549126293 4.6914137600212484 3.5968737660542782 3.5961266676409984 4.5459832320500153 4.9017284008637549
leaf_weight=1510 5525 21952 13683 14682 5845 1155 26357 7434 7013 1975 2067 2306 1183 3670 4332 1320 681 4373 11632 5365 9968 366 47952 19841 2474 9597 2019 148439 53405 10598 3023 18630 8517 2309 26314 18955 1223 2524 56 571 18305 1393 4315 12302 9068 6833 205 248 4859 316 1998 91 133 84 34 35 881 992 1850 184 284 1438 3312
leaf_count=1510 5525 21952 13683 14682 5845 1155 26357 7434 7013 1975 2067 2306 1183 3670 4332 1320 681 4373 11632 5365 9968 366 47952 19841 2474 9597 2019 148439 53405 10598 3023 18630 8517 2309 26314 18955 1223 2524 56 571 18305 1393 4315 12302 9068 6833 205 248 4859 316 1998 91 133 84 34 35 881 992 1850 184 284 1438 3312
internal_value=0 3.67751 3.61032 3.58299 3.98639 3.98745 3.55739 3.99382 3.53404 3.09494 3.35266 3.30721 3.98521 4.14596 3.72737 2.96614 2.90518 4.0086 2.83739 4.18899 3.27813 2.78634 3.59508 3.23915 3.57556 3.57156 4.22743 3.55789 3.49631 4.2715 3.35528 4.24355 3.18885 3.47513 3.79592 3.15973 4.00463 3.82939 3.57155 3.85479 3.19331 4.26913 4.28045 4.37328 4.22475 3.68035 3.83229 3.76378 2.7579 3.66806 3.71809 3.54115 4.43894 4.97028 4.0891 5.89589 4.52484 4.56674 4.3527 4.5924 4.67139 4.38933 4.78012
internal_weight=0 577410 474258 442210 103152 32048 415747 21117 394630 22591 99368 92928 26463 63830 39322 20616 19296 6440 17786 57985 90622 16857 295262 75654 240272 237798 52620 211441 63002 11781 22864 50601 52790 14968 33797 45777 4893 29409 4388 26885 37260 45708 44315 16617 27698 54990 7038 929 16491 5000 4684 2686 377 244 125 119 10096 9215 3026 2034 6189 1722 4467
internal_count=600001 577410 474258 442210 103152 32048 415747 21117 394630 22591 99368 92928 26463 63830 39322 20616 19296 6440 17786 57985 90622 16857 295262 75654 240272 237798 52620 211441 63002 11781 22864 50601 52790 14968 33797 45777 4893 29409 4388 26885 37260 45708 44315 16617 27698 54990 7038 929 16491 5000 4684 2686 377 244 125 119 10096 9215 3026 2034 6189 1722 4467
is_linear=0
shrinkage=0.005


Tree=83
num_leaves=64
num_cat=0
split_feature=1 1 37 27 1 1 3 1 1 27 3 9 1 3 3 3 37 3 3 27 1 3 9 9 1 1 1 3 37 17 3 3 33 39 1 3 1 26 3 37 38 3 1 17 1 3 17 13 38 3 0 2 3 3 0 1 1 39 37 39 2 0 26
split_gain=2.92186e+08 4.74503e+08 1.93579e+08 1.80325e+08 1.68833e+08 1.68567e+08 1.67802e+08 2.47307e+08 1.73046e+08 1.54942e+08 1.16137e+08 1.23604e+08 6.89212e+07 4.64489e+07 4.4756e+07 4.43479e+07 4.13597e+07 3.66429e+07 3.33846e+07 3.32725e+07 2.89557e+07 1.88726e+07 1.86439e+07 1.47095e+07 1.38344e+07 2.27381e+07 1.35703e+07 1.32918e+07 1.22453e+07 1.14322e+07 1.07668e+07 1.03241e+07 1.04659e+07 1.29914e+07 1.01054e+07 9.94832e+06 9.31083e+06 9.18816e+06 8.37042e+06 8.36767e+06 8.31459e+06 8.1885e+06 8.13422e+06 8.09825e+06 7.92519e+06 7.88606e+06 7.6724e+06 7.64036e+06 8.1209e+06 7.49053e+06 1.32985e+07 8.36368e+06 7.4858e+06 7.47584e+06 7.58878e+06 7.4564e+06 8.86989e+06 7.93544e+06 7.43665e+06 7.46101e+06 9.13043e+06 7.57886e+06 8.96342e+06
threshold=1.0000000180025095e-35 5090.5000000000009 2019.5000000000002 1.0000000180025095e-35 1510.5000000000002 52861.000000000007 1.0000000180025095e-35 46670.500000000007 46670.500000000007 1.0000000180025095e-35 49.086193642899197 1.0000000180025095e-35 46215.500000000007 1.0000000180025095e-35 3.641052719675467 49.58469035707116 2019.5000000000002 50.849742826575884 8.7922112358916067 1.0000000180025095e-35 79842.500000000015 36.977372812612337 1.0000000180025095e-35 1.0000000180025095e-35 15184.500000000002 5991.5000000000009 4975.5000000000009 1.0000000180025095e-35 2019.5000000000002 1.0000000180025095e-35 30.958491610009386 19.490564829142787 1.0000000180025095e-35 24.500000000000004 928.50000000000011 34.857935552831549 40975.000000000007 1.0000000180025095e-35 43.080037527664238 2023.5000000000002 4.5000000000000009 30.958491610009386 55741.000000000007 1.0000000180025095e-35 40975.000000000007 9.5748938426300949 1.0000000180025095e-35 1.0000000180025095e-35 1.5000000000000002 17.020581862288818 19.500000000000004 1.5000000000000002 1.0000000180025095e-35 47.880588994942194 28.500000000000004 17095.500000000004 5991.5000000000009 30.500000000000004 2022.5000000000002 19.500000000000004 3.5000000000000004 37.500000000000007 1.0000000180025095e-35
decision_type=2 2 2 2 2 2 2 2 2 2 2 2 2 2 2 2 2 2 2 2 2 2 2 2 2 2 2 2 2 2 2 2 2 2 2 2 2 2 2 2 2 2 2 2 2 2 2 2 2 2 2 2 2 2 2 2 2 2 2 2 2 2 2
left_child=9 4 5 6 14 -3 7 -4 21 15 11 20 -5 -6 -2 16 -1 58 52 26 29 23 38 24 25 -8 28 -14 43 41 31 32 33 49 35 -16 45 -36 -20 -32 -35 -10 -31 -15 55 -26 -13 -41 -49 -22 51 -51 -18 54 -39 56 -23 -57 -12 60 -60 62 -61
right_child=1 2 3 12 13 -7 8 -9 10 -11 17 46 27 19 34 -17 18 -19 22 -21 30 44 -24 -25 36 -27 -28 -29 -30 42 39 -33 -34 40 37 -37 -38 53 -40 47 -42 -43 -44 -45 -46 -47 -48 48 -50 50 -52 -53 -54 -55 -56 57 -58 -59 59 61 -62 -63 -64
leaf_value=3.6851179241627849 3.2915269518339323 3.7215899198509903 3.5750137430698015 3.7367069349546647 3.7004002616457496 4.5022186295800619 3.7046533199241396 4.7079413435276409 3.1736320683808641 4.4173153695842515 4.3212497782958748 4.6191849845441526 3.747460490752355 3.8671784829470033 3.6310879467538069 3.8379525208705751 3.7449572738969801 3.7272540997831518 2.6841230333019395 3.7929507940917069 3.1547303333515351 3.875004987361224 3.911350631563963 3.9386867656153766 3.6970292698827252 3.456214653544849 3.8043173511093831 4.3062494898353076 4.2477811400390655 2.8841768119508262 3.426720267478057 3.2015033596014515 3.6117588988942209 3.2431835499599537 3.7896391163096981 3.9084456734497266 3.4886435093201738 3.7343467306549885 3.130746147827379 4.0059099063366483 3.8772903773039373 3.3430146580362812 3.1396479888627113 4.3369719997864715 3.4830362855114436 3.5801473534557795 3.9673903246056228 4.972026936522985 2.9809680841836275 7.0853702584708609 3.4260611241675782 3.9290416288930317 3.1501076305900315 3.1602112245772567 4.2106834035568408 3.7443409949163802 3.5697603593779408 3.1284572899117928 5.7189245338343015 6.4389470136866853 3.864818481817478 3.6008732304134985 3.5427037490497937
leaf_weight=1510 5525 21952 13683 14682 5845 10096 10890 7434 23475 1975 1327 1647 1183 3670 13802 1320 929 4342 14162 5365 7075 2731 334 2502 16275 59697 2019 10598 45708 4642 11029 13465 3987 804 10981 4222 24892 1102 1133 1244 1448 10251 9477 1223 5700 127390 622 59 388 41 1523 43 1228 224 3466 27917 18513 533 349 68 82 158 44
leaf_count=1510 5525 21952 13683 14682 5845 10096 10890 7434 23475 1975 1327 1647 1183 3670 13802 1320 929 4342 14162 5365 7075 2731 334 2502 16275 59697 2019 10598 45708 4642 11029 13465 3987 804 10981 4222 24892 1102 1133 1244 1448 10251 9477 1223 5700 127390 622 59 388 41 1523 43 1228 224 3466 27917 18513 533 349 68 82 158 44
internal_value=0 3.65912 3.59227 3.56508 3.96646 3.96751 3.53961 3.97385 3.51637 3.07947 3.3337 3.28812 3.96528 4.12523 3.70873 2.9513 2.89065 3.98642 2.8232 4.16805 3.25873 3.57638 2.74273 3.5573 3.55331 3.49454 4.20629 4.25014 4.22233 3.17511 3.35605 3.30188 3.39247 3.3125 3.77694 3.69606 3.57792 3.86936 2.71721 3.47694 3.6509 3.22512 3.05565 3.9846 3.65962 3.59339 4.44051 3.80445 3.24377 3.22472 3.53288 5.46963 3.4063 4.05204 4.09577 3.67988 3.609 3.7328 4.54131 4.9579 5.36617 4.30617 5.30114
internal_weight=0 577410 474258 442210 103152 32048 415747 21117 394630 22591 97590 91220 26463 63830 39322 20616 19296 6370 17786 57985 88951 297040 15629 241646 239144 70587 52620 11781 50601 47845 41106 28386 14921 10934 33797 18024 168557 15773 15295 12720 2252 33726 14119 4893 55394 143665 2269 1691 447 8682 1607 84 2157 4792 4568 49694 21244 28450 2028 701 431 270 112
internal_count=600001 577410 474258 442210 103152 32048 415747 21117 394630 22591 97590 91220 26463 63830 39322 20616 19296 6370 17786 57985 88951 297040 15629 241646 239144 70587 52620 11781 50601 47845 41106 28386 14921 10934 33797 18024 168557 15773 15295 12720 2252 33726 14119 4893 55394 143665 2269 1691 447 8682 1607 84 2157 4792 4568 49694 21244 28450 2028 701 431 270 112
is_linear=0
shrinkage=0.005


Tree=84
num_leaves=64
num_cat=0
split_feature=1 1 37 27 1 1 3 1 1 27 3 9 1 3 3 3 37 3 3 27 1 3 9 9 3 1 3 1 1 3 37 1 1 37 1 1 1 35 1 0 3 17 27 3 9 3 3 3 1 1 1 1 1 0 3 3 3 13 1 3 39 3 3
split_gain=2.89271e+08 4.6977e+08 1.91648e+08 1.78526e+08 1.67149e+08 1.66885e+08 1.66128e+08 2.4484e+08 1.71319e+08 1.53397e+08 1.14979e+08 1.22371e+08 6.82337e+07 4.59856e+07 4.43096e+07 4.39055e+07 4.09471e+07 3.62774e+07 3.30516e+07 3.29406e+07 2.86962e+07 1.86844e+07 1.8458e+07 1.45628e+07 1.37299e+07 1.34349e+07 1.33313e+07 1.32396e+07 1.85144e+07 1.31592e+07 1.21231e+07 1.08466e+07 1.4519e+07 1.02613e+07 1.00166e+07 9.8336e+06 9.29328e+06 9.24602e+06 9.24475e+06 9.17286e+06 8.28693e+06 8.01747e+06 7.98959e+06 7.88367e+06 7.66481e+06 7.63061e+06 7.60209e+06 7.59315e+06 7.58133e+06 1.22381e+07 7.6408e+06 7.53867e+06 7.50337e+06 1.0143e+07 7.48779e+06 7.47828e+06 1.02071e+07 7.4556e+06 7.89406e+06 7.41113e+06 7.40863e+06 7.83691e+06 9.24847e+06
threshold=1.0000000180025095e-35 5090.5000000000009 2019.5000000000002 1.0000000180025095e-35 1510.5000000000002 52861.000000000007 1.0000000180025095e-35 46670.500000000007 46670.500000000007 1.0000000180025095e-35 49.086193642899197 1.0000000180025095e-35 46215.500000000007 1.0000000180025095e-35 3.641052719675467 49.58469035707116 2019.5000000000002 50.849742826575884 8.7922112358916067 1.0000000180025095e-35 88202.000000000015 36.977372812612337 1.0000000180025095e-35 1.0000000180025095e-35 9.5748938426300949 4975.5000000000009 34.979870140845065 15184.500000000002 6971.5000000000009 1.0000000180025095e-35 2019.5000000000002 9904.5000000000018 12053.500000000002 2023.5000000000002 440.50000000000006 114592.50000000001 93050.000000000015 1.0000000180025095e-35 53792.500000000007 45.500000000000007 43.080037527664238 1.0000000180025095e-35 1.0000000180025095e-35 48.723139267295252 1.0000000180025095e-35 31.935436495857811 47.052345781429288 39.238479264830517 11353.500000000002 10199.000000000002 10049.500000000002 49397.000000000007 104576.50000000001 23.500000000000004 49.58469035707116 27.146896532695873 23.726451398639828 1.0000000180025095e-35 77396.000000000015 1.0000000180025095e-35 15.500000000000002 29.232596759212608 24.58288236567201
decision_type=2 2 2 2 2 2 2 2 2 2 2 2 2 2 2 2 2 2 2 2 2 2 2 2 2 2 2 2 2 2 2 2 2 2 2 2 2 2 2 2 2 2 2 2 2 2 2 2 2 2 2 2 2 2 2 2 2 2 2 2 2 2 2
left_child=9 4 5 6 14 -3 7 -4 21 15 11 20 -5 -6 -2 16 60 -12 59 25 26 23 40 24 -8 30 38 28 -26 -14 41 -30 48 35 44 36 -22 45 -10 -28 -20 -15 54 -23 -16 52 -13 51 49 50 -33 -41 53 -35 -36 56 -29 -53 -59 -18 -1 62 -62
right_child=1 2 3 12 13 -7 8 -9 10 -11 17 46 29 19 34 -17 18 -19 22 -21 33 43 -24 -25 27 -27 39 55 31 -31 -32 32 -34 37 42 -37 -38 -39 -40 47 -42 -43 -44 -45 -46 -47 -48 -49 -50 -51 -52 57 -54 -55 -56 -57 -58 58 -60 -61 61 -63 -64
leaf_value=3.2869265720882703 3.2750693550488799 3.7029819312574599 3.557138601277817 3.7180234576643181 3.6818981525626406 4.4797075417653023 3.6427580397689594 4.6844017091654955 3.0011686867744221 4.3952287920203394 4.518606768936154 4.3735481409591355 3.7287232024351722 3.8478426184005303 3.5114494226693713 3.8187627331100296 3.7262325070774338 3.7086177492542221 2.670702430254035 3.7739860150192182 3.4429049906821474 3.6169040761379763 3.8917938602506044 3.9189933258385588 3.5956596256959341 3.785295699496503 3.4338898776583613 3.5490919539310228 3.3117447082950009 4.2847181000153478 4.2265422163169761 3.4083241356066947 3.3616916490307207 5.0577676718943829 3.8315932021232011 3.4281602500769623 3.1628222730715838 3.9312783023769806 3.1738846887148142 4.5088736612563372 3.1150924073860695 4.3152871072835737 3.5223323514316047 3.7870203856577618 5.3731751973288402 3.8467889486802922 6.289704989667209 2.9894686970518149 3.764866973550089 3.3161187091868563 3.8653192963674088 3.5182181429205683 3.0363944533418739 3.4252255522086097 3.3536189883684928 3.6000490257576776 3.425351191038613 2.4222917093725123 4.1636619242429731 3.1343571365107739 3.9403139339433371 4.6884181016173949 2.2095842607046969
leaf_weight=694 5525 21952 13683 14682 5845 10096 26546 7434 9943 1975 2028 2216 1183 3670 4332 1320 929 4342 14162 5365 4081 47442 334 2502 18234 2019 7311 81731 18000 10598 45708 1417 14294 111 26039 12928 10798 1360 35090 143 1133 1223 2524 7952 56 795 53 2844 4307 4170 2580 1163 1289 666 846 46931 20934 349 80 1228 454 269 93
leaf_count=694 5525 21952 13683 14682 5845 10096 26546 7434 9943 1975 2028 2216 1183 3670 4332 1320 929 4342 14162 5365 4081 47442 334 2502 18234 2019 7311 81731 18000 10598 45708 1417 14294 111 26039 12928 10798 1360 35090 143 1133 1223 2524 7952 56 795 53 2844 4307 4170 2580 1163 1289 666 846 46931 20934 349 80 1228 454 269 93
internal_value=0 3.64082 3.57431 3.54725 3.94662 3.94767 3.52191 3.95398 3.49879 3.06407 3.31703 3.27168 3.94545 4.1046 3.69019 2.93655 2.8762 3.96649 2.80909 4.14721 3.24243 3.5585 2.72901 3.53951 3.53554 4.18526 3.17507 3.52216 3.46136 4.22889 4.20122 3.40665 3.47047 3.36216 3.75805 3.32729 3.23964 3.59186 3.13575 3.32398 2.70362 3.96468 3.7913 3.64132 3.53521 3.43052 4.41831 3.1485 3.59513 3.50561 3.70331 3.40918 3.27034 3.65845 3.81655 3.54776 3.52386 3.3104 2.74702 3.38927 3.66669 3.98968 3.64606
internal_weight=0 577410 474258 442210 103152 32048 415747 21117 394630 22591 97590 91220 26463 63830 39322 20616 19296 6370 17786 57985 88951 297040 15629 241646 239144 52620 56923 212598 63002 11781 50601 44768 26768 32028 33797 27807 14879 4221 45033 11890 15295 4893 29409 55394 4388 2861 2269 4579 12474 8167 3997 1735 2066 777 26885 149596 102665 1592 429 2157 1510 816 547
internal_count=600001 577410 474258 442210 103152 32048 415747 21117 394630 22591 97590 91220 26463 63830 39322 20616 19296 6370 17786 57985 88951 297040 15629 241646 239144 52620 56923 212598 63002 11781 50601 44768 26768 32028 33797 27807 14879 4221 45033 11890 15295 4893 29409 55394 4388 2861 2269 4579 12474 8167 3997 1735 2066 777 26885 149596 102665 1592 429 2157 1510 816 547
is_linear=0
shrinkage=0.005


Tree=85
num_leaves=64
num_cat=0
split_feature=1 1 37 27 1 1 3 1 1 27 3 9 1 3 3 3 37 3 3 27 1 3 9 3 3 1 1 1 37 3 37 3 24 1 3 3 1 1 26 1 1 1 3 17 1 0 3 1 38 1 9 17 21 0 37 3 3 3 33 37 3 3 0
split_gain=2.86386e+08 4.65084e+08 1.89736e+08 1.76746e+08 1.65482e+08 1.6522e+08 1.64471e+08 2.42398e+08 1.69614e+08 1.51867e+08 1.1503e+08 1.1986e+08 6.75531e+07 4.55269e+07 4.38676e+07 4.34676e+07 4.05387e+07 3.5616e+07 3.27219e+07 3.2612e+07 2.71648e+07 1.90749e+07 1.82738e+07 1.72416e+07 1.44187e+07 1.33009e+07 1.32734e+07 1.90729e+07 1.31041e+07 1.30279e+07 1.20022e+07 1.15566e+07 1.10691e+07 9.96905e+06 9.90964e+06 1.01735e+07 9.80679e+06 1.48842e+07 9.08309e+06 8.82621e+06 8.29387e+06 1.85303e+07 8.20427e+06 7.9375e+06 7.67726e+06 7.42252e+06 7.39728e+06 7.38768e+06 7.45957e+06 7.38309e+06 8.01049e+06 7.42005e+06 7.4101e+06 1.09261e+07 7.82947e+06 7.3822e+06 8.33555e+06 7.8504e+06 7.78185e+06 7.37909e+06 8.45256e+06 7.37736e+06 7.51308e+06
threshold=1.0000000180025095e-35 5090.5000000000009 2019.5000000000002 1.0000000180025095e-35 1510.5000000000002 52861.000000000007 1.0000000180025095e-35 46670.500000000007 46215.500000000007 1.0000000180025095e-35 49.086193642899197 1.0000000180025095e-35 46215.500000000007 1.0000000180025095e-35 3.641052719675467 49.58469035707116 2019.5000000000002 50.849742826575884 8.7922112358916067 1.0000000180025095e-35 114592.50000000001 36.977372812612337 1.0000000180025095e-35 31.087322931897432 8.7922112358916067 4975.5000000000009 14955.000000000002 6971.5000000000009 2023.5000000000002 1.0000000180025095e-35 2019.5000000000002 9.5748938426300949 1.0000000180025095e-35 928.50000000000011 42.845288989930189 49.58469035707116 9904.5000000000018 12053.500000000002 1.0000000180025095e-35 53792.500000000007 6792.5000000000009 5991.5000000000009 43.080037527664238 1.0000000180025095e-35 605.50000000000011 41.500000000000007 51.827496266194082 40975.000000000007 10.500000000000002 54757.500000000007 1.0000000180025095e-35 1.0000000180025095e-35 1.0000000180025095e-35 52.500000000000007 2021.5000000000002 50.849742826575884 28.816585107346473 22.772026822951499 1.0000000180025095e-35 2023.5000000000002 51.539245530873195 47.880588994942194 28.500000000000004
decision_type=2 2 2 2 2 2 2 2 2 2 2 2 2 2 2 2 2 2 2 2 2 2 2 2 2 2 2 2 2 2 2 2 2 2 2 2 2 2 2 2 2 2 2 2 2 2 2 2 2 2 2 2 2 2 2 2 2 2 2 2 2 2 2
left_child=9 4 5 6 14 -3 7 -4 21 15 11 20 -5 -6 -2 16 -1 -12 -18 25 23 24 42 31 -8 30 27 40 -25 -14 43 -10 -22 34 -16 44 -29 -38 -35 -33 41 -26 -20 -15 -36 -41 -7 48 -28 51 52 -9 54 -54 -51 56 57 -32 -59 -23 -61 62 -40
right_child=1 2 3 12 13 46 8 49 10 -11 17 -13 29 19 33 -17 18 -19 22 -21 32 59 -24 28 26 -27 47 36 -30 -31 55 39 -34 38 35 -37 37 -39 61 45 -42 -43 -44 -45 -46 -47 -48 -49 -50 50 -52 -53 53 -55 -56 -57 -58 58 -60 60 -62 -63 -64
leaf_value=3.6483588227197674 3.2586940345409734 3.6844670964245463 3.5393529432576178 3.699433250811142 3.6634887118780073 4.4714482689172215 3.6441216377173262 4.5060165646741721 3.3300071048155893 4.373252586215961 4.4896721636838794 4.3835203819868944 3.7100795953657202 3.8286034543430612 3.6203624879855028 3.7996689024265069 3.3723260442356633 3.6931909547233346 2.6573488808971213 3.7551161667227411 3.3275007994505974 3.6032429627756084 3.8723347706088944 3.2586449727348996 3.6462355144246867 3.7663692959605055 3.5641625843252571 3.3049827103039444 3.6120305658581384 4.2632945774222408 4.2111374104873516 2.9668275387071708 3.6157842488160528 3.7517957634075372 4.681494083032268 3.4354272234890546 3.5762485515868088 3.3376074316687783 3.696517006487682 3.2145863849491967 3.7737552876766736 3.2618015812842782 3.099516955668276 4.2937107236562744 3.8906000468910937 3.0734235939132901 3.1618143426722618 3.4492766501348702 3.4572975895853308 4.8683881001322415 3.6125461604446172 3.453266537199895 4.7828429217323309 5.61274258518994 4.4359693442311077 3.7747774881552871 4.3018136279692909 4.1153315041370906 3.7380431436074368 3.7466043807304037 4.7770051605410693 3.126756512235318 4.1704719753055235
leaf_weight=1510 5525 21952 13683 14682 5845 9987 22027 622 7013 1975 2067 2306 1183 3670 16264 1320 2157 4373 14162 5365 9968 47952 334 19841 9937 2019 113933 18574 3023 10598 20500 8517 5000 10981 582 529 12886 13255 1102 18955 4355 4579 1133 1223 649 18305 109 21664 19062 1853 160 229 1641 523 2406 974 17036 5364 1834 6833 205 224 3466
leaf_count=1510 5525 21952 13683 14682 5845 9987 22027 622 7013 1975 2067 2306 1183 3670 16264 1320 2157 4373 14162 5365 9968 47952 334 19841 9937 2019 113933 18574 3023 10598 20500 8517 5000 10981 582 529 12886 13255 1102 18955 4355 4579 1133 1223 649 18305 109 21664 19062 1853 160 229 1641 523 2406 974 17036 5364 1834 6833 205 224 3466
internal_value=0 3.62262 3.55644 3.52952 3.92689 3.92793 3.5043 3.93421 3.48129 3.04875 3.30261 3.25782 3.92573 4.08408 3.67174 2.92187 2.86182 3.94883 2.79504 4.12647 3.22918 3.54143 2.71537 3.19067 3.5222 4.16434 3.5099 3.44908 3.30537 4.20774 4.18021 3.141 3.4238 3.73926 3.65893 4.01532 3.39283 3.45524 3.83106 3.11204 3.58238 3.52497 2.6901 3.94486 4.26452 3.14524 4.45731 3.5349 3.54885 4.66098 4.71763 4.22273 4.74516 4.98341 4.62411 4.20541 4.21479 4.16126 4.0192 3.62543 3.77662 4.01269 4.05613
internal_weight=0 577410 474258 442210 103152 32048 415747 21117 394630 22591 99368 92928 26463 63830 39322 20616 19296 6440 17786 57985 90622 295262 15629 75654 240272 52620 218245 63586 22864 11781 50601 52790 14968 33797 18024 1760 44715 26141 15773 45777 18871 14516 15295 4893 1231 37260 10096 154659 132995 7434 6583 851 6423 2164 4259 45708 44734 27698 7198 54990 7038 4792 4568
internal_count=600001 577410 474258 442210 103152 32048 415747 21117 394630 22591 99368 92928 26463 63830 39322 20616 19296 6440 17786 57985 90622 295262 15629 75654 240272 52620 218245 63586 22864 11781 50601 52790 14968 33797 18024 1760 44715 26141 15773 45777 18871 14516 15295 4893 1231 37260 10096 154659 132995 7434 6583 851 6423 2164 4259 45708 44734 27698 7198 54990 7038 4792 4568
is_linear=0
shrinkage=0.005


Tree=86
num_leaves=64
num_cat=0
split_feature=1 1 37 27 1 1 3 1 1 27 3 9 1 3 3 3 37 3 3 27 1 9 3 9 3 1 1 1 3 37 17 1 1 3 3 1 39 27 3 3 22 3 32 3 39 3 3 37 3 1 2 37 33 0 16 3 35 3 27 6 1 1 1
split_gain=2.83529e+08 4.60445e+08 1.87843e+08 1.74983e+08 1.63831e+08 1.63601e+08 1.6283e+08 2.3998e+08 1.67958e+08 1.50352e+08 1.12704e+08 1.1996e+08 6.68792e+07 4.50727e+07 4.343e+07 4.3034e+07 4.01343e+07 3.55615e+07 3.24448e+07 3.22867e+07 2.82406e+07 2.37139e+07 1.83076e+07 1.44088e+07 1.34669e+07 1.31682e+07 1.29861e+07 1.81502e+07 1.2898e+07 1.18825e+07 1.13163e+07 1.06333e+07 1.42397e+07 1.05691e+07 1.02177e+07 9.89598e+06 9.112e+06 8.39849e+06 8.32422e+06 9.60292e+06 8.28148e+06 1.06175e+07 9.00458e+06 9.44072e+06 8.38927e+06 9.38469e+06 8.37276e+06 8.14925e+06 8.06632e+06 7.99484e+06 7.9841e+06 1.21375e+07 1.03306e+07 7.97153e+06 8.15434e+06 8.46807e+06 7.98891e+06 7.96101e+06 7.89816e+06 7.87914e+06 1.31411e+07 7.93831e+06 7.86367e+06
threshold=1.0000000180025095e-35 5090.5000000000009 2019.5000000000002 1.0000000180025095e-35 1510.5000000000002 54757.500000000007 1.0000000180025095e-35 46670.500000000007 46670.500000000007 1.0000000180025095e-35 49.086193642899197 1.0000000180025095e-35 46215.500000000007 1.0000000180025095e-35 3.641052719675467 49.58469035707116 2019.5000000000002 50.849742826575884 1.0000000180025095e-35 1.0000000180025095e-35 79842.500000000015 1.0000000180025095e-35 36.977372812612337 1.0000000180025095e-35 9.5748938426300949 4975.5000000000009 15184.500000000002 6971.5000000000009 1.0000000180025095e-35 2019.5000000000002 1.0000000180025095e-35 9904.5000000000018 12053.500000000002 30.958491610009386 20.811850051578766 440.50000000000006 17.500000000000004 1.0000000180025095e-35 21.981087411853562 21.723685867568019 1.0000000180025095e-35 18.545935257120366 1.0000000180025095e-35 18.00213777698308 13.500000000000002 14.605913263954788 9.5748938426300949 2023.5000000000002 28.684346822020917 55741.000000000007 1.0000000180025095e-35 2021.5000000000002 1.0000000180025095e-35 19.500000000000004 1.0000000180025095e-35 20.695004341301857 1.0000000180025095e-35 30.958491610009386 1.0000000180025095e-35 1.0000000180025095e-35 71432.500000000015 137048.50000000003 107061.50000000001
decision_type=2 2 2 2 2 2 2 2 2 2 2 2 2 2 2 2 2 2 2 2 2 2 2 2 2 2 2 2 2 2 2 2 2 2 2 2 2 2 2 2 2 2 2 2 2 2 2 2 2 2 2 2 2 2 2 2 2 2 2 2 2 2 2
left_child=9 4 5 6 14 -3 7 -4 22 15 11 20 -5 -6 -2 16 -1 -12 -18 25 30 -20 23 24 -8 29 27 -26 -14 -15 57 -29 -33 34 36 -16 40 59 39 -36 44 42 43 50 46 -46 -22 -35 -40 -32 -42 -52 -53 56 55 -55 -48 -10 -37 62 -61 -62 -7
right_child=1 2 3 12 13 37 8 -9 10 -11 17 -13 28 19 35 -17 18 -19 21 -21 33 -23 -24 -25 26 -27 -28 31 -30 -31 49 32 -34 47 38 58 -38 -39 48 -41 41 -43 -44 -45 45 -47 53 -49 -50 -51 51 52 -54 54 -56 -57 -58 -59 -60 60 61 -63 -64
leaf_value=3.6301170699096761 3.2424005509252192 3.6722572987932649 3.5216562347310152 3.6809361248989991 3.6451712556724831 4.7041243620352695 3.6064504554910406 4.6376747689188003 3.126475171507356 4.3513862470396196 4.4735653461162848 4.3742971588373711 3.69152914924936 3.9251321954222123 3.4990686585136785 3.7806705586801876 3.6907396955510645 3.6716087507342259 2.7029946854609195 3.7363406114466038 3.6091649240125312 3.989753540684291 3.6049965925700582 3.88168510162448 3.5597702016086386 3.7475373707163331 3.512369225345267 3.2786610559161331 4.2419781914751074 4.1843823915857659 2.83863642032899 3.5592702880195937 3.3280913548433024 3.376393914980699 3.0547346896236265 3.778720273883625 3.4648590057206641 3.9720030345795134 3.2768246139463928 2.2294831670116459 3.1516503770652329 2.8012365318667038 3.0428023190196849 5.6643149817374443 2.4256591188937651 3.2253474896752938 3.4018849761574361 3.74915677068635 2.949832748883761 3.0919094277655716 3.3411965018060972 3.8687458684136087 5.0877971152501473 2.8949400163698464 3.5001010308658107 5.566344086329142 5.558184809154934 3.2934882840327027 3.4861882219079843 3.7717938898645538 4.6007676986563046 3.5118003731253356 4.2879508383784417
leaf_weight=1510 5525 22309 13683 14682 5845 4456 26546 7434 23475 1975 2028 2269 1183 4893 4388 1320 929 4342 16491 5365 1100 366 55394 2502 18234 2019 149596 18000 10598 45708 4642 12474 14294 11029 1237 26885 7288 843 7541 493 515 533 599 62 794 682 135 1691 2515 9477 583 491 269 2657 799 30 63 10251 2524 883 1850 184 1523
leaf_count=1510 5525 22309 13683 14682 5845 4456 26546 7434 23475 1975 2028 2269 1183 4893 4388 1320 929 4342 16491 5365 1100 366 55394 2502 18234 2019 149596 18000 10598 45708 4642 12474 14294 11029 1237 26885 7288 843 7541 493 515 533 599 62 794 682 135 1691 2515 9477 583 491 269 2657 799 30 63 10251 2524 883 1850 184 1523
internal_value=0 3.60451 3.53866 3.51187 3.90726 3.90829 3.48678 3.91454 3.46389 3.03351 3.28392 3.23902 3.9061 4.06366 3.65338 2.90726 2.84751 3.92693 2.78107 4.10584 3.21006 2.73093 3.52301 3.50422 3.50027 4.14351 3.48701 3.42679 4.1867 4.15931 3.12749 3.37263 3.43582 3.30618 3.25251 3.72057 3.33244 4.44898 3.13993 2.81956 3.22881 3.44236 3.57801 3.74499 3.12469 2.79516 3.22636 3.42595 3.19504 3.00864 3.68094 3.88391 4.30023 3.11206 3.05663 2.92477 4.08798 3.17724 3.75361 4.49418 4.28114 4.50226 4.59811
internal_weight=0 577410 474258 442210 103152 32048 415747 21117 394630 22591 97590 91220 26463 63830 39322 20616 19296 6370 17786 57985 88951 16857 297040 241646 239144 52620 212598 63002 11781 50601 47845 44768 26768 41106 28386 33797 16600 9739 11786 1730 9312 3052 2519 1920 6260 1476 4784 12720 10056 14119 1858 1343 760 3684 3486 2687 198 33726 29409 8896 2917 2034 5979
internal_count=600001 577410 474258 442210 103152 32048 415747 21117 394630 22591 97590 91220 26463 63830 39322 20616 19296 6370 17786 57985 88951 16857 297040 241646 239144 52620 212598 63002 11781 50601 47845 44768 26768 41106 28386 33797 16600 9739 11786 1730 9312 3052 2519 1920 6260 1476 4784 12720 10056 14119 1858 1343 760 3684 3486 2687 198 33726 29409 8896 2917 2034 5979
is_linear=0
shrinkage=0.005


Tree=87
num_leaves=64
num_cat=0
split_feature=1 1 37 27 1 1 3 1 1 27 3 9 1 3 3 3 37 3 3 27 1 3 9 9 1 1 1 3 3 37 25 1 3 3 39 36 3 3 3 3 3 33 0 0 3 1 1 1 26 0 32 38 0 1 38 37 0 3 3 38 12 37 39
split_gain=2.80701e+08 4.55852e+08 1.8597e+08 1.73237e+08 1.62197e+08 1.61982e+08 1.61206e+08 2.37586e+08 1.66283e+08 1.48852e+08 1.1158e+08 1.18763e+08 6.62121e+07 4.46232e+07 4.29968e+07 4.26047e+07 3.9734e+07 3.52068e+07 3.21891e+07 3.19646e+07 2.79908e+07 1.8125e+07 1.78942e+07 1.42651e+07 1.33344e+07 2.25094e+07 1.30369e+07 1.30116e+07 1.27693e+07 1.17639e+07 1.02066e+07 9.83475e+06 9.81031e+06 1.00748e+07 9.67202e+06 1.42949e+07 1.19542e+07 9.52347e+06 1.32019e+07 1.19109e+07 9.45092e+06 9.11851e+06 1.14414e+07 9.09771e+06 9.06386e+06 9.02991e+06 9.01645e+06 1.50802e+07 8.97962e+06 8.87328e+06 8.48974e+06 1.2758e+07 8.26352e+06 1.31539e+07 1.17642e+07 9.39085e+06 8.20891e+06 8.17325e+06 8.12243e+06 8.09941e+06 9.53806e+06 8.03454e+06 1.22141e+07
threshold=1.0000000180025095e-35 5090.5000000000009 2019.5000000000002 1.0000000180025095e-35 1510.5000000000002 52861.000000000007 1.0000000180025095e-35 46670.500000000007 46670.500000000007 1.0000000180025095e-35 49.086193642899197 1.0000000180025095e-35 46215.500000000007 1.0000000180025095e-35 3.641052719675467 49.58469035707116 2019.5000000000002 50.849742826575884 8.7922112358916067 1.0000000180025095e-35 88202.000000000015 36.977372812612337 1.0000000180025095e-35 1.0000000180025095e-35 14955.000000000002 6971.5000000000009 4975.5000000000009 34.979870140845065 1.0000000180025095e-35 2019.5000000000002 1.0000000180025095e-35 928.50000000000011 42.845288989930189 49.58469035707116 18.500000000000004 1.0000000180025095e-35 30.958491610009386 15.775500275987469 27.146896532695873 15.055163987698602 8.5967842720601748 1.0000000180025095e-35 41.500000000000007 51.500000000000007 31.304105584986868 53792.500000000007 9904.5000000000018 12053.500000000002 1.0000000180025095e-35 29.500000000000004 1.0000000180025095e-35 7.5000000000000009 21.500000000000004 114592.50000000001 3.5000000000000004 2021.5000000000002 46.500000000000007 6.0735683260134321 43.080037527664238 2.5000000000000004 1.0000000180025095e-35 2022.5000000000002 11.500000000000002
decision_type=2 2 2 2 2 2 2 2 2 2 2 2 2 2 2 2 2 2 2 2 2 2 2 2 2 2 2 2 2 2 2 2 2 2 2 2 2 2 2 2 2 2 2 2 2 2 2 2 2 2 2 2 2 2 2 2 2 2 2 2 2 2 2
left_child=9 4 5 6 14 -3 7 -4 21 15 11 20 -5 -6 -2 16 -1 -12 -18 26 27 23 58 24 25 -8 29 45 -14 -15 34 32 -16 -34 36 -36 40 39 -39 -26 50 44 -43 -29 -38 -10 -27 -48 -33 52 57 56 55 54 -54 -37 -52 59 -20 -22 61 62 -61
right_child=1 2 3 12 13 -7 8 -9 10 -11 17 -13 28 19 31 -17 18 -19 22 -21 30 -23 -24 -25 37 46 -28 43 -30 -31 -32 48 33 -35 35 49 41 38 -40 -41 -42 42 -44 -45 -46 -47 47 -49 -50 -51 51 -53 53 -55 -56 -57 -58 -59 -60 60 -62 -63 -64
leaf_value=3.6119664923886687 3.2261885730336961 3.6476834665342377 3.5040479232789559 3.6625315119344588 3.6269453982948949 4.4129149009942532 3.5626058067874342 4.6144863963974272 2.9556305119568202 4.3296294628577146 4.4511975293481605 4.3524256259483387 3.6730715508835856 3.9055065234806698 3.5838000773624423 3.7617672248807823 3.3397269201414783 3.6532506700456553 2.6305471772857802 3.7176588783628013 1.8200611681174621 3.5869716196748027 3.8330243599771738 3.8622766639688888 3.5431577550391298 3.2839178760578625 3.7287997340270351 3.3577755832718239 4.2207682207656152 4.1634605591194012 3.1852079212156852 3.7143290104978779 4.2247651911072372 3.3997003895326015 3.6461825016209777 3.9828442429186719 5.0669819079436262 3.4383428488789343 3.5462526215415204 3.8533074180572862 3.1271761080569571 3.4209310966370148 4.4852588149573895 3.0446171515028242 3.3286038918357694 3.1263278451013559 3.5388581022042604 3.3085896898970697 3.9737330668696975 3.0567850603792732 2.7690411445640382 1.1905360048971598 1.5496403628758024 4.9519054833041531 4.0048884473528181 2.1484879346030787 5.3278651088714604 4.4152369965033831 3.0705044239017671 6.749318275610606 2.3588148913638931 2.9717602880417355 3.4715278411794595
leaf_weight=1510 5525 21952 13683 14682 5845 10096 20599 7434 9943 1975 2028 2269 1183 4893 16264 1320 2157 4342 14162 5365 69 55394 334 2502 48854 19994 2019 8732 10598 45708 10584 10981 1231 529 5821 132 77 70587 47361 3305 7822 534 479 3158 2863 35090 14068 14376 4792 2179 84 79 70 229 161 148 50 386 1133 60 84 63 54
leaf_count=1510 5525 21952 13683 14682 5845 10096 20599 7434 9943 1975 2028 2269 1183 4893 16264 1320 2157 4342 14162 5365 69 55394 334 2502 48854 19994 2019 8732 10598 45708 10584 10981 1231 529 5821 132 77 70587 47361 3305 7822 534 479 3158 2863 35090 14068 14376 4792 2179 84 79 70 229 161 148 50 386 1133 60 84 63 54
internal_value=0 3.58648 3.52096 3.49431 3.88772 3.88875 3.46934 3.89497 3.44657 3.01834 3.2675 3.22283 3.88657 4.04334 3.63511 2.89272 2.83327 3.90729 2.76716 4.08531 3.19401 3.5054 2.68814 3.4867 3.48277 3.42416 4.1228 3.12748 4.16577 4.13852 3.31226 3.70196 3.62217 3.97678 3.37497 3.50299 3.28689 3.50655 3.48167 3.56281 3.1838 3.51509 3.9242 3.2746 3.37413 3.08864 3.36528 3.42248 3.79314 3.21744 3.6606 2.78425 3.69049 4.10271 3.26087 3.01326 3.72383 3.9213 2.66314 3.34354 3.74629 4.40476 5.19668
internal_weight=0 577410 474258 442210 103152 32048 415747 21117 394630 22591 97590 91220 26463 63830 39322 20616 19296 6370 17786 57985 88951 297040 15629 241646 239144 69037 52620 56923 11781 50601 32028 33797 18024 1760 21444 8740 12704 170107 117948 52159 8751 3953 1013 11890 2940 45033 48438 28444 15773 2919 929 213 740 460 231 280 134 716 15295 330 261 177 114
internal_count=600001 577410 474258 442210 103152 32048 415747 21117 394630 22591 97590 91220 26463 63830 39322 20616 19296 6370 17786 57985 88951 297040 15629 241646 239144 69037 52620 56923 11781 50601 32028 33797 18024 1760 21444 8740 12704 170107 117948 52159 8751 3953 1013 11890 2940 45033 48438 28444 15773 2919 929 213 740 460 231 280 134 716 15295 330 261 177 114
is_linear=0
shrinkage=0.005


Tree=88
num_leaves=64
num_cat=0
split_feature=1 1 37 27 1 1 3 1 1 27 3 9 1 3 3 3 37 3 3 27 1 9 3 3 1 1 1 3 3 37 37 24 1 3 3 3 1 27 0 17 27 6 1 1 1 3 1 3 0 20 1 15 23 9 9 3 32 17 3 0 0 3 2
split_gain=2.77901e+08 4.51305e+08 1.84115e+08 1.71509e+08 1.60579e+08 1.60394e+08 1.59598e+08 2.35216e+08 1.6467e+08 1.47367e+08 1.0908e+08 1.14954e+08 6.55516e+07 4.4178e+07 4.25679e+07 4.21797e+07 3.93376e+07 3.32698e+07 3.19183e+07 3.16458e+07 2.44307e+07 2.32801e+07 1.92572e+07 1.79206e+07 1.38583e+07 2.37049e+07 1.29068e+07 1.26419e+07 1.18398e+07 1.16466e+07 1.13241e+07 1.0919e+07 9.76347e+06 9.73405e+06 1.11731e+07 1.07112e+07 9.20622e+06 8.31471e+06 8.13234e+06 7.85832e+06 7.80805e+06 7.80055e+06 1.301e+07 7.85913e+06 7.78523e+06 1.19411e+07 1.4632e+07 8.96072e+06 1.16623e+07 1.06161e+07 9.9274e+06 8.30785e+06 8.02472e+06 7.58734e+06 7.38759e+06 7.37083e+06 7.36948e+06 7.35201e+06 7.35096e+06 7.34609e+06 7.81564e+06 1.39383e+07 7.73471e+06
threshold=1.0000000180025095e-35 5090.5000000000009 2019.5000000000002 1.0000000180025095e-35 1510.5000000000002 54757.500000000007 1.0000000180025095e-35 46670.500000000007 45733.500000000007 1.0000000180025095e-35 49.086193642899197 1.0000000180025095e-35 46215.500000000007 1.0000000180025095e-35 3.641052719675467 49.58469035707116 2019.5000000000002 50.849742826575884 1.0000000180025095e-35 1.0000000180025095e-35 114592.50000000001 1.0000000180025095e-35 31.087322931897432 36.977372812612337 14955.000000000002 5991.5000000000009 4975.5000000000009 1.0000000180025095e-35 9.5748938426300949 2019.5000000000002 2023.5000000000002 1.0000000180025095e-35 440.50000000000006 15.775500275987469 15.055163987698602 26.988004809714827 47469.500000000007 1.0000000180025095e-35 34.500000000000007 1.0000000180025095e-35 1.0000000180025095e-35 1.0000000180025095e-35 71432.500000000015 137048.50000000003 107061.50000000001 12.556687863713243 121117.50000000001 34.722305846319522 27.500000000000004 1.0000000180025095e-35 144028.00000000003 1.0000000180025095e-35 1.0000000180025095e-35 1.0000000180025095e-35 1.0000000180025095e-35 50.849742826575884 1.0000000180025095e-35 1.0000000180025095e-35 48.723139267295252 61.500000000000007 42.500000000000007 38.636177304899796 2.5000000000000004
decision_type=2 2 2 2 2 2 2 2 2 2 2 2 2 2 2 2 2 2 2 2 2 2 2 2 2 2 2 2 2 2 2 2 2 2 2 2 2 2 2 2 2 2 2 2 2 2 2 2 2 2 2 2 2 2 2 2 2 2 2 2 2 2 2
left_child=9 4 5 6 14 -3 7 -4 23 15 11 20 -5 -6 -2 16 -1 -12 56 26 22 57 28 24 25 -8 29 -14 -10 39 36 -22 53 34 54 -35 -24 41 -30 -15 55 44 -43 -44 -7 51 52 48 -48 -50 -49 -46 -47 -16 -26 -34 -18 -20 -25 60 61 -33 -63
right_child=1 2 3 12 13 37 8 -9 10 -11 17 -13 27 19 32 -17 18 -19 21 -21 31 -23 30 58 33 -27 -28 -29 38 -31 -32 59 40 35 -36 -37 -38 -39 -40 -41 -42 42 43 -45 45 46 47 50 49 -51 -52 -53 -54 -55 -56 -57 -58 -59 -60 -61 -62 62 -64
leaf_value=3.5939065752006476 3.2100576569596568 3.6355964552792148 3.4865276676726662 3.6442187508065222 3.6088107490058228 4.658539202445021 3.624835102537499 4.5914139741844178 3.2891919603036643 4.3079813636957844 4.3994003298602093 4.3096668058515464 3.6547062488742932 3.7703072155600346 3.4398049066963563 3.7429583555333541 3.3868469242237387 3.6363735638284469 2.7441518869349268 3.699070540413941 3.2778884878726964 3.9508553559590598 3.5674361232147231 3.5482589676322545 3.5277668181009627 3.3721631271856216 3.7101557170780888 4.199664333214522 3.1594244889528449 4.142643212471004 3.5499722090969827 3.2922980892997042 3.7534374396197832 3.4307338841115529 3.8371164377268077 3.5284458091931867 3.1965074784220322 3.9300784464337792 3.024303169400484 4.2330889720148663 3.4503834852248008 3.7308702924980075 4.5556992965492045 3.4721769450410553 3.0035066730635509 3.1630967330017428 6.5202833809997092 4.5023669594793576 4.2504438447586468 5.9520217642296833 1.7375667682446931 4.8500930408284635 4.7456641732729405 5.2920991826057433 4.134528892204842 3.1792259585695595 4.3935398331326585 2.5125746071585526 3.7143588343411413 2.8263436151126138 3.850799192283731 4.8579692702207593 3.3591747612433323
leaf_weight=1510 5525 22309 13683 14682 5845 4456 11026 7434 7337 1975 2112 2342 1183 3670 4332 1320 681 4415 11632 5365 9968 366 1835 46530 47591 58703 2019 10598 17522 45708 3174 2309 26314 68652 3249 47419 18923 843 30551 1223 2524 883 1850 184 266 254 132 223 277 137 38 79 117 56 507 571 248 4859 7774 316 1998 244 133
leaf_count=1510 5525 22309 13683 14682 5845 4456 11026 7434 7337 1975 2112 2342 1183 3670 4332 1320 681 4415 11632 5365 9968 366 1835 46530 47591 58703 2019 10598 17522 45708 3174 2309 26314 68652 3249 47419 18923 843 30551 1223 2524 883 1850 184 266 254 132 223 277 137 38 79 117 56 507 571 248 4859 7774 316 1998 244 133
internal_value=0 3.56855 3.50336 3.47684 3.86828 3.86931 3.452 3.87549 3.42933 3.00325 3.25767 3.21543 3.86713 4.02312 3.61694 2.87826 2.8191 3.88327 2.75332 4.06488 3.18825 2.7036 3.1533 3.4901 3.47134 3.41212 4.10218 4.14494 3.10211 4.11782 3.27183 3.37353 3.68345 3.49601 3.55333 3.47065 3.2293 4.40467 3.07355 3.88598 3.71628 4.44964 4.23767 4.45768 4.55306 4.24445 4.48404 4.86187 5.22615 4.81353 4.09983 3.42635 3.66218 3.46344 3.53416 3.74124 3.65559 2.67592 3.57204 3.56421 3.61399 3.43784 4.32922
internal_weight=0 577410 474258 442210 103152 32048 415747 21117 394630 22591 103179 96652 26463 63830 39322 20616 19296 6527 17786 57985 94310 16857 79342 291451 237147 69729 52620 11781 55410 50601 23932 14968 33797 167418 51347 116071 20758 9739 48073 4893 29409 8896 2917 2034 5979 1523 1178 807 546 414 261 345 371 4388 48098 26885 929 16491 54304 5000 4684 2686 377
internal_count=600001 577410 474258 442210 103152 32048 415747 21117 394630 22591 103179 96652 26463 63830 39322 20616 19296 6527 17786 57985 94310 16857 79342 291451 237147 69729 52620 11781 55410 50601 23932 14968 33797 167418 51347 116071 20758 9739 48073 4893 29409 8896 2917 2034 5979 1523 1178 807 546 414 261 345 371 4388 48098 26885 929 16491 54304 5000 4684 2686 377
is_linear=0
shrinkage=0.005


Tree=89
num_leaves=64
num_cat=0
split_feature=1 1 37 27 1 1 3 1 1 27 3 9 1 3 3 3 37 3 3 27 1 3 9 3 3 37 1 1 1 3 37 3 24 1 3 1 1 27 1 1 1 3 17 39 3 3 17 3 3 2 35 1 3 36 0 0 37 38 3 3 0 1 9
split_gain=2.75129e+08 4.46803e+08 1.82278e+08 1.69798e+08 1.58977e+08 1.58808e+08 1.58006e+08 2.3287e+08 1.63033e+08 1.45897e+08 1.10559e+08 1.15162e+08 6.48978e+07 4.37374e+07 4.21433e+07 4.1759e+07 3.89453e+07 3.42311e+07 3.16642e+07 3.13301e+07 2.63403e+07 1.83251e+07 1.75222e+07 1.66331e+07 1.40778e+07 1.28041e+07 1.27855e+07 1.83745e+07 1.27781e+07 1.25158e+07 1.15304e+07 1.12683e+07 1.08101e+07 9.70217e+06 9.76203e+06 9.51817e+06 1.44551e+07 8.87959e+06 8.63448e+06 8.26863e+06 1.82235e+07 8.04096e+06 7.77994e+06 7.33473e+06 7.75874e+06 9.15622e+06 7.32535e+06 7.32453e+06 8.99513e+06 7.32017e+06 1.03683e+07 8.7434e+06 9.66866e+06 9.44467e+06 8.80958e+06 1.80608e+07 8.60881e+06 7.57078e+06 7.31857e+06 7.31364e+06 1.34991e+07 7.30944e+06 7.93059e+06
threshold=1.0000000180025095e-35 5090.5000000000009 2019.5000000000002 1.0000000180025095e-35 1510.5000000000002 52861.000000000007 1.0000000180025095e-35 46670.500000000007 46215.500000000007 1.0000000180025095e-35 49.086193642899197 1.0000000180025095e-35 46215.500000000007 1.0000000180025095e-35 3.641052719675467 49.58469035707116 2019.5000000000002 50.849742826575884 8.7922112358916067 1.0000000180025095e-35 114592.50000000001 36.977372812612337 1.0000000180025095e-35 31.087322931897432 8.7922112358916067 2023.5000000000002 14955.000000000002 6971.5000000000009 4975.5000000000009 1.0000000180025095e-35 2019.5000000000002 9.5748938426300949 1.0000000180025095e-35 928.50000000000011 34.857935552831549 9904.5000000000018 12053.500000000002 1.0000000180025095e-35 53792.500000000007 6792.5000000000009 5991.5000000000009 43.080037527664238 1.0000000180025095e-35 15.500000000000002 29.232596759212608 24.58288236567201 1.0000000180025095e-35 49.938894560673965 29.984256972886694 3.5000000000000004 1.0000000180025095e-35 81175.500000000015 17.738149950842455 1.0000000180025095e-35 49.500000000000007 32.500000000000007 2020.5000000000002 5.5000000000000009 51.827496266194082 20.167634570558942 27.500000000000004 54757.500000000007 1.0000000180025095e-35
decision_type=2 2 2 2 2 2 2 2 2 2 2 2 2 2 2 2 2 2 2 2 2 2 2 2 2 2 2 2 2 2 2 2 2 2 2 2 2 2 2 2 2 2 2 2 2 2 2 2 2 2 2 2 2 2 2 2 2 2 2 2 2 2 2
left_child=9 4 5 6 14 -3 7 -4 21 15 11 20 -5 -6 -2 16 43 -12 -18 28 23 24 41 31 -8 -25 27 39 30 -14 42 -10 -22 34 -16 -29 -37 -35 -33 40 -26 -20 -15 -1 45 -45 49 48 -32 51 -51 -13 56 -54 55 -55 -53 -52 -7 60 -48 -9 -63
right_child=1 2 3 12 13 58 8 61 10 -11 17 46 29 19 33 -17 18 -19 22 -21 32 -23 -24 25 26 -27 -28 35 -30 -31 47 38 -34 37 -36 36 -38 -39 -40 -41 -42 -43 -44 44 -46 -47 59 -49 -50 50 57 52 53 54 -56 -57 -58 -59 -60 -61 -62 62 -64
leaf_value=3.1980702317711125 3.19400734129125 3.6112669961129278 3.4690950258158098 3.6259976712294697 3.5907666026964673 4.3830267894238348 3.5727700606394808 4.1323950774472129 3.2649482759165727 4.2864413621317077 4.4007663966326769 3.9186200585150703 3.6364326510747809 3.7514556258505958 3.5214278524602585 3.7242436054136716 3.3074367308205854 3.6199234802246423 2.6040168565649755 3.6805752439798871 3.2614990430845348 3.5534815984303481 3.7941049884179394 3.193571006671442 3.5742237789976374 3.5428877453741858 3.4646792915539044 3.2386971209735549 3.6916049515447655 4.1786660941010947 4.0815468304423161 2.906091237365644 3.5463894232800603 3.7925477272226136 3.7961765383313133 3.5059783736932184 3.2708022440952744 3.3747295215253765 3.082551524022652 3.7023728422682338 3.1929859502947102 3.0417622252267651 4.211923539439919 3.8481906643411401 4.592554400348309 2.126114651977375 6.8808751720190049 3.7649338394722238 4.2314861408621658 5.7918624605288107 5.3484423654729669 5.7681301966580474 5.6564183050555155 2.8883795349465475 2.6178238781427932 6.858700864197778 3.2708318409845232 2.5426096847822079 3.0803791904668198 3.3955068152380083 3.9378977826252077 4.652218231669158 3.5252655254937708
leaf_weight=694 5525 21952 13683 14682 5845 9987 22027 851 7013 1975 2067 693 1183 3670 13802 1320 2157 4373 14162 5365 9968 54990 334 19841 9937 3023 154659 18574 2019 10598 29063 8517 5000 14378 4222 12886 13255 1395 37260 4355 4579 1133 1223 454 269 93 48 1393 15252 210 44 44 296 54 59 61 160 53 109 377 207 6423 160
leaf_count=694 5525 21952 13683 14682 5845 9987 22027 851 7013 1975 2067 693 1183 3670 13802 1320 2157 4373 14162 5365 9968 54990 334 19841 9937 3023 154659 18574 2019 10598 29063 8517 5000 14378 4222 12886 13255 1395 37260 4355 4579 1133 1223 454 269 93 48 1393 15252 210 44 44 296 54 59 61 160 53 109 377 207 6423 160
internal_value=0 3.55071 3.48584 3.45945 3.84894 3.84996 3.43474 3.85611 3.41219 2.98823 3.237 3.1931 3.8478 4.00301 3.59885 2.86387 2.80501 3.87054 2.73956 4.04456 3.16502 3.47114 2.66118 3.1271 3.4523 3.23976 3.44014 3.38046 4.08167 4.12422 4.09724 3.07831 3.35667 3.66504 3.58579 3.32524 3.38673 3.75559 3.04972 3.51129 3.45396 2.63644 3.86655 3.57594 3.89731 3.55541 4.29651 4.12193 4.13315 4.46967 5.16736 4.31298 4.71845 5.11299 4.18853 4.99438 3.80946 3.81536 4.36896 3.83787 4.49187 4.56846 4.62483
internal_weight=0 577410 474258 442210 103152 32048 415747 21117 394630 22591 99368 92928 26463 63830 39322 20616 19296 6440 17786 57985 90622 295262 15629 75654 240272 22864 218245 63586 52620 11781 50601 52790 14968 33797 18024 44715 26141 15773 45777 18871 14516 15295 4893 1510 816 547 2306 45708 44315 1674 307 1367 674 470 174 115 204 97 10096 632 255 7434 6583
internal_count=600001 577410 474258 442210 103152 32048 415747 21117 394630 22591 99368 92928 26463 63830 39322 20616 19296 6440 17786 57985 90622 295262 15629 75654 240272 22864 218245 63586 52620 11781 50601 52790 14968 33797 18024 44715 26141 15773 45777 18871 14516 15295 4893 1510 816 547 2306 45708 44315 1674 307 1367 674 470 174 115 204 97 10096 632 255 7434 6583
is_linear=0
shrinkage=0.005


Tree=90
num_leaves=64
num_cat=0
split_feature=1 1 37 27 1 1 3 1 1 27 3 9 1 3 3 3 37 3 3 27 1 9 3 3 3 1 1 1 3 3 37 37 24 1 1 1 1 27 1 1 0 26 3 6 1 1 1 3 1 38 39 21 15 23 17 9 32 21 0 37 1 3 17
split_gain=2.72384e+08 4.42346e+08 1.8046e+08 1.68104e+08 1.57391e+08 1.57251e+08 1.5643e+08 2.30547e+08 1.61448e+08 1.44442e+08 1.06919e+08 1.12682e+08 6.42504e+07 4.33011e+07 4.17229e+07 4.13425e+07 3.85568e+07 3.26076e+07 3.14004e+07 3.10176e+07 2.39527e+07 2.28545e+07 1.88907e+07 1.75627e+07 1.36632e+07 1.37615e+07 1.89541e+07 1.26506e+07 1.2391e+07 1.16083e+07 1.14154e+07 1.10942e+07 1.07023e+07 9.6317e+06 9.52394e+06 1.45817e+07 9.07491e+06 8.23317e+06 8.11499e+06 1.82241e+07 8.05053e+06 7.75614e+06 8.00294e+06 7.72134e+06 1.28794e+07 7.7793e+06 7.70785e+06 1.18237e+07 1.44863e+07 8.89851e+06 1.06746e+07 1.33954e+07 8.22498e+06 7.94446e+06 7.70233e+06 7.51133e+06 7.29597e+06 7.295e+06 1.15365e+07 8.02947e+06 8.42539e+06 7.27763e+06 7.27735e+06
threshold=1.0000000180025095e-35 5090.5000000000009 2019.5000000000002 1.0000000180025095e-35 1510.5000000000002 54757.500000000007 1.0000000180025095e-35 46670.500000000007 45733.500000000007 1.0000000180025095e-35 49.086193642899197 1.0000000180025095e-35 46215.500000000007 1.0000000180025095e-35 3.641052719675467 49.58469035707116 2019.5000000000002 50.849742826575884 1.0000000180025095e-35 1.0000000180025095e-35 114592.50000000001 1.0000000180025095e-35 31.087322931897432 36.977372812612337 8.5967842720601748 14955.000000000002 6971.5000000000009 4975.5000000000009 1.0000000180025095e-35 9.5748938426300949 2019.5000000000002 2023.5000000000002 1.0000000180025095e-35 440.50000000000006 9904.5000000000018 12053.500000000002 47469.500000000007 1.0000000180025095e-35 6792.5000000000009 5991.5000000000009 34.500000000000007 1.0000000180025095e-35 34.24920207713182 1.0000000180025095e-35 71432.500000000015 137048.50000000003 107061.50000000001 12.556687863713243 121117.50000000001 9.5000000000000018 25.500000000000004 1.0000000180025095e-35 1.0000000180025095e-35 1.0000000180025095e-35 1.0000000180025095e-35 1.0000000180025095e-35 1.0000000180025095e-35 1.0000000180025095e-35 52.500000000000007 2021.5000000000002 50699.500000000007 48.723139267295252 1.0000000180025095e-35
decision_type=2 2 2 2 2 2 2 2 2 2 2 2 2 2 2 2 2 2 2 2 2 2 2 2 2 2 2 2 2 2 2 2 2 2 2 2 2 2 2 2 2 2 2 2 2 2 2 2 2 2 2 2 2 2 2 2 2 2 2 2 2 2 2
left_child=9 4 5 6 14 -3 7 -4 23 15 11 20 -5 -6 -2 16 -1 -12 56 27 22 62 29 24 -8 26 38 30 -14 -10 54 36 -22 55 -28 -36 -24 43 39 -26 -31 42 -35 46 -45 -46 -7 52 53 50 51 -50 -48 -49 -15 -16 -18 59 -59 60 -9 -25 -20
right_child=1 2 3 12 13 37 8 57 10 -11 17 -13 28 19 33 -17 18 -19 21 -21 32 -23 31 61 25 -27 34 -29 -30 40 -32 -33 -34 41 35 -37 -38 -39 -40 -41 -42 -43 -44 44 45 -47 47 48 49 -51 -52 -53 -54 -55 -56 -57 -58 58 -60 -61 -62 -63 -64
leaf_value=3.5580573813729486 3.1780372931017058 3.5993012101170474 3.4517495815763297 3.6078676400407477 3.572812799078676 4.6133985826061439 3.5594983540226472 3.1801719936040729 3.2563574101350805 4.2650091321148453 4.355489823343091 4.2666974885535227 3.6182505179217377 3.7326983184191507 3.404670889472257 3.7056223965765849 3.3533755648661292 3.6000952429874027 2.7169993946829778 3.6621723394019519 3.2451915497993666 3.9123433207488452 3.5328309960275868 3.5127503027630822 3.5592798235256051 3.4507927828428722 3.2210596453829115 3.6731468650974692 4.1577728109876588 3.1282760076931009 4.1013203421725413 3.5145149235025741 3.5286574759892302 3.5687963532484734 3.4880527822368204 3.2525108208493592 3.1645570970500545 3.8885437659358923 3.6847234989918394 3.1786966220020574 2.9938360442604264 3.8012686624965482 3.799180722242244 3.6904115525795946 4.5110831518477692 3.433077883125971 2.9665740074564639 3.1254430371663706 5.9952086261908208 4.4434360754721602 7.544540495695891 3.4028909412102819 4.8039273881308642 4.7000763796944902 4.1908639264468004 5.2476636116845272 4.3550349327508782 4.5728315867279665 5.3633531362109013 4.2600741971012095 4.7356671278975693 3.6780196164440966 2.4866010040620101
leaf_weight=1510 5525 22309 13683 14682 5845 4456 20685 91 7337 1975 2112 2342 1183 3670 4332 1320 681 4415 11632 5365 9968 366 1835 46530 9976 152571 18654 2019 10598 17522 45708 3174 5000 15383 12976 13311 18923 843 4380 4594 30551 9033 4993 883 1850 184 266 254 138 537 54 78 79 117 1223 56 248 1896 610 2829 2008 7774 4859
leaf_count=1510 5525 22309 13683 14682 5845 4456 20685 91 7337 1975 2112 2342 1183 3670 4332 1320 681 4415 11632 5365 9968 366 1835 46530 9976 152571 18654 2019 10598 17522 45708 3174 5000 15383 12976 13311 18923 843 4380 4594 30551 9033 4993 883 1850 184 266 254 138 537 54 78 79 117 1223 56 248 1896 610 2829 2008 7774 4859
internal_value=0 3.53296 3.46841 3.44216 3.8297 3.83071 3.41756 3.83683 3.39513 2.97329 3.22515 3.18333 3.82856 3.98299 3.58086 2.84955 2.79098 3.84453 2.72586 4.02434 3.15642 2.67654 3.12181 3.4553 3.43673 3.42499 3.36339 4.06126 4.1036 3.07111 4.07675 3.23921 3.33988 3.64671 3.30747 3.36878 3.19711 4.3608 3.49601 3.43928 3.04284 3.67931 3.62525 4.40555 4.19466 4.41356 4.50844 4.20137 4.43978 4.81573 5.55618 5.05909 3.3873 3.62203 3.84722 3.42819 3.62077 4.54561 4.76526 4.43392 4.66823 3.53641 2.64911
internal_weight=0 577410 474258 442210 103152 32048 415747 21117 394630 22591 103179 96652 26463 63830 39322 20616 19296 6527 17786 57985 94310 16857 79342 291451 237147 216462 63891 52620 11781 55410 50601 23932 14968 33797 44941 26287 20758 9739 18950 14570 48073 29409 20376 8896 2917 2034 5979 1523 1178 807 270 216 345 371 4893 4388 929 7434 2506 4928 2099 54304 16491
internal_count=600001 577410 474258 442210 103152 32048 415747 21117 394630 22591 103179 96652 26463 63830 39322 20616 19296 6527 17786 57985 94310 16857 79342 291451 237147 216462 63891 52620 11781 55410 50601 23932 14968 33797 44941 26287 20758 9739 18950 14570 48073 29409 20376 8896 2917 2034 5979 1523 1178 807 270 216 345 371 4893 4388 929 7434 2506 4928 2099 54304 16491
is_linear=0
shrinkage=0.005


Tree=91
num_leaves=64
num_cat=0
split_feature=1 1 37 27 1 1 3 1 1 27 3 9 1 3 3 3 37 3 3 27 1 3 9 1 1 1 1 3 37 17 3 3 1 3 3 1 38 39 26 3 3 3 3 3 22 3 32 3 39 3 3 3 3 37 2 37 33 0 16 3 35 1 3
split_gain=2.69667e+08 4.37934e+08 1.7866e+08 1.66428e+08 1.55821e+08 1.55696e+08 1.5487e+08 2.28247e+08 1.5988e+08 1.43001e+08 1.07247e+08 1.14166e+08 6.36095e+07 4.28691e+07 4.13067e+07 4.09301e+07 3.81722e+07 3.38535e+07 3.11478e+07 3.07082e+07 2.72979e+07 1.73897e+07 1.71576e+07 1.51668e+07 2.83935e+07 1.60867e+07 1.25244e+07 1.22674e+07 1.13015e+07 1.12013e+07 1.02153e+07 1.00521e+07 9.57123e+06 9.64965e+06 9.94477e+06 9.36252e+06 9.03062e+06 8.9669e+06 8.79803e+06 8.67022e+06 1.50204e+07 1.00685e+07 8.24155e+06 9.50862e+06 8.19778e+06 1.04912e+07 8.89752e+06 9.36063e+06 8.29686e+06 9.31091e+06 8.18284e+06 7.98424e+06 7.96032e+06 7.932e+06 7.9032e+06 1.20084e+07 1.02321e+07 7.88331e+06 8.07011e+06 8.38282e+06 7.90976e+06 7.86233e+06 7.80733e+06
threshold=1.0000000180025095e-35 5090.5000000000009 2019.5000000000002 1.0000000180025095e-35 1510.5000000000002 52861.000000000007 1.0000000180025095e-35 46670.500000000007 46670.500000000007 1.0000000180025095e-35 49.086193642899197 1.0000000180025095e-35 46215.500000000007 1.0000000180025095e-35 3.641052719675467 49.58469035707116 2019.5000000000002 50.849742826575884 8.7922112358916067 1.0000000180025095e-35 79842.500000000015 47.052345781429288 1.0000000180025095e-35 5991.5000000000009 14955.000000000002 40975.000000000007 4975.5000000000009 1.0000000180025095e-35 2019.5000000000002 1.0000000180025095e-35 30.958491610009386 20.811850051578766 928.50000000000011 42.845288989930189 49.58469035707116 43750.500000000007 5.5000000000000009 17.500000000000004 1.0000000180025095e-35 26.988004809714827 15.775500275987469 15.055163987698602 21.981087411853562 21.723685867568019 1.0000000180025095e-35 18.545935257120366 1.0000000180025095e-35 18.00213777698308 13.500000000000002 14.605913263954788 9.5748938426300949 28.684346822020917 43.080037527664238 2023.5000000000002 1.0000000180025095e-35 2021.5000000000002 1.0000000180025095e-35 19.500000000000004 1.0000000180025095e-35 20.695004341301857 1.0000000180025095e-35 55741.000000000007 20.858971379001591
decision_type=2 2 2 2 2 2 2 2 2 2 2 2 2 2 2 2 2 2 2 2 2 2 2 2 2 2 2 2 2 2 2 2 2 2 2 2 2 2 2 2 2 2 2 2 2 2 2 2 2 2 2 2 2 2 2 2 2 2 2 2 2 2 2
left_child=9 4 5 6 14 -3 7 -4 21 15 11 20 -5 -6 -2 16 -1 -12 -18 26 29 23 52 -8 -25 39 28 -14 -15 -10 31 37 33 -16 -35 -27 -37 44 -34 40 41 -26 43 62 48 46 47 54 50 -50 -22 -44 -20 -32 -46 -56 -57 60 59 -59 -52 -31 -33
right_child=1 2 3 12 13 -7 8 -9 10 -11 17 -13 27 19 32 -17 18 -19 22 -21 30 -23 -24 24 25 35 -28 -29 -30 61 53 42 38 34 -36 36 -38 -39 -40 -41 -42 -43 51 -45 45 -47 -48 -49 49 -51 57 -53 -54 -55 55 56 -58 58 -60 -61 -62 -63 -64
leaf_value=3.5402671258096765 3.1621470577406536 3.5752141857041733 3.4344908618130177 3.5898283706361243 3.5549486892808702 4.3254487722315096 3.5937009674252072 4.5228865177501829 3.0988293126354471 4.2436841506134106 4.3631633861436407 4.2662901463992355 3.6001592869327319 3.8279802247724595 3.5117060274357939 3.6870942800514066 3.2754601616178558 3.5807025002208737 2.5777531476291897 3.6438614397674298 3.5246845830135642 3.6185227351583338 3.7555727795975473 3.3322805074995245 3.4892545504761414 3.1908472234131882 3.6547812169322347 4.1369839163079849 4.0808137457466254 2.7625009818855175 3.2938737067008783 2.0069402716507652 3.6404143266378814 4.1478341773268559 3.3281116805319977 3.281943827281081 3.485871208380217 3.3828921438401216 3.8971820694333461 3.5122940134964922 3.3880713348373077 3.7943948659852698 3.1967912046118392 2.1546405071963162 3.0716440507512113 2.7238995222325175 2.9640224475972161 5.5731891984324307 2.3493821324919928 3.145920633430705 3.3210667074996012 2.8714673432476121 3.0132978798159695 3.6616341605925267 3.2603660042959666 3.784861057046232 4.9980884222891255 2.8172707733612872 3.4193021173048788 5.4751943395932514 5.4666584015649464 3.0136663282379592 3.1386843732161216
leaf_weight=1510 5525 21952 13683 14682 5845 10096 13144 7434 33726 1975 2028 2269 1183 4893 16264 1320 2157 4342 14162 5365 1100 12479 334 69094 42072 7616 2019 10598 45708 4642 11029 178 10981 1231 529 9852 12092 7288 4792 67608 60194 2889 7541 493 515 533 599 62 794 682 135 2515 1133 1691 583 491 269 2657 799 30 63 9477 1059
leaf_count=1510 5525 21952 13683 14682 5845 10096 13144 7434 33726 1975 2028 2269 1183 4893 16264 1320 2157 4342 14162 5365 1100 12479 334 69094 42072 7616 2019 10598 45708 4642 11029 178 10981 1231 529 9852 12092 7288 4792 67608 60194 2889 7541 493 515 533 599 62 794 682 135 2515 1133 1691 583 491 269 2657 799 30 63 9477 1059
internal_value=0 3.51529 3.45107 3.42495 3.81055 3.81156 3.40047 3.81765 3.37815 2.95843 3.20257 3.15877 3.80942 3.96308 3.56295 2.8353 2.77703 3.82981 2.71223 4.00422 3.13052 3.43584 2.6345 3.42782 3.41979 3.44968 4.04096 4.08308 4.05637 3.04933 3.22502 3.17225 3.62848 3.54976 3.90145 3.34189 3.39432 3.25153 3.71842 3.46812 3.43972 3.50886 3.06059 2.74181 3.14873 3.3612 3.49604 3.66202 3.04514 2.71743 3.14625 3.11543 2.61002 3.34276 3.59825 3.80018 4.21428 3.03325 2.97813 2.84695 4.00375 2.93109 2.97583
internal_weight=0 577410 474258 442210 103152 32048 415747 21117 394630 22591 97590 91220 26463 63830 39322 20616 19296 6370 17786 57985 88951 297040 15629 284561 271417 202323 52620 11781 50601 47845 41106 28386 33797 18024 1760 29560 21944 16600 15773 172763 105155 44961 11786 1730 9312 3052 2519 1920 6260 1476 4784 10056 15295 12720 1858 1343 760 3684 3486 2687 198 14119 1237
internal_count=600001 577410 474258 442210 103152 32048 415747 21117 394630 22591 97590 91220 26463 63830 39322 20616 19296 6370 17786 57985 88951 297040 15629 284561 271417 202323 52620 11781 50601 47845 41106 28386 33797 18024 1760 29560 21944 16600 15773 172763 105155 44961 11786 1730 9312 3052 2519 1920 6260 1476 4784 10056 15295 12720 1858 1343 760 3684 3486 2687 198 14119 1237
is_linear=0
shrinkage=0.005


Tree=92
num_leaves=64
num_cat=0
split_feature=1 1 37 27 1 1 3 1 1 27 3 9 1 3 3 3 37 3 3 27 1 9 3 3 9 1 1 1 3 3 37 37 24 1 1 1 1 27 3 3 0 6 1 1 27 1 3 1 3 0 20 1 15 23 17 1 1 9 3 3 0 0 3
split_gain=2.66977e+08 4.33566e+08 1.76878e+08 1.64768e+08 1.54267e+08 1.5417e+08 1.53325e+08 2.2597e+08 1.58286e+08 1.41575e+08 1.04806e+08 1.10456e+08 6.2975e+07 4.24415e+07 4.08947e+07 4.05218e+07 3.77914e+07 3.19601e+07 3.08908e+07 3.04019e+07 2.36104e+07 2.2437e+07 1.86367e+07 1.72661e+07 1.36431e+07 1.37874e+07 2.11107e+07 1.23995e+07 1.2145e+07 1.14558e+07 1.11888e+07 1.09418e+07 1.05951e+07 9.50273e+06 9.22499e+06 1.34227e+07 8.94181e+06 8.15104e+06 8.07557e+06 8.33178e+06 7.96682e+06 7.64432e+06 1.27509e+07 7.7017e+06 7.64212e+06 7.63096e+06 1.17058e+07 1.43418e+07 8.86687e+06 1.15367e+07 1.05055e+07 9.82443e+06 8.14294e+06 7.86522e+06 7.6255e+06 7.59636e+06 2.03529e+07 7.43606e+06 7.31209e+06 7.29714e+06 7.27427e+06 7.74021e+06 1.37807e+07
threshold=1.0000000180025095e-35 5090.5000000000009 2019.5000000000002 1.0000000180025095e-35 1510.5000000000002 54757.500000000007 1.0000000180025095e-35 46670.500000000007 45733.500000000007 1.0000000180025095e-35 49.086193642899197 1.0000000180025095e-35 46215.500000000007 1.0000000180025095e-35 3.641052719675467 49.58469035707116 2019.5000000000002 50.849742826575884 1.0000000180025095e-35 1.0000000180025095e-35 114592.50000000001 1.0000000180025095e-35 31.087322931897432 36.977372812612337 1.0000000180025095e-35 15184.500000000002 6971.5000000000009 4975.5000000000009 1.0000000180025095e-35 9.5748938426300949 2019.5000000000002 2023.5000000000002 1.0000000180025095e-35 440.50000000000006 9904.5000000000018 12053.500000000002 47469.500000000007 1.0000000180025095e-35 13.448529106845264 26.988004809714827 34.500000000000007 1.0000000180025095e-35 71432.500000000015 137048.50000000003 1.0000000180025095e-35 107061.50000000001 12.556687863713243 121117.50000000001 34.722305846319522 27.500000000000004 1.0000000180025095e-35 144028.00000000003 1.0000000180025095e-35 1.0000000180025095e-35 1.0000000180025095e-35 6792.5000000000009 5991.5000000000009 1.0000000180025095e-35 49.58469035707116 23.726451398639828 61.500000000000007 42.500000000000007 38.636177304899796
decision_type=2 2 2 2 2 2 2 2 2 2 2 2 2 2 2 2 2 2 2 2 2 2 2 2 2 2 2 2 2 2 2 2 2 2 2 2 2 2 2 2 2 2 2 2 2 2 2 2 2 2 2 2 2 2 2 2 2 2 2 2 2 2 2
left_child=9 4 5 6 14 -3 7 -4 23 15 11 20 -5 -6 -2 16 -1 -12 -18 27 22 -20 29 24 25 26 55 30 -14 -10 54 36 -22 57 -28 -36 -24 41 -27 59 -31 45 -43 -44 58 -7 52 53 49 -49 -51 -50 -47 -48 -15 56 -8 -16 -35 -40 61 62 -34
right_child=1 2 3 12 13 37 8 -9 10 -11 17 -13 28 19 33 -17 18 -19 21 -21 32 -23 31 -25 -26 38 34 -29 -30 40 -32 -33 60 44 35 -37 -38 -39 39 -41 -42 42 43 -45 -46 46 47 48 51 50 -52 -53 -54 -55 -56 -57 -58 -59 -60 -61 -62 -63 -64
leaf_value=3.5225657736277642 3.1463363806580928 3.5633686327137006 3.4173183718893649 3.5718792084355035 3.5371740098440108 4.5687043477305256 3.5424944650238919 4.500272114097557 3.2242156760859841 4.2224656379116485 4.3120445894669377 4.2241678300806589 3.5821584569208724 3.6948950127546323 3.3698810257104292 3.6686588243577969 3.5862911055970885 3.56418808416359 2.6225765790576077 3.6256422192601541 3.2128402848387463 3.8742136612843945 3.4985951323412889 3.5012633586166597 3.7738378328228657 3.4884134420223165 3.201418617579419 3.6365072945428993 4.116298904523596 3.0970961655246931 4.0604096862377324 3.4805636250095766 3.2244038770103889 3.6822787402264203 3.452609218263154 3.2406568472808761 3.1330319515618115 3.8474738556549641 3.4009271748435799 3.4579834818150519 2.9633570039327144 3.6503322219487497 4.4669005553606391 3.3942852573615059 3.3796643783267819 2.9301139110461212 3.0881885775829865 6.4195346442587446 4.412425656162303 4.1618485747132494 5.8545428508563635 1.6620017118203012 4.7582807150973547 4.6549487365616695 4.1507696513795675 3.6491833533077109 3.1549030098370583 5.2036156010627748 3.2099454603374147 3.289995333433767 2.7606316877203656 3.7800820573184031 4.2554432631673329
leaf_weight=1510 5525 22309 13683 14682 5845 4456 10890 7434 7337 1975 2112 2342 1183 3670 4332 1320 929 4415 16491 5365 9968 366 1835 54304 2447 37250 19994 2019 10598 17522 45708 3174 2309 26039 14068 15926 18923 843 60796 46462 30551 883 1850 184 2524 266 254 132 223 277 137 38 79 117 1223 4793 4916 56 846 19605 316 1998 377
leaf_count=1510 5525 22309 13683 14682 5845 4456 10890 7434 7337 1975 2112 2342 1183 3670 4332 1320 929 4415 16491 5365 9968 366 1835 54304 2447 37250 19994 2019 10598 17522 45708 3174 2309 26039 14068 15926 18923 843 60796 46462 30551 883 1850 184 2524 266 254 132 223 277 137 38 79 117 1223 4793 4916 56 846 19605 316 1998 377
internal_value=0 3.49771 3.43382 3.40782 3.7915 3.7925 3.38347 3.79856 3.36126 2.94363 3.19296 3.15155 3.79037 3.94326 3.54514 2.82112 2.76314 3.80618 2.69867 3.98419 3.12491 2.64975 3.09055 3.42084 3.40243 3.39855 3.34012 4.02075 4.06266 3.04019 4.03608 3.20715 3.30706 3.61033 3.28461 3.34007 3.16535 4.31737 3.42369 3.40468 3.0121 4.3619 4.15206 4.36987 3.64272 4.46427 4.15873 4.39596 4.77002 5.13239 4.72199 4.01198 3.34874 3.58229 3.80884 3.47482 3.42195 3.39328 3.66742 3.37388 3.49488 3.54442 3.36912
internal_weight=0 577410 474258 442210 103152 32048 415747 21117 394630 22591 103179 96652 26463 63830 39322 20616 19296 6527 17786 57985 94310 16857 79342 291451 237147 234700 70587 52620 11781 55410 50601 23932 14968 33797 49988 29994 20758 9739 164113 126863 48073 8896 2917 2034 29409 5979 1523 1178 807 546 414 261 345 371 4893 20599 15806 4388 26885 80401 5000 4684 2686
internal_count=600001 577410 474258 442210 103152 32048 415747 21117 394630 22591 103179 96652 26463 63830 39322 20616 19296 6527 17786 57985 94310 16857 79342 291451 237147 234700 70587 52620 11781 55410 50601 23932 14968 33797 49988 29994 20758 9739 164113 126863 48073 8896 2917 2034 29409 5979 1523 1178 807 546 414 261 345 371 4893 20599 15806 4388 26885 80401 5000 4684 2686
is_linear=0
shrinkage=0.005


Tree=93
num_leaves=64
num_cat=0
split_feature=1 1 37 27 1 1 3 1 1 27 3 9 1 3 3 3 37 3 3 27 1 3 9 1 1 1 1 3 17 37 3 39 1 3 1 38 27 3 3 3 3 38 17 37 1 39 13 38 3 3 38 39 12 17 3 17 3 3 25 28 37 38 1
split_gain=2.64314e+08 4.29241e+08 1.75113e+08 1.63124e+08 1.52728e+08 1.52644e+08 1.51795e+08 2.23716e+08 1.56753e+08 1.40162e+08 1.05141e+08 1.11927e+08 6.23468e+07 4.20182e+07 4.04868e+07 4.01176e+07 3.74144e+07 3.31946e+07 3.06407e+07 3.00986e+07 2.69027e+07 1.7131e+07 1.68005e+07 1.49018e+07 2.78887e+07 1.58703e+07 1.22758e+07 1.20239e+07 1.10891e+07 1.10772e+07 1.00447e+07 9.94698e+06 9.44209e+06 9.58203e+06 9.29674e+06 8.94083e+06 8.69928e+06 8.50864e+06 1.4753e+07 9.99018e+06 7.88591e+06 7.96035e+06 8.74509e+06 7.80592e+06 7.7876e+06 7.62425e+06 7.57794e+06 8.04352e+06 7.55694e+06 1.18768e+07 8.55442e+06 7.59338e+06 7.55181e+06 7.69793e+06 7.52956e+06 7.52252e+06 7.50644e+06 7.37811e+06 8.13279e+06 8.30448e+06 7.36247e+06 7.39565e+06 9.32481e+06
threshold=1.0000000180025095e-35 5090.5000000000009 2019.5000000000002 1.0000000180025095e-35 1510.5000000000002 52861.000000000007 1.0000000180025095e-35 46670.500000000007 46670.500000000007 1.0000000180025095e-35 49.086193642899197 1.0000000180025095e-35 46215.500000000007 1.0000000180025095e-35 3.641052719675467 49.58469035707116 2019.5000000000002 50.849742826575884 8.7922112358916067 1.0000000180025095e-35 79842.500000000015 47.052345781429288 1.0000000180025095e-35 5991.5000000000009 14955.000000000002 40975.000000000007 4975.5000000000009 1.0000000180025095e-35 1.0000000180025095e-35 2019.5000000000002 30.958491610009386 17.500000000000004 928.50000000000011 34.857935552831549 43750.500000000007 5.5000000000000009 1.0000000180025095e-35 26.988004809714827 15.775500275987469 15.055163987698602 43.955623248403974 2.5000000000000004 1.0000000180025095e-35 2023.5000000000002 55741.000000000007 12.500000000000002 1.0000000180025095e-35 1.5000000000000002 20.811850051578766 21.981087411853562 6.5000000000000009 19.500000000000004 1.0000000180025095e-35 1.0000000180025095e-35 30.958491610009386 1.0000000180025095e-35 13.448529106845264 11.699842995178455 1.0000000180025095e-35 1.0000000180025095e-35 2022.5000000000002 6.5000000000000009 82029.000000000015
decision_type=2 2 2 2 2 2 2 2 2 2 2 2 2 2 2 2 2 2 2 2 2 2 2 2 2 2 2 2 2 2 2 2 2 2 2 2 2 2 2 2 2 2 2 2 2 2 2 2 2 2 2 2 2 2 2 2 2 2 2 2 2 2 2
left_child=9 4 5 6 14 -3 7 -4 21 15 11 20 -5 -6 -2 16 -1 60 -18 26 28 23 40 -8 -25 37 29 -14 54 52 31 -22 33 -16 -27 -36 -34 38 39 56 41 -20 -43 -32 -30 -44 -45 -48 -33 -50 51 -51 53 -15 -10 -13 -26 58 -46 -60 -12 62 -62
right_child=1 2 3 12 13 -7 8 -9 10 -11 17 55 27 19 32 -17 18 -19 22 -21 30 -23 -24 24 25 34 -28 -29 44 -31 43 48 36 -35 35 -37 -38 -39 -40 -41 -42 42 45 46 57 -47 47 -49 49 50 -52 -53 -54 -55 -56 -57 -58 -59 59 -61 61 -63 -64
leaf_value=3.504952928324335 3.1306046681987012 3.5395212468724093 3.4002318259414093 3.5540197896558023 3.5194881114576289 4.2823679758521411 3.5580412274512234 4.477770750608455 3.0185410892347448 4.2013532836950276 4.1008238881381729 4.4007602053949455 3.5642476467026158 3.7721491008780141 3.4503405824822178 3.6503154807269125 3.2438018042601446 3.5449780396302413 2.3017106794323685 3.6075139289000329 3.0578232824984104 3.5828946243230826 3.7174237765951785 3.2989282066851229 3.4887760412018571 3.1577058252243408 3.6183247188319663 4.0957174055873473 2.7332264243316859 4.0401076782138317 3.2613287031146587 3.3502572870507459 3.7181957539588866 3.7225444564274337 3.2486464487063693 3.4515573897737943 3.3046414594923728 3.4773554239064324 3.3542740360471304 3.758405029763809 3.0255235075126974 2.6975642289023773 2.6922990622626397 3.8267945501095713 3.0522634518037899 2.2120741179170307 4.7877772899401387 2.806227329410997 2.5122330318375128 4.0638622790948578 2.9633835641543276 3.2818665059985705 3.4601275349012033 4.3025292754292721 3.180965530457283 3.7553634250240697 3.3244961820099679 2.9271232508362175 3.1950872985249781 4.568921681701867 4.4898079096361743 4.1007864272165646 5.9846088840553469
leaf_weight=1510 5525 21952 13683 14682 5845 10096 13144 7434 23475 1975 1327 1647 1183 2694 13802 1320 2157 4342 2556 5365 15903 12479 334 69094 33282 7616 2019 10598 4642 45708 11029 7288 14378 4222 9852 12092 1395 67608 60194 2889 948 8314 1353 1244 878 2124 59 388 736 367 2078 2014 1282 917 10251 622 8790 8159 219 221 236 278 187
leaf_count=1510 5525 21952 13683 14682 5845 10096 13144 7434 23475 1975 1327 1647 1183 2694 13802 1320 2157 4342 2556 5365 15903 12479 334 69094 33282 7616 2019 10598 4642 45708 11029 7288 14378 4222 9852 12092 1395 67608 60194 2889 948 8314 1353 1244 878 2124 59 388 736 367 2078 2014 1282 917 10251 622 8790 8159 219 221 236 278 187
internal_value=0 3.48023 3.41665 3.39078 3.77254 3.77354 3.36655 3.77957 3.34445 2.92891 3.1706 3.12723 3.77142 3.92354 3.52741 2.80702 2.74933 3.79165 2.68518 3.96427 3.09926 3.40157 2.60808 3.39362 3.38566 3.41528 4.00065 4.04235 3.01866 4.0159 3.19307 3.14075 3.59228 3.5141 3.30822 3.36046 3.68162 3.43359 3.40546 3.47398 2.58385 2.55467 2.60951 3.30983 2.90101 2.39894 3.62615 3.06777 3.24639 3.10068 3.19781 3.4024 3.7898 3.90684 3.06791 4.22384 3.45445 2.9832 3.33031 3.88513 4.31979 4.73429 5.15063
internal_weight=0 577410 474258 442210 103152 32048 415747 21117 394630 22591 97590 91220 26463 63830 39322 20616 19296 6370 17786 57985 88951 297040 15629 284561 271417 202323 52620 11781 47845 50601 41106 28386 33797 18024 29560 21944 15773 172763 105155 44961 15295 14347 11791 12720 14119 3477 1691 447 12483 5195 4459 2381 4893 3611 33726 2269 42072 9477 1318 440 2028 701 423
internal_count=600001 577410 474258 442210 103152 32048 415747 21117 394630 22591 97590 91220 26463 63830 39322 20616 19296 6370 17786 57985 88951 297040 15629 284561 271417 202323 52620 11781 47845 50601 41106 28386 33797 18024 29560 21944 15773 172763 105155 44961 15295 14347 11791 12720 14119 3477 1691 447 12483 5195 4459 2381 4893 3611 33726 2269 42072 9477 1318 440 2028 701 423
is_linear=0
shrinkage=0.005


Tree=94
num_leaves=64
num_cat=0
split_feature=1 1 37 27 1 1 3 1 1 27 3 9 1 3 3 3 37 3 3 27 1 9 3 1 1 1 1 3 17 37 3 3 1 1 38 39 38 3 3 1 1 3 22 3 32 3 39 3 3 3 3 27 3 3 8 0 2 37 33 3 37 1 26
split_gain=2.61678e+08 4.24959e+08 1.73366e+08 1.61497e+08 1.51205e+08 1.51148e+08 1.50281e+08 2.21485e+08 1.55189e+08 1.38764e+08 1.04092e+08 1.10811e+08 6.17249e+07 4.1599e+07 4.00829e+07 3.97174e+07 3.70412e+07 3.28635e+07 3.03895e+07 2.97984e+07 2.66344e+07 2.20273e+07 1.69601e+07 1.47532e+07 2.76106e+07 1.5712e+07 1.21534e+07 1.19039e+07 1.09785e+07 1.09667e+07 9.94446e+06 9.87785e+06 9.37449e+06 9.204e+06 8.85165e+06 8.76496e+06 8.42722e+06 9.06254e+06 1.40828e+07 8.53461e+06 1.73895e+07 8.46006e+06 8.11567e+06 1.0383e+07 8.80939e+06 9.26986e+06 8.2131e+06 9.22332e+06 8.09468e+06 9.41367e+06 8.07912e+06 8.06974e+06 7.90368e+06 7.86332e+06 9.96301e+06 8.17034e+06 7.82444e+06 1.18867e+07 1.01321e+07 7.72819e+06 7.72805e+06 7.70992e+06 7.59097e+06
threshold=1.0000000180025095e-35 5090.5000000000009 2019.5000000000002 1.0000000180025095e-35 1510.5000000000002 54757.500000000007 1.0000000180025095e-35 46670.500000000007 46670.500000000007 1.0000000180025095e-35 49.086193642899197 1.0000000180025095e-35 46215.500000000007 1.0000000180025095e-35 3.641052719675467 49.58469035707116 2019.5000000000002 50.849742826575884 1.0000000180025095e-35 1.0000000180025095e-35 79842.500000000015 1.0000000180025095e-35 47.052345781429288 5991.5000000000009 14955.000000000002 40975.000000000007 4975.5000000000009 1.0000000180025095e-35 1.0000000180025095e-35 2019.5000000000002 30.958491610009386 20.811850051578766 440.50000000000006 43750.500000000007 5.5000000000000009 17.500000000000004 10.500000000000002 26.988004809714827 15.775500275987469 33603.500000000007 30996.000000000004 15.055163987698602 1.0000000180025095e-35 18.545935257120366 1.0000000180025095e-35 18.00213777698308 13.500000000000002 14.605913263954788 21.981087411853562 21.723685867568019 9.5748938426300949 1.0000000180025095e-35 28.684346822020917 17.020581862288818 1.0000000180025095e-35 19.500000000000004 1.0000000180025095e-35 2021.5000000000002 1.0000000180025095e-35 20.858971379001591 2023.5000000000002 55741.000000000007 1.0000000180025095e-35
decision_type=2 2 2 2 2 2 2 2 2 2 2 2 2 2 2 2 2 2 2 2 2 2 2 2 2 2 2 2 2 2 2 2 2 2 2 2 2 2 2 2 2 2 2 2 2 2 2 2 2 2 2 2 2 2 2 2 2 2 2 2 2 2 2
left_child=9 4 5 6 14 -3 7 -4 22 15 11 20 -5 -6 -2 16 -1 -12 -18 26 28 -20 23 -8 -25 36 29 -14 -10 -15 31 35 -16 -27 -35 42 37 38 41 40 -40 -26 46 44 45 56 50 -48 49 59 -22 -7 -50 -52 55 -55 -44 -58 -59 -33 -32 -30 -34
right_child=1 2 3 12 13 51 8 -9 10 -11 17 -13 27 19 32 -17 18 -19 21 -21 30 -23 -24 24 25 33 -28 -29 61 -31 60 48 62 34 -36 -37 -38 -39 39 -41 -42 -43 43 -45 -46 -47 47 -49 52 -51 53 -53 -54 54 -56 -57 57 58 -60 -61 -62 -63 -64
leaf_value=3.4874282237575178 3.1149516447273919 3.5277946869778414 3.3832305986058508 3.5362497759145071 3.501890735156318 4.3186781439199926 3.5402510258869899 4.4553819122886749 3.052570358658993 4.1803465438166754 4.2981882928488169 4.2027186656172262 3.5464263945258683 3.7708472046478074 3.358739753869874 3.6320639233494347 3.5521406439379803 3.5272531048713991 2.5963051263221892 3.5894764474191652 3.4755524363371246 3.8364623656176806 3.5649801322007968 3.282433563744636 3.4522496745295728 3.1419172819507919 3.600233054166976 4.0752388339371732 2.719560279335838 4.0199070887057724 3.2450220768978504 1.9673088586815695 3.5530019367183532 3.2324031991054318 3.4342996357333777 3.3335060022803713 3.331005686687293 3.4795214241837198 3.3362641134366253 3.4647297867190758 2.8852962261732973 3.7541604875654819 3.0252624859659507 2.6793922875952636 2.9181658892639493 5.5145779687358489 2.3065616239080913 3.0993446060798822 3.1496526891003676 2.1141965851435556 2.8182847600561565 3.8068246029845905 2.8259742177342089 5.1415258242970427 3.9248452994380245 2.879990655694336 3.2130870052090943 3.7348403740171991 4.9421247985682077 3.0933023935378414 3.6080238524269665 2.968279287076097 3.7271358108612396
leaf_weight=1510 5525 22309 13683 14682 5845 8896 13144 7434 33726 1975 2028 2269 1183 4893 4388 1320 929 4342 16491 5365 1100 366 12479 69094 36048 7616 2019 10598 4642 45708 11029 178 20376 9852 12092 7288 24739 57887 37738 11605 2266 2480 515 533 599 62 794 682 7541 493 2400 843 2515 42 429 813 583 491 269 1059 1691 9477 9033
leaf_count=1510 5525 22309 13683 14682 5845 8896 13144 7434 33726 1975 2028 2269 1183 4893 4388 1320 929 4342 16491 5365 1100 366 12479 69094 36048 7616 2019 10598 4642 45708 11029 178 20376 9852 12092 7288 24739 57887 37738 11605 2266 2480 515 533 599 62 794 682 7541 493 2400 843 2515 42 429 813 583 491 269 1059 1691 9477 9033
internal_value=0 3.46282 3.39956 3.37383 3.75367 3.75467 3.34972 3.76067 3.32773 2.91427 3.15475 3.11159 3.75256 3.90393 3.50978 2.79298 2.73558 3.77269 2.67175 3.94445 3.08376 2.62323 3.38456 3.37665 3.36873 3.3982 3.98064 4.02214 3.00357 3.99582 3.1771 3.12504 3.57432 3.29168 3.34366 3.20364 3.41643 3.4307 3.39935 3.34535 3.31072 3.47168 3.10199 3.31339 3.44754 3.6127 2.99893 2.67287 3.01435 2.69843 3.09952 4.27437 3.0687 2.98725 3.30306 2.99108 3.54923 3.75016 4.16216 2.93128 3.29328 2.88651 3.60649
internal_weight=0 577410 474258 442210 103152 32048 415747 21117 394630 22591 97590 91220 26463 63830 39322 20616 19296 6370 17786 57985 88951 16857 297040 284561 271417 202323 52620 11781 47845 50601 41106 28386 33797 29560 21944 16600 172763 148024 90137 51609 40004 38528 9312 3052 2519 1920 6260 1476 11786 1730 4784 9739 10056 3684 1284 855 1858 1343 760 1237 12720 14119 29409
internal_count=600001 577410 474258 442210 103152 32048 415747 21117 394630 22591 97590 91220 26463 63830 39322 20616 19296 6370 17786 57985 88951 16857 297040 284561 271417 202323 52620 11781 47845 50601 41106 28386 33797 29560 21944 16600 172763 148024 90137 51609 40004 38528 9312 3052 2519 1920 6260 1476 11786 1730 4784 9739 10056 3684 1284 855 1858 1343 760 1237 12720 14119 29409
is_linear=0
shrinkage=0.005


Tree=95
num_leaves=64
num_cat=0
split_feature=1 1 37 27 1 1 3 1 1 27 3 9 1 3 3 3 37 3 3 27 1 3 3 9 9 1 1 1 3 3 37 37 24 1 3 3 1 1 1 26 3 3 0 3 1 1 1 17 39 38 3 0 39 3 3 1 3 3 3 21 0 37 1
split_gain=2.59068e+08 4.2072e+08 1.71637e+08 1.59886e+08 1.49696e+08 1.49653e+08 1.48782e+08 2.19275e+08 1.53679e+08 1.3738e+08 1.01717e+08 1.07206e+08 6.11092e+07 4.11841e+07 3.96831e+07 3.93212e+07 3.66717e+07 3.10125e+07 3.01418e+07 2.95012e+07 2.31733e+07 1.82567e+07 1.68582e+07 1.64505e+07 1.35018e+07 1.34273e+07 2.06079e+07 1.20321e+07 1.17852e+07 1.12719e+07 1.08573e+07 1.075e+07 1.04919e+07 9.31472e+06 9.52169e+06 9.80666e+06 9.12446e+06 1.33041e+07 8.77499e+06 8.62038e+06 7.90002e+06 8.07535e+06 7.88549e+06 7.80938e+06 7.67253e+06 7.63951e+06 1.98807e+07 7.48258e+06 7.29139e+06 7.60338e+06 7.26213e+06 7.43814e+06 7.26156e+06 7.68134e+06 9.06488e+06 7.25757e+06 7.25147e+06 8.9054e+06 7.24626e+06 7.22223e+06 1.14214e+07 7.94938e+06 8.34134e+06
threshold=1.0000000180025095e-35 5090.5000000000009 2019.5000000000002 1.0000000180025095e-35 1510.5000000000002 52861.000000000007 1.0000000180025095e-35 46670.500000000007 45733.500000000007 1.0000000180025095e-35 49.086193642899197 1.0000000180025095e-35 46215.500000000007 1.0000000180025095e-35 3.641052719675467 49.58469035707116 2019.5000000000002 50.849742826575884 8.7922112358916067 1.0000000180025095e-35 114592.50000000001 31.087322931897432 36.977372812612337 1.0000000180025095e-35 1.0000000180025095e-35 15184.500000000002 6971.5000000000009 4975.5000000000009 1.0000000180025095e-35 9.5748938426300949 2019.5000000000002 2023.5000000000002 1.0000000180025095e-35 928.50000000000011 42.845288989930189 49.58469035707116 9904.5000000000018 12053.500000000002 47469.500000000007 1.0000000180025095e-35 13.448529106845264 26.988004809714827 34.500000000000007 43.080037527664238 605.50000000000011 6792.5000000000009 5991.5000000000009 1.0000000180025095e-35 28.500000000000004 11.500000000000002 47.880588994942194 28.500000000000004 15.500000000000002 29.232596759212608 24.58288236567201 18323.000000000004 49.938894560673965 29.984256972886694 51.827496266194082 1.0000000180025095e-35 52.500000000000007 2021.5000000000002 50699.500000000007
decision_type=2 2 2 2 2 2 2 2 2 2 2 2 2 2 2 2 2 2 2 2 2 2 2 2 2 2 2 2 2 2 2 2 2 2 2 2 2 2 2 2 2 2 2 2 2 2 2 2 2 2 2 2 2 2 2 2 2 2 2 2 2 2 2
left_child=9 4 5 6 14 -3 7 55 22 15 11 20 -5 -6 -2 16 52 -12 48 27 21 29 24 43 25 26 45 30 -14 -10 47 38 -22 34 -16 44 -28 -38 -23 -35 -27 -42 -31 -20 -36 46 -8 -15 49 -18 51 -41 -1 54 -54 -4 57 -32 -7 61 -61 62 -9
right_child=1 2 3 12 13 58 8 59 10 -11 17 -13 28 19 33 -17 18 -19 23 -21 32 31 -24 -25 -26 40 36 -29 -30 42 56 -33 -34 39 35 -37 37 -39 -40 50 41 -43 -44 -45 -46 -47 -48 -49 -50 -51 -52 -53 53 -55 -56 -57 -58 -59 -60 60 -62 -63 -64
leaf_value=3.0940134716525631 3.0993768720555295 3.5041847430060535 3.2445687470631781 3.5185684683726524 3.4843812046462945 4.2537104852410366 3.4892904991233453 3.0744895787964892 3.1768777302518423 4.1594449767343606 4.2476869147479759 4.1611814314377016 3.5286943018315511 3.6391204190704189 3.4409940394222271 3.6139036391902941 3.3768534499237428 3.5109997680616538 2.5259967700028634 3.5715290178639636 3.1649157226888609 3.4482744414150228 3.4492670189701631 3.6796543719275987 3.7210884516858842 3.4365739023679756 3.152504689489855 3.5822318935211253 4.0548627192368318 3.0510326172174294 3.9596263953992885 3.430590926750523 3.4455818465426562 3.5679653648729626 4.4896543389705377 3.2588021422449378 3.4024393452400115 3.1914256626217865 3.0861373116761106 3.5074119456569428 3.32343084439389 3.406232385086446 2.9179778407101207 2.9573923554240555 3.699003741908331 3.5980306259846602 3.106221661371269 4.0907028286171832 2.1676912010562037 2.1564439809061318 2.9431403871040263 3.9789971056023363 3.7408832873489364 4.4815251768964819 2.027417642942039 3.4752316603849422 3.6445963121793383 4.1088159844452976 2.9575140570582601 4.4601858760718702 5.2467548015743004 4.1489922210865693 4.622207162339552
leaf_weight=694 5525 21952 6461 14682 5845 9987 10890 91 7337 1975 2112 2342 1183 3670 16264 1320 1865 4415 14162 5365 9968 1835 54304 334 2447 37250 19994 2019 10598 17522 29063 3174 5000 10981 582 529 14068 15926 18923 1102 80401 46462 30551 1133 649 4793 4916 1223 155 137 224 3466 454 269 93 7222 1393 15252 109 1896 610 2829 2008
leaf_count=694 5525 21952 6461 14682 5845 9987 10890 91 7337 1975 2112 2342 1183 3670 16264 1320 1865 4415 14162 5365 9968 1835 54304 334 2447 37250 19994 2019 10598 17522 29063 3174 5000 10981 582 529 14068 15926 18923 1102 80401 46462 30551 1133 649 4793 4916 1223 155 137 224 3466 454 269 93 7222 1393 15252 109 1896 610 2829 2008
internal_value=0 3.44551 3.38257 3.35696 3.73491 3.7359 3.33297 3.74187 3.31109 2.8997 3.14526 3.10446 3.7338 3.88441 3.49223 2.77902 2.7219 3.74938 2.65839 3.92473 3.07822 3.04418 3.3698 2.58192 3.3516 3.34775 3.29009 3.96074 4.00203 2.99433 3.97584 3.15959 3.25867 3.55645 3.4788 3.82815 3.23524 3.2904 3.11815 3.64518 3.37255 3.35376 2.96647 2.55795 4.07281 3.42317 3.37015 3.75199 3.21245 3.29334 3.82213 3.86523 3.46999 3.78976 3.44956 3.36631 3.99981 4.01097 4.23972 4.4331 4.65165 4.32197 4.55511
internal_weight=0 577410 474258 442210 103152 32048 415747 21117 394630 22591 103179 96652 26463 63830 39322 20616 19296 6527 17786 57985 94310 79342 291451 15629 237147 234700 70587 52620 11781 55410 50601 23932 14968 33797 18024 1760 49988 29994 20758 15773 164113 126863 48073 15295 1231 20599 15806 4893 2157 2002 4792 4568 1510 816 547 13683 45708 44315 10096 7434 2506 4928 2099
internal_count=600001 577410 474258 442210 103152 32048 415747 21117 394630 22591 103179 96652 26463 63830 39322 20616 19296 6527 17786 57985 94310 79342 291451 15629 237147 234700 70587 52620 11781 55410 50601 23932 14968 33797 18024 1760 49988 29994 20758 15773 164113 126863 48073 15295 1231 20599 15806 4893 2157 2002 4792 4568 1510 816 547 13683 45708 44315 10096 7434 2506 4928 2099
is_linear=0
shrinkage=0.005


Tree=96
num_leaves=64
num_cat=0
split_feature=1 1 37 27 1 1 3 1 1 27 3 9 1 3 3 3 37 3 3 27 1 9 3 1 1 1 3 1 3 37 25 39 36 3 1 3 1 33 0 0 3 0 38 1 32 38 38 3 3 1 1 3 0 1 38 37 0 3 38 12 27 37 39
split_gain=2.56483e+08 4.16523e+08 1.69925e+08 1.58291e+08 1.48203e+08 1.48187e+08 1.47298e+08 2.17088e+08 1.52153e+08 1.3601e+08 1.02048e+08 1.08638e+08 6.04997e+07 4.07733e+07 3.92872e+07 3.8929e+07 3.63059e+07 3.2224e+07 2.98916e+07 2.92069e+07 2.62593e+07 2.16238e+07 1.67078e+07 1.44957e+07 2.71197e+07 1.5501e+07 1.23071e+07 1.19121e+07 1.16676e+07 1.0749e+07 9.9298e+06 9.45486e+06 1.41539e+07 1.14324e+07 9.26202e+06 9.17542e+06 9.13975e+06 9.03056e+06 1.13416e+07 9.0043e+06 8.99427e+06 8.77898e+06 8.76348e+06 8.73626e+06 8.37258e+06 1.26235e+07 8.34336e+06 8.90211e+06 1.38515e+07 8.44807e+06 1.72165e+07 8.40003e+06 8.178e+06 1.29414e+07 1.16496e+07 9.30691e+06 8.11646e+06 8.08179e+06 8.0121e+06 9.44222e+06 7.99061e+06 7.97657e+06 1.20598e+07
threshold=1.0000000180025095e-35 5090.5000000000009 2019.5000000000002 1.0000000180025095e-35 1510.5000000000002 54757.500000000007 1.0000000180025095e-35 46670.500000000007 46670.500000000007 1.0000000180025095e-35 49.086193642899197 1.0000000180025095e-35 46215.500000000007 1.0000000180025095e-35 3.641052719675467 49.58469035707116 2019.5000000000002 50.849742826575884 1.0000000180025095e-35 1.0000000180025095e-35 88202.000000000015 1.0000000180025095e-35 47.052345781429288 5991.5000000000009 14955.000000000002 40975.000000000007 34.979870140845065 4975.5000000000009 1.0000000180025095e-35 2019.5000000000002 1.0000000180025095e-35 18.500000000000004 1.0000000180025095e-35 30.958491610009386 440.50000000000006 8.5967842720601748 43750.500000000007 1.0000000180025095e-35 41.500000000000007 45.500000000000007 31.304105584986868 29.500000000000004 5.5000000000000009 53792.500000000007 1.0000000180025095e-35 7.5000000000000009 10.500000000000002 26.988004809714827 15.775500275987469 33603.500000000007 30996.000000000004 15.055163987698602 21.500000000000004 114592.50000000001 3.5000000000000004 2021.5000000000002 46.500000000000007 6.0735683260134321 2.5000000000000004 1.0000000180025095e-35 1.0000000180025095e-35 2022.5000000000002 11.500000000000002
decision_type=2 2 2 2 2 2 2 2 2 2 2 2 2 2 2 2 2 2 2 2 2 2 2 2 2 2 2 2 2 2 2 2 2 2 2 2 2 2 2 2 2 2 2 2 2 2 2 2 2 2 2 2 2 2 2 2 2 2 2 2 2 2 2
left_child=9 4 5 6 14 -3 7 -4 22 15 11 20 -5 -6 -2 16 -1 -12 -18 27 26 -20 23 -8 -25 46 43 29 -14 -15 31 33 -33 35 -16 44 -27 40 -39 -28 -35 52 -38 -10 57 56 47 48 51 50 -50 -26 55 54 -54 -34 -46 58 -22 61 -7 62 -60
right_child=1 2 3 12 13 60 8 -9 10 -11 17 -13 28 19 34 -17 18 -19 21 -21 30 -23 -24 24 25 36 39 -29 -30 -31 -32 32 41 37 -36 -37 42 38 -40 -41 -42 -43 -44 -45 45 -47 -48 -49 49 -51 -52 -53 53 -55 -56 -57 -58 -59 59 -61 -62 -63 -64
leaf_value=3.452641072997817 3.0838800293128821 3.492575675757061 3.3494828543285955 3.5009755655078734 3.4669592508351874 4.2758905026694363 3.5051235696631791 4.4109394400130295 2.8199215897953285 4.1386476330141475 4.2554589618589631 4.1608991560379334 3.5110508158813931 3.7332329769517516 3.3243829352005299 3.595834116739983 3.5182476736577901 3.4920618539167299 2.5703012814354635 3.5536713620948239 1.6803815993537075 3.7990473507458722 3.5298800759601141 3.2495798442277937 3.4179196272616701 3.1092714105125423 3.2404994898568491 3.5643207679313265 4.0345883104465532 3.9798085382626249 3.0421807511561587 3.4984105129748784 3.8338430016149174 4.9114916377872619 3.5706399221258214 2.9856587834409258 3.1996073451423444 3.2714911050232973 4.3311701560711064 2.9577432712063363 3.1797999274365574 2.9119899155793285 3.4004957218521854 2.9878205019673199 2.6261848719914753 1.0556774163246154 3.2974215540066174 3.4450059403657729 3.3029553694019689 3.4307656171393774 2.8542359080593065 3.7187572423180022 1.4145099223681858 4.7947092387561714 3.8577736234331725 2.0077034378937775 5.1705604221343995 4.2613105217861547 6.5832097849249838 2.215713167559533 3.7665526883840599 2.823533108708641 3.3261931756249181
leaf_weight=1510 5525 22309 13683 14682 5845 8896 13144 7434 9943 1975 2028 2269 1183 4893 4388 1320 929 4342 16491 5365 69 366 12479 69094 36048 7616 7311 2019 10598 45708 10584 5821 132 77 29409 7822 9852 534 479 4579 2863 2179 12092 35090 84 79 24739 57887 37738 11605 2266 2480 70 229 161 148 50 386 60 84 843 63 54
leaf_count=1510 5525 22309 13683 14682 5845 8896 13144 7434 9943 1975 2028 2269 1183 4893 4388 1320 929 4342 16491 5365 69 366 12479 69094 36048 7616 7311 2019 10598 45708 10584 5821 132 77 29409 7822 9852 534 479 4579 2863 2179 12092 35090 84 79 24739 57887 37738 11605 2266 2480 70 229 161 148 50 386 60 84 843 63 54
internal_value=0 3.42828 3.36565 3.34017 3.71623 3.71722 3.31631 3.72316 3.29454 2.8852 3.12325 3.08053 3.71513 3.86498 3.47477 2.76512 2.70829 3.7351 2.6451 3.90511 3.05297 2.59698 3.35081 3.34296 3.33511 3.36431 2.98853 3.94094 3.98202 3.95597 3.1675 3.22935 3.35593 3.14226 3.53867 3.04145 3.25851 3.36543 3.77256 3.13161 3.22515 3.07178 3.3103 2.95075 3.51125 2.64097 3.38242 3.39662 3.36555 3.31199 3.27754 3.43728 3.54231 3.9524 3.11739 2.8686 3.57558 3.77014 3.19562 3.59621 4.2318 4.25135 5.04041
internal_weight=0 577410 474258 442210 103152 32048 415747 21117 394630 22591 97590 91220 26463 63830 39322 20616 19296 6370 17786 57985 88951 16857 297040 284561 271417 202323 56923 52620 11781 50601 32028 21444 8740 12704 33797 8751 29560 3953 1013 11890 2940 2919 21944 45033 929 213 172763 148024 90137 51609 40004 38528 740 460 231 280 134 716 330 261 9739 177 114
internal_count=600001 577410 474258 442210 103152 32048 415747 21117 394630 22591 97590 91220 26463 63830 39322 20616 19296 6370 17786 57985 88951 16857 297040 284561 271417 202323 56923 52620 11781 50601 32028 21444 8740 12704 33797 8751 29560 3953 1013 11890 2940 2919 21944 45033 929 213 172763 148024 90137 51609 40004 38528 740 460 231 280 134 716 330 261 9739 177 114
is_linear=0
shrinkage=0.005


Tree=97
num_leaves=64
num_cat=0
split_feature=1 1 37 27 1 1 3 1 1 27 3 9 1 3 3 3 37 3 3 27 1 3 3 9 9 1 1 1 3 3 37 37 24 1 3 1 1 1 27 0 3 3 3 38 17 1 1 39 12 17 39 38 0 0 3 2 2 31 32 3 1 3 3
split_gain=2.53925e+08 4.12369e+08 1.6823e+08 1.56712e+08 1.46725e+08 1.4672e+08 1.45829e+08 2.14923e+08 1.50669e+08 1.34653e+08 9.97063e+07 1.05088e+08 5.98962e+07 4.03666e+07 3.88954e+07 3.85407e+07 3.59438e+07 3.03965e+07 2.96511e+07 2.89156e+07 2.28006e+07 1.79458e+07 1.65756e+07 1.61076e+07 1.33645e+07 1.31843e+07 2.02593e+07 1.17933e+07 1.15512e+07 1.11416e+07 1.06453e+07 1.06418e+07 1.035e+07 9.18844e+06 9.43112e+06 9.02928e+06 1.31789e+07 8.65332e+06 8.58266e+06 7.82743e+06 7.7944e+06 7.91877e+06 7.73645e+06 7.88131e+06 8.65756e+06 7.62215e+06 1.95506e+07 7.54807e+06 7.47532e+06 7.55607e+06 7.21338e+06 7.52652e+06 7.20399e+06 7.66406e+06 1.35918e+07 7.6594e+06 7.87806e+06 1.09282e+07 7.81579e+06 7.26106e+06 1.6913e+07 1.29516e+07 1.71049e+07
threshold=1.0000000180025095e-35 5090.5000000000009 2019.5000000000002 1.0000000180025095e-35 1510.5000000000002 52861.000000000007 1.0000000180025095e-35 46670.500000000007 45733.500000000007 1.0000000180025095e-35 49.086193642899197 1.0000000180025095e-35 46215.500000000007 1.0000000180025095e-35 3.641052719675467 49.58469035707116 2019.5000000000002 50.849742826575884 8.7922112358916067 1.0000000180025095e-35 114592.50000000001 31.087322931897432 36.977372812612337 1.0000000180025095e-35 1.0000000180025095e-35 15184.500000000002 6971.5000000000009 4975.5000000000009 1.0000000180025095e-35 9.5748938426300949 2023.5000000000002 2019.5000000000002 1.0000000180025095e-35 928.50000000000011 34.857935552831549 9904.5000000000018 12053.500000000002 47469.500000000007 1.0000000180025095e-35 43.500000000000007 13.448529106845264 26.988004809714827 43.955623248403974 2.5000000000000004 1.0000000180025095e-35 6792.5000000000009 5991.5000000000009 12.500000000000002 1.0000000180025095e-35 1.0000000180025095e-35 28.500000000000004 11.500000000000002 61.500000000000007 42.500000000000007 38.636177304899796 2.5000000000000004 1.0000000180025095e-35 1.0000000180025095e-35 1.0000000180025095e-35 24.173553532736403 121117.50000000001 30.75477482323485 31.716507772126931
decision_type=2 2 2 2 2 2 2 2 2 2 2 2 2 2 2 2 2 2 2 2 2 2 2 2 2 2 2 2 2 2 2 2 2 2 2 2 2 2 2 2 2 2 2 2 2 2 2 2 2 2 2 2 2 2 2 2 2 2 2 2 2 2 2
left_child=9 4 5 6 14 -3 7 -4 22 15 11 20 -5 -6 -2 16 -1 -12 50 27 21 29 24 42 25 26 45 31 -14 -10 37 48 -22 34 -16 -28 -37 -23 -35 -31 -27 -42 43 -20 -45 46 -8 -46 49 -15 51 -18 53 54 -34 56 57 -56 -58 60 -55 -61 -63
right_child=1 2 3 12 13 -7 8 -9 10 -11 17 -13 28 19 33 -17 18 -19 23 -21 32 30 -24 -25 -26 40 35 -29 -30 39 -32 -33 52 38 -36 36 -38 -39 -40 -41 41 -43 -44 44 47 -47 -48 -49 -50 -51 -52 -53 -54 59 55 -57 58 -59 -60 61 -62 62 -64
leaf_value=3.4353778798961585 3.0684605529496842 3.4692009291986654 3.3327354937185927 3.4834706832400713 3.449624523964828 4.1974893617765057 3.4543184843928421 4.3888847470042514 3.1457906008539327 4.1179544987592518 4.2053154136268702 4.1197029730215045 3.4934955415316087 3.6975723401608906 3.3805933626689995 3.5778549274738993 3.344950200154059 3.4759813257926995 2.251705355848884 3.5359029985655166 3.13336446190505 3.4147374837346662 3.4149922823169283 3.6422609594268001 3.6857523954558311 3.402485904852786 3.1204943065982911 3.5464991177049106 4.0144153596441132 2.9943103128672623 3.3978246838285369 3.9599095223125502 3.1432670480081302 3.6454330778434212 3.6506451080442499 3.3691792637700382 3.1591612158240232 3.0551196761798667 3.23466026416218 2.8660634839393868 3.2901937620321324 3.3721886337164229 2.9697759029358815 2.6455853856274478 2.6403490902675646 3.5637925533204187 3.0744426958783677 2.1625293763918125 3.386571942148803 4.2230427839415254 2.1422492178947694 2.1307242361472469 2.6814310916312794 5.3377793857979556 2.9131211764995868 3.201909329568533 4.7870540192581359 6.2354163164250984 7.5993184119633268 2.5978037333944264 3.6848181823789377 6.7815935244030427 3.5795716115062106
leaf_weight=1510 5525 21952 13683 14682 5845 10096 10890 7434 7337 1975 2112 2342 1183 2694 13802 1320 1865 4415 2556 5365 9968 1835 54304 334 2447 37250 19994 2019 10598 26443 3174 45708 2309 14378 4222 14068 15926 18923 1395 21630 80401 46462 948 8314 1353 4793 4916 2124 1282 917 155 137 316 189 91 133 84 34 35 340 854 45 570
leaf_count=1510 5525 21952 13683 14682 5845 10096 10890 7434 7337 1975 2112 2342 1183 2694 13802 1320 1865 4415 2556 5365 9968 1835 54304 334 2447 37250 19994 2019 10598 26443 3174 45708 2309 14378 4222 14068 15926 18923 1395 21630 80401 46462 948 8314 1353 4793 4916 2124 1282 917 155 137 316 189 91 133 84 34 35 340 854 45 570
internal_value=0 3.41114 3.34882 3.32347 3.69765 3.69863 3.29973 3.70454 3.27806 2.87077 3.11386 3.07347 3.69655 3.84566 3.45739 2.7513 2.69475 3.71198 2.63187 3.88558 3.04749 3.01372 3.33619 2.55603 3.31815 3.31432 3.25718 3.92123 3.96211 2.96431 3.12815 3.93619 3.22648 3.52097 3.44385 3.2028 3.25767 3.08691 3.6091 2.93661 3.3389 3.32022 2.53231 2.50341 2.55797 3.38913 3.33617 2.34846 3.71457 3.83101 3.1814 3.26186 3.41213 3.46142 3.28699 4.16722 4.69339 3.81679 5.61419 3.69592 3.98435 3.38092 3.81387
internal_weight=0 577410 474258 442210 103152 32048 415747 21117 394630 22591 103179 96652 26463 63830 39322 20616 19296 6527 17786 57985 94310 79342 291451 15629 237147 234700 70587 52620 11781 55410 23932 50601 14968 33797 18024 49988 29994 20758 15773 48073 164113 126863 15295 14347 11791 20599 15806 3477 4893 3611 2157 2002 5000 4684 2686 377 244 125 119 1998 1043 955 615
internal_count=600001 577410 474258 442210 103152 32048 415747 21117 394630 22591 103179 96652 26463 63830 39322 20616 19296 6527 17786 57985 94310 79342 291451 15629 237147 234700 70587 52620 11781 55410 23932 50601 14968 33797 18024 49988 29994 20758 15773 48073 164113 126863 15295 14347 11791 20599 15806 3477 4893 3611 2157 2002 5000 4684 2686 377 244 125 119 1998 1043 955 615
is_linear=0
shrinkage=0.005


Tree=98
num_leaves=64
num_cat=0
split_feature=1 1 37 27 1 1 3 1 1 27 3 9 1 3 3 3 37 3 3 27 1 9 3 1 1 1 1 3 17 37 3 3 33 39 1 1 38 38 3 3 1 1 3 38 27 1 6 1 1 1 3 1 38 39 21 15 23 3 3 0 2 26 3
split_gain=2.51392e+08 4.08255e+08 1.66552e+08 1.55149e+08 1.45283e+08 1.45261e+08 1.44374e+08 2.12779e+08 1.49177e+08 1.3331e+08 1.00044e+08 1.06508e+08 5.92987e+07 3.99639e+07 3.85074e+07 3.81562e+07 3.55852e+07 3.1597e+07 2.94018e+07 2.86271e+07 2.58989e+07 2.12279e+07 1.64592e+07 1.42429e+07 2.66377e+07 1.52928e+07 1.16756e+07 1.1436e+07 1.08677e+07 1.05356e+07 9.65848e+06 9.53266e+06 1.02276e+07 1.25515e+07 9.13705e+06 9.0758e+06 8.67612e+06 8.26033e+06 8.74459e+06 1.3624e+07 8.36242e+06 1.70453e+07 8.34032e+06 8.23412e+06 7.9109e+06 7.60788e+06 7.56669e+06 1.26229e+07 7.62346e+06 7.55512e+06 1.15907e+07 1.4199e+07 8.80458e+06 1.05693e+07 1.32489e+07 8.06171e+06 7.78655e+06 7.52106e+06 7.45159e+06 1.30538e+07 8.28636e+06 7.44454e+06 7.81894e+06
threshold=1.0000000180025095e-35 5090.5000000000009 2019.5000000000002 1.0000000180025095e-35 54757.500000000007 1510.5000000000002 1.0000000180025095e-35 46670.500000000007 46670.500000000007 1.0000000180025095e-35 49.086193642899197 1.0000000180025095e-35 46215.500000000007 1.0000000180025095e-35 3.641052719675467 49.58469035707116 2019.5000000000002 50.849742826575884 1.0000000180025095e-35 1.0000000180025095e-35 79842.500000000015 1.0000000180025095e-35 47.052345781429288 5991.5000000000009 14955.000000000002 40975.000000000007 4975.5000000000009 1.0000000180025095e-35 1.0000000180025095e-35 2019.5000000000002 31.087322931897432 19.490564829142787 1.0000000180025095e-35 24.500000000000004 440.50000000000006 43750.500000000007 5.5000000000000009 10.500000000000002 26.988004809714827 15.775500275987469 33603.500000000007 30996.000000000004 15.055163987698602 4.5000000000000009 1.0000000180025095e-35 55741.000000000007 1.0000000180025095e-35 71432.500000000015 137048.50000000003 107061.50000000001 12.556687863713243 121117.50000000001 9.5000000000000018 25.500000000000004 1.0000000180025095e-35 1.0000000180025095e-35 1.0000000180025095e-35 47.052345781429288 17.020581862288818 19.500000000000004 1.5000000000000002 1.0000000180025095e-35 34.24920207713182
decision_type=2 2 2 2 2 2 2 2 2 2 2 2 2 2 2 2 2 2 2 2 2 2 2 2 2 2 2 2 2 2 2 2 2 2 2 2 2 2 2 2 2 2 2 2 2 2 2 2 2 2 2 2 2 2 2 2 2 2 2 2 2 2 2
left_child=9 5 4 6 -3 14 7 -4 22 15 11 20 -5 -7 -2 16 -1 -12 -18 26 28 -20 23 -8 -25 37 29 -14 -10 -15 31 32 33 58 -16 -27 -37 38 39 42 41 -41 -26 -35 46 -30 49 -48 -49 -6 55 56 53 54 -53 -51 -52 -13 -22 60 -60 62 -36
right_child=1 2 3 12 44 13 8 -9 10 -11 17 57 27 19 34 -17 18 -19 21 -21 30 -23 -24 24 25 35 -28 -29 45 -31 -32 -33 -34 43 61 36 -38 -39 -40 40 -42 -43 -44 -45 -46 -47 47 48 -50 50 51 52 -54 -55 -56 -57 -58 -59 59 -61 -62 -63 -64
leaf_value=3.4182010081632632 3.0531183131088766 3.4577086170669014 3.3160718356208214 3.4660534417180759 4.4392870705792538 3.4323764325911554 3.4703460281657317 4.3669403364186126 2.9921573752854576 4.097364659684029 4.2131551181918834 4.0749771321180113 3.4760280855007419 3.695993936688946 3.2905352901097866 3.5599656558136146 3.4846797381779351 3.4572216196986232 2.5445576475546234 3.5182235011951679 2.9159291166929466 3.76200391675768 3.495127235222538 3.2170545191834017 3.3839307641719656 3.0769575913846023 3.5287666301354728 3.9943432943513648 2.6610960673624136 3.9401099312613157 3.230169710272063 2.9681914134205187 3.3678508084980949 2.9989010863482437 3.4263569375974128 3.1671421718568671 3.3670267919084016 3.2641741553601857 3.4108337145531782 3.2699794214757363 3.397137652899346 2.8234971775543949 3.6836973511139228 3.6299318583902402 3.7267324726997675 2.9081636338445898 3.5255500071883068 4.3380023506267653 3.27084925128066 2.8088226369079341 2.9661834878621143 5.8124985470028889 4.2692900119114192 7.3546752103169766 3.2343939788524922 4.6278485743607147 4.5250887559061379 5.9808946980170479 6.820197183475261 3.1872630894290026 3.6784922656070353 3.6546045149513127 3.6540773949414733
leaf_weight=1510 5525 22309 13683 14682 4456 5845 13144 7434 33726 1975 2028 2216 1183 4893 4388 1320 929 4342 16491 5365 7075 366 12479 69094 36048 7616 2019 10598 4642 45708 12545 13640 3987 804 15383 9852 12092 24739 57887 37738 11605 2266 2480 1448 843 9477 883 1850 184 266 254 138 537 54 78 79 117 53 41 1523 43 9033 4993
leaf_count=1510 5525 22309 13683 14682 4456 5845 13144 7434 33726 1975 2028 2216 1183 4893 4388 1320 929 4342 16491 5365 7075 366 12479 69094 36048 7616 2019 10598 4642 45708 12545 13640 3987 804 15383 9852 12092 24739 57887 37738 11605 2266 2480 1448 843 9477 883 1850 184 266 254 138 537 54 78 79 117 53 41 1523 43 9033 4993
internal_value=0 3.39409 3.33208 3.30686 3.68014 3.67916 3.28323 3.68602 3.26167 2.85642 3.09207 3.04977 3.67807 3.82643 3.44011 2.73754 2.68128 3.69789 2.61871 3.86615 3.02248 2.57099 3.3174 3.3096 3.30182 3.33076 3.90163 3.9423 2.9434 3.9165 3.11453 3.06373 3.15107 3.07202 3.50337 3.22567 3.27729 3.34874 3.36288 3.33208 3.27897 3.24469 3.40323 3.40464 4.18966 2.82693 4.23352 4.02475 4.24147 4.33538 4.03136 4.26741 4.63961 5.37615 4.88152 3.22535 3.45781 4.1195 2.98574 3.2931 5.21194 3.53513 3.48216
internal_weight=0 577410 474258 442210 32048 103152 415747 21117 394630 22591 97590 91220 26463 63830 39322 20616 19296 6370 17786 57985 88951 16857 297040 284561 271417 202323 52620 11781 47845 50601 41106 28561 14921 10934 33797 29560 21944 172763 148024 90137 51609 40004 38528 2252 9739 14119 8896 2917 2034 5979 1523 1178 807 270 216 345 371 2269 8682 1607 84 29409 20376
internal_count=600001 577410 474258 442210 32048 103152 415747 21117 394630 22591 97590 91220 26463 63830 39322 20616 19296 6370 17786 57985 88951 16857 297040 284561 271417 202323 52620 11781 47845 50601 41106 28561 14921 10934 33797 29560 21944 172763 148024 90137 51609 40004 38528 2252 9739 14119 8896 2917 2034 5979 1523 1178 807 270 216 345 371 2269 8682 1607 84 29409 20376
is_linear=0
shrinkage=0.005


Tree=99
num_leaves=64
num_cat=0
split_feature=1 1 37 27 1 1 3 1 1 27 3 9 1 3 3 3 37 3 3 27 1 3 3 9 9 1 1 1 3 3 37 37 24 1 3 3 1 1 1 27 0 3 3 0 3 1 1 12 17 39 3 3 3 3 3 1 39 39 13 0 3 0 1
split_gain=2.48884e+08 4.04183e+08 1.64891e+08 1.53601e+08 1.43845e+08 1.43812e+08 1.42934e+08 2.10656e+08 1.47718e+08 1.3198e+08 9.7735e+07 1.03013e+08 5.87072e+07 3.95653e+07 3.81233e+07 3.77756e+07 3.52303e+07 2.97927e+07 2.91684e+07 2.83416e+07 2.24761e+07 1.7704e+07 1.62977e+07 1.57716e+07 1.32286e+07 1.29456e+07 1.99167e+07 1.15592e+07 1.13219e+07 1.10205e+07 1.05398e+07 1.04305e+07 1.0248e+07 9.06441e+06 9.34597e+06 9.71321e+06 8.94143e+06 2.07861e+07 8.53118e+06 8.48454e+06 7.74848e+06 7.69031e+06 7.76518e+06 7.66589e+06 7.6613e+06 7.60438e+06 1.92261e+07 7.40075e+06 7.4807e+06 7.18913e+06 7.60472e+06 8.97446e+06 7.18759e+06 8.10423e+06 7.77329e+06 7.27322e+06 7.79855e+06 1.15447e+07 1.27941e+07 1.07595e+07 9.01142e+06 8.66857e+06 7.18518e+06
threshold=1.0000000180025095e-35 5090.5000000000009 2019.5000000000002 1.0000000180025095e-35 52861.000000000007 1510.5000000000002 1.0000000180025095e-35 46670.500000000007 45733.500000000007 1.0000000180025095e-35 49.086193642899197 1.0000000180025095e-35 46215.500000000007 1.0000000180025095e-35 3.641052719675467 49.58469035707116 2019.5000000000002 50.849742826575884 8.7922112358916067 1.0000000180025095e-35 114592.50000000001 31.087322931897432 36.977372812612337 1.0000000180025095e-35 1.0000000180025095e-35 15184.500000000002 6971.5000000000009 4975.5000000000009 1.0000000180025095e-35 9.5748938426300949 2023.5000000000002 2019.5000000000002 1.0000000180025095e-35 928.50000000000011 42.845288989930189 49.58469035707116 10049.500000000002 10199.000000000002 47469.500000000007 1.0000000180025095e-35 34.500000000000007 13.448529106845264 26.988004809714827 36.500000000000007 43.080037527664238 6792.5000000000009 5991.5000000000009 1.0000000180025095e-35 1.0000000180025095e-35 15.500000000000002 29.232596759212608 24.58288236567201 50.849742826575884 28.816585107346473 21.280066615632105 2536.5000000000005 26.500000000000004 24.500000000000004 1.0000000180025095e-35 31.500000000000004 47.880588994942194 21.500000000000004 18323.000000000004
decision_type=2 2 2 2 2 2 2 2 2 2 2 2 2 2 2 2 2 2 2 2 2 2 2 2 2 2 2 2 2 2 2 2 2 2 2 2 2 2 2 2 2 2 2 2 2 2 2 2 2 2 2 2 2 2 2 2 2 2 2 2 2 2 2
left_child=9 5 4 6 -3 14 7 62 22 15 11 20 -5 -7 -2 16 49 -12 -18 27 21 29 24 44 25 26 45 31 -14 -10 38 47 -22 34 -16 43 -28 -38 -23 -35 -31 -27 -43 -36 -20 46 -8 48 -15 -1 51 -51 53 54 -33 -55 57 -57 60 -60 -59 -58 -4
right_child=1 2 3 12 -6 13 8 -9 10 -11 17 -13 28 19 33 -17 18 -19 23 -21 32 30 -24 -25 -26 41 36 -29 -30 40 -32 52 -34 39 35 -37 37 -39 -40 -41 -42 42 -44 -45 -46 -47 -48 -49 -50 50 -52 -53 -54 55 -56 56 61 58 59 -61 -62 -63 -64
leaf_value=3.0270123431859508 3.0378527222511589 3.4345663486852067 3.1783543895725366 3.4487231401774254 4.1556830472931177 3.4152145577917645 3.4196951810680161 4.3451056257569416 3.1149530550365321 4.0768778923671078 4.1633658890162284 4.0786376812840306 3.4586479989130017 3.6606044892228882 3.371797652199092 3.5421658806421541 3.150660051885072 3.4413121744893149 2.4752755305384766 3.5006323314559094 3.1021225279453564 3.3816648030852754 3.3810582086883825 3.605239586203755 3.6507599247860503 3.3687370795062743 3.0939011557490761 3.5111228687005092 3.9743716581245794 2.9907294584328423 3.3655293926190311 3.9353198111368703 3.3795075740969294 3.6095062313760251 3.5119957491560059 3.1887359079904503 3.6267813975652321 3.1829747981395471 3.024594004710373 3.201088263834837 2.8588356781890001 3.2572887158901467 3.3384845241856071 4.3186286545024428 2.9025615871334014 3.5298884178864394 3.0429851902631526 3.351159086794405 4.1834475665030064 3.6706478470957751 4.4075864153812363 1.965749542594597 3.4954915967862097 3.8411177337565823 3.7568214090813745 4.081675166972075 2.7858916999588765 4.910350287099992 5.2717963266372685 2.7927522574565304 7.4893235185411244 3.8951906557399991 3.4078639761135867
leaf_weight=694 5525 21952 6461 14682 10096 5845 10890 7434 7337 1975 2112 2342 1183 2694 16264 1320 2157 4415 14162 5365 9968 1835 54304 334 2447 37250 21562 2019 10598 17522 3174 18630 5000 14378 488 529 2943 25483 18923 1395 30551 80401 46462 743 1133 4793 4916 1282 917 454 269 93 974 4427 9068 9943 197 573 65 134 36 1661 7222
leaf_count=694 5525 21952 6461 14682 10096 5845 10890 7434 7337 1975 2112 2342 1183 2694 16264 1320 2157 4415 14162 5365 9968 1835 54304 334 2447 37250 21562 2019 10598 17522 3174 18630 5000 14378 488 529 2943 25483 18923 1395 30551 80401 46462 743 1133 4793 4916 1282 917 454 269 93 974 4427 9068 9943 197 573 65 134 36 1661 7222
internal_value=0 3.37712 3.31542 3.29032 3.66174 3.66077 3.26681 3.66759 3.24537 2.84214 3.08278 3.04279 3.65968 3.8073 3.42291 2.72385 2.66787 3.67495 2.60562 3.84682 3.01707 2.98354 3.30292 2.5304 3.28503 3.28122 3.2246 3.88212 3.92258 2.93446 3.09719 3.89692 3.19478 3.48585 3.40925 3.75536 3.17068 3.22892 3.05616 3.57338 2.90691 3.30557 3.28703 3.99886 2.50693 3.35543 3.30253 3.67751 3.79338 3.40111 3.71928 3.38078 3.92041 3.92966 3.87688 4.01547 4.07669 4.12838 4.70315 3.60249 5.0628 3.77757 3.29949
internal_weight=0 577410 474258 442210 32048 103152 415747 21117 394630 22591 103179 96652 26463 63830 39322 20616 19296 6527 17786 57985 94310 79342 291451 15629 237147 234700 70587 52620 11781 55410 23932 50601 14968 33797 18024 1760 49988 28426 20758 15773 48073 164113 126863 1231 15295 20599 15806 4893 3611 1510 816 547 45708 44734 27698 17036 12609 10751 808 199 609 1858 13683
internal_count=600001 577410 474258 442210 32048 103152 415747 21117 394630 22591 103179 96652 26463 63830 39322 20616 19296 6527 17786 57985 94310 79342 291451 15629 237147 234700 70587 52620 11781 55410 23932 50601 14968 33797 18024 1760 49988 28426 20758 15773 48073 164113 126863 1231 15295 20599 15806 4893 3611 1510 816 547 45708 44734 27698 17036 12609 10751 808 199 609 1858 13683
is_linear=0
shrinkage=0.005


end of trees

feature_importances:
Health_Score=2169
Annual_Income=1885
year=549
Customer_Feedback_nan=383
Marital_Status_nan=301
Occupation_nan=233
Age=175
day=125
month=104
Customer_Feedback_Poor=52
Exercise_Frequency_Rarely=51
Number_of_Dependents=45
Marital_Status_Divorced=45
Education_Level_PhD=32
Customer_Feedback_Average=24
Customer_Feedback_Good=18
Exercise_Frequency_Weekly=17
Location_Suburban=14
Property_Type_Condo=12
Property_Type_House=9
Policy_Type_Comprehensive=7
Occupation_Self-Employed=6
Exercise_Frequency_Monthly=6
Education_Level_High_School=5
Education_Level_Master's=5
Policy_Type_Basic=5
Gender_Female=4
Occupation_Unemployed=4
Policy_Type_Premium=4
Smoking_Status_No=3
Marital_Status_Single=2
Occupation_Employed=2
Location_Urban=2
Exercise_Frequency_Daily=2

parameters:
[boosting: gbdt]
[objective: regression]
[metric: l2]
[tree_learner: serial]
[device_type: cpu]
[data_sample_strategy: bagging]
[data: ]
[valid: ]
[num_iterations: 100]
[learning_rate: 0.005]
[num_leaves: 64]
[num_threads: 8]
[seed: 0]
[deterministic: 0]
[force_col_wise: 0]
[force_row_wise: 0]
[histogram_pool_size: -1]
[max_depth: -1]
[min_data_in_leaf: 30]
[min_sum_hessian_in_leaf: 10]
[bagging_fraction: 1]
[pos_bagging_fraction: 1]
[neg_bagging_fraction: 1]
[bagging_freq: 5]
[bagging_seed: 3]
[feature_fraction: 1]
[feature_fraction_bynode: 1]
[feature_fraction_seed: 2]
[extra_trees: 0]
[extra_seed: 6]
[early_stopping_round: 0]
[early_stopping_min_delta: 0]
[first_metric_only: 0]
[max_delta_step: 0]
[lambda_l1: 0]
[lambda_l2: 0]
[linear_lambda: 0]
[min_gain_to_split: 0]
[drop_rate: 0.1]
[max_drop: 50]
[skip_drop: 0.5]
[xgboost_dart_mode: 0]
[uniform_drop: 0]
[drop_seed: 4]
[top_rate: 0.2]
[other_rate: 0.1]
[min_data_per_group: 100]
[max_cat_threshold: 32]
[cat_l2: 10]
[cat_smooth: 10]
[max_cat_to_onehot: 4]
[top_k: 20]
[monotone_constraints: ]
[monotone_constraints_method: basic]
[monotone_penalty: 0]
[feature_contri: ]
[forcedsplits_filename: ]
[refit_decay_rate: 0.9]
[cegb_tradeoff: 1]
[cegb_penalty_split: 0]
[cegb_penalty_feature_lazy: ]
[cegb_penalty_feature_coupled: ]
[path_smooth: 0]
[interaction_constraints: ]
[verbosity: -1]
[saved_feature_importance_type: 0]
[use_quantized_grad: 0]
[num_grad_quant_bins: 4]
[quant_train_renew_leaf: 0]
[stochastic_rounding: 1]
[linear_tree: 0]
[max_bin: 255]
[max_bin_by_feature: ]
[min_data_in_bin: 3]
[bin_construct_sample_cnt: 200000]
[data_random_seed: 1]
[is_enable_sparse: 1]
[enable_bundle: 1]
[use_missing: 1]
[zero_as_missing: 0]
[feature_pre_filter: 1]
[pre_partition: 0]
[two_round: 0]
[header: 0]
[label_column: ]
[weight_column: ]
[group_column: ]
[ignore_column: ]
[categorical_feature: ]
[forcedbins_filename: ]
[precise_float_parser: 0]
[parser_config_file: ]
[objective_seed: 5]
[num_class: 1]
[is_unbalance: 0]
[scale_pos_weight: 1]
[sigmoid: 1]
[boost_from_average: 0]
[reg_sqrt: 0]
[alpha: 0.9]
[fair_c: 1]
[poisson_max_delta_step: 0.7]
[tweedie_variance_power: 1.5]
[lambdarank_truncation_level: 30]
[lambdarank_norm: 1]
[label_gain: ]
[lambdarank_position_bias_regularization: 0]
[eval_at: ]
[multi_error_top_k: 1]
[auc_mu_weights: ]
[num_machines: 1]
[local_listen_port: 12400]
[time_out: 120]
[machine_list_filename: ]
[machines: ]
[gpu_platform_id: -1]
[gpu_device_id: -1]
[gpu_use_dp: 0]
[num_gpu: 1]

end of parameters

pandas_categorical:[]
